subject_num,age,gender,trial_num,condition,angle,time,response,expected_answer,correct
1,31,M,1.0,R2_3_3_2_0Y0.pct,0.0,1355.0,[n],[n],1
1,31,M,2.0,R3_4_3_2_90Y150.pct,150.0,2079.0,[n],[n],1
1,31,M,3.0,2_4_4_2_0Y150.pct,150.0,1834.0,[b],[b],1
1,31,M,4.0,3_3_3_2_0Y100.pct,100.0,4780.0,[b],[b],1
1,31,M,5.0,3_3_3_3_90Y50.pct,50.0,1685.0,[b],[b],1
1,31,M,6.0,R2_4_4_2_0Y50.pct,50.0,1237.0,[n],[n],1
1,31,M,7.0,R3_3_3_3_90Y100.pct,100.0,2961.0,[n],[n],1
1,31,M,8.0,2_3_3_2_0Y0.pct,0.0,1275.0,[b],[b],1
1,31,M,9.0,R3_4_3_3_180Y150.pct,150.0,4716.0,[n],[n],1
1,31,M,10.0,2_4_4_2_180Y150.pct,150.0,3794.0,[n],[b],0
1,31,M,11.0,R3_3_4_2_0Y50.pct,50.0,2238.0,[n],[n],1
1,31,M,12.0,R2_3_4_2_90Y0.pct,0.0,1524.0,[n],[n],1
1,31,M,13.0,3_3_3_3_180Y0.pct,0.0,964.0,[b],[b],1
1,31,M,14.0,R3_4_3_3_180Y100.pct,100.0,3770.0,[n],[n],1
1,31,M,15.0,2_4_4_3_90Y100.pct,100.0,2750.0,[b],[b],1
1,31,M,16.0,3_4_3_2_90Y50.pct,50.0,1226.0,[b],[b],1
1,31,M,17.0,R2_4_4_3_90Y100.pct,100.0,1789.0,[n],[n],1
1,31,M,18.0,2_3_3_2_0Y150.pct,150.0,1384.0,[b],[b],1
1,31,M,19.0,R2_3_4_2_90Y50.pct,50.0,2548.0,[n],[n],1
1,31,M,20.0,2_3_4_2_90Y50.pct,50.0,1588.0,[b],[b],1
1,31,M,21.0,R2_4_4_2_180Y100.pct,100.0,2114.0,[n],[n],1
1,31,M,22.0,R2_4_4_2_0Y0.pct,0.0,2158.0,[n],[n],1
1,31,M,23.0,3_4_3_2_90Y0.pct,0.0,1096.0,[b],[b],1
1,31,M,24.0,R3_3_3_2_0Y150.pct,150.0,3829.0,[n],[n],1
1,31,M,25.0,R3_4_4_3_180Y150.pct,150.0,4725.0,[n],[n],1
1,31,M,26.0,R3_4_3_3_180Y50.pct,50.0,3211.0,[n],[n],1
1,31,M,27.0,3_4_3_3_180Y50.pct,50.0,1541.0,[b],[b],1
1,31,M,28.0,3_3_3_3_90Y100.pct,100.0,3219.0,[b],[b],1
1,31,M,29.0,2_4_4_2_180Y0.pct,0.0,1421.0,[b],[b],1
1,31,M,30.0,R3_4_3_2_90Y0.pct,0.0,1308.0,[n],[n],1
1,31,M,31.0,3_3_4_2_0Y150.pct,150.0,3781.0,[b],[b],1
1,31,M,32.0,R3_3_4_2_0Y100.pct,100.0,2665.0,[n],[n],1
1,31,M,33.0,3_3_3_3_180Y50.pct,50.0,1831.0,[n],[b],0
1,31,M,34.0,3_3_4_2_0Y100.pct,100.0,4636.0,[b],[b],1
1,31,M,35.0,3_4_4_3_180Y150.pct,150.0,3149.0,[b],[b],1
1,31,M,36.0,R3_3_3_3_180Y0.pct,0.0,1202.0,[n],[n],1
1,31,M,37.0,3_4_3_3_180Y100.pct,100.0,2735.0,[b],[b],1
1,31,M,38.0,R3_3_3_3_180Y150.pct,150.0,3211.0,[n],[n],1
1,31,M,39.0,3_4_3_3_180Y0.pct,0.0,1406.0,[b],[b],1
1,31,M,40.0,R3_3_3_3_90Y50.pct,50.0,1383.0,[n],[n],1
1,31,M,41.0,2_4_4_3_90Y150.pct,150.0,2668.0,[b],[b],1
1,31,M,42.0,R3_4_3_3_180Y0.pct,0.0,2203.0,[n],[n],1
1,31,M,43.0,3_3_3_3_180Y100.pct,100.0,5983.0,[n],[b],0
1,31,M,44.0,R2_3_4_2_90Y150.pct,150.0,2750.0,[b],[n],0
1,31,M,45.0,R2_3_3_2_0Y50.pct,50.0,2672.0,[n],[n],1
1,31,M,46.0,R2_3_4_2_90Y100.pct,100.0,1975.0,[n],[n],1
1,31,M,47.0,3_4_4_3_180Y0.pct,0.0,1081.0,[b],[b],1
1,31,M,48.0,3_4_4_3_180Y50.pct,50.0,2144.0,[n],[b],0
1,31,M,49.0,R2_4_4_2_0Y100.pct,100.0,2113.0,[n],[n],1
1,31,M,50.0,R2_3_3_2_0Y150.pct,150.0,1967.0,[n],[n],1
1,31,M,51.0,3_3_4_2_0Y0.pct,0.0,917.0,[b],[b],1
1,31,M,52.0,R2_4_4_3_90Y0.pct,0.0,1510.0,[n],[n],1
1,31,M,53.0,3_4_4_3_180Y100.pct,100.0,3031.0,[b],[b],1
1,31,M,54.0,R2_4_4_2_180Y50.pct,50.0,1181.0,[n],[n],1
1,31,M,55.0,3_3_3_2_0Y150.pct,150.0,5975.0,[n],[b],0
1,31,M,56.0,2_4_4_2_0Y50.pct,50.0,1216.0,[b],[b],1
1,31,M,57.0,R2_4_4_2_0Y150.pct,150.0,1487.0,[n],[n],1
1,31,M,58.0,R3_4_3_2_90Y100.pct,100.0,2208.0,[n],[n],1
1,31,M,59.0,2_3_4_2_90Y150.pct,150.0,2007.0,[b],[b],1
1,31,M,60.0,3_4_3_2_90Y100.pct,100.0,1594.0,[n],[b],0
1,31,M,61.0,2_4_4_3_90Y0.pct,0.0,854.0,[b],[b],1
1,31,M,62.0,R2_4_4_2_180Y0.pct,0.0,1791.0,[n],[n],1
1,31,M,63.0,R2_4_4_3_90Y50.pct,50.0,2273.0,[n],[n],1
1,31,M,64.0,2_4_4_3_90Y50.pct,50.0,1992.0,[b],[b],1
1,31,M,65.0,R2_4_4_2_180Y150.pct,150.0,2413.0,[n],[n],1
1,31,M,66.0,3_3_3_3_90Y0.pct,0.0,1423.0,[b],[b],1
1,31,M,67.0,3_3_3_3_180Y150.pct,150.0,3209.0,[b],[b],1
1,31,M,68.0,R3_3_3_3_90Y0.pct,0.0,1435.0,[n],[n],1
1,31,M,69.0,R3_3_3_2_0Y50.pct,50.0,2213.0,[n],[n],1
1,31,M,70.0,2_4_4_2_180Y50.pct,50.0,2598.0,[b],[b],1
1,31,M,71.0,2_4_4_2_0Y100.pct,100.0,2018.0,[b],[b],1
1,31,M,72.0,R3_3_3_2_0Y100.pct,100.0,6237.0,[b],[n],0
1,31,M,73.0,2_3_4_2_90Y100.pct,100.0,2944.0,[b],[b],1
1,31,M,74.0,R3_3_3_3_180Y100.pct,100.0,1448.0,[n],[n],1
1,31,M,75.0,3_3_3_3_90Y150.pct,150.0,3868.0,[b],[b],1
1,31,M,76.0,R3_3_4_2_0Y0.pct,0.0,4086.0,[n],[n],1
1,31,M,77.0,3_3_3_2_0Y0.pct,0.0,1364.0,[b],[b],1
1,31,M,78.0,3_3_3_2_0Y50.pct,50.0,2642.0,[n],[b],0
1,31,M,79.0,R3_3_3_3_180Y50.pct,50.0,2136.0,[n],[n],1
1,31,M,80.0,R3_3_3_3_90Y150.pct,150.0,2775.0,[n],[n],1
1,31,M,81.0,R3_4_4_3_180Y50.pct,50.0,2794.0,[b],[n],0
1,31,M,82.0,2_3_4_2_90Y0.pct,0.0,742.0,[b],[b],1
1,31,M,83.0,R3_3_4_2_0Y150.pct,150.0,2645.0,[n],[n],1
1,31,M,84.0,3_3_4_2_0Y50.pct,50.0,3445.0,[b],[b],1
1,31,M,85.0,2_4_4_2_180Y100.pct,100.0,1756.0,[n],[b],0
1,31,M,86.0,R3_4_4_3_180Y0.pct,0.0,1625.0,[n],[n],1
1,31,M,87.0,3_4_3_3_180Y150.pct,150.0,4461.0,[b],[b],1
1,31,M,88.0,R3_4_4_3_180Y100.pct,100.0,4260.0,[n],[n],1
1,31,M,89.0,R2_3_3_2_0Y100.pct,100.0,2612.0,[n],[n],1
1,31,M,90.0,2_3_3_2_0Y50.pct,50.0,1207.0,[b],[b],1
1,31,M,91.0,2_4_4_2_0Y0.pct,0.0,831.0,[b],[b],1
1,31,M,92.0,3_4_3_2_90Y150.pct,150.0,2740.0,[b],[b],1
1,31,M,93.0,R2_4_4_3_90Y150.pct,150.0,2606.0,[n],[n],1
1,31,M,94.0,R3_4_3_2_90Y50.pct,50.0,1945.0,[n],[n],1
1,31,M,95.0,2_3_3_2_0Y100.pct,100.0,1398.0,[b],[b],1
1,31,M,96.0,R3_3_3_2_0Y0.pct,0.0,2720.0,[n],[n],1
2,25,F,1.0,R2_3_3_2_0Y0.pct,0.0,3644.0,[n],[n],1
2,25,F,2.0,R3_4_3_2_90Y150.pct,150.0,7243.0,[n],[n],1
2,25,F,3.0,2_4_4_2_0Y150.pct,150.0,1846.0,[b],[b],1
2,25,F,4.0,3_3_3_2_0Y100.pct,100.0,1835.0,[b],[b],1
2,25,F,5.0,3_3_3_3_90Y50.pct,50.0,1557.0,[b],[b],1
2,25,F,6.0,R2_4_4_2_0Y50.pct,50.0,1720.0,[n],[n],1
2,25,F,7.0,R3_3_3_3_90Y100.pct,100.0,6427.0,[b],[n],0
2,25,F,8.0,2_3_3_2_0Y0.pct,0.0,1174.0,[b],[b],1
2,25,F,9.0,R3_4_3_3_180Y150.pct,150.0,3911.0,[n],[n],1
2,25,F,10.0,2_4_4_2_180Y150.pct,150.0,3648.0,[b],[b],1
2,25,F,11.0,R3_3_4_2_0Y50.pct,50.0,1491.0,[b],[n],0
2,25,F,12.0,R2_3_4_2_90Y0.pct,0.0,1290.0,[n],[n],1
2,25,F,13.0,3_3_3_3_180Y0.pct,0.0,855.0,[b],[b],1
2,25,F,14.0,R3_4_3_3_180Y100.pct,100.0,3528.0,[n],[n],1
2,25,F,15.0,2_4_4_3_90Y100.pct,100.0,3039.0,[b],[b],1
2,25,F,16.0,3_4_3_2_90Y50.pct,50.0,1711.0,[b],[b],1
2,25,F,19.0,R2_3_4_2_90Y50.pct,50.0,5811.0,[n],[n],1
2,25,F,20.0,2_3_4_2_90Y50.pct,50.0,1193.0,[b],[b],1
2,25,F,21.0,R2_4_4_2_180Y100.pct,100.0,3356.0,[n],[n],1
2,25,F,22.0,R2_4_4_2_0Y0.pct,0.0,1433.0,[n],[n],1
2,25,F,23.0,3_4_3_2_90Y0.pct,0.0,1034.0,[b],[b],1
2,25,F,24.0,R3_3_3_2_0Y150.pct,150.0,1799.0,[b],[n],0
2,25,F,25.0,R3_4_4_3_180Y150.pct,150.0,2462.0,[n],[n],1
2,25,F,26.0,R3_4_3_3_180Y50.pct,50.0,1540.0,[n],[n],1
2,25,F,27.0,3_4_3_3_180Y50.pct,50.0,2262.0,[b],[b],1
2,25,F,28.0,3_3_3_3_90Y100.pct,100.0,2247.0,[b],[b],1
2,25,F,29.0,2_4_4_2_180Y0.pct,0.0,875.0,[b],[b],1
2,25,F,30.0,R3_4_3_2_90Y0.pct,0.0,1232.0,[n],[n],1
2,25,F,31.0,3_3_4_2_0Y150.pct,150.0,2214.0,[b],[b],1
2,25,F,32.0,R3_3_4_2_0Y100.pct,100.0,1982.0,[n],[n],1
2,25,F,33.0,3_3_3_3_180Y50.pct,50.0,2195.0,[b],[b],1
2,25,F,34.0,3_3_4_2_0Y100.pct,100.0,2061.0,[b],[b],1
2,25,F,35.0,3_4_4_3_180Y150.pct,150.0,2911.0,[b],[b],1
2,25,F,36.0,R3_3_3_3_180Y0.pct,0.0,1846.0,[n],[n],1
2,25,F,37.0,3_4_3_3_180Y100.pct,100.0,2382.0,[b],[b],1
2,25,F,38.0,R3_3_3_3_180Y150.pct,150.0,2490.0,[n],[n],1
2,25,F,39.0,3_4_3_3_180Y0.pct,0.0,1752.0,[b],[b],1
2,25,F,40.0,R3_3_3_3_90Y50.pct,50.0,2547.0,[n],[n],1
2,25,F,41.0,2_4_4_3_90Y150.pct,150.0,3371.0,[b],[b],1
2,25,F,42.0,R3_4_3_3_180Y0.pct,0.0,974.0,[n],[n],1
2,25,F,43.0,3_3_3_3_180Y100.pct,100.0,2432.0,[b],[b],1
2,25,F,44.0,R2_3_4_2_90Y150.pct,150.0,2607.0,[n],[n],1
2,25,F,45.0,R2_3_3_2_0Y50.pct,50.0,1318.0,[n],[n],1
2,25,F,46.0,R2_3_4_2_90Y100.pct,100.0,1780.0,[n],[n],1
2,25,F,47.0,3_4_4_3_180Y0.pct,0.0,797.0,[b],[b],1
2,25,F,48.0,3_4_4_3_180Y50.pct,50.0,1354.0,[b],[b],1
2,25,F,49.0,R2_4_4_2_0Y100.pct,100.0,1548.0,[n],[n],1
2,25,F,50.0,R2_3_3_2_0Y150.pct,150.0,2029.0,[n],[n],1
2,25,F,51.0,3_3_4_2_0Y0.pct,0.0,849.0,[b],[b],1
2,25,F,52.0,R2_4_4_3_90Y0.pct,0.0,1199.0,[n],[n],1
2,25,F,53.0,3_4_4_3_180Y100.pct,100.0,2350.0,[b],[b],1
2,25,F,54.0,R2_4_4_2_180Y50.pct,50.0,1248.0,[n],[n],1
2,25,F,55.0,3_3_3_2_0Y150.pct,150.0,2216.0,[b],[b],1
2,25,F,56.0,2_4_4_2_0Y50.pct,50.0,1602.0,[b],[b],1
2,25,F,57.0,R2_4_4_2_0Y150.pct,150.0,1711.0,[n],[n],1
2,25,F,58.0,R3_4_3_2_90Y100.pct,100.0,2365.0,[n],[n],1
2,25,F,59.0,2_3_4_2_90Y150.pct,150.0,1202.0,[b],[b],1
2,25,F,60.0,3_4_3_2_90Y100.pct,100.0,2124.0,[b],[b],1
2,25,F,61.0,2_4_4_3_90Y0.pct,0.0,960.0,[b],[b],1
2,25,F,62.0,R2_4_4_2_180Y0.pct,0.0,919.0,[n],[n],1
2,25,F,63.0,R2_4_4_3_90Y50.pct,50.0,1212.0,[n],[n],1
2,25,F,64.0,2_4_4_3_90Y50.pct,50.0,1421.0,[b],[b],1
2,25,F,65.0,R2_4_4_2_180Y150.pct,150.0,2326.0,[n],[n],1
2,25,F,66.0,3_3_3_3_90Y0.pct,0.0,1229.0,[b],[b],1
2,25,F,67.0,3_3_3_3_180Y150.pct,150.0,2415.0,[b],[b],1
2,25,F,68.0,R3_3_3_3_90Y0.pct,0.0,1164.0,[n],[n],1
2,25,F,69.0,R3_3_3_2_0Y50.pct,50.0,1720.0,[n],[n],1
2,25,F,70.0,2_4_4_2_180Y50.pct,50.0,1098.0,[b],[b],1
2,25,F,71.0,2_4_4_2_0Y100.pct,100.0,1695.0,[b],[b],1
2,25,F,72.0,R3_3_3_2_0Y100.pct,100.0,1937.0,[n],[n],1
2,25,F,73.0,2_3_4_2_90Y100.pct,100.0,1869.0,[b],[b],1
2,25,F,74.0,R3_3_3_3_180Y100.pct,100.0,3374.0,[n],[n],1
2,25,F,75.0,3_3_3_3_90Y150.pct,150.0,2371.0,[b],[b],1
2,25,F,76.0,R3_3_4_2_0Y0.pct,0.0,1177.0,[n],[n],1
2,25,F,77.0,3_3_3_2_0Y0.pct,0.0,807.0,[b],[b],1
2,25,F,78.0,3_3_3_2_0Y50.pct,50.0,823.0,[b],[b],1
2,25,F,79.0,R3_3_3_3_180Y50.pct,50.0,883.0,[n],[n],1
2,25,F,80.0,R3_3_3_3_90Y150.pct,150.0,3303.0,[b],[n],0
2,25,F,81.0,R3_4_4_3_180Y50.pct,50.0,3484.0,[n],[n],1
2,25,F,82.0,2_3_4_2_90Y0.pct,0.0,748.0,[b],[b],1
2,25,F,83.0,R3_3_4_2_0Y150.pct,150.0,2266.0,[n],[n],1
2,25,F,84.0,3_3_4_2_0Y50.pct,50.0,1665.0,[b],[b],1
2,25,F,85.0,2_4_4_2_180Y100.pct,100.0,1856.0,[b],[b],1
2,25,F,86.0,R3_4_4_3_180Y0.pct,0.0,1615.0,[n],[n],1
2,25,F,87.0,3_4_3_3_180Y150.pct,150.0,1811.0,[b],[b],1
2,25,F,88.0,R3_4_4_3_180Y100.pct,100.0,1693.0,[n],[n],1
2,25,F,89.0,R2_3_3_2_0Y100.pct,100.0,2172.0,[n],[n],1
2,25,F,90.0,2_3_3_2_0Y50.pct,50.0,1023.0,[b],[b],1
2,25,F,91.0,2_4_4_2_0Y0.pct,0.0,642.0,[b],[b],1
2,25,F,92.0,3_4_3_2_90Y150.pct,150.0,3224.0,[b],[b],1
2,25,F,93.0,R2_4_4_3_90Y150.pct,150.0,5521.0,[n],[n],1
2,25,F,94.0,R3_4_3_2_90Y50.pct,50.0,1543.0,[n],[n],1
2,25,F,95.0,2_3_3_2_0Y100.pct,100.0,1103.0,[n],[b],0
2,25,F,96.0,R3_3_3_2_0Y0.pct,0.0,1810.0,[n],[n],1
3,22,M,1.0,R2_3_3_2_0Y0.pct,0.0,1394.0,[n],[n],1
3,22,M,2.0,R3_4_3_2_90Y150.pct,150.0,2499.0,[n],[n],1
3,22,M,3.0,2_4_4_2_0Y150.pct,150.0,2026.0,[b],[b],1
3,22,M,4.0,3_3_3_2_0Y100.pct,100.0,3996.0,[b],[b],1
3,22,M,5.0,3_3_3_3_90Y50.pct,50.0,2062.0,[b],[b],1
3,22,M,6.0,R2_4_4_2_0Y50.pct,50.0,1598.0,[n],[n],1
3,22,M,7.0,R3_3_3_3_90Y100.pct,100.0,4838.0,[b],[n],0
3,22,M,8.0,2_3_3_2_0Y0.pct,0.0,1378.0,[b],[b],1
3,22,M,9.0,R3_4_3_3_180Y150.pct,150.0,2814.0,[n],[n],1
3,22,M,10.0,2_4_4_2_180Y150.pct,150.0,2601.0,[b],[b],1
3,22,M,11.0,R3_3_4_2_0Y50.pct,50.0,2099.0,[n],[n],1
3,22,M,12.0,R2_3_4_2_90Y0.pct,0.0,1780.0,[n],[n],1
3,22,M,13.0,3_3_3_3_180Y0.pct,0.0,1102.0,[b],[b],1
3,22,M,14.0,R3_4_3_3_180Y100.pct,100.0,2908.0,[n],[n],1
3,22,M,15.0,2_4_4_3_90Y100.pct,100.0,1730.0,[b],[b],1
3,22,M,16.0,3_4_3_2_90Y50.pct,50.0,2425.0,[b],[b],1
3,22,M,17.0,R2_4_4_3_90Y100.pct,100.0,1987.0,[n],[n],1
3,22,M,18.0,2_3_3_2_0Y150.pct,150.0,2006.0,[b],[b],1
3,22,M,19.0,R2_3_4_2_90Y50.pct,50.0,1513.0,[n],[n],1
3,22,M,20.0,2_3_4_2_90Y50.pct,50.0,1391.0,[b],[b],1
3,22,M,21.0,R2_4_4_2_180Y100.pct,100.0,2161.0,[n],[n],1
3,22,M,22.0,R2_4_4_2_0Y0.pct,0.0,1238.0,[b],[n],0
3,22,M,23.0,3_4_3_2_90Y0.pct,0.0,1085.0,[b],[b],1
3,22,M,24.0,R3_3_3_2_0Y150.pct,150.0,4456.0,[n],[n],1
3,22,M,25.0,R3_4_4_3_180Y150.pct,150.0,4213.0,[n],[n],1
3,22,M,26.0,R3_4_3_3_180Y50.pct,50.0,2338.0,[n],[n],1
3,22,M,27.0,3_4_3_3_180Y50.pct,50.0,2246.0,[b],[b],1
3,22,M,28.0,3_3_3_3_90Y100.pct,100.0,6278.0,[n],[b],0
3,22,M,29.0,2_4_4_2_180Y0.pct,0.0,1172.0,[b],[b],1
3,22,M,30.0,R3_4_3_2_90Y0.pct,0.0,2101.0,[n],[n],1
3,22,M,31.0,3_3_4_2_0Y150.pct,150.0,4120.0,[b],[b],1
3,22,M,32.0,R3_3_4_2_0Y100.pct,100.0,4239.0,[n],[n],1
3,22,M,33.0,3_3_3_3_180Y50.pct,50.0,1374.0,[b],[b],1
3,22,M,34.0,3_3_4_2_0Y100.pct,100.0,3811.0,[n],[b],0
3,22,M,36.0,R3_3_3_3_180Y0.pct,0.0,61.0,[b],[n],0
3,22,M,37.0,3_4_3_3_180Y100.pct,100.0,3664.0,[n],[b],0
3,22,M,38.0,R3_3_3_3_180Y150.pct,150.0,1987.0,[n],[n],1
3,22,M,39.0,3_4_3_3_180Y0.pct,0.0,1114.0,[b],[b],1
3,22,M,40.0,R3_3_3_3_90Y50.pct,50.0,3161.0,[n],[n],1
3,22,M,41.0,2_4_4_3_90Y150.pct,150.0,2274.0,[b],[b],1
3,22,M,42.0,R3_4_3_3_180Y0.pct,0.0,1415.0,[n],[n],1
3,22,M,43.0,3_3_3_3_180Y100.pct,100.0,3012.0,[b],[b],1
3,22,M,44.0,R2_3_4_2_90Y150.pct,150.0,1653.0,[n],[n],1
3,22,M,45.0,R2_3_3_2_0Y50.pct,50.0,1776.0,[n],[n],1
3,22,M,46.0,R2_3_4_2_90Y100.pct,100.0,2653.0,[b],[n],0
3,22,M,47.0,3_4_4_3_180Y0.pct,0.0,1273.0,[b],[b],1
3,22,M,48.0,3_4_4_3_180Y50.pct,50.0,1668.0,[b],[b],1
3,22,M,49.0,R2_4_4_2_0Y100.pct,100.0,1404.0,[n],[n],1
3,22,M,50.0,R2_3_3_2_0Y150.pct,150.0,2425.0,[n],[n],1
3,22,M,51.0,3_3_4_2_0Y0.pct,0.0,1192.0,[b],[b],1
3,22,M,52.0,R2_4_4_3_90Y0.pct,0.0,2017.0,[n],[n],1
3,22,M,53.0,3_4_4_3_180Y100.pct,100.0,3413.0,[b],[b],1
3,22,M,54.0,R2_4_4_2_180Y50.pct,50.0,1507.0,[n],[n],1
3,22,M,55.0,3_3_3_2_0Y150.pct,150.0,2686.0,[n],[b],0
3,22,M,56.0,2_4_4_2_0Y50.pct,50.0,1133.0,[b],[b],1
3,22,M,57.0,R2_4_4_2_0Y150.pct,150.0,1635.0,[n],[n],1
3,22,M,58.0,R3_4_3_2_90Y100.pct,100.0,2908.0,[n],[n],1
3,22,M,59.0,2_3_4_2_90Y150.pct,150.0,1802.0,[b],[b],1
3,22,M,60.0,3_4_3_2_90Y100.pct,100.0,3373.0,[b],[b],1
3,22,M,61.0,2_4_4_3_90Y0.pct,0.0,894.0,[b],[b],1
3,22,M,62.0,R2_4_4_2_180Y0.pct,0.0,2735.0,[n],[n],1
3,22,M,63.0,R2_4_4_3_90Y50.pct,50.0,1724.0,[n],[n],1
3,22,M,64.0,2_4_4_3_90Y50.pct,50.0,1216.0,[b],[b],1
3,22,M,65.0,R2_4_4_2_180Y150.pct,150.0,2052.0,[n],[n],1
3,22,M,66.0,3_3_3_3_90Y0.pct,0.0,1781.0,[b],[b],1
3,22,M,67.0,3_3_3_3_180Y150.pct,150.0,3215.0,[n],[b],0
3,22,M,68.0,R3_3_3_3_90Y0.pct,0.0,3247.0,[n],[n],1
3,22,M,69.0,R3_3_3_2_0Y50.pct,50.0,1997.0,[n],[n],1
3,22,M,70.0,2_4_4_2_180Y50.pct,50.0,1325.0,[b],[b],1
3,22,M,71.0,2_4_4_2_0Y100.pct,100.0,1394.0,[b],[b],1
3,22,M,72.0,R3_3_3_2_0Y100.pct,100.0,2970.0,[n],[n],1
3,22,M,73.0,2_3_4_2_90Y100.pct,100.0,1604.0,[b],[b],1
3,22,M,74.0,R3_3_3_3_180Y100.pct,100.0,2364.0,[n],[n],1
3,22,M,75.0,3_3_3_3_90Y150.pct,150.0,3273.0,[b],[b],1
3,22,M,76.0,R3_3_4_2_0Y0.pct,0.0,2243.0,[n],[n],1
3,22,M,77.0,3_3_3_2_0Y0.pct,0.0,1283.0,[b],[b],1
3,22,M,78.0,3_3_3_2_0Y50.pct,50.0,2769.0,[b],[b],1
3,22,M,79.0,R3_3_3_3_180Y50.pct,50.0,2052.0,[n],[n],1
3,22,M,80.0,R3_3_3_3_90Y150.pct,150.0,2670.0,[b],[n],0
3,22,M,81.0,R3_4_4_3_180Y50.pct,50.0,1598.0,[n],[n],1
3,22,M,82.0,2_3_4_2_90Y0.pct,0.0,985.0,[b],[b],1
3,22,M,83.0,R3_3_4_2_0Y150.pct,150.0,2374.0,[n],[n],1
3,22,M,84.0,3_3_4_2_0Y50.pct,50.0,2597.0,[b],[b],1
3,22,M,85.0,2_4_4_2_180Y100.pct,100.0,2977.0,[b],[b],1
3,22,M,86.0,R3_4_4_3_180Y0.pct,0.0,2644.0,[n],[n],1
3,22,M,87.0,3_4_3_3_180Y150.pct,150.0,1845.0,[b],[b],1
3,22,M,88.0,R3_4_4_3_180Y100.pct,100.0,2583.0,[n],[n],1
3,22,M,89.0,R2_3_3_2_0Y100.pct,100.0,1915.0,[n],[n],1
3,22,M,90.0,2_3_3_2_0Y50.pct,50.0,1175.0,[b],[b],1
3,22,M,91.0,2_4_4_2_0Y0.pct,0.0,918.0,[b],[b],1
3,22,M,92.0,3_4_3_2_90Y150.pct,150.0,2730.0,[n],[b],0
3,22,M,93.0,R2_4_4_3_90Y150.pct,150.0,2196.0,[n],[n],1
3,22,M,94.0,R3_4_3_2_90Y50.pct,50.0,1953.0,[n],[n],1
3,22,M,95.0,2_3_3_2_0Y100.pct,100.0,1336.0,[b],[b],1
3,22,M,96.0,R3_3_3_2_0Y0.pct,0.0,3396.0,[n],[n],1
4,21,F,1.0,R2_3_3_2_0Y0.pct,0.0,1985.0,[n],[n],1
4,21,F,2.0,R3_4_3_2_90Y150.pct,150.0,6425.0,[n],[n],1
4,21,F,3.0,2_4_4_2_0Y150.pct,150.0,1810.0,[b],[b],1
4,21,F,4.0,3_3_3_2_0Y100.pct,100.0,2543.0,[b],[b],1
4,21,F,5.0,3_3_3_3_90Y50.pct,50.0,2553.0,[b],[b],1
4,21,F,6.0,R2_4_4_2_0Y50.pct,50.0,1812.0,[b],[n],0
4,21,F,7.0,R3_3_3_3_90Y100.pct,100.0,2824.0,[n],[n],1
4,21,F,8.0,2_3_3_2_0Y0.pct,0.0,1064.0,[b],[b],1
4,21,F,9.0,R3_4_3_3_180Y150.pct,150.0,4954.0,[n],[n],1
4,21,F,10.0,2_4_4_2_180Y150.pct,150.0,2043.0,[b],[b],1
4,21,F,11.0,R3_3_4_2_0Y50.pct,50.0,2637.0,[n],[n],1
4,21,F,12.0,R2_3_4_2_90Y0.pct,0.0,1293.0,[n],[n],1
4,21,F,13.0,3_3_3_3_180Y0.pct,0.0,1030.0,[b],[b],1
4,21,F,14.0,R3_4_3_3_180Y100.pct,100.0,2937.0,[n],[n],1
4,21,F,15.0,2_4_4_3_90Y100.pct,100.0,1402.0,[b],[b],1
4,21,F,16.0,3_4_3_2_90Y50.pct,50.0,3012.0,[b],[b],1
4,21,F,17.0,R2_4_4_3_90Y100.pct,100.0,1971.0,[n],[n],1
4,21,F,18.0,2_3_3_2_0Y150.pct,150.0,1743.0,[b],[b],1
4,21,F,19.0,R2_3_4_2_90Y50.pct,50.0,1332.0,[n],[n],1
4,21,F,20.0,2_3_4_2_90Y50.pct,50.0,1003.0,[b],[b],1
4,21,F,21.0,R2_4_4_2_180Y100.pct,100.0,1971.0,[n],[n],1
4,21,F,22.0,R2_4_4_2_0Y0.pct,0.0,1702.0,[n],[n],1
4,21,F,23.0,3_4_3_2_90Y0.pct,0.0,1347.0,[b],[b],1
4,21,F,24.0,R3_3_3_2_0Y150.pct,150.0,2973.0,[n],[n],1
4,21,F,25.0,R3_4_4_3_180Y150.pct,150.0,3518.0,[b],[n],0
4,21,F,26.0,R3_4_3_3_180Y50.pct,50.0,1640.0,[n],[n],1
4,21,F,27.0,3_4_3_3_180Y50.pct,50.0,3254.0,[b],[b],1
4,21,F,28.0,3_3_3_3_90Y100.pct,100.0,2284.0,[n],[b],0
4,21,F,29.0,2_4_4_2_180Y0.pct,0.0,1205.0,[b],[b],1
4,21,F,30.0,R3_4_3_2_90Y0.pct,0.0,2502.0,[n],[n],1
4,21,F,31.0,3_3_4_2_0Y150.pct,150.0,2094.0,[b],[b],1
4,21,F,32.0,R3_3_4_2_0Y100.pct,100.0,2852.0,[n],[n],1
4,21,F,33.0,3_3_3_3_180Y50.pct,50.0,1751.0,[b],[b],1
4,21,F,34.0,3_3_4_2_0Y100.pct,100.0,2402.0,[b],[b],1
4,21,F,35.0,3_4_4_3_180Y150.pct,150.0,2576.0,[b],[b],1
4,21,F,36.0,R3_3_3_3_180Y0.pct,0.0,2254.0,[n],[n],1
4,21,F,37.0,3_4_3_3_180Y100.pct,100.0,3047.0,[b],[b],1
4,21,F,38.0,R3_3_3_3_180Y150.pct,150.0,2354.0,[n],[n],1
4,21,F,39.0,3_4_3_3_180Y0.pct,0.0,2610.0,[b],[b],1
4,21,F,40.0,R3_3_3_3_90Y50.pct,50.0,1109.0,[n],[n],1
4,21,F,41.0,2_4_4_3_90Y150.pct,150.0,2322.0,[b],[b],1
4,21,F,42.0,R3_4_3_3_180Y0.pct,0.0,1355.0,[n],[n],1
4,21,F,43.0,3_3_3_3_180Y100.pct,100.0,1680.0,[b],[b],1
4,21,F,44.0,R2_3_4_2_90Y150.pct,150.0,1778.0,[n],[n],1
4,21,F,45.0,R2_3_3_2_0Y50.pct,50.0,1512.0,[n],[n],1
4,21,F,46.0,R2_3_4_2_90Y100.pct,100.0,1080.0,[n],[n],1
4,21,F,47.0,3_4_4_3_180Y0.pct,0.0,1093.0,[b],[b],1
4,21,F,48.0,3_4_4_3_180Y50.pct,50.0,1622.0,[b],[b],1
4,21,F,49.0,R2_4_4_2_0Y100.pct,100.0,3156.0,[n],[n],1
4,21,F,50.0,R2_3_3_2_0Y150.pct,150.0,1341.0,[n],[n],1
4,21,F,51.0,3_3_4_2_0Y0.pct,0.0,1451.0,[b],[b],1
4,21,F,52.0,R2_4_4_3_90Y0.pct,0.0,1842.0,[n],[n],1
4,21,F,53.0,3_4_4_3_180Y100.pct,100.0,1399.0,[b],[b],1
4,21,F,54.0,R2_4_4_2_180Y50.pct,50.0,901.0,[n],[n],1
4,21,F,55.0,3_3_3_2_0Y150.pct,150.0,4307.0,[b],[b],1
4,21,F,56.0,2_4_4_2_0Y50.pct,50.0,1958.0,[b],[b],1
4,21,F,57.0,R2_4_4_2_0Y150.pct,150.0,2510.0,[n],[n],1
4,21,F,58.0,R3_4_3_2_90Y100.pct,100.0,2717.0,[n],[n],1
4,21,F,59.0,2_3_4_2_90Y150.pct,150.0,1274.0,[b],[b],1
4,21,F,60.0,3_4_3_2_90Y100.pct,100.0,3171.0,[b],[b],1
4,21,F,61.0,2_4_4_3_90Y0.pct,0.0,982.0,[b],[b],1
4,21,F,62.0,R2_4_4_2_180Y0.pct,0.0,1684.0,[n],[n],1
4,21,F,63.0,R2_4_4_3_90Y50.pct,50.0,3823.0,[n],[n],1
4,21,F,64.0,2_4_4_3_90Y50.pct,50.0,1370.0,[b],[b],1
4,21,F,65.0,R2_4_4_2_180Y150.pct,150.0,1565.0,[n],[n],1
4,21,F,66.0,3_3_3_3_90Y0.pct,0.0,1192.0,[b],[b],1
4,21,F,67.0,3_3_3_3_180Y150.pct,150.0,1668.0,[b],[b],1
4,21,F,68.0,R3_3_3_3_90Y0.pct,0.0,1538.0,[n],[n],1
4,21,F,69.0,R3_3_3_2_0Y50.pct,50.0,1710.0,[n],[n],1
4,21,F,70.0,2_4_4_2_180Y50.pct,50.0,2027.0,[b],[b],1
4,21,F,71.0,2_4_4_2_0Y100.pct,100.0,1197.0,[b],[b],1
4,21,F,72.0,R3_3_3_2_0Y100.pct,100.0,6484.0,[n],[n],1
4,21,F,73.0,2_3_4_2_90Y100.pct,100.0,1167.0,[b],[b],1
4,21,F,74.0,R3_3_3_3_180Y100.pct,100.0,1829.0,[n],[n],1
4,21,F,75.0,3_3_3_3_90Y150.pct,150.0,2120.0,[n],[b],0
4,21,F,76.0,R3_3_4_2_0Y0.pct,0.0,2594.0,[n],[n],1
4,21,F,77.0,3_3_3_2_0Y0.pct,0.0,1064.0,[b],[b],1
4,21,F,78.0,3_3_3_2_0Y50.pct,50.0,2826.0,[b],[b],1
4,21,F,79.0,R3_3_3_3_180Y50.pct,50.0,1097.0,[n],[n],1
4,21,F,80.0,R3_3_3_3_90Y150.pct,150.0,1326.0,[n],[n],1
4,21,F,81.0,R3_4_4_3_180Y50.pct,50.0,3614.0,[n],[n],1
4,21,F,82.0,2_3_4_2_90Y0.pct,0.0,892.0,[b],[b],1
4,21,F,83.0,R3_3_4_2_0Y150.pct,150.0,1096.0,[n],[n],1
4,21,F,84.0,3_3_4_2_0Y50.pct,50.0,1967.0,[b],[b],1
4,21,F,85.0,2_4_4_2_180Y100.pct,100.0,1585.0,[b],[b],1
4,21,F,86.0,R3_4_4_3_180Y0.pct,0.0,1588.0,[n],[n],1
4,21,F,87.0,3_4_3_3_180Y150.pct,150.0,2856.0,[b],[b],1
4,21,F,88.0,R3_4_4_3_180Y100.pct,100.0,1270.0,[n],[n],1
4,21,F,89.0,R2_3_3_2_0Y100.pct,100.0,1939.0,[n],[n],1
4,21,F,90.0,2_3_3_2_0Y50.pct,50.0,1276.0,[b],[b],1
4,21,F,91.0,2_4_4_2_0Y0.pct,0.0,669.0,[b],[b],1
4,21,F,92.0,3_4_3_2_90Y150.pct,150.0,1423.0,[b],[b],1
4,21,F,93.0,R2_4_4_3_90Y150.pct,150.0,1330.0,[n],[n],1
4,21,F,94.0,R3_4_3_2_90Y50.pct,50.0,2752.0,[n],[n],1
4,21,F,95.0,2_3_3_2_0Y100.pct,100.0,1331.0,[b],[b],1
4,21,F,96.0,R3_3_3_2_0Y0.pct,0.0,1078.0,[n],[n],1
5,18,M,1.0,R2_3_3_2_0Y0.pct,0.0,1247.0,[n],[n],1
5,18,M,2.0,R3_4_3_2_90Y150.pct,150.0,1902.0,[n],[n],1
5,18,M,3.0,2_4_4_2_0Y150.pct,150.0,1461.0,[b],[b],1
5,18,M,4.0,3_3_3_2_0Y100.pct,100.0,5196.0,[b],[b],1
5,18,M,5.0,3_3_3_3_90Y50.pct,50.0,1583.0,[b],[b],1
5,18,M,6.0,R2_4_4_2_0Y50.pct,50.0,2641.0,[n],[n],1
5,18,M,7.0,R3_3_3_3_90Y100.pct,100.0,3124.0,[b],[n],0
5,18,M,8.0,2_3_3_2_0Y0.pct,0.0,2649.0,[b],[b],1
5,18,M,9.0,R3_4_3_3_180Y150.pct,150.0,3440.0,[n],[n],1
5,18,M,10.0,2_4_4_2_180Y150.pct,150.0,4657.0,[b],[b],1
5,18,M,11.0,R3_3_4_2_0Y50.pct,50.0,6251.0,[n],[n],1
5,18,M,12.0,R2_3_4_2_90Y0.pct,0.0,5385.0,[n],[n],1
5,18,M,13.0,3_3_3_3_180Y0.pct,0.0,1493.0,[b],[b],1
5,18,M,14.0,R3_4_3_3_180Y100.pct,100.0,3361.0,[n],[n],1
5,18,M,15.0,2_4_4_3_90Y100.pct,100.0,6160.0,[b],[b],1
5,18,M,16.0,3_4_3_2_90Y50.pct,50.0,1658.0,[b],[b],1
5,18,M,17.0,R2_4_4_3_90Y100.pct,100.0,3514.0,[n],[n],1
5,18,M,18.0,2_3_3_2_0Y150.pct,150.0,2205.0,[b],[b],1
5,18,M,19.0,R2_3_4_2_90Y50.pct,50.0,6278.0,[n],[n],1
5,18,M,20.0,2_3_4_2_90Y50.pct,50.0,1573.0,[b],[b],1
5,18,M,21.0,R2_4_4_2_180Y100.pct,100.0,2195.0,[n],[n],1
5,18,M,22.0,R2_4_4_2_0Y0.pct,0.0,1782.0,[n],[n],1
5,18,M,23.0,3_4_3_2_90Y0.pct,0.0,1465.0,[b],[b],1
5,18,M,24.0,R3_3_3_2_0Y150.pct,150.0,5533.0,[n],[n],1
5,18,M,25.0,R3_4_4_3_180Y150.pct,150.0,2412.0,[n],[n],1
5,18,M,26.0,R3_4_3_3_180Y50.pct,50.0,5006.0,[n],[n],1
5,18,M,27.0,3_4_3_3_180Y50.pct,50.0,2132.0,[b],[b],1
5,18,M,28.0,3_3_3_3_90Y100.pct,100.0,1808.0,[b],[b],1
5,18,M,29.0,2_4_4_2_180Y0.pct,0.0,2096.0,[b],[b],1
5,18,M,30.0,R3_4_3_2_90Y0.pct,0.0,2876.0,[n],[n],1
5,18,M,31.0,3_3_4_2_0Y150.pct,150.0,5656.0,[b],[b],1
5,18,M,33.0,3_3_3_3_180Y50.pct,50.0,1981.0,[b],[b],1
5,18,M,34.0,3_3_4_2_0Y100.pct,100.0,2002.0,[b],[b],1
5,18,M,35.0,3_4_4_3_180Y150.pct,150.0,2607.0,[b],[b],1
5,18,M,36.0,R3_3_3_3_180Y0.pct,0.0,3609.0,[n],[n],1
5,18,M,37.0,3_4_3_3_180Y100.pct,100.0,2542.0,[b],[b],1
5,18,M,38.0,R3_3_3_3_180Y150.pct,150.0,2383.0,[n],[n],1
5,18,M,39.0,3_4_3_3_180Y0.pct,0.0,1289.0,[b],[b],1
5,18,M,40.0,R3_3_3_3_90Y50.pct,50.0,2555.0,[b],[n],0
5,18,M,41.0,2_4_4_3_90Y150.pct,150.0,1932.0,[b],[b],1
5,18,M,42.0,R3_4_3_3_180Y0.pct,0.0,4086.0,[n],[n],1
5,18,M,43.0,3_3_3_3_180Y100.pct,100.0,2093.0,[b],[b],1
5,18,M,44.0,R2_3_4_2_90Y150.pct,150.0,3534.0,[n],[n],1
5,18,M,45.0,R2_3_3_2_0Y50.pct,50.0,2197.0,[n],[n],1
5,18,M,46.0,R2_3_4_2_90Y100.pct,100.0,2531.0,[b],[n],0
5,18,M,47.0,3_4_4_3_180Y0.pct,0.0,1189.0,[b],[b],1
5,18,M,48.0,3_4_4_3_180Y50.pct,50.0,1314.0,[b],[b],1
5,18,M,49.0,R2_4_4_2_0Y100.pct,100.0,1918.0,[n],[n],1
5,18,M,50.0,R2_3_3_2_0Y150.pct,150.0,2733.0,[n],[n],1
5,18,M,51.0,3_3_4_2_0Y0.pct,0.0,1102.0,[b],[b],1
5,18,M,52.0,R2_4_4_3_90Y0.pct,0.0,1312.0,[n],[n],1
5,18,M,53.0,3_4_4_3_180Y100.pct,100.0,2100.0,[b],[b],1
5,18,M,54.0,R2_4_4_2_180Y50.pct,50.0,1400.0,[n],[n],1
5,18,M,55.0,3_3_3_2_0Y150.pct,150.0,1740.0,[b],[b],1
5,18,M,56.0,2_4_4_2_0Y50.pct,50.0,1303.0,[b],[b],1
5,18,M,57.0,R2_4_4_2_0Y150.pct,150.0,1506.0,[n],[n],1
5,18,M,58.0,R3_4_3_2_90Y100.pct,100.0,2197.0,[n],[n],1
5,18,M,59.0,2_3_4_2_90Y150.pct,150.0,1351.0,[b],[b],1
5,18,M,60.0,3_4_3_2_90Y100.pct,100.0,1384.0,[b],[b],1
5,18,M,61.0,2_4_4_3_90Y0.pct,0.0,1258.0,[b],[b],1
5,18,M,62.0,R2_4_4_2_180Y0.pct,0.0,1793.0,[n],[n],1
5,18,M,63.0,R2_4_4_3_90Y50.pct,50.0,2429.0,[n],[n],1
5,18,M,64.0,2_4_4_3_90Y50.pct,50.0,1408.0,[b],[b],1
5,18,M,65.0,R2_4_4_2_180Y150.pct,150.0,3266.0,[n],[n],1
5,18,M,66.0,3_3_3_3_90Y0.pct,0.0,1375.0,[b],[b],1
5,18,M,67.0,3_3_3_3_180Y150.pct,150.0,1939.0,[b],[b],1
5,18,M,68.0,R3_3_3_3_90Y0.pct,0.0,2988.0,[b],[n],0
5,18,M,69.0,R3_3_3_2_0Y50.pct,50.0,3498.0,[n],[n],1
5,18,M,70.0,2_4_4_2_180Y50.pct,50.0,1231.0,[b],[b],1
5,18,M,71.0,2_4_4_2_0Y100.pct,100.0,1194.0,[b],[b],1
5,18,M,72.0,R3_3_3_2_0Y100.pct,100.0,4025.0,[n],[n],1
5,18,M,73.0,2_3_4_2_90Y100.pct,100.0,2368.0,[b],[b],1
5,18,M,74.0,R3_3_3_3_180Y100.pct,100.0,1784.0,[n],[n],1
5,18,M,75.0,3_3_3_3_90Y150.pct,150.0,2453.0,[b],[b],1
5,18,M,76.0,R3_3_4_2_0Y0.pct,0.0,3399.0,[n],[n],1
5,18,M,77.0,3_3_3_2_0Y0.pct,0.0,1142.0,[b],[b],1
5,18,M,78.0,3_3_3_2_0Y50.pct,50.0,1325.0,[b],[b],1
5,18,M,79.0,R3_3_3_3_180Y50.pct,50.0,3171.0,[n],[n],1
5,18,M,80.0,R3_3_3_3_90Y150.pct,150.0,2092.0,[b],[n],0
5,18,M,81.0,R3_4_4_3_180Y50.pct,50.0,4009.0,[n],[n],1
5,18,M,82.0,2_3_4_2_90Y0.pct,0.0,1246.0,[b],[b],1
5,18,M,83.0,R3_3_4_2_0Y150.pct,150.0,2870.0,[n],[n],1
5,18,M,84.0,3_3_4_2_0Y50.pct,50.0,1838.0,[b],[b],1
5,18,M,85.0,2_4_4_2_180Y100.pct,100.0,1506.0,[b],[b],1
5,18,M,86.0,R3_4_4_3_180Y0.pct,0.0,3106.0,[n],[n],1
5,18,M,87.0,3_4_3_3_180Y150.pct,150.0,2090.0,[b],[b],1
5,18,M,88.0,R3_4_4_3_180Y100.pct,100.0,1977.0,[n],[n],1
5,18,M,89.0,R2_3_3_2_0Y100.pct,100.0,2910.0,[n],[n],1
5,18,M,90.0,2_3_3_2_0Y50.pct,50.0,1069.0,[b],[b],1
5,18,M,91.0,2_4_4_2_0Y0.pct,0.0,775.0,[b],[b],1
5,18,M,92.0,3_4_3_2_90Y150.pct,150.0,1366.0,[b],[b],1
5,18,M,93.0,R2_4_4_3_90Y150.pct,150.0,1891.0,[n],[n],1
5,18,M,94.0,R3_4_3_2_90Y50.pct,50.0,2445.0,[b],[n],0
5,18,M,95.0,2_3_3_2_0Y100.pct,100.0,1530.0,[b],[b],1
5,18,M,96.0,R3_3_3_2_0Y0.pct,0.0,3407.0,[n],[n],1
6,21,M,1.0,R2_3_3_2_0Y0.pct,0.0,1186.0,[b],[n],0
6,21,M,2.0,R3_4_3_2_90Y150.pct,150.0,1415.0,[n],[n],1
6,21,M,3.0,2_4_4_2_0Y150.pct,150.0,1563.0,[b],[b],1
6,21,M,4.0,3_3_3_2_0Y100.pct,100.0,2832.0,[b],[b],1
6,21,M,5.0,3_3_3_3_90Y50.pct,50.0,1218.0,[b],[b],1
6,21,M,6.0,R2_4_4_2_0Y50.pct,50.0,1794.0,[n],[n],1
6,21,M,7.0,R3_3_3_3_90Y100.pct,100.0,1654.0,[n],[n],1
6,21,M,8.0,2_3_3_2_0Y0.pct,0.0,998.0,[b],[b],1
6,21,M,9.0,R3_4_3_3_180Y150.pct,150.0,2525.0,[n],[n],1
6,21,M,10.0,2_4_4_2_180Y150.pct,150.0,1512.0,[n],[b],0
6,21,M,11.0,R3_3_4_2_0Y50.pct,50.0,2543.0,[n],[n],1
6,21,M,12.0,R2_3_4_2_90Y0.pct,0.0,1347.0,[n],[n],1
6,21,M,13.0,3_3_3_3_180Y0.pct,0.0,1495.0,[b],[b],1
6,21,M,14.0,R3_4_3_3_180Y100.pct,100.0,1878.0,[n],[n],1
6,21,M,15.0,2_4_4_3_90Y100.pct,100.0,1597.0,[b],[b],1
6,21,M,16.0,3_4_3_2_90Y50.pct,50.0,1192.0,[b],[b],1
6,21,M,17.0,R2_4_4_3_90Y100.pct,100.0,2172.0,[n],[n],1
6,21,M,18.0,2_3_3_2_0Y150.pct,150.0,1583.0,[b],[b],1
6,21,M,19.0,R2_3_4_2_90Y50.pct,50.0,1453.0,[n],[n],1
6,21,M,20.0,2_3_4_2_90Y50.pct,50.0,1501.0,[b],[b],1
6,21,M,21.0,R2_4_4_2_180Y100.pct,100.0,1371.0,[n],[n],1
6,21,M,22.0,R2_4_4_2_0Y0.pct,0.0,1991.0,[n],[n],1
6,21,M,23.0,3_4_3_2_90Y0.pct,0.0,986.0,[b],[b],1
6,21,M,24.0,R3_3_3_2_0Y150.pct,150.0,2561.0,[n],[n],1
6,21,M,25.0,R3_4_4_3_180Y150.pct,150.0,1674.0,[n],[n],1
6,21,M,26.0,R3_4_3_3_180Y50.pct,50.0,1666.0,[n],[n],1
6,21,M,27.0,3_4_3_3_180Y50.pct,50.0,1851.0,[b],[b],1
6,21,M,28.0,3_3_3_3_90Y100.pct,100.0,1675.0,[b],[b],1
6,21,M,29.0,2_4_4_2_180Y0.pct,0.0,1025.0,[b],[b],1
6,21,M,30.0,R3_4_3_2_90Y0.pct,0.0,1269.0,[n],[n],1
6,21,M,31.0,3_3_4_2_0Y150.pct,150.0,3372.0,[b],[b],1
6,21,M,32.0,R3_3_4_2_0Y100.pct,100.0,2056.0,[n],[n],1
6,21,M,33.0,3_3_3_3_180Y50.pct,50.0,1112.0,[b],[b],1
6,21,M,34.0,3_3_4_2_0Y100.pct,100.0,1775.0,[n],[b],0
6,21,M,35.0,3_4_4_3_180Y150.pct,150.0,1948.0,[b],[b],1
6,21,M,36.0,R3_3_3_3_180Y0.pct,0.0,1231.0,[n],[n],1
6,21,M,37.0,3_4_3_3_180Y100.pct,100.0,2098.0,[b],[b],1
6,21,M,38.0,R3_3_3_3_180Y150.pct,150.0,1432.0,[n],[n],1
6,21,M,39.0,3_4_3_3_180Y0.pct,0.0,1298.0,[b],[b],1
6,21,M,40.0,R3_3_3_3_90Y50.pct,50.0,1104.0,[n],[n],1
6,21,M,41.0,2_4_4_3_90Y150.pct,150.0,1351.0,[b],[b],1
6,21,M,42.0,R3_4_3_3_180Y0.pct,0.0,3357.0,[n],[n],1
6,21,M,43.0,3_3_3_3_180Y100.pct,100.0,1489.0,[b],[b],1
6,21,M,44.0,R2_3_4_2_90Y150.pct,150.0,1952.0,[n],[n],1
6,21,M,45.0,R2_3_3_2_0Y50.pct,50.0,1525.0,[n],[n],1
6,21,M,46.0,R2_3_4_2_90Y100.pct,100.0,1606.0,[n],[n],1
6,21,M,47.0,3_4_4_3_180Y0.pct,0.0,1083.0,[b],[b],1
6,21,M,48.0,3_4_4_3_180Y50.pct,50.0,1076.0,[b],[b],1
6,21,M,49.0,R2_4_4_2_0Y100.pct,100.0,1828.0,[n],[n],1
6,21,M,50.0,R2_3_3_2_0Y150.pct,150.0,1691.0,[n],[n],1
6,21,M,51.0,3_3_4_2_0Y0.pct,0.0,1232.0,[b],[b],1
6,21,M,52.0,R2_4_4_3_90Y0.pct,0.0,1217.0,[n],[n],1
6,21,M,53.0,3_4_4_3_180Y100.pct,100.0,1693.0,[b],[b],1
6,21,M,54.0,R2_4_4_2_180Y50.pct,50.0,1234.0,[n],[n],1
6,21,M,55.0,3_3_3_2_0Y150.pct,150.0,3580.0,[b],[b],1
6,21,M,56.0,2_4_4_2_0Y50.pct,50.0,1288.0,[b],[b],1
6,21,M,57.0,R2_4_4_2_0Y150.pct,150.0,1447.0,[n],[n],1
6,21,M,58.0,R3_4_3_2_90Y100.pct,100.0,1145.0,[n],[n],1
6,21,M,59.0,2_3_4_2_90Y150.pct,150.0,1552.0,[b],[b],1
6,21,M,60.0,3_4_3_2_90Y100.pct,100.0,1604.0,[b],[b],1
6,21,M,61.0,2_4_4_3_90Y0.pct,0.0,1130.0,[b],[b],1
6,21,M,62.0,R2_4_4_2_180Y0.pct,0.0,1064.0,[n],[n],1
6,21,M,63.0,R2_4_4_3_90Y50.pct,50.0,1352.0,[n],[n],1
6,21,M,64.0,2_4_4_3_90Y50.pct,50.0,1228.0,[b],[b],1
6,21,M,65.0,R2_4_4_2_180Y150.pct,150.0,1422.0,[n],[n],1
6,21,M,66.0,3_3_3_3_90Y0.pct,0.0,1030.0,[b],[b],1
6,21,M,67.0,3_3_3_3_180Y150.pct,150.0,1265.0,[b],[b],1
6,21,M,68.0,R3_3_3_3_90Y0.pct,0.0,1112.0,[n],[n],1
6,21,M,69.0,R3_3_3_2_0Y50.pct,50.0,1321.0,[n],[n],1
6,21,M,70.0,2_4_4_2_180Y50.pct,50.0,1085.0,[b],[b],1
6,21,M,71.0,2_4_4_2_0Y100.pct,100.0,1050.0,[b],[b],1
6,21,M,72.0,R3_3_3_2_0Y100.pct,100.0,1177.0,[n],[n],1
6,21,M,73.0,2_3_4_2_90Y100.pct,100.0,1040.0,[b],[b],1
6,21,M,74.0,R3_3_3_3_180Y100.pct,100.0,1042.0,[n],[n],1
6,21,M,75.0,3_3_3_3_90Y150.pct,150.0,1111.0,[b],[b],1
6,21,M,76.0,R3_3_4_2_0Y0.pct,0.0,1363.0,[n],[n],1
6,21,M,77.0,3_3_3_2_0Y0.pct,0.0,1327.0,[b],[b],1
6,21,M,78.0,3_3_3_2_0Y50.pct,50.0,1516.0,[n],[b],0
6,21,M,79.0,R3_3_3_3_180Y50.pct,50.0,1041.0,[n],[n],1
6,21,M,80.0,R3_3_3_3_90Y150.pct,150.0,1035.0,[n],[n],1
6,21,M,81.0,R3_4_4_3_180Y50.pct,50.0,1773.0,[n],[n],1
6,21,M,82.0,2_3_4_2_90Y0.pct,0.0,927.0,[b],[b],1
6,21,M,83.0,R3_3_4_2_0Y150.pct,150.0,1669.0,[n],[n],1
6,21,M,84.0,3_3_4_2_0Y50.pct,50.0,1070.0,[b],[b],1
6,21,M,85.0,2_4_4_2_180Y100.pct,100.0,1032.0,[b],[b],1
6,21,M,86.0,R3_4_4_3_180Y0.pct,0.0,1299.0,[n],[n],1
6,21,M,87.0,3_4_3_3_180Y150.pct,150.0,4069.0,[b],[b],1
6,21,M,88.0,R3_4_4_3_180Y100.pct,100.0,2142.0,[b],[n],0
6,21,M,89.0,R2_3_3_2_0Y100.pct,100.0,1193.0,[n],[n],1
6,21,M,90.0,2_3_3_2_0Y50.pct,50.0,1295.0,[b],[b],1
6,21,M,91.0,2_4_4_2_0Y0.pct,0.0,1075.0,[b],[b],1
6,21,M,92.0,3_4_3_2_90Y150.pct,150.0,1342.0,[b],[b],1
6,21,M,93.0,R2_4_4_3_90Y150.pct,150.0,1425.0,[n],[n],1
6,21,M,94.0,R3_4_3_2_90Y50.pct,50.0,937.0,[n],[n],1
6,21,M,95.0,2_3_3_2_0Y100.pct,100.0,1050.0,[b],[b],1
6,21,M,96.0,R3_3_3_2_0Y0.pct,0.0,1217.0,[n],[n],1
7,19,F,1.0,R2_3_3_2_0Y0.pct,0.0,2727.0,[n],[n],1
7,19,F,2.0,R3_4_3_2_90Y150.pct,150.0,2556.0,[n],[n],1
7,19,F,3.0,2_4_4_2_0Y150.pct,150.0,1702.0,[b],[b],1
7,19,F,4.0,3_3_3_2_0Y100.pct,100.0,4219.0,[b],[b],1
7,19,F,5.0,3_3_3_3_90Y50.pct,50.0,2724.0,[b],[b],1
7,19,F,6.0,R2_4_4_2_0Y50.pct,50.0,4181.0,[n],[n],1
7,19,F,7.0,R3_3_3_3_90Y100.pct,100.0,5220.0,[n],[n],1
7,19,F,8.0,2_3_3_2_0Y0.pct,0.0,1777.0,[b],[b],1
7,19,F,9.0,R3_4_3_3_180Y150.pct,150.0,3210.0,[b],[n],0
7,19,F,10.0,2_4_4_2_180Y150.pct,150.0,5298.0,[b],[b],1
7,19,F,11.0,R3_3_4_2_0Y50.pct,50.0,6598.0,[n],[n],1
7,19,F,12.0,R2_3_4_2_90Y0.pct,0.0,2941.0,[n],[n],1
7,19,F,13.0,3_3_3_3_180Y0.pct,0.0,1796.0,[b],[b],1
7,19,F,14.0,R3_4_3_3_180Y100.pct,100.0,3564.0,[n],[n],1
7,19,F,15.0,2_4_4_3_90Y100.pct,100.0,3655.0,[b],[b],1
7,19,F,16.0,3_4_3_2_90Y50.pct,50.0,3061.0,[b],[b],1
7,19,F,17.0,R2_4_4_3_90Y100.pct,100.0,4297.0,[n],[n],1
7,19,F,18.0,2_3_3_2_0Y150.pct,150.0,2535.0,[b],[b],1
7,19,F,19.0,R2_3_4_2_90Y50.pct,50.0,4351.0,[n],[n],1
7,19,F,20.0,2_3_4_2_90Y50.pct,50.0,2556.0,[b],[b],1
7,19,F,21.0,R2_4_4_2_180Y100.pct,100.0,3295.0,[n],[n],1
7,19,F,22.0,R2_4_4_2_0Y0.pct,0.0,2902.0,[n],[n],1
7,19,F,23.0,3_4_3_2_90Y0.pct,0.0,2811.0,[b],[b],1
7,19,F,24.0,R3_3_3_2_0Y150.pct,150.0,3424.0,[n],[n],1
7,19,F,25.0,R3_4_4_3_180Y150.pct,150.0,3065.0,[n],[n],1
7,19,F,26.0,R3_4_3_3_180Y50.pct,50.0,3778.0,[n],[n],1
7,19,F,27.0,3_4_3_3_180Y50.pct,50.0,2669.0,[b],[b],1
7,19,F,28.0,3_3_3_3_90Y100.pct,100.0,2990.0,[b],[b],1
7,19,F,29.0,2_4_4_2_180Y0.pct,0.0,2829.0,[b],[b],1
7,19,F,30.0,R3_4_3_2_90Y0.pct,0.0,2161.0,[n],[n],1
7,19,F,31.0,3_3_4_2_0Y150.pct,150.0,4594.0,[b],[b],1
7,19,F,32.0,R3_3_4_2_0Y100.pct,100.0,2593.0,[n],[n],1
7,19,F,33.0,3_3_3_3_180Y50.pct,50.0,2485.0,[b],[b],1
7,19,F,34.0,3_3_4_2_0Y100.pct,100.0,2189.0,[b],[b],1
7,19,F,35.0,3_4_4_3_180Y150.pct,150.0,3209.0,[n],[b],0
7,19,F,36.0,R3_3_3_3_180Y0.pct,0.0,2368.0,[n],[n],1
7,19,F,37.0,3_4_3_3_180Y100.pct,100.0,2161.0,[b],[b],1
7,19,F,38.0,R3_3_3_3_180Y150.pct,150.0,3113.0,[n],[n],1
7,19,F,39.0,3_4_3_3_180Y0.pct,0.0,1503.0,[b],[b],1
7,19,F,40.0,R3_3_3_3_90Y50.pct,50.0,2104.0,[n],[n],1
7,19,F,41.0,2_4_4_3_90Y150.pct,150.0,4987.0,[b],[b],1
7,19,F,42.0,R3_4_3_3_180Y0.pct,0.0,1448.0,[n],[n],1
7,19,F,43.0,3_3_3_3_180Y100.pct,100.0,2001.0,[b],[b],1
7,19,F,44.0,R2_3_4_2_90Y150.pct,150.0,1804.0,[n],[n],1
7,19,F,45.0,R2_3_3_2_0Y50.pct,50.0,2159.0,[n],[n],1
7,19,F,46.0,R2_3_4_2_90Y100.pct,100.0,1819.0,[n],[n],1
7,19,F,47.0,3_4_4_3_180Y0.pct,0.0,1279.0,[b],[b],1
7,19,F,48.0,3_4_4_3_180Y50.pct,50.0,3961.0,[b],[b],1
7,19,F,49.0,R2_4_4_2_0Y100.pct,100.0,3355.0,[n],[n],1
7,19,F,50.0,R2_3_3_2_0Y150.pct,150.0,2116.0,[n],[n],1
7,19,F,51.0,3_3_4_2_0Y0.pct,0.0,1794.0,[b],[b],1
7,19,F,52.0,R2_4_4_3_90Y0.pct,0.0,1555.0,[n],[n],1
7,19,F,53.0,3_4_4_3_180Y100.pct,100.0,2625.0,[b],[b],1
7,19,F,54.0,R2_4_4_2_180Y50.pct,50.0,1816.0,[n],[n],1
7,19,F,55.0,3_3_3_2_0Y150.pct,150.0,3857.0,[b],[b],1
7,19,F,56.0,2_4_4_2_0Y50.pct,50.0,2093.0,[b],[b],1
7,19,F,57.0,R2_4_4_2_0Y150.pct,150.0,2059.0,[n],[n],1
7,19,F,58.0,R3_4_3_2_90Y100.pct,100.0,2707.0,[n],[n],1
7,19,F,59.0,2_3_4_2_90Y150.pct,150.0,2307.0,[b],[b],1
7,19,F,60.0,3_4_3_2_90Y100.pct,100.0,2272.0,[b],[b],1
7,19,F,61.0,2_4_4_3_90Y0.pct,0.0,1077.0,[b],[b],1
7,19,F,62.0,R2_4_4_2_180Y0.pct,0.0,3104.0,[n],[n],1
7,19,F,63.0,R2_4_4_3_90Y50.pct,50.0,2486.0,[n],[n],1
7,19,F,64.0,2_4_4_3_90Y50.pct,50.0,2484.0,[b],[b],1
7,19,F,65.0,R2_4_4_2_180Y150.pct,150.0,2562.0,[n],[n],1
7,19,F,66.0,3_3_3_3_90Y0.pct,0.0,1248.0,[b],[b],1
7,19,F,67.0,3_3_3_3_180Y150.pct,150.0,2073.0,[b],[b],1
7,19,F,68.0,R3_3_3_3_90Y0.pct,0.0,1857.0,[n],[n],1
7,19,F,69.0,R3_3_3_2_0Y50.pct,50.0,2146.0,[n],[n],1
7,19,F,70.0,2_4_4_2_180Y50.pct,50.0,1372.0,[b],[b],1
7,19,F,71.0,2_4_4_2_0Y100.pct,100.0,2219.0,[b],[b],1
7,19,F,72.0,R3_3_3_2_0Y100.pct,100.0,2924.0,[n],[n],1
7,19,F,73.0,2_3_4_2_90Y100.pct,100.0,1938.0,[b],[b],1
7,19,F,74.0,R3_3_3_3_180Y100.pct,100.0,2062.0,[n],[n],1
7,19,F,75.0,3_3_3_3_90Y150.pct,150.0,1999.0,[b],[b],1
7,19,F,76.0,R3_3_4_2_0Y0.pct,0.0,2810.0,[n],[n],1
7,19,F,77.0,3_3_3_2_0Y0.pct,0.0,1925.0,[b],[b],1
7,19,F,78.0,3_3_3_2_0Y50.pct,50.0,4436.0,[n],[b],0
7,19,F,79.0,R3_3_3_3_180Y50.pct,50.0,2993.0,[n],[n],1
7,19,F,80.0,R3_3_3_3_90Y150.pct,150.0,4629.0,[n],[n],1
7,19,F,81.0,R3_4_4_3_180Y50.pct,50.0,4295.0,[n],[n],1
7,19,F,82.0,2_3_4_2_90Y0.pct,0.0,1457.0,[b],[b],1
7,19,F,83.0,R3_3_4_2_0Y150.pct,150.0,3698.0,[n],[n],1
7,19,F,84.0,3_3_4_2_0Y50.pct,50.0,3472.0,[b],[b],1
7,19,F,85.0,2_4_4_2_180Y100.pct,100.0,2708.0,[b],[b],1
7,19,F,86.0,R3_4_4_3_180Y0.pct,0.0,1766.0,[n],[n],1
7,19,F,87.0,3_4_3_3_180Y150.pct,150.0,4220.0,[b],[b],1
7,19,F,88.0,R3_4_4_3_180Y100.pct,100.0,4068.0,[n],[n],1
7,19,F,89.0,R2_3_3_2_0Y100.pct,100.0,1940.0,[n],[n],1
7,19,F,90.0,2_3_3_2_0Y50.pct,50.0,2138.0,[b],[b],1
7,19,F,91.0,2_4_4_2_0Y0.pct,0.0,1539.0,[b],[b],1
7,19,F,92.0,3_4_3_2_90Y150.pct,150.0,3116.0,[b],[b],1
7,19,F,93.0,R2_4_4_3_90Y150.pct,150.0,2181.0,[n],[n],1
7,19,F,94.0,R3_4_3_2_90Y50.pct,50.0,1981.0,[n],[n],1
7,19,F,95.0,2_3_3_2_0Y100.pct,100.0,2610.0,[b],[b],1
7,19,F,96.0,R3_3_3_2_0Y0.pct,0.0,6419.0,[b],[n],0
8,21,M,1.0,R2_3_3_2_0Y0.pct,0.0,2703.0,[n],[n],1
8,21,M,2.0,R3_4_3_2_90Y150.pct,150.0,2556.0,[n],[n],1
8,21,M,3.0,2_4_4_2_0Y150.pct,150.0,3591.0,[b],[b],1
8,21,M,4.0,3_3_3_2_0Y100.pct,100.0,4128.0,[b],[b],1
8,21,M,5.0,3_3_3_3_90Y50.pct,50.0,2821.0,[b],[b],1
8,21,M,6.0,R2_4_4_2_0Y50.pct,50.0,2448.0,[n],[n],1
8,21,M,7.0,R3_3_3_3_90Y100.pct,100.0,2811.0,[n],[n],1
8,21,M,8.0,2_3_3_2_0Y0.pct,0.0,2012.0,[b],[b],1
8,21,M,9.0,R3_4_3_3_180Y150.pct,150.0,3213.0,[n],[n],1
8,21,M,10.0,2_4_4_2_180Y150.pct,150.0,2719.0,[b],[b],1
8,21,M,11.0,R3_3_4_2_0Y50.pct,50.0,3135.0,[n],[n],1
8,21,M,12.0,R2_3_4_2_90Y0.pct,0.0,1385.0,[n],[n],1
8,21,M,13.0,3_3_3_3_180Y0.pct,0.0,1196.0,[b],[b],1
8,21,M,14.0,R3_4_3_3_180Y100.pct,100.0,4444.0,[n],[n],1
8,21,M,15.0,2_4_4_3_90Y100.pct,100.0,2200.0,[b],[b],1
8,21,M,16.0,3_4_3_2_90Y50.pct,50.0,1684.0,[b],[b],1
8,21,M,17.0,R2_4_4_3_90Y100.pct,100.0,4736.0,[n],[n],1
8,21,M,18.0,2_3_3_2_0Y150.pct,150.0,1876.0,[b],[b],1
8,21,M,19.0,R2_3_4_2_90Y50.pct,50.0,2081.0,[n],[n],1
8,21,M,20.0,2_3_4_2_90Y50.pct,50.0,1341.0,[b],[b],1
8,21,M,21.0,R2_4_4_2_180Y100.pct,100.0,2165.0,[n],[n],1
8,21,M,22.0,R2_4_4_2_0Y0.pct,0.0,1824.0,[n],[n],1
8,21,M,23.0,3_4_3_2_90Y0.pct,0.0,1064.0,[b],[b],1
8,21,M,24.0,R3_3_3_2_0Y150.pct,150.0,4871.0,[n],[n],1
8,21,M,25.0,R3_4_4_3_180Y150.pct,150.0,1992.0,[n],[n],1
8,21,M,26.0,R3_4_3_3_180Y50.pct,50.0,2544.0,[n],[n],1
8,21,M,27.0,3_4_3_3_180Y50.pct,50.0,2994.0,[b],[b],1
8,21,M,28.0,3_3_3_3_90Y100.pct,100.0,2822.0,[b],[b],1
8,21,M,29.0,2_4_4_2_180Y0.pct,0.0,1188.0,[b],[b],1
8,21,M,30.0,R3_4_3_2_90Y0.pct,0.0,1500.0,[n],[n],1
8,21,M,31.0,3_3_4_2_0Y150.pct,150.0,4093.0,[b],[b],1
8,21,M,32.0,R3_3_4_2_0Y100.pct,100.0,3820.0,[n],[n],1
8,21,M,33.0,3_3_3_3_180Y50.pct,50.0,1351.0,[b],[b],1
8,21,M,34.0,3_3_4_2_0Y100.pct,100.0,2692.0,[b],[b],1
8,21,M,35.0,3_4_4_3_180Y150.pct,150.0,2582.0,[b],[b],1
8,21,M,36.0,R3_3_3_3_180Y0.pct,0.0,2586.0,[n],[n],1
8,21,M,37.0,3_4_3_3_180Y100.pct,100.0,2719.0,[b],[b],1
8,21,M,38.0,R3_3_3_3_180Y150.pct,150.0,2570.0,[n],[n],1
8,21,M,39.0,3_4_3_3_180Y0.pct,0.0,932.0,[b],[b],1
8,21,M,40.0,R3_3_3_3_90Y50.pct,50.0,1060.0,[n],[n],1
8,21,M,41.0,2_4_4_3_90Y150.pct,150.0,1794.0,[b],[b],1
8,21,M,42.0,R3_4_3_3_180Y0.pct,0.0,1431.0,[b],[n],0
8,21,M,43.0,3_3_3_3_180Y100.pct,100.0,4619.0,[b],[b],1
8,21,M,44.0,R2_3_4_2_90Y150.pct,150.0,2575.0,[n],[n],1
8,21,M,45.0,R2_3_3_2_0Y50.pct,50.0,1627.0,[n],[n],1
8,21,M,46.0,R2_3_4_2_90Y100.pct,100.0,4160.0,[n],[n],1
8,21,M,47.0,3_4_4_3_180Y0.pct,0.0,1105.0,[b],[b],1
8,21,M,48.0,3_4_4_3_180Y50.pct,50.0,1676.0,[b],[b],1
8,21,M,49.0,R2_4_4_2_0Y100.pct,100.0,2280.0,[n],[n],1
8,21,M,50.0,R2_3_3_2_0Y150.pct,150.0,2408.0,[n],[n],1
8,21,M,51.0,3_3_4_2_0Y0.pct,0.0,1486.0,[b],[b],1
8,21,M,52.0,R2_4_4_3_90Y0.pct,0.0,1065.0,[n],[n],1
8,21,M,53.0,3_4_4_3_180Y100.pct,100.0,1950.0,[b],[b],1
8,21,M,54.0,R2_4_4_2_180Y50.pct,50.0,872.0,[n],[n],1
8,21,M,55.0,3_3_3_2_0Y150.pct,150.0,4967.0,[b],[b],1
8,21,M,56.0,2_4_4_2_0Y50.pct,50.0,1474.0,[b],[b],1
8,21,M,57.0,R2_4_4_2_0Y150.pct,150.0,1885.0,[n],[n],1
8,21,M,58.0,R3_4_3_2_90Y100.pct,100.0,2387.0,[n],[n],1
8,21,M,59.0,2_3_4_2_90Y150.pct,150.0,1899.0,[b],[b],1
8,21,M,60.0,3_4_3_2_90Y100.pct,100.0,3074.0,[b],[b],1
8,21,M,61.0,2_4_4_3_90Y0.pct,0.0,1033.0,[b],[b],1
8,21,M,62.0,R2_4_4_2_180Y0.pct,0.0,976.0,[n],[n],1
8,21,M,63.0,R2_4_4_3_90Y50.pct,50.0,1038.0,[n],[n],1
8,21,M,64.0,2_4_4_3_90Y50.pct,50.0,1416.0,[b],[b],1
8,21,M,65.0,R2_4_4_2_180Y150.pct,150.0,2377.0,[n],[n],1
8,21,M,66.0,3_3_3_3_90Y0.pct,0.0,1417.0,[b],[b],1
8,21,M,67.0,3_3_3_3_180Y150.pct,150.0,1892.0,[b],[b],1
8,21,M,68.0,R3_3_3_3_90Y0.pct,0.0,1241.0,[n],[n],1
8,21,M,69.0,R3_3_3_2_0Y50.pct,50.0,1044.0,[n],[n],1
8,21,M,70.0,2_4_4_2_180Y50.pct,50.0,1017.0,[b],[b],1
8,21,M,71.0,2_4_4_2_0Y100.pct,100.0,1385.0,[b],[b],1
8,21,M,72.0,R3_3_3_2_0Y100.pct,100.0,3012.0,[n],[n],1
8,21,M,73.0,2_3_4_2_90Y100.pct,100.0,3287.0,[b],[b],1
8,21,M,74.0,R3_3_3_3_180Y100.pct,100.0,1650.0,[n],[n],1
8,21,M,75.0,3_3_3_3_90Y150.pct,150.0,1836.0,[b],[b],1
8,21,M,76.0,R3_3_4_2_0Y0.pct,0.0,1414.0,[n],[n],1
8,21,M,77.0,3_3_3_2_0Y0.pct,0.0,1284.0,[b],[b],1
8,21,M,78.0,3_3_3_2_0Y50.pct,50.0,1362.0,[b],[b],1
8,21,M,79.0,R3_3_3_3_180Y50.pct,50.0,899.0,[n],[n],1
8,21,M,80.0,R3_3_3_3_90Y150.pct,150.0,3608.0,[n],[n],1
8,21,M,81.0,R3_4_4_3_180Y50.pct,50.0,5103.0,[n],[n],1
8,21,M,82.0,2_3_4_2_90Y0.pct,0.0,1159.0,[b],[b],1
8,21,M,83.0,R3_3_4_2_0Y150.pct,150.0,1901.0,[n],[n],1
8,21,M,84.0,3_3_4_2_0Y50.pct,50.0,1986.0,[b],[b],1
8,21,M,85.0,2_4_4_2_180Y100.pct,100.0,1561.0,[b],[b],1
8,21,M,86.0,R3_4_4_3_180Y0.pct,0.0,1261.0,[n],[n],1
8,21,M,87.0,3_4_3_3_180Y150.pct,150.0,3320.0,[n],[b],0
8,21,M,88.0,R3_4_4_3_180Y100.pct,100.0,3435.0,[n],[n],1
8,21,M,89.0,R2_3_3_2_0Y100.pct,100.0,1418.0,[n],[n],1
8,21,M,90.0,2_3_3_2_0Y50.pct,50.0,1389.0,[b],[b],1
8,21,M,91.0,2_4_4_2_0Y0.pct,0.0,886.0,[b],[b],1
8,21,M,92.0,3_4_3_2_90Y150.pct,150.0,3873.0,[b],[b],1
8,21,M,93.0,R2_4_4_3_90Y150.pct,150.0,2780.0,[n],[n],1
8,21,M,94.0,R3_4_3_2_90Y50.pct,50.0,1417.0,[n],[n],1
8,21,M,95.0,2_3_3_2_0Y100.pct,100.0,1142.0,[b],[b],1
8,21,M,96.0,R3_3_3_2_0Y0.pct,0.0,2706.0,[n],[n],1
9,19,F,1.0,R2_3_3_2_0Y0.pct,0.0,2788.0,[n],[n],1
9,19,F,2.0,R3_4_3_2_90Y150.pct,150.0,4118.0,[n],[n],1
9,19,F,3.0,2_4_4_2_0Y150.pct,150.0,3809.0,[b],[b],1
9,19,F,4.0,3_3_3_2_0Y100.pct,100.0,4317.0,[b],[b],1
9,19,F,5.0,3_3_3_3_90Y50.pct,50.0,2362.0,[b],[b],1
9,19,F,6.0,R2_4_4_2_0Y50.pct,50.0,2102.0,[n],[n],1
9,19,F,7.0,R3_3_3_3_90Y100.pct,100.0,4183.0,[n],[n],1
9,19,F,8.0,2_3_3_2_0Y0.pct,0.0,2021.0,[b],[b],1
9,19,F,9.0,R3_4_3_3_180Y150.pct,150.0,4457.0,[n],[n],1
9,19,F,11.0,R3_3_4_2_0Y50.pct,50.0,5709.0,[n],[n],1
9,19,F,12.0,R2_3_4_2_90Y0.pct,0.0,2910.0,[n],[n],1
9,19,F,13.0,3_3_3_3_180Y0.pct,0.0,955.0,[b],[b],1
9,19,F,14.0,R3_4_3_3_180Y100.pct,100.0,2456.0,[n],[n],1
9,19,F,15.0,2_4_4_3_90Y100.pct,100.0,2898.0,[b],[b],1
9,19,F,16.0,3_4_3_2_90Y50.pct,50.0,4298.0,[b],[b],1
9,19,F,17.0,R2_4_4_3_90Y100.pct,100.0,4397.0,[n],[n],1
9,19,F,18.0,2_3_3_2_0Y150.pct,150.0,3412.0,[b],[b],1
9,19,F,19.0,R2_3_4_2_90Y50.pct,50.0,1699.0,[n],[n],1
9,19,F,20.0,2_3_4_2_90Y50.pct,50.0,2365.0,[b],[b],1
9,19,F,21.0,R2_4_4_2_180Y100.pct,100.0,1740.0,[n],[n],1
9,19,F,22.0,R2_4_4_2_0Y0.pct,0.0,2523.0,[n],[n],1
9,19,F,23.0,3_4_3_2_90Y0.pct,0.0,2500.0,[b],[b],1
9,19,F,24.0,R3_3_3_2_0Y150.pct,150.0,4160.0,[n],[n],1
9,19,F,25.0,R3_4_4_3_180Y150.pct,150.0,3144.0,[n],[n],1
9,19,F,26.0,R3_4_3_3_180Y50.pct,50.0,2396.0,[n],[n],1
9,19,F,27.0,3_4_3_3_180Y50.pct,50.0,2449.0,[b],[b],1
9,19,F,28.0,3_3_3_3_90Y100.pct,100.0,3528.0,[b],[b],1
9,19,F,29.0,2_4_4_2_180Y0.pct,0.0,2020.0,[b],[b],1
9,19,F,30.0,R3_4_3_2_90Y0.pct,0.0,2572.0,[n],[n],1
9,19,F,31.0,3_3_4_2_0Y150.pct,150.0,4316.0,[b],[b],1
9,19,F,32.0,R3_3_4_2_0Y100.pct,100.0,3776.0,[n],[n],1
9,19,F,33.0,3_3_3_3_180Y50.pct,50.0,3268.0,[b],[b],1
9,19,F,34.0,3_3_4_2_0Y100.pct,100.0,3724.0,[b],[b],1
9,19,F,35.0,3_4_4_3_180Y150.pct,150.0,5406.0,[b],[b],1
9,19,F,36.0,R3_3_3_3_180Y0.pct,0.0,2862.0,[n],[n],1
9,19,F,37.0,3_4_3_3_180Y100.pct,100.0,2849.0,[b],[b],1
9,19,F,38.0,R3_3_3_3_180Y150.pct,150.0,5159.0,[n],[n],1
9,19,F,39.0,3_4_3_3_180Y0.pct,0.0,1611.0,[b],[b],1
9,19,F,40.0,R3_3_3_3_90Y50.pct,50.0,1399.0,[n],[n],1
9,19,F,41.0,2_4_4_3_90Y150.pct,150.0,2821.0,[b],[b],1
9,19,F,42.0,R3_4_3_3_180Y0.pct,0.0,1485.0,[n],[n],1
9,19,F,43.0,3_3_3_3_180Y100.pct,100.0,3905.0,[b],[b],1
9,19,F,44.0,R2_3_4_2_90Y150.pct,150.0,2572.0,[n],[n],1
9,19,F,45.0,R2_3_3_2_0Y50.pct,50.0,1853.0,[n],[n],1
9,19,F,46.0,R2_3_4_2_90Y100.pct,100.0,2957.0,[n],[n],1
9,19,F,47.0,3_4_4_3_180Y0.pct,0.0,1613.0,[b],[b],1
9,19,F,48.0,3_4_4_3_180Y50.pct,50.0,1842.0,[b],[b],1
9,19,F,49.0,R2_4_4_2_0Y100.pct,100.0,3435.0,[b],[n],0
9,19,F,50.0,R2_3_3_2_0Y150.pct,150.0,3191.0,[n],[n],1
9,19,F,51.0,3_3_4_2_0Y0.pct,0.0,1822.0,[b],[b],1
9,19,F,52.0,R2_4_4_3_90Y0.pct,0.0,1411.0,[n],[n],1
9,19,F,53.0,3_4_4_3_180Y100.pct,100.0,2475.0,[b],[b],1
9,19,F,54.0,R2_4_4_2_180Y50.pct,50.0,3173.0,[n],[n],1
9,19,F,55.0,3_3_3_2_0Y150.pct,150.0,3954.0,[b],[b],1
9,19,F,56.0,2_4_4_2_0Y50.pct,50.0,2170.0,[b],[b],1
9,19,F,57.0,R2_4_4_2_0Y150.pct,150.0,1644.0,[n],[n],1
9,19,F,58.0,R3_4_3_2_90Y100.pct,100.0,2598.0,[n],[n],1
9,19,F,59.0,2_3_4_2_90Y150.pct,150.0,2845.0,[b],[b],1
9,19,F,60.0,3_4_3_2_90Y100.pct,100.0,2225.0,[b],[b],1
9,19,F,61.0,2_4_4_3_90Y0.pct,0.0,1468.0,[b],[b],1
9,19,F,62.0,R2_4_4_2_180Y0.pct,0.0,2020.0,[n],[n],1
9,19,F,63.0,R2_4_4_3_90Y50.pct,50.0,1743.0,[n],[n],1
9,19,F,64.0,2_4_4_3_90Y50.pct,50.0,2367.0,[b],[b],1
9,19,F,65.0,R2_4_4_2_180Y150.pct,150.0,3537.0,[n],[n],1
9,19,F,66.0,3_3_3_3_90Y0.pct,0.0,1562.0,[b],[b],1
9,19,F,67.0,3_3_3_3_180Y150.pct,150.0,2182.0,[b],[b],1
9,19,F,68.0,R3_3_3_3_90Y0.pct,0.0,2159.0,[n],[n],1
9,19,F,69.0,R3_3_3_2_0Y50.pct,50.0,3183.0,[n],[n],1
9,19,F,70.0,2_4_4_2_180Y50.pct,50.0,2016.0,[b],[b],1
9,19,F,71.0,2_4_4_2_0Y100.pct,100.0,2131.0,[b],[b],1
9,19,F,72.0,R3_3_3_2_0Y100.pct,100.0,2179.0,[n],[n],1
9,19,F,73.0,2_3_4_2_90Y100.pct,100.0,2335.0,[b],[b],1
9,19,F,74.0,R3_3_3_3_180Y100.pct,100.0,1997.0,[n],[n],1
9,19,F,75.0,3_3_3_3_90Y150.pct,150.0,2925.0,[n],[b],0
9,19,F,76.0,R3_3_4_2_0Y0.pct,0.0,3172.0,[n],[n],1
9,19,F,77.0,3_3_3_2_0Y0.pct,0.0,2833.0,[b],[b],1
9,19,F,78.0,3_3_3_2_0Y50.pct,50.0,1987.0,[n],[b],0
9,19,F,79.0,R3_3_3_3_180Y50.pct,50.0,1714.0,[n],[n],1
9,19,F,80.0,R3_3_3_3_90Y150.pct,150.0,2986.0,[n],[n],1
9,19,F,81.0,R3_4_4_3_180Y50.pct,50.0,3590.0,[n],[n],1
9,19,F,82.0,2_3_4_2_90Y0.pct,0.0,1041.0,[b],[b],1
9,19,F,83.0,R3_3_4_2_0Y150.pct,150.0,2204.0,[n],[n],1
9,19,F,84.0,3_3_4_2_0Y50.pct,50.0,2759.0,[b],[b],1
9,19,F,85.0,2_4_4_2_180Y100.pct,100.0,2641.0,[b],[b],1
9,19,F,86.0,R3_4_4_3_180Y0.pct,0.0,1463.0,[n],[n],1
9,19,F,87.0,3_4_3_3_180Y150.pct,150.0,6107.0,[b],[b],1
9,19,F,88.0,R3_4_4_3_180Y100.pct,100.0,3265.0,[n],[n],1
9,19,F,89.0,R2_3_3_2_0Y100.pct,100.0,3083.0,[n],[n],1
9,19,F,90.0,2_3_3_2_0Y50.pct,50.0,2376.0,[b],[b],1
9,19,F,91.0,2_4_4_2_0Y0.pct,0.0,1323.0,[b],[b],1
9,19,F,92.0,3_4_3_2_90Y150.pct,150.0,2434.0,[b],[b],1
9,19,F,93.0,R2_4_4_3_90Y150.pct,150.0,3341.0,[b],[n],0
9,19,F,94.0,R3_4_3_2_90Y50.pct,50.0,1204.0,[n],[n],1
9,19,F,95.0,2_3_3_2_0Y100.pct,100.0,2084.0,[b],[b],1
9,19,F,96.0,R3_3_3_2_0Y0.pct,0.0,2157.0,[n],[n],1
10,20,F,1.0,R2_3_3_2_0Y0.pct,0.0,4593.0,[n],[n],1
10,20,F,2.0,R3_4_3_2_90Y150.pct,150.0,5214.0,[n],[n],1
10,20,F,3.0,2_4_4_2_0Y150.pct,150.0,3745.0,[b],[b],1
10,20,F,5.0,3_3_3_3_90Y50.pct,50.0,3367.0,[n],[b],0
10,20,F,6.0,R2_4_4_2_0Y50.pct,50.0,3203.0,[n],[n],1
10,20,F,7.0,R3_3_3_3_90Y100.pct,100.0,6480.0,[n],[n],1
10,20,F,8.0,2_3_3_2_0Y0.pct,0.0,1331.0,[b],[b],1
10,20,F,9.0,R3_4_3_3_180Y150.pct,150.0,6014.0,[n],[n],1
10,20,F,10.0,2_4_4_2_180Y150.pct,150.0,3622.0,[n],[b],0
10,20,F,11.0,R3_3_4_2_0Y50.pct,50.0,4031.0,[n],[n],1
10,20,F,12.0,R2_3_4_2_90Y0.pct,0.0,1379.0,[n],[n],1
10,20,F,13.0,3_3_3_3_180Y0.pct,0.0,1812.0,[b],[b],1
10,20,F,14.0,R3_4_3_3_180Y100.pct,100.0,3465.0,[n],[n],1
10,20,F,15.0,2_4_4_3_90Y100.pct,100.0,5930.0,[b],[b],1
10,20,F,17.0,R2_4_4_3_90Y100.pct,100.0,117.0,[b],[n],0
10,20,F,18.0,2_3_3_2_0Y150.pct,150.0,2982.0,[n],[b],0
10,20,F,19.0,R2_3_4_2_90Y50.pct,50.0,1994.0,[n],[n],1
10,20,F,20.0,2_3_4_2_90Y50.pct,50.0,1578.0,[b],[b],1
10,20,F,21.0,R2_4_4_2_180Y100.pct,100.0,4534.0,[n],[n],1
10,20,F,22.0,R2_4_4_2_0Y0.pct,0.0,1380.0,[n],[n],1
10,20,F,23.0,3_4_3_2_90Y0.pct,0.0,1687.0,[b],[b],1
10,20,F,24.0,R3_3_3_2_0Y150.pct,150.0,2509.0,[n],[n],1
10,20,F,25.0,R3_4_4_3_180Y150.pct,150.0,2556.0,[n],[n],1
10,20,F,26.0,R3_4_3_3_180Y50.pct,50.0,5280.0,[n],[n],1
10,20,F,28.0,3_3_3_3_90Y100.pct,100.0,3946.0,[n],[b],0
10,20,F,29.0,2_4_4_2_180Y0.pct,0.0,1000.0,[b],[b],1
10,20,F,30.0,R3_4_3_2_90Y0.pct,0.0,1686.0,[n],[n],1
10,20,F,31.0,3_3_4_2_0Y150.pct,150.0,3598.0,[n],[b],0
10,20,F,32.0,R3_3_4_2_0Y100.pct,100.0,4577.0,[n],[n],1
10,20,F,33.0,3_3_3_3_180Y50.pct,50.0,3717.0,[b],[b],1
10,20,F,34.0,3_3_4_2_0Y100.pct,100.0,6542.0,[n],[b],0
10,20,F,35.0,3_4_4_3_180Y150.pct,150.0,6042.0,[n],[b],0
10,20,F,36.0,R3_3_3_3_180Y0.pct,0.0,1827.0,[n],[n],1
10,20,F,37.0,3_4_3_3_180Y100.pct,100.0,4686.0,[b],[b],1
10,20,F,38.0,R3_3_3_3_180Y150.pct,150.0,5282.0,[b],[n],0
10,20,F,39.0,3_4_3_3_180Y0.pct,0.0,1357.0,[b],[b],1
10,20,F,40.0,R3_3_3_3_90Y50.pct,50.0,4601.0,[n],[n],1
10,20,F,41.0,2_4_4_3_90Y150.pct,150.0,3516.0,[b],[b],1
10,20,F,42.0,R3_4_3_3_180Y0.pct,0.0,3220.0,[n],[n],1
10,20,F,43.0,3_3_3_3_180Y100.pct,100.0,7454.0,[b],[b],1
10,20,F,44.0,R2_3_4_2_90Y150.pct,150.0,5791.0,[b],[n],0
10,20,F,45.0,R2_3_3_2_0Y50.pct,50.0,1692.0,[n],[n],1
10,20,F,46.0,R2_3_4_2_90Y100.pct,100.0,4066.0,[n],[n],1
10,20,F,47.0,3_4_4_3_180Y0.pct,0.0,1034.0,[b],[b],1
10,20,F,48.0,3_4_4_3_180Y50.pct,50.0,2836.0,[b],[b],1
10,20,F,49.0,R2_4_4_2_0Y100.pct,100.0,1924.0,[n],[n],1
10,20,F,50.0,R2_3_3_2_0Y150.pct,150.0,4835.0,[n],[n],1
10,20,F,51.0,3_3_4_2_0Y0.pct,0.0,932.0,[b],[b],1
10,20,F,52.0,R2_4_4_3_90Y0.pct,0.0,1762.0,[n],[n],1
10,20,F,53.0,3_4_4_3_180Y100.pct,100.0,5567.0,[n],[b],0
10,20,F,54.0,R2_4_4_2_180Y50.pct,50.0,1586.0,[n],[n],1
10,20,F,55.0,3_3_3_2_0Y150.pct,150.0,4095.0,[n],[b],0
10,20,F,56.0,2_4_4_2_0Y50.pct,50.0,1718.0,[b],[b],1
10,20,F,57.0,R2_4_4_2_0Y150.pct,150.0,2122.0,[n],[n],1
10,20,F,58.0,R3_4_3_2_90Y100.pct,100.0,6337.0,[n],[n],1
10,20,F,59.0,2_3_4_2_90Y150.pct,150.0,4381.0,[b],[b],1
10,20,F,60.0,3_4_3_2_90Y100.pct,100.0,6980.0,[n],[b],0
10,20,F,61.0,2_4_4_3_90Y0.pct,0.0,1055.0,[b],[b],1
10,20,F,62.0,R2_4_4_2_180Y0.pct,0.0,1632.0,[n],[n],1
10,20,F,63.0,R2_4_4_3_90Y50.pct,50.0,1536.0,[n],[n],1
10,20,F,64.0,2_4_4_3_90Y50.pct,50.0,1836.0,[b],[b],1
10,20,F,65.0,R2_4_4_2_180Y150.pct,150.0,2694.0,[n],[n],1
10,20,F,66.0,3_3_3_3_90Y0.pct,0.0,1539.0,[b],[b],1
10,20,F,68.0,R3_3_3_3_90Y0.pct,0.0,2467.0,[n],[n],1
10,20,F,69.0,R3_3_3_2_0Y50.pct,50.0,3979.0,[n],[n],1
10,20,F,70.0,2_4_4_2_180Y50.pct,50.0,1070.0,[b],[b],1
10,20,F,71.0,2_4_4_2_0Y100.pct,100.0,3614.0,[b],[b],1
10,20,F,72.0,R3_3_3_2_0Y100.pct,100.0,6315.0,[n],[n],1
10,20,F,73.0,2_3_4_2_90Y100.pct,100.0,4025.0,[b],[b],1
10,20,F,74.0,R3_3_3_3_180Y100.pct,100.0,4201.0,[n],[n],1
10,20,F,75.0,3_3_3_3_90Y150.pct,150.0,5124.0,[b],[b],1
10,20,F,76.0,R3_3_4_2_0Y0.pct,0.0,5059.0,[n],[n],1
10,20,F,77.0,3_3_3_2_0Y0.pct,0.0,1253.0,[b],[b],1
10,20,F,78.0,3_3_3_2_0Y50.pct,50.0,3270.0,[b],[b],1
10,20,F,79.0,R3_3_3_3_180Y50.pct,50.0,4659.0,[n],[n],1
10,20,F,80.0,R3_3_3_3_90Y150.pct,150.0,4895.0,[b],[n],0
10,20,F,81.0,R3_4_4_3_180Y50.pct,50.0,3899.0,[n],[n],1
10,20,F,82.0,2_3_4_2_90Y0.pct,0.0,1436.0,[b],[b],1
10,20,F,83.0,R3_3_4_2_0Y150.pct,150.0,2965.0,[n],[n],1
10,20,F,84.0,3_3_4_2_0Y50.pct,50.0,5778.0,[b],[b],1
10,20,F,85.0,2_4_4_2_180Y100.pct,100.0,6069.0,[n],[b],0
10,20,F,86.0,R3_4_4_3_180Y0.pct,0.0,2166.0,[n],[n],1
10,20,F,87.0,3_4_3_3_180Y150.pct,150.0,5106.0,[n],[b],0
10,20,F,88.0,R3_4_4_3_180Y100.pct,100.0,4706.0,[n],[n],1
10,20,F,89.0,R2_3_3_2_0Y100.pct,100.0,5033.0,[n],[n],1
10,20,F,90.0,2_3_3_2_0Y50.pct,50.0,3481.0,[b],[b],1
10,20,F,91.0,2_4_4_2_0Y0.pct,0.0,929.0,[b],[b],1
10,20,F,92.0,3_4_3_2_90Y150.pct,150.0,5382.0,[b],[b],1
10,20,F,93.0,R2_4_4_3_90Y150.pct,150.0,6668.0,[b],[n],0
10,20,F,94.0,R3_4_3_2_90Y50.pct,50.0,2171.0,[n],[n],1
10,20,F,95.0,2_3_3_2_0Y100.pct,100.0,3234.0,[b],[b],1
10,20,F,96.0,R3_3_3_2_0Y0.pct,0.0,4008.0,[n],[n],1
11,21,M,1.0,R2_3_3_2_0Y0.pct,0.0,2924.0,[n],[n],1
11,21,M,2.0,R3_4_3_2_90Y150.pct,150.0,3631.0,[n],[n],1
11,21,M,3.0,2_4_4_2_0Y150.pct,150.0,2993.0,[b],[b],1
11,21,M,4.0,3_3_3_2_0Y100.pct,100.0,6246.0,[b],[b],1
11,21,M,5.0,3_3_3_3_90Y50.pct,50.0,2941.0,[b],[b],1
11,21,M,6.0,R2_4_4_2_0Y50.pct,50.0,2402.0,[n],[n],1
11,21,M,7.0,R3_3_3_3_90Y100.pct,100.0,3120.0,[n],[n],1
11,21,M,8.0,2_3_3_2_0Y0.pct,0.0,1363.0,[b],[b],1
11,21,M,9.0,R3_4_3_3_180Y150.pct,150.0,4430.0,[n],[n],1
11,21,M,10.0,2_4_4_2_180Y150.pct,150.0,5892.0,[b],[b],1
11,21,M,11.0,R3_3_4_2_0Y50.pct,50.0,4427.0,[n],[n],1
11,21,M,12.0,R2_3_4_2_90Y0.pct,0.0,1822.0,[n],[n],1
11,21,M,13.0,3_3_3_3_180Y0.pct,0.0,1334.0,[b],[b],1
11,21,M,14.0,R3_4_3_3_180Y100.pct,100.0,3820.0,[n],[n],1
11,21,M,15.0,2_4_4_3_90Y100.pct,100.0,2778.0,[b],[b],1
11,21,M,16.0,3_4_3_2_90Y50.pct,50.0,4176.0,[b],[b],1
11,21,M,17.0,R2_4_4_3_90Y100.pct,100.0,5035.0,[n],[n],1
11,21,M,18.0,2_3_3_2_0Y150.pct,150.0,5399.0,[b],[b],1
11,21,M,19.0,R2_3_4_2_90Y50.pct,50.0,2930.0,[n],[n],1
11,21,M,20.0,2_3_4_2_90Y50.pct,50.0,1937.0,[b],[b],1
11,21,M,21.0,R2_4_4_2_180Y100.pct,100.0,3236.0,[n],[n],1
11,21,M,22.0,R2_4_4_2_0Y0.pct,0.0,1575.0,[n],[n],1
11,21,M,23.0,3_4_3_2_90Y0.pct,0.0,1176.0,[b],[b],1
11,21,M,24.0,R3_3_3_2_0Y150.pct,150.0,5368.0,[n],[n],1
11,21,M,25.0,R3_4_4_3_180Y150.pct,150.0,2647.0,[n],[n],1
11,21,M,26.0,R3_4_3_3_180Y50.pct,50.0,5275.0,[n],[n],1
11,21,M,27.0,3_4_3_3_180Y50.pct,50.0,2859.0,[b],[b],1
11,21,M,28.0,3_3_3_3_90Y100.pct,100.0,4091.0,[b],[b],1
11,21,M,29.0,2_4_4_2_180Y0.pct,0.0,1345.0,[b],[b],1
11,21,M,30.0,R3_4_3_2_90Y0.pct,0.0,2533.0,[n],[n],1
11,21,M,31.0,3_3_4_2_0Y150.pct,150.0,3325.0,[n],[b],0
11,21,M,32.0,R3_3_4_2_0Y100.pct,100.0,5628.0,[n],[n],1
11,21,M,33.0,3_3_3_3_180Y50.pct,50.0,7356.0,[b],[b],1
11,21,M,34.0,3_3_4_2_0Y100.pct,100.0,3642.0,[b],[b],1
11,21,M,35.0,3_4_4_3_180Y150.pct,150.0,4797.0,[n],[b],0
11,21,M,36.0,R3_3_3_3_180Y0.pct,0.0,2030.0,[n],[n],1
11,21,M,37.0,3_4_3_3_180Y100.pct,100.0,4417.0,[b],[b],1
11,21,M,38.0,R3_3_3_3_180Y150.pct,150.0,3433.0,[n],[n],1
11,21,M,39.0,3_4_3_3_180Y0.pct,0.0,1342.0,[b],[b],1
11,21,M,40.0,R3_3_3_3_90Y50.pct,50.0,1270.0,[n],[n],1
11,21,M,41.0,2_4_4_3_90Y150.pct,150.0,6527.0,[b],[b],1
11,21,M,42.0,R3_4_3_3_180Y0.pct,0.0,1325.0,[n],[n],1
11,21,M,43.0,3_3_3_3_180Y100.pct,100.0,5396.0,[b],[b],1
11,21,M,44.0,R2_3_4_2_90Y150.pct,150.0,6729.0,[n],[n],1
11,21,M,45.0,R2_3_3_2_0Y50.pct,50.0,1616.0,[n],[n],1
11,21,M,46.0,R2_3_4_2_90Y100.pct,100.0,4217.0,[n],[n],1
11,21,M,47.0,3_4_4_3_180Y0.pct,0.0,1609.0,[b],[b],1
11,21,M,48.0,3_4_4_3_180Y50.pct,50.0,2639.0,[b],[b],1
11,21,M,49.0,R2_4_4_2_0Y100.pct,100.0,3049.0,[n],[n],1
11,21,M,50.0,R2_3_3_2_0Y150.pct,150.0,3681.0,[n],[n],1
11,21,M,51.0,3_3_4_2_0Y0.pct,0.0,2711.0,[b],[b],1
11,21,M,52.0,R2_4_4_3_90Y0.pct,0.0,1740.0,[n],[n],1
11,21,M,53.0,3_4_4_3_180Y100.pct,100.0,3372.0,[b],[b],1
11,21,M,54.0,R2_4_4_2_180Y50.pct,50.0,963.0,[n],[n],1
11,21,M,55.0,3_3_3_2_0Y150.pct,150.0,2054.0,[b],[b],1
11,21,M,56.0,2_4_4_2_0Y50.pct,50.0,2125.0,[b],[b],1
11,21,M,57.0,R2_4_4_2_0Y150.pct,150.0,1760.0,[n],[n],1
11,21,M,58.0,R3_4_3_2_90Y100.pct,100.0,1972.0,[n],[n],1
11,21,M,59.0,2_3_4_2_90Y150.pct,150.0,5673.0,[b],[b],1
11,21,M,61.0,2_4_4_3_90Y0.pct,0.0,1703.0,[b],[b],1
11,21,M,62.0,R2_4_4_2_180Y0.pct,0.0,1295.0,[n],[n],1
11,21,M,63.0,R2_4_4_3_90Y50.pct,50.0,1086.0,[n],[n],1
11,21,M,64.0,2_4_4_3_90Y50.pct,50.0,2183.0,[b],[b],1
11,21,M,65.0,R2_4_4_2_180Y150.pct,150.0,2208.0,[n],[n],1
11,21,M,66.0,3_3_3_3_90Y0.pct,0.0,1347.0,[b],[b],1
11,21,M,67.0,3_3_3_3_180Y150.pct,150.0,5904.0,[b],[b],1
11,21,M,68.0,R3_3_3_3_90Y0.pct,0.0,2773.0,[n],[n],1
11,21,M,69.0,R3_3_3_2_0Y50.pct,50.0,1333.0,[n],[n],1
11,21,M,70.0,2_4_4_2_180Y50.pct,50.0,1726.0,[b],[b],1
11,21,M,71.0,2_4_4_2_0Y100.pct,100.0,2380.0,[b],[b],1
11,21,M,72.0,R3_3_3_2_0Y100.pct,100.0,5672.0,[n],[n],1
11,21,M,73.0,2_3_4_2_90Y100.pct,100.0,2970.0,[b],[b],1
11,21,M,74.0,R3_3_3_3_180Y100.pct,100.0,3307.0,[n],[n],1
11,21,M,75.0,3_3_3_3_90Y150.pct,150.0,6274.0,[n],[b],0
11,21,M,76.0,R3_3_4_2_0Y0.pct,0.0,2292.0,[n],[n],1
11,21,M,77.0,3_3_3_2_0Y0.pct,0.0,2073.0,[b],[b],1
11,21,M,78.0,3_3_3_2_0Y50.pct,50.0,1528.0,[b],[b],1
11,21,M,79.0,R3_3_3_3_180Y50.pct,50.0,1692.0,[n],[n],1
11,21,M,80.0,R3_3_3_3_90Y150.pct,150.0,6458.0,[n],[n],1
11,21,M,81.0,R3_4_4_3_180Y50.pct,50.0,6253.0,[n],[n],1
11,21,M,82.0,2_3_4_2_90Y0.pct,0.0,950.0,[b],[b],1
11,21,M,83.0,R3_3_4_2_0Y150.pct,150.0,2869.0,[n],[n],1
11,21,M,84.0,3_3_4_2_0Y50.pct,50.0,2005.0,[b],[b],1
11,21,M,85.0,2_4_4_2_180Y100.pct,100.0,3645.0,[b],[b],1
11,21,M,86.0,R3_4_4_3_180Y0.pct,0.0,2607.0,[n],[n],1
11,21,M,87.0,3_4_3_3_180Y150.pct,150.0,3211.0,[n],[b],0
11,21,M,89.0,R2_3_3_2_0Y100.pct,100.0,4031.0,[n],[n],1
11,21,M,90.0,2_3_3_2_0Y50.pct,50.0,1671.0,[b],[b],1
11,21,M,91.0,2_4_4_2_0Y0.pct,0.0,1404.0,[b],[b],1
11,21,M,92.0,3_4_3_2_90Y150.pct,150.0,2720.0,[n],[b],0
11,21,M,93.0,R2_4_4_3_90Y150.pct,150.0,2620.0,[n],[n],1
11,21,M,94.0,R3_4_3_2_90Y50.pct,50.0,2134.0,[n],[n],1
11,21,M,95.0,2_3_3_2_0Y100.pct,100.0,2399.0,[b],[b],1
11,21,M,96.0,R3_3_3_2_0Y0.pct,0.0,2129.0,[n],[n],1
12,21,F,1.0,R2_3_3_2_0Y0.pct,0.0,1818.0,[n],[n],1
12,21,F,2.0,R3_4_3_2_90Y150.pct,150.0,1646.0,[b],[n],0
12,21,F,3.0,2_4_4_2_0Y150.pct,150.0,1527.0,[b],[b],1
12,21,F,4.0,3_3_3_2_0Y100.pct,100.0,3133.0,[b],[b],1
12,21,F,5.0,3_3_3_3_90Y50.pct,50.0,2435.0,[b],[b],1
12,21,F,6.0,R2_4_4_2_0Y50.pct,50.0,1251.0,[n],[n],1
12,21,F,7.0,R3_3_3_3_90Y100.pct,100.0,2718.0,[b],[n],0
12,21,F,8.0,2_3_3_2_0Y0.pct,0.0,1200.0,[b],[b],1
12,21,F,9.0,R3_4_3_3_180Y150.pct,150.0,3312.0,[n],[n],1
12,21,F,10.0,2_4_4_2_180Y150.pct,150.0,4109.0,[b],[b],1
12,21,F,11.0,R3_3_4_2_0Y50.pct,50.0,2292.0,[n],[n],1
12,21,F,12.0,R2_3_4_2_90Y0.pct,0.0,1820.0,[n],[n],1
12,21,F,13.0,3_3_3_3_180Y0.pct,0.0,1133.0,[b],[b],1
12,21,F,14.0,R3_4_3_3_180Y100.pct,100.0,2347.0,[n],[n],1
12,21,F,15.0,2_4_4_3_90Y100.pct,100.0,2967.0,[b],[b],1
12,21,F,16.0,3_4_3_2_90Y50.pct,50.0,2379.0,[b],[b],1
12,21,F,17.0,R2_4_4_3_90Y100.pct,100.0,1921.0,[n],[n],1
12,21,F,18.0,2_3_3_2_0Y150.pct,150.0,1966.0,[b],[b],1
12,21,F,19.0,R2_3_4_2_90Y50.pct,50.0,3052.0,[n],[n],1
12,21,F,20.0,2_3_4_2_90Y50.pct,50.0,1372.0,[b],[b],1
12,21,F,21.0,R2_4_4_2_180Y100.pct,100.0,2839.0,[n],[n],1
12,21,F,22.0,R2_4_4_2_0Y0.pct,0.0,3238.0,[b],[n],0
12,21,F,23.0,3_4_3_2_90Y0.pct,0.0,1429.0,[b],[b],1
12,21,F,24.0,R3_3_3_2_0Y150.pct,150.0,4437.0,[n],[n],1
12,21,F,25.0,R3_4_4_3_180Y150.pct,150.0,2585.0,[n],[n],1
12,21,F,26.0,R3_4_3_3_180Y50.pct,50.0,3376.0,[n],[n],1
12,21,F,27.0,3_4_3_3_180Y50.pct,50.0,1669.0,[b],[b],1
12,21,F,28.0,3_3_3_3_90Y100.pct,100.0,3972.0,[b],[b],1
12,21,F,29.0,2_4_4_2_180Y0.pct,0.0,982.0,[b],[b],1
12,21,F,30.0,R3_4_3_2_90Y0.pct,0.0,1572.0,[n],[n],1
12,21,F,31.0,3_3_4_2_0Y150.pct,150.0,2311.0,[n],[b],0
12,21,F,32.0,R3_3_4_2_0Y100.pct,100.0,3295.0,[n],[n],1
12,21,F,33.0,3_3_3_3_180Y50.pct,50.0,1676.0,[b],[b],1
12,21,F,34.0,3_3_4_2_0Y100.pct,100.0,2236.0,[b],[b],1
12,21,F,35.0,3_4_4_3_180Y150.pct,150.0,2927.0,[n],[b],0
12,21,F,36.0,R3_3_3_3_180Y0.pct,0.0,1410.0,[n],[n],1
12,21,F,37.0,3_4_3_3_180Y100.pct,100.0,2582.0,[b],[b],1
12,21,F,38.0,R3_3_3_3_180Y150.pct,150.0,2000.0,[n],[n],1
12,21,F,39.0,3_4_3_3_180Y0.pct,0.0,1077.0,[b],[b],1
12,21,F,40.0,R3_3_3_3_90Y50.pct,50.0,1434.0,[n],[n],1
12,21,F,41.0,2_4_4_3_90Y150.pct,150.0,1949.0,[b],[b],1
12,21,F,42.0,R3_4_3_3_180Y0.pct,0.0,2353.0,[n],[n],1
12,21,F,43.0,3_3_3_3_180Y100.pct,100.0,3343.0,[b],[b],1
12,21,F,44.0,R2_3_4_2_90Y150.pct,150.0,1649.0,[n],[n],1
12,21,F,45.0,R2_3_3_2_0Y50.pct,50.0,1228.0,[n],[n],1
12,21,F,46.0,R2_3_4_2_90Y100.pct,100.0,2079.0,[n],[n],1
12,21,F,47.0,3_4_4_3_180Y0.pct,0.0,1283.0,[b],[b],1
12,21,F,48.0,3_4_4_3_180Y50.pct,50.0,3163.0,[b],[b],1
12,21,F,49.0,R2_4_4_2_0Y100.pct,100.0,2124.0,[n],[n],1
12,21,F,50.0,R2_3_3_2_0Y150.pct,150.0,3277.0,[n],[n],1
12,21,F,51.0,3_3_4_2_0Y0.pct,0.0,908.0,[b],[b],1
12,21,F,52.0,R2_4_4_3_90Y0.pct,0.0,1004.0,[n],[n],1
12,21,F,53.0,3_4_4_3_180Y100.pct,100.0,2104.0,[b],[b],1
12,21,F,54.0,R2_4_4_2_180Y50.pct,50.0,1011.0,[n],[n],1
12,21,F,55.0,3_3_3_2_0Y150.pct,150.0,1569.0,[n],[b],0
12,21,F,56.0,2_4_4_2_0Y50.pct,50.0,1258.0,[b],[b],1
12,21,F,57.0,R2_4_4_2_0Y150.pct,150.0,2800.0,[n],[n],1
12,21,F,58.0,R3_4_3_2_90Y100.pct,100.0,3494.0,[n],[n],1
12,21,F,59.0,2_3_4_2_90Y150.pct,150.0,2989.0,[b],[b],1
12,21,F,60.0,3_4_3_2_90Y100.pct,100.0,2223.0,[b],[b],1
12,21,F,61.0,2_4_4_3_90Y0.pct,0.0,945.0,[b],[b],1
12,21,F,62.0,R2_4_4_2_180Y0.pct,0.0,2952.0,[n],[n],1
12,21,F,63.0,R2_4_4_3_90Y50.pct,50.0,1514.0,[n],[n],1
12,21,F,64.0,2_4_4_3_90Y50.pct,50.0,1351.0,[b],[b],1
12,21,F,65.0,R2_4_4_2_180Y150.pct,150.0,2950.0,[n],[n],1
12,21,F,66.0,3_3_3_3_90Y0.pct,0.0,1506.0,[b],[b],1
12,21,F,67.0,3_3_3_3_180Y150.pct,150.0,1977.0,[b],[b],1
12,21,F,68.0,R3_3_3_3_90Y0.pct,0.0,1091.0,[n],[n],1
12,21,F,69.0,R3_3_3_2_0Y50.pct,50.0,925.0,[n],[n],1
12,21,F,70.0,2_4_4_2_180Y50.pct,50.0,1225.0,[b],[b],1
12,21,F,71.0,2_4_4_2_0Y100.pct,100.0,5810.0,[b],[b],1
12,21,F,72.0,R3_3_3_2_0Y100.pct,100.0,2111.0,[n],[n],1
12,21,F,73.0,2_3_4_2_90Y100.pct,100.0,1874.0,[b],[b],1
12,21,F,74.0,R3_3_3_3_180Y100.pct,100.0,1424.0,[n],[n],1
12,21,F,75.0,3_3_3_3_90Y150.pct,150.0,3255.0,[b],[b],1
12,21,F,76.0,R3_3_4_2_0Y0.pct,0.0,2231.0,[b],[n],0
12,21,F,77.0,3_3_3_2_0Y0.pct,0.0,2633.0,[b],[b],1
12,21,F,78.0,3_3_3_2_0Y50.pct,50.0,1941.0,[b],[b],1
12,21,F,79.0,R3_3_3_3_180Y50.pct,50.0,1064.0,[n],[n],1
12,21,F,80.0,R3_3_3_3_90Y150.pct,150.0,1714.0,[b],[n],0
12,21,F,81.0,R3_4_4_3_180Y50.pct,50.0,3032.0,[n],[n],1
12,21,F,82.0,2_3_4_2_90Y0.pct,0.0,929.0,[b],[b],1
12,21,F,83.0,R3_3_4_2_0Y150.pct,150.0,2776.0,[n],[n],1
12,21,F,84.0,3_3_4_2_0Y50.pct,50.0,3187.0,[b],[b],1
12,21,F,85.0,2_4_4_2_180Y100.pct,100.0,2653.0,[b],[b],1
12,21,F,86.0,R3_4_4_3_180Y0.pct,0.0,2254.0,[n],[n],1
12,21,F,88.0,R3_4_4_3_180Y100.pct,100.0,519.0,[n],[n],1
12,21,F,89.0,R2_3_3_2_0Y100.pct,100.0,2384.0,[b],[n],0
12,21,F,90.0,2_3_3_2_0Y50.pct,50.0,1984.0,[b],[b],1
12,21,F,91.0,2_4_4_2_0Y0.pct,0.0,956.0,[b],[b],1
12,21,F,92.0,3_4_3_2_90Y150.pct,150.0,3489.0,[n],[b],0
12,21,F,93.0,R2_4_4_3_90Y150.pct,150.0,2125.0,[n],[n],1
12,21,F,94.0,R3_4_3_2_90Y50.pct,50.0,1107.0,[n],[n],1
12,21,F,95.0,2_3_3_2_0Y100.pct,100.0,1516.0,[b],[b],1
12,21,F,96.0,R3_3_3_2_0Y0.pct,0.0,2657.0,[n],[n],1
13,19,M,1.0,R2_3_3_2_0Y0.pct,0.0,1606.0,[n],[n],1
13,19,M,2.0,R3_4_3_2_90Y150.pct,150.0,2427.0,[n],[n],1
13,19,M,3.0,2_4_4_2_0Y150.pct,150.0,1109.0,[b],[b],1
13,19,M,4.0,3_3_3_2_0Y100.pct,100.0,1900.0,[b],[b],1
13,19,M,5.0,3_3_3_3_90Y50.pct,50.0,1098.0,[b],[b],1
13,19,M,6.0,R2_4_4_2_0Y50.pct,50.0,1496.0,[n],[n],1
13,19,M,7.0,R3_3_3_3_90Y100.pct,100.0,1553.0,[b],[n],0
13,19,M,8.0,2_3_3_2_0Y0.pct,0.0,970.0,[b],[b],1
13,19,M,9.0,R3_4_3_3_180Y150.pct,150.0,3402.0,[n],[n],1
13,19,M,10.0,2_4_4_2_180Y150.pct,150.0,2196.0,[n],[b],0
13,19,M,11.0,R3_3_4_2_0Y50.pct,50.0,2350.0,[n],[n],1
13,19,M,12.0,R2_3_4_2_90Y0.pct,0.0,996.0,[n],[n],1
13,19,M,13.0,3_3_3_3_180Y0.pct,0.0,615.0,[b],[b],1
13,19,M,14.0,R3_4_3_3_180Y100.pct,100.0,4115.0,[n],[n],1
13,19,M,15.0,2_4_4_3_90Y100.pct,100.0,902.0,[b],[b],1
13,19,M,16.0,3_4_3_2_90Y50.pct,50.0,1734.0,[b],[b],1
13,19,M,17.0,R2_4_4_3_90Y100.pct,100.0,1132.0,[n],[n],1
13,19,M,18.0,2_3_3_2_0Y150.pct,150.0,1108.0,[b],[b],1
13,19,M,19.0,R2_3_4_2_90Y50.pct,50.0,1345.0,[n],[n],1
13,19,M,20.0,2_3_4_2_90Y50.pct,50.0,1092.0,[b],[b],1
13,19,M,21.0,R2_4_4_2_180Y100.pct,100.0,1397.0,[n],[n],1
13,19,M,22.0,R2_4_4_2_0Y0.pct,0.0,1224.0,[n],[n],1
13,19,M,23.0,3_4_3_2_90Y0.pct,0.0,662.0,[b],[b],1
13,19,M,24.0,R3_3_3_2_0Y150.pct,150.0,4073.0,[n],[n],1
13,19,M,25.0,R3_4_4_3_180Y150.pct,150.0,2885.0,[n],[n],1
13,19,M,26.0,R3_4_3_3_180Y50.pct,50.0,1212.0,[n],[n],1
13,19,M,27.0,3_4_3_3_180Y50.pct,50.0,2961.0,[b],[b],1
13,19,M,28.0,3_3_3_3_90Y100.pct,100.0,1941.0,[b],[b],1
13,19,M,29.0,2_4_4_2_180Y0.pct,0.0,646.0,[b],[b],1
13,19,M,30.0,R3_4_3_2_90Y0.pct,0.0,705.0,[n],[n],1
13,19,M,31.0,3_3_4_2_0Y150.pct,150.0,4399.0,[n],[b],0
13,19,M,32.0,R3_3_4_2_0Y100.pct,100.0,1939.0,[n],[n],1
13,19,M,33.0,3_3_3_3_180Y50.pct,50.0,1655.0,[b],[b],1
13,19,M,34.0,3_3_4_2_0Y100.pct,100.0,1648.0,[b],[b],1
13,19,M,35.0,3_4_4_3_180Y150.pct,150.0,3991.0,[b],[b],1
13,19,M,36.0,R3_3_3_3_180Y0.pct,0.0,709.0,[n],[n],1
13,19,M,37.0,3_4_3_3_180Y100.pct,100.0,1906.0,[b],[b],1
13,19,M,38.0,R3_3_3_3_180Y150.pct,150.0,1776.0,[n],[n],1
13,19,M,39.0,3_4_3_3_180Y0.pct,0.0,660.0,[b],[b],1
13,19,M,40.0,R3_3_3_3_90Y50.pct,50.0,769.0,[n],[n],1
13,19,M,41.0,2_4_4_3_90Y150.pct,150.0,1545.0,[b],[b],1
13,19,M,42.0,R3_4_3_3_180Y0.pct,0.0,909.0,[n],[n],1
13,19,M,43.0,3_3_3_3_180Y100.pct,100.0,1026.0,[b],[b],1
13,19,M,44.0,R2_3_4_2_90Y150.pct,150.0,1645.0,[n],[n],1
13,19,M,45.0,R2_3_3_2_0Y50.pct,50.0,942.0,[n],[n],1
13,19,M,46.0,R2_3_4_2_90Y100.pct,100.0,981.0,[n],[n],1
13,19,M,47.0,3_4_4_3_180Y0.pct,0.0,753.0,[b],[b],1
13,19,M,48.0,3_4_4_3_180Y50.pct,50.0,633.0,[b],[b],1
13,19,M,49.0,R2_4_4_2_0Y100.pct,100.0,1367.0,[n],[n],1
13,19,M,50.0,R2_3_3_2_0Y150.pct,150.0,1444.0,[n],[n],1
13,19,M,51.0,3_3_4_2_0Y0.pct,0.0,1772.0,[b],[b],1
13,19,M,52.0,R2_4_4_3_90Y0.pct,0.0,743.0,[n],[n],1
13,19,M,53.0,3_4_4_3_180Y100.pct,100.0,3296.0,[b],[b],1
13,19,M,54.0,R2_4_4_2_180Y50.pct,50.0,714.0,[n],[n],1
13,19,M,55.0,3_3_3_2_0Y150.pct,150.0,2869.0,[b],[b],1
13,19,M,56.0,2_4_4_2_0Y50.pct,50.0,674.0,[b],[b],1
13,19,M,57.0,R2_4_4_2_0Y150.pct,150.0,2146.0,[b],[n],0
13,19,M,58.0,R3_4_3_2_90Y100.pct,100.0,1469.0,[n],[n],1
13,19,M,59.0,2_3_4_2_90Y150.pct,150.0,1296.0,[b],[b],1
13,19,M,60.0,3_4_3_2_90Y100.pct,100.0,1606.0,[b],[b],1
13,19,M,61.0,2_4_4_3_90Y0.pct,0.0,767.0,[b],[b],1
13,19,M,62.0,R2_4_4_2_180Y0.pct,0.0,707.0,[n],[n],1
13,19,M,63.0,R2_4_4_3_90Y50.pct,50.0,1074.0,[n],[n],1
13,19,M,64.0,2_4_4_3_90Y50.pct,50.0,1209.0,[b],[b],1
13,19,M,65.0,R2_4_4_2_180Y150.pct,150.0,1421.0,[n],[n],1
13,19,M,66.0,3_3_3_3_90Y0.pct,0.0,733.0,[b],[b],1
13,19,M,67.0,3_3_3_3_180Y150.pct,150.0,1875.0,[b],[b],1
13,19,M,68.0,R3_3_3_3_90Y0.pct,0.0,640.0,[n],[n],1
13,19,M,69.0,R3_3_3_2_0Y50.pct,50.0,1166.0,[n],[n],1
13,19,M,70.0,2_4_4_2_180Y50.pct,50.0,808.0,[b],[b],1
13,19,M,71.0,2_4_4_2_0Y100.pct,100.0,1058.0,[b],[b],1
13,19,M,72.0,R3_3_3_2_0Y100.pct,100.0,2337.0,[n],[n],1
13,19,M,73.0,2_3_4_2_90Y100.pct,100.0,1087.0,[b],[b],1
13,19,M,74.0,R3_3_3_3_180Y100.pct,100.0,957.0,[n],[n],1
13,19,M,75.0,3_3_3_3_90Y150.pct,150.0,960.0,[b],[b],1
13,19,M,76.0,R3_3_4_2_0Y0.pct,0.0,1168.0,[n],[n],1
13,19,M,77.0,3_3_3_2_0Y0.pct,0.0,837.0,[b],[b],1
13,19,M,78.0,3_3_3_2_0Y50.pct,50.0,1107.0,[b],[b],1
13,19,M,79.0,R3_3_3_3_180Y50.pct,50.0,616.0,[n],[n],1
13,19,M,80.0,R3_3_3_3_90Y150.pct,150.0,1451.0,[n],[n],1
13,19,M,81.0,R3_4_4_3_180Y50.pct,50.0,2138.0,[b],[n],0
13,19,M,82.0,2_3_4_2_90Y0.pct,0.0,895.0,[b],[b],1
13,19,M,83.0,R3_3_4_2_0Y150.pct,150.0,2249.0,[n],[n],1
13,19,M,84.0,3_3_4_2_0Y50.pct,50.0,1129.0,[b],[b],1
13,19,M,85.0,2_4_4_2_180Y100.pct,100.0,1349.0,[b],[b],1
13,19,M,86.0,R3_4_4_3_180Y0.pct,0.0,872.0,[n],[n],1
13,19,M,87.0,3_4_3_3_180Y150.pct,150.0,2230.0,[b],[b],1
13,19,M,88.0,R3_4_4_3_180Y100.pct,100.0,2347.0,[n],[n],1
13,19,M,89.0,R2_3_3_2_0Y100.pct,100.0,1077.0,[n],[n],1
13,19,M,90.0,2_3_3_2_0Y50.pct,50.0,770.0,[b],[b],1
13,19,M,91.0,2_4_4_2_0Y0.pct,0.0,962.0,[b],[b],1
13,19,M,92.0,3_4_3_2_90Y150.pct,150.0,1242.0,[b],[b],1
13,19,M,93.0,R2_4_4_3_90Y150.pct,150.0,1352.0,[n],[n],1
13,19,M,94.0,R3_4_3_2_90Y50.pct,50.0,965.0,[n],[n],1
13,19,M,95.0,2_3_3_2_0Y100.pct,100.0,1129.0,[b],[b],1
13,19,M,96.0,R3_3_3_2_0Y0.pct,0.0,1541.0,[n],[n],1
14,21,M,1.0,R2_3_3_2_0Y0.pct,0.0,1182.0,[n],[n],1
14,21,M,2.0,R3_4_3_2_90Y150.pct,150.0,1976.0,[n],[n],1
14,21,M,3.0,2_4_4_2_0Y150.pct,150.0,1523.0,[b],[b],1
14,21,M,4.0,3_3_3_2_0Y100.pct,100.0,1523.0,[b],[b],1
14,21,M,5.0,3_3_3_3_90Y50.pct,50.0,2232.0,[b],[b],1
14,21,M,6.0,R2_4_4_2_0Y50.pct,50.0,1993.0,[n],[n],1
14,21,M,7.0,R3_3_3_3_90Y100.pct,100.0,1861.0,[n],[n],1
14,21,M,8.0,2_3_3_2_0Y0.pct,0.0,1067.0,[b],[b],1
14,21,M,9.0,R3_4_3_3_180Y150.pct,150.0,2498.0,[n],[n],1
14,21,M,10.0,2_4_4_2_180Y150.pct,150.0,1655.0,[b],[b],1
14,21,M,11.0,R3_3_4_2_0Y50.pct,50.0,2424.0,[n],[n],1
14,21,M,12.0,R2_3_4_2_90Y0.pct,0.0,1597.0,[n],[n],1
14,21,M,13.0,3_3_3_3_180Y0.pct,0.0,1021.0,[b],[b],1
14,21,M,14.0,R3_4_3_3_180Y100.pct,100.0,2553.0,[n],[n],1
14,21,M,15.0,2_4_4_3_90Y100.pct,100.0,1750.0,[b],[b],1
14,21,M,16.0,3_4_3_2_90Y50.pct,50.0,1970.0,[b],[b],1
14,21,M,17.0,R2_4_4_3_90Y100.pct,100.0,1790.0,[n],[n],1
14,21,M,18.0,2_3_3_2_0Y150.pct,150.0,1986.0,[b],[b],1
14,21,M,19.0,R2_3_4_2_90Y50.pct,50.0,1614.0,[n],[n],1
14,21,M,20.0,2_3_4_2_90Y50.pct,50.0,1678.0,[b],[b],1
14,21,M,21.0,R2_4_4_2_180Y100.pct,100.0,1958.0,[n],[n],1
14,21,M,22.0,R2_4_4_2_0Y0.pct,0.0,1681.0,[n],[n],1
14,21,M,23.0,3_4_3_2_90Y0.pct,0.0,1460.0,[b],[b],1
14,21,M,24.0,R3_3_3_2_0Y150.pct,150.0,2462.0,[n],[n],1
14,21,M,25.0,R3_4_4_3_180Y150.pct,150.0,1857.0,[n],[n],1
14,21,M,26.0,R3_4_3_3_180Y50.pct,50.0,1810.0,[n],[n],1
14,21,M,27.0,3_4_3_3_180Y50.pct,50.0,1149.0,[b],[b],1
14,21,M,28.0,3_3_3_3_90Y100.pct,100.0,2049.0,[b],[b],1
14,21,M,29.0,2_4_4_2_180Y0.pct,0.0,1234.0,[b],[b],1
14,21,M,30.0,R3_4_3_2_90Y0.pct,0.0,1204.0,[n],[n],1
14,21,M,31.0,3_3_4_2_0Y150.pct,150.0,2535.0,[n],[b],0
14,21,M,32.0,R3_3_4_2_0Y100.pct,100.0,2757.0,[n],[n],1
14,21,M,33.0,3_3_3_3_180Y50.pct,50.0,1306.0,[b],[b],1
14,21,M,34.0,3_3_4_2_0Y100.pct,100.0,2674.0,[b],[b],1
14,21,M,35.0,3_4_4_3_180Y150.pct,150.0,1705.0,[b],[b],1
14,21,M,36.0,R3_3_3_3_180Y0.pct,0.0,1359.0,[n],[n],1
14,21,M,37.0,3_4_3_3_180Y100.pct,100.0,3827.0,[b],[b],1
14,21,M,38.0,R3_3_3_3_180Y150.pct,150.0,1426.0,[n],[n],1
14,21,M,39.0,3_4_3_3_180Y0.pct,0.0,1468.0,[b],[b],1
14,21,M,40.0,R3_3_3_3_90Y50.pct,50.0,1157.0,[n],[n],1
14,21,M,41.0,2_4_4_3_90Y150.pct,150.0,1578.0,[b],[b],1
14,21,M,42.0,R3_4_3_3_180Y0.pct,0.0,1117.0,[n],[n],1
14,21,M,43.0,3_3_3_3_180Y100.pct,100.0,1678.0,[b],[b],1
14,21,M,44.0,R2_3_4_2_90Y150.pct,150.0,1612.0,[b],[n],0
14,21,M,45.0,R2_3_3_2_0Y50.pct,50.0,1032.0,[n],[n],1
14,21,M,46.0,R2_3_4_2_90Y100.pct,100.0,1487.0,[n],[n],1
14,21,M,47.0,3_4_4_3_180Y0.pct,0.0,1127.0,[b],[b],1
14,21,M,48.0,3_4_4_3_180Y50.pct,50.0,1878.0,[b],[b],1
14,21,M,49.0,R2_4_4_2_0Y100.pct,100.0,1516.0,[n],[n],1
14,21,M,50.0,R2_3_3_2_0Y150.pct,150.0,1359.0,[n],[n],1
14,21,M,51.0,3_3_4_2_0Y0.pct,0.0,1041.0,[b],[b],1
14,21,M,52.0,R2_4_4_3_90Y0.pct,0.0,1099.0,[n],[n],1
14,21,M,53.0,3_4_4_3_180Y100.pct,100.0,1594.0,[b],[b],1
14,21,M,54.0,R2_4_4_2_180Y50.pct,50.0,1234.0,[n],[n],1
14,21,M,55.0,3_3_3_2_0Y150.pct,150.0,1958.0,[b],[b],1
14,21,M,56.0,2_4_4_2_0Y50.pct,50.0,1498.0,[b],[b],1
14,21,M,57.0,R2_4_4_2_0Y150.pct,150.0,1360.0,[n],[n],1
14,21,M,58.0,R3_4_3_2_90Y100.pct,100.0,2405.0,[b],[n],0
14,21,M,59.0,2_3_4_2_90Y150.pct,150.0,1928.0,[b],[b],1
14,21,M,60.0,3_4_3_2_90Y100.pct,100.0,1493.0,[n],[b],0
14,21,M,61.0,2_4_4_3_90Y0.pct,0.0,906.0,[b],[b],1
14,21,M,62.0,R2_4_4_2_180Y0.pct,0.0,1907.0,[n],[n],1
14,21,M,63.0,R2_4_4_3_90Y50.pct,50.0,1270.0,[n],[n],1
14,21,M,64.0,2_4_4_3_90Y50.pct,50.0,1078.0,[b],[b],1
14,21,M,65.0,R2_4_4_2_180Y150.pct,150.0,1488.0,[n],[n],1
14,21,M,66.0,3_3_3_3_90Y0.pct,0.0,1016.0,[b],[b],1
14,21,M,67.0,3_3_3_3_180Y150.pct,150.0,1272.0,[b],[b],1
14,21,M,68.0,R3_3_3_3_90Y0.pct,0.0,936.0,[n],[n],1
14,21,M,69.0,R3_3_3_2_0Y50.pct,50.0,1471.0,[n],[n],1
14,21,M,70.0,2_4_4_2_180Y50.pct,50.0,1086.0,[b],[b],1
14,21,M,71.0,2_4_4_2_0Y100.pct,100.0,1415.0,[b],[b],1
14,21,M,72.0,R3_3_3_2_0Y100.pct,100.0,2472.0,[b],[n],0
14,21,M,73.0,2_3_4_2_90Y100.pct,100.0,1047.0,[b],[b],1
14,21,M,74.0,R3_3_3_3_180Y100.pct,100.0,1089.0,[n],[n],1
14,21,M,75.0,3_3_3_3_90Y150.pct,150.0,2343.0,[b],[b],1
14,21,M,76.0,R3_3_4_2_0Y0.pct,0.0,1734.0,[n],[n],1
14,21,M,77.0,3_3_3_2_0Y0.pct,0.0,1435.0,[b],[b],1
14,21,M,78.0,3_3_3_2_0Y50.pct,50.0,1845.0,[n],[b],0
14,21,M,79.0,R3_3_3_3_180Y50.pct,50.0,1051.0,[n],[n],1
14,21,M,80.0,R3_3_3_3_90Y150.pct,150.0,2309.0,[n],[n],1
14,21,M,81.0,R3_4_4_3_180Y50.pct,50.0,1838.0,[n],[n],1
14,21,M,82.0,2_3_4_2_90Y0.pct,0.0,845.0,[b],[b],1
14,21,M,83.0,R3_3_4_2_0Y150.pct,150.0,1296.0,[n],[n],1
14,21,M,84.0,3_3_4_2_0Y50.pct,50.0,2126.0,[b],[b],1
14,21,M,85.0,2_4_4_2_180Y100.pct,100.0,1476.0,[b],[b],1
14,21,M,86.0,R3_4_4_3_180Y0.pct,0.0,1291.0,[n],[n],1
14,21,M,87.0,3_4_3_3_180Y150.pct,150.0,2337.0,[b],[b],1
14,21,M,88.0,R3_4_4_3_180Y100.pct,100.0,1207.0,[n],[n],1
14,21,M,89.0,R2_3_3_2_0Y100.pct,100.0,2235.0,[n],[n],1
14,21,M,90.0,2_3_3_2_0Y50.pct,50.0,1060.0,[b],[b],1
14,21,M,91.0,2_4_4_2_0Y0.pct,0.0,852.0,[b],[b],1
14,21,M,92.0,3_4_3_2_90Y150.pct,150.0,1403.0,[b],[b],1
14,21,M,93.0,R2_4_4_3_90Y150.pct,150.0,894.0,[n],[n],1
14,21,M,94.0,R3_4_3_2_90Y50.pct,50.0,1061.0,[n],[n],1
14,21,M,95.0,2_3_3_2_0Y100.pct,100.0,1168.0,[b],[b],1
14,21,M,96.0,R3_3_3_2_0Y0.pct,0.0,1354.0,[n],[n],1
15,21,M,1.0,R2_3_3_2_0Y0.pct,0.0,1764.0,[n],[n],1
15,21,M,2.0,R3_4_3_2_90Y150.pct,150.0,1998.0,[n],[n],1
15,21,M,3.0,2_4_4_2_0Y150.pct,150.0,2377.0,[b],[b],1
15,21,M,4.0,3_3_3_2_0Y100.pct,100.0,4865.0,[b],[b],1
15,21,M,5.0,3_3_3_3_90Y50.pct,50.0,3612.0,[b],[b],1
15,21,M,6.0,R2_4_4_2_0Y50.pct,50.0,1884.0,[n],[n],1
15,21,M,7.0,R3_3_3_3_90Y100.pct,100.0,2830.0,[b],[n],0
15,21,M,8.0,2_3_3_2_0Y0.pct,0.0,1526.0,[b],[b],1
15,21,M,9.0,R3_4_3_3_180Y150.pct,150.0,2940.0,[n],[n],1
15,21,M,10.0,2_4_4_2_180Y150.pct,150.0,3888.0,[b],[b],1
15,21,M,12.0,R2_3_4_2_90Y0.pct,0.0,2554.0,[n],[n],1
15,21,M,13.0,3_3_3_3_180Y0.pct,0.0,1524.0,[b],[b],1
15,21,M,14.0,R3_4_3_3_180Y100.pct,100.0,3677.0,[n],[n],1
15,21,M,15.0,2_4_4_3_90Y100.pct,100.0,1771.0,[b],[b],1
15,21,M,16.0,3_4_3_2_90Y50.pct,50.0,2375.0,[b],[b],1
15,21,M,17.0,R2_4_4_3_90Y100.pct,100.0,2115.0,[n],[n],1
15,21,M,18.0,2_3_3_2_0Y150.pct,150.0,2472.0,[b],[b],1
15,21,M,19.0,R2_3_4_2_90Y50.pct,50.0,2234.0,[n],[n],1
15,21,M,20.0,2_3_4_2_90Y50.pct,50.0,1884.0,[b],[b],1
15,21,M,21.0,R2_4_4_2_180Y100.pct,100.0,2323.0,[n],[n],1
15,21,M,22.0,R2_4_4_2_0Y0.pct,0.0,3417.0,[n],[n],1
15,21,M,23.0,3_4_3_2_90Y0.pct,0.0,1440.0,[b],[b],1
15,21,M,24.0,R3_3_3_2_0Y150.pct,150.0,3749.0,[n],[n],1
15,21,M,25.0,R3_4_4_3_180Y150.pct,150.0,2527.0,[n],[n],1
15,21,M,26.0,R3_4_3_3_180Y50.pct,50.0,2445.0,[n],[n],1
15,21,M,27.0,3_4_3_3_180Y50.pct,50.0,1971.0,[b],[b],1
15,21,M,28.0,3_3_3_3_90Y100.pct,100.0,3757.0,[b],[b],1
15,21,M,29.0,2_4_4_2_180Y0.pct,0.0,1498.0,[b],[b],1
15,21,M,30.0,R3_4_3_2_90Y0.pct,0.0,1735.0,[n],[n],1
15,21,M,31.0,3_3_4_2_0Y150.pct,150.0,4407.0,[b],[b],1
15,21,M,32.0,R3_3_4_2_0Y100.pct,100.0,1651.0,[n],[n],1
15,21,M,33.0,3_3_3_3_180Y50.pct,50.0,1858.0,[b],[b],1
15,21,M,34.0,3_3_4_2_0Y100.pct,100.0,2339.0,[b],[b],1
15,21,M,35.0,3_4_4_3_180Y150.pct,150.0,3370.0,[b],[b],1
15,21,M,36.0,R3_3_3_3_180Y0.pct,0.0,1431.0,[n],[n],1
15,21,M,37.0,3_4_3_3_180Y100.pct,100.0,2127.0,[b],[b],1
15,21,M,38.0,R3_3_3_3_180Y150.pct,150.0,2539.0,[n],[n],1
15,21,M,39.0,3_4_3_3_180Y0.pct,0.0,1408.0,[b],[b],1
15,21,M,40.0,R3_3_3_3_90Y50.pct,50.0,1956.0,[n],[n],1
15,21,M,41.0,2_4_4_3_90Y150.pct,150.0,2280.0,[b],[b],1
15,21,M,42.0,R3_4_3_3_180Y0.pct,0.0,3423.0,[n],[n],1
15,21,M,43.0,3_3_3_3_180Y100.pct,100.0,3050.0,[b],[b],1
15,21,M,44.0,R2_3_4_2_90Y150.pct,150.0,1517.0,[b],[n],0
15,21,M,45.0,R2_3_3_2_0Y50.pct,50.0,1595.0,[n],[n],1
15,21,M,46.0,R2_3_4_2_90Y100.pct,100.0,4173.0,[n],[n],1
15,21,M,47.0,3_4_4_3_180Y0.pct,0.0,1040.0,[b],[b],1
15,21,M,48.0,3_4_4_3_180Y50.pct,50.0,1802.0,[b],[b],1
15,21,M,49.0,R2_4_4_2_0Y100.pct,100.0,1716.0,[n],[n],1
15,21,M,50.0,R2_3_3_2_0Y150.pct,150.0,3007.0,[n],[n],1
15,21,M,51.0,3_3_4_2_0Y0.pct,0.0,1263.0,[b],[b],1
15,21,M,52.0,R2_4_4_3_90Y0.pct,0.0,1160.0,[n],[n],1
15,21,M,53.0,3_4_4_3_180Y100.pct,100.0,1680.0,[n],[b],0
15,21,M,54.0,R2_4_4_2_180Y50.pct,50.0,1339.0,[n],[n],1
15,21,M,55.0,3_3_3_2_0Y150.pct,150.0,4146.0,[b],[b],1
15,21,M,56.0,2_4_4_2_0Y50.pct,50.0,1070.0,[b],[b],1
15,21,M,57.0,R2_4_4_2_0Y150.pct,150.0,2062.0,[n],[n],1
15,21,M,58.0,R3_4_3_2_90Y100.pct,100.0,2919.0,[n],[n],1
15,21,M,59.0,2_3_4_2_90Y150.pct,150.0,1477.0,[b],[b],1
15,21,M,60.0,3_4_3_2_90Y100.pct,100.0,3437.0,[b],[b],1
15,21,M,61.0,2_4_4_3_90Y0.pct,0.0,1037.0,[b],[b],1
15,21,M,62.0,R2_4_4_2_180Y0.pct,0.0,2047.0,[n],[n],1
15,21,M,63.0,R2_4_4_3_90Y50.pct,50.0,1791.0,[n],[n],1
15,21,M,64.0,2_4_4_3_90Y50.pct,50.0,1363.0,[b],[b],1
15,21,M,65.0,R2_4_4_2_180Y150.pct,150.0,2064.0,[n],[n],1
15,21,M,66.0,3_3_3_3_90Y0.pct,0.0,1200.0,[b],[b],1
15,21,M,67.0,3_3_3_3_180Y150.pct,150.0,2026.0,[b],[b],1
15,21,M,68.0,R3_3_3_3_90Y0.pct,0.0,1667.0,[n],[n],1
15,21,M,69.0,R3_3_3_2_0Y50.pct,50.0,1446.0,[n],[n],1
15,21,M,70.0,2_4_4_2_180Y50.pct,50.0,901.0,[b],[b],1
15,21,M,71.0,2_4_4_2_0Y100.pct,100.0,1460.0,[b],[b],1
15,21,M,72.0,R3_3_3_2_0Y100.pct,100.0,4853.0,[n],[n],1
15,21,M,73.0,2_3_4_2_90Y100.pct,100.0,1752.0,[b],[b],1
15,21,M,74.0,R3_3_3_3_180Y100.pct,100.0,1561.0,[n],[n],1
15,21,M,75.0,3_3_3_3_90Y150.pct,150.0,2841.0,[b],[b],1
15,21,M,76.0,R3_3_4_2_0Y0.pct,0.0,3062.0,[n],[n],1
15,21,M,77.0,3_3_3_2_0Y0.pct,0.0,1577.0,[b],[b],1
15,21,M,78.0,3_3_3_2_0Y50.pct,50.0,5429.0,[b],[b],1
15,21,M,79.0,R3_3_3_3_180Y50.pct,50.0,1493.0,[n],[n],1
15,21,M,80.0,R3_3_3_3_90Y150.pct,150.0,2324.0,[b],[n],0
15,21,M,81.0,R3_4_4_3_180Y50.pct,50.0,2370.0,[b],[n],0
15,21,M,82.0,2_3_4_2_90Y0.pct,0.0,1727.0,[b],[b],1
15,21,M,83.0,R3_3_4_2_0Y150.pct,150.0,2525.0,[n],[n],1
15,21,M,84.0,3_3_4_2_0Y50.pct,50.0,1305.0,[b],[b],1
15,21,M,85.0,2_4_4_2_180Y100.pct,100.0,1767.0,[b],[b],1
15,21,M,86.0,R3_4_4_3_180Y0.pct,0.0,4213.0,[n],[n],1
15,21,M,87.0,3_4_3_3_180Y150.pct,150.0,3191.0,[b],[b],1
15,21,M,88.0,R3_4_4_3_180Y100.pct,100.0,3115.0,[n],[n],1
15,21,M,89.0,R2_3_3_2_0Y100.pct,100.0,3291.0,[n],[n],1
15,21,M,90.0,2_3_3_2_0Y50.pct,50.0,1296.0,[b],[b],1
15,21,M,91.0,2_4_4_2_0Y0.pct,0.0,839.0,[b],[b],1
15,21,M,92.0,3_4_3_2_90Y150.pct,150.0,3512.0,[n],[b],0
15,21,M,93.0,R2_4_4_3_90Y150.pct,150.0,4780.0,[n],[n],1
15,21,M,94.0,R3_4_3_2_90Y50.pct,50.0,1233.0,[n],[n],1
15,21,M,95.0,2_3_3_2_0Y100.pct,100.0,1318.0,[b],[b],1
15,21,M,96.0,R3_3_3_2_0Y0.pct,0.0,3019.0,[n],[n],1
16,24,F,1.0,R2_3_3_2_0Y0.pct,0.0,2652.0,[n],[n],1
16,24,F,2.0,R3_4_3_2_90Y150.pct,150.0,5529.0,[n],[n],1
16,24,F,3.0,2_4_4_2_0Y150.pct,150.0,3081.0,[b],[b],1
16,24,F,4.0,3_3_3_2_0Y100.pct,100.0,5655.0,[b],[b],1
16,24,F,5.0,3_3_3_3_90Y50.pct,50.0,3225.0,[b],[b],1
16,24,F,6.0,R2_4_4_2_0Y50.pct,50.0,2634.0,[n],[n],1
16,24,F,7.0,R3_3_3_3_90Y100.pct,100.0,6214.0,[n],[n],1
16,24,F,8.0,2_3_3_2_0Y0.pct,0.0,2234.0,[b],[b],1
16,24,F,10.0,2_4_4_2_180Y150.pct,150.0,2865.0,[b],[b],1
16,24,F,11.0,R3_3_4_2_0Y50.pct,50.0,3664.0,[n],[n],1
16,24,F,12.0,R2_3_4_2_90Y0.pct,0.0,2100.0,[n],[n],1
16,24,F,13.0,3_3_3_3_180Y0.pct,0.0,1374.0,[b],[b],1
16,24,F,14.0,R3_4_3_3_180Y100.pct,100.0,6694.0,[b],[n],0
16,24,F,15.0,2_4_4_3_90Y100.pct,100.0,4362.0,[b],[b],1
16,24,F,16.0,3_4_3_2_90Y50.pct,50.0,2928.0,[b],[b],1
16,24,F,17.0,R2_4_4_3_90Y100.pct,100.0,2527.0,[n],[n],1
16,24,F,18.0,2_3_3_2_0Y150.pct,150.0,2067.0,[b],[b],1
16,24,F,19.0,R2_3_4_2_90Y50.pct,50.0,2182.0,[n],[n],1
16,24,F,20.0,2_3_4_2_90Y50.pct,50.0,2095.0,[b],[b],1
16,24,F,21.0,R2_4_4_2_180Y100.pct,100.0,2592.0,[n],[n],1
16,24,F,22.0,R2_4_4_2_0Y0.pct,0.0,1999.0,[n],[n],1
16,24,F,23.0,3_4_3_2_90Y0.pct,0.0,1786.0,[b],[b],1
16,24,F,24.0,R3_3_3_2_0Y150.pct,150.0,5088.0,[n],[n],1
16,24,F,25.0,R3_4_4_3_180Y150.pct,150.0,2269.0,[n],[n],1
16,24,F,26.0,R3_4_3_3_180Y50.pct,50.0,3333.0,[n],[n],1
16,24,F,27.0,3_4_3_3_180Y50.pct,50.0,1798.0,[b],[b],1
16,24,F,28.0,3_3_3_3_90Y100.pct,100.0,5351.0,[b],[b],1
16,24,F,29.0,2_4_4_2_180Y0.pct,0.0,3111.0,[b],[b],1
16,24,F,30.0,R3_4_3_2_90Y0.pct,0.0,2233.0,[n],[n],1
16,24,F,31.0,3_3_4_2_0Y150.pct,150.0,4083.0,[b],[b],1
16,24,F,32.0,R3_3_4_2_0Y100.pct,100.0,2052.0,[n],[n],1
16,24,F,33.0,3_3_3_3_180Y50.pct,50.0,2500.0,[b],[b],1
16,24,F,34.0,3_3_4_2_0Y100.pct,100.0,2931.0,[b],[b],1
16,24,F,35.0,3_4_4_3_180Y150.pct,150.0,4050.0,[b],[b],1
16,24,F,36.0,R3_3_3_3_180Y0.pct,0.0,1436.0,[n],[n],1
16,24,F,37.0,3_4_3_3_180Y100.pct,100.0,5165.0,[b],[b],1
16,24,F,38.0,R3_3_3_3_180Y150.pct,150.0,2662.0,[n],[n],1
16,24,F,39.0,3_4_3_3_180Y0.pct,0.0,1369.0,[b],[b],1
16,24,F,40.0,R3_3_3_3_90Y50.pct,50.0,2498.0,[n],[n],1
16,24,F,41.0,2_4_4_3_90Y150.pct,150.0,4047.0,[b],[b],1
16,24,F,42.0,R3_4_3_3_180Y0.pct,0.0,1410.0,[n],[n],1
16,24,F,43.0,3_3_3_3_180Y100.pct,100.0,2915.0,[b],[b],1
16,24,F,44.0,R2_3_4_2_90Y150.pct,150.0,1810.0,[n],[n],1
16,24,F,45.0,R2_3_3_2_0Y50.pct,50.0,2461.0,[n],[n],1
16,24,F,46.0,R2_3_4_2_90Y100.pct,100.0,2031.0,[n],[n],1
16,24,F,47.0,3_4_4_3_180Y0.pct,0.0,1975.0,[b],[b],1
16,24,F,48.0,3_4_4_3_180Y50.pct,50.0,2585.0,[n],[b],0
16,24,F,49.0,R2_4_4_2_0Y100.pct,100.0,2330.0,[b],[n],0
16,24,F,50.0,R2_3_3_2_0Y150.pct,150.0,2552.0,[n],[n],1
16,24,F,51.0,3_3_4_2_0Y0.pct,0.0,1321.0,[b],[b],1
16,24,F,52.0,R2_4_4_3_90Y0.pct,0.0,2991.0,[n],[n],1
16,24,F,53.0,3_4_4_3_180Y100.pct,100.0,3386.0,[b],[b],1
16,24,F,54.0,R2_4_4_2_180Y50.pct,50.0,1237.0,[n],[n],1
16,24,F,55.0,3_3_3_2_0Y150.pct,150.0,6640.0,[b],[b],1
16,24,F,56.0,2_4_4_2_0Y50.pct,50.0,1939.0,[b],[b],1
16,24,F,57.0,R2_4_4_2_0Y150.pct,150.0,2291.0,[n],[n],1
16,24,F,58.0,R3_4_3_2_90Y100.pct,100.0,2499.0,[n],[n],1
16,24,F,59.0,2_3_4_2_90Y150.pct,150.0,2898.0,[b],[b],1
16,24,F,60.0,3_4_3_2_90Y100.pct,100.0,1909.0,[n],[b],0
16,24,F,61.0,2_4_4_3_90Y0.pct,0.0,2231.0,[b],[b],1
16,24,F,62.0,R2_4_4_2_180Y0.pct,0.0,1416.0,[n],[n],1
16,24,F,63.0,R2_4_4_3_90Y50.pct,50.0,1993.0,[n],[n],1
16,24,F,64.0,2_4_4_3_90Y50.pct,50.0,2077.0,[b],[b],1
16,24,F,65.0,R2_4_4_2_180Y150.pct,150.0,3281.0,[n],[n],1
16,24,F,66.0,3_3_3_3_90Y0.pct,0.0,2198.0,[b],[b],1
16,24,F,67.0,3_3_3_3_180Y150.pct,150.0,3183.0,[b],[b],1
16,24,F,68.0,R3_3_3_3_90Y0.pct,0.0,1499.0,[n],[n],1
16,24,F,69.0,R3_3_3_2_0Y50.pct,50.0,5749.0,[b],[n],0
16,24,F,70.0,2_4_4_2_180Y50.pct,50.0,2647.0,[b],[b],1
16,24,F,71.0,2_4_4_2_0Y100.pct,100.0,2520.0,[b],[b],1
16,24,F,72.0,R3_3_3_2_0Y100.pct,100.0,3248.0,[n],[n],1
16,24,F,73.0,2_3_4_2_90Y100.pct,100.0,2500.0,[b],[b],1
16,24,F,74.0,R3_3_3_3_180Y100.pct,100.0,2199.0,[n],[n],1
16,24,F,75.0,3_3_3_3_90Y150.pct,150.0,3289.0,[b],[b],1
16,24,F,76.0,R3_3_4_2_0Y0.pct,0.0,3831.0,[n],[n],1
16,24,F,77.0,3_3_3_2_0Y0.pct,0.0,2938.0,[b],[b],1
16,24,F,78.0,3_3_3_2_0Y50.pct,50.0,3333.0,[b],[b],1
16,24,F,79.0,R3_3_3_3_180Y50.pct,50.0,1074.0,[n],[n],1
16,24,F,80.0,R3_3_3_3_90Y150.pct,150.0,2660.0,[n],[n],1
16,24,F,81.0,R3_4_4_3_180Y50.pct,50.0,3772.0,[n],[n],1
16,24,F,82.0,2_3_4_2_90Y0.pct,0.0,1510.0,[b],[b],1
16,24,F,83.0,R3_3_4_2_0Y150.pct,150.0,3478.0,[n],[n],1
16,24,F,84.0,3_3_4_2_0Y50.pct,50.0,1861.0,[b],[b],1
16,24,F,85.0,2_4_4_2_180Y100.pct,100.0,2999.0,[b],[b],1
16,24,F,86.0,R3_4_4_3_180Y0.pct,0.0,2133.0,[n],[n],1
16,24,F,87.0,3_4_3_3_180Y150.pct,150.0,3396.0,[b],[b],1
16,24,F,88.0,R3_4_4_3_180Y100.pct,100.0,3232.0,[n],[n],1
16,24,F,89.0,R2_3_3_2_0Y100.pct,100.0,1756.0,[n],[n],1
16,24,F,90.0,2_3_3_2_0Y50.pct,50.0,2760.0,[b],[b],1
16,24,F,91.0,2_4_4_2_0Y0.pct,0.0,1291.0,[b],[b],1
16,24,F,92.0,3_4_3_2_90Y150.pct,150.0,3674.0,[b],[b],1
16,24,F,93.0,R2_4_4_3_90Y150.pct,150.0,2017.0,[n],[n],1
16,24,F,94.0,R3_4_3_2_90Y50.pct,50.0,2607.0,[n],[n],1
16,24,F,95.0,2_3_3_2_0Y100.pct,100.0,1983.0,[b],[b],1
16,24,F,96.0,R3_3_3_2_0Y0.pct,0.0,2225.0,[n],[n],1
17,19,F,1.0,R2_3_3_2_0Y0.pct,0.0,1757.0,[n],[n],1
17,19,F,2.0,R3_4_3_2_90Y150.pct,150.0,3883.0,[b],[n],0
17,19,F,3.0,2_4_4_2_0Y150.pct,150.0,3018.0,[b],[b],1
17,19,F,4.0,3_3_3_2_0Y100.pct,100.0,3122.0,[b],[b],1
17,19,F,5.0,3_3_3_3_90Y50.pct,50.0,4211.0,[b],[b],1
17,19,F,6.0,R2_4_4_2_0Y50.pct,50.0,2005.0,[n],[n],1
17,19,F,7.0,R3_3_3_3_90Y100.pct,100.0,4070.0,[n],[n],1
17,19,F,8.0,2_3_3_2_0Y0.pct,0.0,2414.0,[b],[b],1
17,19,F,9.0,R3_4_3_3_180Y150.pct,150.0,7290.0,[b],[n],0
17,19,F,11.0,R3_3_4_2_0Y50.pct,50.0,3079.0,[n],[n],1
17,19,F,12.0,R2_3_4_2_90Y0.pct,0.0,1368.0,[n],[n],1
17,19,F,13.0,3_3_3_3_180Y0.pct,0.0,1018.0,[b],[b],1
17,19,F,14.0,R3_4_3_3_180Y100.pct,100.0,3807.0,[n],[n],1
17,19,F,15.0,2_4_4_3_90Y100.pct,100.0,4663.0,[b],[b],1
17,19,F,16.0,3_4_3_2_90Y50.pct,50.0,2793.0,[b],[b],1
17,19,F,17.0,R2_4_4_3_90Y100.pct,100.0,3725.0,[b],[n],0
17,19,F,18.0,2_3_3_2_0Y150.pct,150.0,3145.0,[n],[b],0
17,19,F,19.0,R2_3_4_2_90Y50.pct,50.0,3000.0,[b],[n],0
17,19,F,20.0,2_3_4_2_90Y50.pct,50.0,2755.0,[b],[b],1
17,19,F,21.0,R2_4_4_2_180Y100.pct,100.0,2126.0,[n],[n],1
17,19,F,22.0,R2_4_4_2_0Y0.pct,0.0,1922.0,[n],[n],1
17,19,F,23.0,3_4_3_2_90Y0.pct,0.0,3230.0,[b],[b],1
17,19,F,24.0,R3_3_3_2_0Y150.pct,150.0,3820.0,[n],[n],1
17,19,F,25.0,R3_4_4_3_180Y150.pct,150.0,1981.0,[n],[n],1
17,19,F,26.0,R3_4_3_3_180Y50.pct,50.0,1574.0,[n],[n],1
17,19,F,27.0,3_4_3_3_180Y50.pct,50.0,2866.0,[b],[b],1
17,19,F,28.0,3_3_3_3_90Y100.pct,100.0,3838.0,[b],[b],1
17,19,F,29.0,2_4_4_2_180Y0.pct,0.0,1436.0,[b],[b],1
17,19,F,30.0,R3_4_3_2_90Y0.pct,0.0,1142.0,[n],[n],1
17,19,F,31.0,3_3_4_2_0Y150.pct,150.0,6863.0,[b],[b],1
17,19,F,32.0,R3_3_4_2_0Y100.pct,100.0,2586.0,[n],[n],1
17,19,F,33.0,3_3_3_3_180Y50.pct,50.0,2621.0,[b],[b],1
17,19,F,34.0,3_3_4_2_0Y100.pct,100.0,4058.0,[n],[b],0
17,19,F,35.0,3_4_4_3_180Y150.pct,150.0,5018.0,[b],[b],1
17,19,F,36.0,R3_3_3_3_180Y0.pct,0.0,1329.0,[n],[n],1
17,19,F,37.0,3_4_3_3_180Y100.pct,100.0,5083.0,[b],[b],1
17,19,F,38.0,R3_3_3_3_180Y150.pct,150.0,1550.0,[n],[n],1
17,19,F,39.0,3_4_3_3_180Y0.pct,0.0,1341.0,[b],[b],1
17,19,F,40.0,R3_3_3_3_90Y50.pct,50.0,1170.0,[n],[n],1
17,19,F,41.0,2_4_4_3_90Y150.pct,150.0,6241.0,[b],[b],1
17,19,F,42.0,R3_4_3_3_180Y0.pct,0.0,1736.0,[n],[n],1
17,19,F,43.0,3_3_3_3_180Y100.pct,100.0,4651.0,[b],[b],1
17,19,F,44.0,R2_3_4_2_90Y150.pct,150.0,3150.0,[n],[n],1
17,19,F,45.0,R2_3_3_2_0Y50.pct,50.0,1900.0,[n],[n],1
17,19,F,46.0,R2_3_4_2_90Y100.pct,100.0,3081.0,[n],[n],1
17,19,F,47.0,3_4_4_3_180Y0.pct,0.0,1449.0,[b],[b],1
17,19,F,48.0,3_4_4_3_180Y50.pct,50.0,2009.0,[b],[b],1
17,19,F,49.0,R2_4_4_2_0Y100.pct,100.0,2210.0,[n],[n],1
17,19,F,50.0,R2_3_3_2_0Y150.pct,150.0,1833.0,[b],[n],0
17,19,F,51.0,3_3_4_2_0Y0.pct,0.0,1745.0,[b],[b],1
17,19,F,52.0,R2_4_4_3_90Y0.pct,0.0,1406.0,[n],[n],1
17,19,F,53.0,3_4_4_3_180Y100.pct,100.0,2155.0,[b],[b],1
17,19,F,54.0,R2_4_4_2_180Y50.pct,50.0,805.0,[n],[n],1
17,19,F,55.0,3_3_3_2_0Y150.pct,150.0,2459.0,[n],[b],0
17,19,F,56.0,2_4_4_2_0Y50.pct,50.0,1033.0,[b],[b],1
17,19,F,57.0,R2_4_4_2_0Y150.pct,150.0,1028.0,[n],[n],1
17,19,F,58.0,R3_4_3_2_90Y100.pct,100.0,2308.0,[n],[n],1
17,19,F,59.0,2_3_4_2_90Y150.pct,150.0,1624.0,[b],[b],1
17,19,F,60.0,3_4_3_2_90Y100.pct,100.0,2323.0,[b],[b],1
17,19,F,61.0,2_4_4_3_90Y0.pct,0.0,854.0,[n],[b],0
17,19,F,62.0,R2_4_4_2_180Y0.pct,0.0,929.0,[n],[n],1
17,19,F,63.0,R2_4_4_3_90Y50.pct,50.0,1912.0,[n],[n],1
17,19,F,64.0,2_4_4_3_90Y50.pct,50.0,1171.0,[b],[b],1
17,19,F,65.0,R2_4_4_2_180Y150.pct,150.0,1921.0,[n],[n],1
17,19,F,66.0,3_3_3_3_90Y0.pct,0.0,1613.0,[b],[b],1
17,19,F,67.0,3_3_3_3_180Y150.pct,150.0,2665.0,[b],[b],1
17,19,F,68.0,R3_3_3_3_90Y0.pct,0.0,1258.0,[n],[n],1
17,19,F,69.0,R3_3_3_2_0Y50.pct,50.0,1499.0,[n],[n],1
17,19,F,70.0,2_4_4_2_180Y50.pct,50.0,1341.0,[b],[b],1
17,19,F,71.0,2_4_4_2_0Y100.pct,100.0,1380.0,[b],[b],1
17,19,F,72.0,R3_3_3_2_0Y100.pct,100.0,2025.0,[n],[n],1
17,19,F,73.0,2_3_4_2_90Y100.pct,100.0,1571.0,[b],[b],1
17,19,F,74.0,R3_3_3_3_180Y100.pct,100.0,2007.0,[n],[n],1
17,19,F,75.0,3_3_3_3_90Y150.pct,150.0,3809.0,[b],[b],1
17,19,F,76.0,R3_3_4_2_0Y0.pct,0.0,2051.0,[n],[n],1
17,19,F,77.0,3_3_3_2_0Y0.pct,0.0,1289.0,[b],[b],1
17,19,F,78.0,3_3_3_2_0Y50.pct,50.0,3338.0,[b],[b],1
17,19,F,79.0,R3_3_3_3_180Y50.pct,50.0,880.0,[n],[n],1
17,19,F,80.0,R3_3_3_3_90Y150.pct,150.0,2622.0,[b],[n],0
17,19,F,81.0,R3_4_4_3_180Y50.pct,50.0,3782.0,[n],[n],1
17,19,F,82.0,2_3_4_2_90Y0.pct,0.0,875.0,[b],[b],1
17,19,F,83.0,R3_3_4_2_0Y150.pct,150.0,2205.0,[n],[n],1
17,19,F,84.0,3_3_4_2_0Y50.pct,50.0,3078.0,[b],[b],1
17,19,F,85.0,2_4_4_2_180Y100.pct,100.0,2909.0,[b],[b],1
17,19,F,86.0,R3_4_4_3_180Y0.pct,0.0,3410.0,[n],[n],1
17,19,F,87.0,3_4_3_3_180Y150.pct,150.0,3039.0,[n],[b],0
17,19,F,88.0,R3_4_4_3_180Y100.pct,100.0,1800.0,[n],[n],1
17,19,F,89.0,R2_3_3_2_0Y100.pct,100.0,3788.0,[n],[n],1
17,19,F,90.0,2_3_3_2_0Y50.pct,50.0,1268.0,[b],[b],1
17,19,F,91.0,2_4_4_2_0Y0.pct,0.0,892.0,[b],[b],1
17,19,F,92.0,3_4_3_2_90Y150.pct,150.0,4926.0,[b],[b],1
17,19,F,93.0,R2_4_4_3_90Y150.pct,150.0,4513.0,[n],[n],1
17,19,F,94.0,R3_4_3_2_90Y50.pct,50.0,950.0,[n],[n],1
17,19,F,95.0,2_3_3_2_0Y100.pct,100.0,2160.0,[b],[b],1
17,19,F,96.0,R3_3_3_2_0Y0.pct,0.0,1288.0,[n],[n],1
18,22,F,1.0,R2_3_3_2_0Y0.pct,0.0,4567.0,[n],[n],1
18,22,F,2.0,R3_4_3_2_90Y150.pct,150.0,5246.0,[n],[n],1
18,22,F,3.0,2_4_4_2_0Y150.pct,150.0,4245.0,[b],[b],1
18,22,F,5.0,3_3_3_3_90Y50.pct,50.0,3330.0,[b],[b],1
18,22,F,6.0,R2_4_4_2_0Y50.pct,50.0,4149.0,[n],[n],1
18,22,F,7.0,R3_3_3_3_90Y100.pct,100.0,5204.0,[n],[n],1
18,22,F,8.0,2_3_3_2_0Y0.pct,0.0,2053.0,[b],[b],1
18,22,F,9.0,R3_4_3_3_180Y150.pct,150.0,6096.0,[n],[n],1
18,22,F,10.0,2_4_4_2_180Y150.pct,150.0,4040.0,[b],[b],1
18,22,F,11.0,R3_3_4_2_0Y50.pct,50.0,6200.0,[n],[n],1
18,22,F,12.0,R2_3_4_2_90Y0.pct,0.0,3390.0,[n],[n],1
18,22,F,13.0,3_3_3_3_180Y0.pct,0.0,1526.0,[b],[b],1
18,22,F,14.0,R3_4_3_3_180Y100.pct,100.0,6317.0,[n],[n],1
18,22,F,15.0,2_4_4_3_90Y100.pct,100.0,6700.0,[n],[b],0
18,22,F,16.0,3_4_3_2_90Y50.pct,50.0,2691.0,[n],[b],0
18,22,F,17.0,R2_4_4_3_90Y100.pct,100.0,5274.0,[n],[n],1
18,22,F,18.0,2_3_3_2_0Y150.pct,150.0,5795.0,[b],[b],1
18,22,F,19.0,R2_3_4_2_90Y50.pct,50.0,6656.0,[n],[n],1
18,22,F,20.0,2_3_4_2_90Y50.pct,50.0,4448.0,[b],[b],1
18,22,F,21.0,R2_4_4_2_180Y100.pct,100.0,3902.0,[n],[n],1
18,22,F,22.0,R2_4_4_2_0Y0.pct,0.0,2653.0,[b],[n],0
18,22,F,23.0,3_4_3_2_90Y0.pct,0.0,2451.0,[b],[b],1
18,22,F,24.0,R3_3_3_2_0Y150.pct,150.0,5696.0,[b],[n],0
18,22,F,25.0,R3_4_4_3_180Y150.pct,150.0,3757.0,[n],[n],1
18,22,F,26.0,R3_4_3_3_180Y50.pct,50.0,3410.0,[n],[n],1
18,22,F,27.0,3_4_3_3_180Y50.pct,50.0,3877.0,[b],[b],1
18,22,F,28.0,3_3_3_3_90Y100.pct,100.0,5754.0,[b],[b],1
18,22,F,29.0,2_4_4_2_180Y0.pct,0.0,1855.0,[b],[b],1
18,22,F,30.0,R3_4_3_2_90Y0.pct,0.0,7201.0,[n],[n],1
18,22,F,31.0,3_3_4_2_0Y150.pct,150.0,4812.0,[b],[b],1
18,22,F,32.0,R3_3_4_2_0Y100.pct,100.0,4817.0,[n],[n],1
18,22,F,33.0,3_3_3_3_180Y50.pct,50.0,6411.0,[b],[b],1
18,22,F,34.0,3_3_4_2_0Y100.pct,100.0,4830.0,[n],[b],0
18,22,F,35.0,3_4_4_3_180Y150.pct,150.0,5208.0,[b],[b],1
18,22,F,36.0,R3_3_3_3_180Y0.pct,0.0,2202.0,[n],[n],1
18,22,F,37.0,3_4_3_3_180Y100.pct,100.0,4678.0,[n],[b],0
18,22,F,39.0,3_4_3_3_180Y0.pct,0.0,1998.0,[b],[b],1
18,22,F,40.0,R3_3_3_3_90Y50.pct,50.0,1966.0,[n],[n],1
18,22,F,41.0,2_4_4_3_90Y150.pct,150.0,5667.0,[b],[b],1
18,22,F,42.0,R3_4_3_3_180Y0.pct,0.0,3485.0,[n],[n],1
18,22,F,43.0,3_3_3_3_180Y100.pct,100.0,4498.0,[b],[b],1
18,22,F,45.0,R2_3_3_2_0Y50.pct,50.0,18.0,[b],[n],0
18,22,F,46.0,R2_3_4_2_90Y100.pct,100.0,3352.0,[n],[n],1
18,22,F,47.0,3_4_4_3_180Y0.pct,0.0,1690.0,[b],[b],1
18,22,F,48.0,3_4_4_3_180Y50.pct,50.0,4015.0,[b],[b],1
18,22,F,49.0,R2_4_4_2_0Y100.pct,100.0,5102.0,[n],[n],1
18,22,F,50.0,R2_3_3_2_0Y150.pct,150.0,6096.0,[b],[n],0
18,22,F,51.0,3_3_4_2_0Y0.pct,0.0,1725.0,[b],[b],1
18,22,F,52.0,R2_4_4_3_90Y0.pct,0.0,2443.0,[n],[n],1
18,22,F,53.0,3_4_4_3_180Y100.pct,100.0,5549.0,[b],[b],1
18,22,F,54.0,R2_4_4_2_180Y50.pct,50.0,2690.0,[n],[n],1
18,22,F,56.0,2_4_4_2_0Y50.pct,50.0,2601.0,[b],[b],1
18,22,F,57.0,R2_4_4_2_0Y150.pct,150.0,1268.0,[n],[n],1
18,22,F,58.0,R3_4_3_2_90Y100.pct,100.0,4229.0,[n],[n],1
18,22,F,59.0,2_3_4_2_90Y150.pct,150.0,4593.0,[b],[b],1
18,22,F,60.0,3_4_3_2_90Y100.pct,100.0,6090.0,[b],[b],1
18,22,F,61.0,2_4_4_3_90Y0.pct,0.0,1231.0,[b],[b],1
18,22,F,62.0,R2_4_4_2_180Y0.pct,0.0,2186.0,[n],[n],1
18,22,F,63.0,R2_4_4_3_90Y50.pct,50.0,2276.0,[n],[n],1
18,22,F,64.0,2_4_4_3_90Y50.pct,50.0,2387.0,[b],[b],1
18,22,F,65.0,R2_4_4_2_180Y150.pct,150.0,4073.0,[n],[n],1
18,22,F,66.0,3_3_3_3_90Y0.pct,0.0,2629.0,[b],[b],1
18,22,F,67.0,3_3_3_3_180Y150.pct,150.0,1438.0,[n],[b],0
18,22,F,68.0,R3_3_3_3_90Y0.pct,0.0,3075.0,[n],[n],1
18,22,F,69.0,R3_3_3_2_0Y50.pct,50.0,5308.0,[n],[n],1
18,22,F,70.0,2_4_4_2_180Y50.pct,50.0,1887.0,[b],[b],1
18,22,F,71.0,2_4_4_2_0Y100.pct,100.0,4852.0,[b],[b],1
18,22,F,72.0,R3_3_3_2_0Y100.pct,100.0,5353.0,[n],[n],1
18,22,F,73.0,2_3_4_2_90Y100.pct,100.0,4650.0,[b],[b],1
18,22,F,74.0,R3_3_3_3_180Y100.pct,100.0,2430.0,[n],[n],1
18,22,F,75.0,3_3_3_3_90Y150.pct,150.0,6696.0,[b],[b],1
18,22,F,77.0,3_3_3_2_0Y0.pct,0.0,2682.0,[b],[b],1
18,22,F,78.0,3_3_3_2_0Y50.pct,50.0,3641.0,[b],[b],1
18,22,F,79.0,R3_3_3_3_180Y50.pct,50.0,4637.0,[n],[n],1
18,22,F,80.0,R3_3_3_3_90Y150.pct,150.0,7465.0,[n],[n],1
18,22,F,81.0,R3_4_4_3_180Y50.pct,50.0,6556.0,[b],[n],0
18,22,F,82.0,2_3_4_2_90Y0.pct,0.0,1569.0,[b],[b],1
18,22,F,83.0,R3_3_4_2_0Y150.pct,150.0,6205.0,[b],[n],0
18,22,F,84.0,3_3_4_2_0Y50.pct,50.0,2910.0,[b],[b],1
18,22,F,85.0,2_4_4_2_180Y100.pct,100.0,3878.0,[n],[b],0
18,22,F,86.0,R3_4_4_3_180Y0.pct,0.0,4397.0,[n],[n],1
18,22,F,87.0,3_4_3_3_180Y150.pct,150.0,4298.0,[n],[b],0
18,22,F,88.0,R3_4_4_3_180Y100.pct,100.0,1638.0,[n],[n],1
18,22,F,89.0,R2_3_3_2_0Y100.pct,100.0,4594.0,[n],[n],1
18,22,F,90.0,2_3_3_2_0Y50.pct,50.0,4117.0,[b],[b],1
18,22,F,91.0,2_4_4_2_0Y0.pct,0.0,1275.0,[b],[b],1
18,22,F,92.0,3_4_3_2_90Y150.pct,150.0,4888.0,[b],[b],1
18,22,F,94.0,R3_4_3_2_90Y50.pct,50.0,4217.0,[n],[n],1
18,22,F,95.0,2_3_3_2_0Y100.pct,100.0,6014.0,[n],[b],0
18,22,F,96.0,R3_3_3_2_0Y0.pct,0.0,5758.0,[n],[n],1
19,28,F,2.0,R3_4_3_2_90Y150.pct,150.0,4796.0,[n],[n],1
19,28,F,3.0,2_4_4_2_0Y150.pct,150.0,5909.0,[n],[b],0
19,28,F,4.0,3_3_3_2_0Y100.pct,100.0,7448.0,[b],[b],1
19,28,F,7.0,R3_3_3_3_90Y100.pct,100.0,4236.0,[b],[n],0
19,28,F,8.0,2_3_3_2_0Y0.pct,0.0,2351.0,[b],[b],1
19,28,F,9.0,R3_4_3_3_180Y150.pct,150.0,3185.0,[n],[n],1
19,28,F,12.0,R2_3_4_2_90Y0.pct,0.0,6642.0,[n],[n],1
19,28,F,13.0,3_3_3_3_180Y0.pct,0.0,2028.0,[b],[b],1
19,28,F,14.0,R3_4_3_3_180Y100.pct,100.0,7049.0,[n],[n],1
19,28,F,16.0,3_4_3_2_90Y50.pct,50.0,5241.0,[b],[b],1
19,28,F,18.0,2_3_3_2_0Y150.pct,150.0,5347.0,[b],[b],1
19,28,F,19.0,R2_3_4_2_90Y50.pct,50.0,7366.0,[n],[n],1
19,28,F,20.0,2_3_4_2_90Y50.pct,50.0,3909.0,[b],[b],1
19,28,F,21.0,R2_4_4_2_180Y100.pct,100.0,5312.0,[n],[n],1
19,28,F,22.0,R2_4_4_2_0Y0.pct,0.0,2790.0,[n],[n],1
19,28,F,23.0,3_4_3_2_90Y0.pct,0.0,4633.0,[b],[b],1
19,28,F,24.0,R3_3_3_2_0Y150.pct,150.0,4996.0,[n],[n],1
19,28,F,25.0,R3_4_4_3_180Y150.pct,150.0,4607.0,[n],[n],1
19,28,F,27.0,3_4_3_3_180Y50.pct,50.0,6325.0,[b],[b],1
19,28,F,28.0,3_3_3_3_90Y100.pct,100.0,5672.0,[n],[b],0
19,28,F,29.0,2_4_4_2_180Y0.pct,0.0,1830.0,[b],[b],1
19,28,F,30.0,R3_4_3_2_90Y0.pct,0.0,6673.0,[n],[n],1
19,28,F,31.0,3_3_4_2_0Y150.pct,150.0,7128.0,[n],[b],0
19,28,F,35.0,3_4_4_3_180Y150.pct,150.0,6354.0,[b],[b],1
19,28,F,36.0,R3_3_3_3_180Y0.pct,0.0,5211.0,[n],[n],1
19,28,F,37.0,3_4_3_3_180Y100.pct,100.0,6319.0,[b],[b],1
19,28,F,38.0,R3_3_3_3_180Y150.pct,150.0,3228.0,[n],[n],1
19,28,F,39.0,3_4_3_3_180Y0.pct,0.0,2632.0,[b],[b],1
19,28,F,40.0,R3_3_3_3_90Y50.pct,50.0,2650.0,[b],[n],0
19,28,F,41.0,2_4_4_3_90Y150.pct,150.0,3038.0,[n],[b],0
19,28,F,42.0,R3_4_3_3_180Y0.pct,0.0,6116.0,[n],[n],1
19,28,F,43.0,3_3_3_3_180Y100.pct,100.0,3232.0,[n],[b],0
19,28,F,44.0,R2_3_4_2_90Y150.pct,150.0,4245.0,[n],[n],1
19,28,F,45.0,R2_3_3_2_0Y50.pct,50.0,6151.0,[n],[n],1
19,28,F,46.0,R2_3_4_2_90Y100.pct,100.0,4996.0,[n],[n],1
19,28,F,47.0,3_4_4_3_180Y0.pct,0.0,1707.0,[b],[b],1
19,28,F,48.0,3_4_4_3_180Y50.pct,50.0,3805.0,[b],[b],1
19,28,F,49.0,R2_4_4_2_0Y100.pct,100.0,3521.0,[n],[n],1
19,28,F,50.0,R2_3_3_2_0Y150.pct,150.0,3061.0,[n],[n],1
19,28,F,51.0,3_3_4_2_0Y0.pct,0.0,1314.0,[b],[b],1
19,28,F,52.0,R2_4_4_3_90Y0.pct,0.0,3463.0,[n],[n],1
19,28,F,53.0,3_4_4_3_180Y100.pct,100.0,4020.0,[b],[b],1
19,28,F,54.0,R2_4_4_2_180Y50.pct,50.0,3545.0,[n],[n],1
19,28,F,55.0,3_3_3_2_0Y150.pct,150.0,5563.0,[b],[b],1
19,28,F,56.0,2_4_4_2_0Y50.pct,50.0,1975.0,[b],[b],1
19,28,F,57.0,R2_4_4_2_0Y150.pct,150.0,4354.0,[n],[n],1
19,28,F,58.0,R3_4_3_2_90Y100.pct,100.0,5063.0,[b],[n],0
19,28,F,59.0,2_3_4_2_90Y150.pct,150.0,3393.0,[b],[b],1
19,28,F,60.0,3_4_3_2_90Y100.pct,100.0,5322.0,[b],[b],1
19,28,F,61.0,2_4_4_3_90Y0.pct,0.0,2199.0,[b],[b],1
19,28,F,62.0,R2_4_4_2_180Y0.pct,0.0,6133.0,[n],[n],1
19,28,F,63.0,R2_4_4_3_90Y50.pct,50.0,6360.0,[n],[n],1
19,28,F,64.0,2_4_4_3_90Y50.pct,50.0,4189.0,[b],[b],1
19,28,F,65.0,R2_4_4_2_180Y150.pct,150.0,5593.0,[n],[n],1
19,28,F,66.0,3_3_3_3_90Y0.pct,0.0,1436.0,[b],[b],1
19,28,F,67.0,3_3_3_3_180Y150.pct,150.0,4597.0,[n],[b],0
19,28,F,68.0,R3_3_3_3_90Y0.pct,0.0,5605.0,[n],[n],1
19,28,F,69.0,R3_3_3_2_0Y50.pct,50.0,5358.0,[b],[n],0
19,28,F,70.0,2_4_4_2_180Y50.pct,50.0,3232.0,[b],[b],1
19,28,F,71.0,2_4_4_2_0Y100.pct,100.0,2946.0,[b],[b],1
19,28,F,72.0,R3_3_3_2_0Y100.pct,100.0,5199.0,[n],[n],1
19,28,F,73.0,2_3_4_2_90Y100.pct,100.0,4348.0,[b],[b],1
19,28,F,74.0,R3_3_3_3_180Y100.pct,100.0,4528.0,[n],[n],1
19,28,F,75.0,3_3_3_3_90Y150.pct,150.0,4198.0,[n],[b],0
19,28,F,76.0,R3_3_4_2_0Y0.pct,0.0,5753.0,[n],[n],1
19,28,F,77.0,3_3_3_2_0Y0.pct,0.0,3854.0,[b],[b],1
19,28,F,78.0,3_3_3_2_0Y50.pct,50.0,4181.0,[b],[b],1
19,28,F,79.0,R3_3_3_3_180Y50.pct,50.0,5574.0,[n],[n],1
19,28,F,80.0,R3_3_3_3_90Y150.pct,150.0,6655.0,[b],[n],0
19,28,F,81.0,R3_4_4_3_180Y50.pct,50.0,4933.0,[n],[n],1
19,28,F,82.0,2_3_4_2_90Y0.pct,0.0,1590.0,[b],[b],1
19,28,F,83.0,R3_3_4_2_0Y150.pct,150.0,5103.0,[n],[n],1
19,28,F,84.0,3_3_4_2_0Y50.pct,50.0,5254.0,[b],[b],1
19,28,F,85.0,2_4_4_2_180Y100.pct,100.0,4240.0,[b],[b],1
19,28,F,86.0,R3_4_4_3_180Y0.pct,0.0,2409.0,[n],[n],1
19,28,F,87.0,3_4_3_3_180Y150.pct,150.0,3980.0,[n],[b],0
19,28,F,88.0,R3_4_4_3_180Y100.pct,100.0,2952.0,[b],[n],0
19,28,F,89.0,R2_3_3_2_0Y100.pct,100.0,5197.0,[n],[n],1
19,28,F,90.0,2_3_3_2_0Y50.pct,50.0,4078.0,[b],[b],1
19,28,F,91.0,2_4_4_2_0Y0.pct,0.0,1176.0,[b],[b],1
19,28,F,92.0,3_4_3_2_90Y150.pct,150.0,5654.0,[n],[b],0
19,28,F,93.0,R2_4_4_3_90Y150.pct,150.0,4643.0,[n],[n],1
19,28,F,94.0,R3_4_3_2_90Y50.pct,50.0,4031.0,[n],[n],1
19,28,F,95.0,2_3_3_2_0Y100.pct,100.0,3328.0,[b],[b],1
19,28,F,96.0,R3_3_3_2_0Y0.pct,0.0,4020.0,[n],[n],1
20,19,M,1.0,R2_3_3_2_0Y0.pct,0.0,2045.0,[n],[n],1
20,19,M,2.0,R3_4_3_2_90Y150.pct,150.0,2964.0,[n],[n],1
20,19,M,3.0,2_4_4_2_0Y150.pct,150.0,1985.0,[b],[b],1
20,19,M,4.0,3_3_3_2_0Y100.pct,100.0,2701.0,[b],[b],1
20,19,M,5.0,3_3_3_3_90Y50.pct,50.0,2771.0,[b],[b],1
20,19,M,6.0,R2_4_4_2_0Y50.pct,50.0,1743.0,[n],[n],1
20,19,M,7.0,R3_3_3_3_90Y100.pct,100.0,2318.0,[b],[n],0
20,19,M,8.0,2_3_3_2_0Y0.pct,0.0,1199.0,[b],[b],1
20,19,M,9.0,R3_4_3_3_180Y150.pct,150.0,3230.0,[n],[n],1
20,19,M,10.0,2_4_4_2_180Y150.pct,150.0,3615.0,[b],[b],1
20,19,M,11.0,R3_3_4_2_0Y50.pct,50.0,2954.0,[n],[n],1
20,19,M,12.0,R2_3_4_2_90Y0.pct,0.0,1249.0,[n],[n],1
20,19,M,13.0,3_3_3_3_180Y0.pct,0.0,1351.0,[b],[b],1
20,19,M,14.0,R3_4_3_3_180Y100.pct,100.0,4693.0,[n],[n],1
20,19,M,15.0,2_4_4_3_90Y100.pct,100.0,4354.0,[b],[b],1
20,19,M,16.0,3_4_3_2_90Y50.pct,50.0,2799.0,[b],[b],1
20,19,M,17.0,R2_4_4_3_90Y100.pct,100.0,1909.0,[n],[n],1
20,19,M,18.0,2_3_3_2_0Y150.pct,150.0,2252.0,[b],[b],1
20,19,M,19.0,R2_3_4_2_90Y50.pct,50.0,2077.0,[n],[n],1
20,19,M,20.0,2_3_4_2_90Y50.pct,50.0,2016.0,[b],[b],1
20,19,M,21.0,R2_4_4_2_180Y100.pct,100.0,2164.0,[n],[n],1
20,19,M,22.0,R2_4_4_2_0Y0.pct,0.0,1088.0,[b],[n],0
20,19,M,23.0,3_4_3_2_90Y0.pct,0.0,2585.0,[b],[b],1
20,19,M,24.0,R3_3_3_2_0Y150.pct,150.0,2229.0,[n],[n],1
20,19,M,25.0,R3_4_4_3_180Y150.pct,150.0,4013.0,[n],[n],1
20,19,M,26.0,R3_4_3_3_180Y50.pct,50.0,4880.0,[n],[n],1
20,19,M,27.0,3_4_3_3_180Y50.pct,50.0,2664.0,[b],[b],1
20,19,M,28.0,3_3_3_3_90Y100.pct,100.0,2674.0,[b],[b],1
20,19,M,29.0,2_4_4_2_180Y0.pct,0.0,1310.0,[b],[b],1
20,19,M,30.0,R3_4_3_2_90Y0.pct,0.0,1301.0,[n],[n],1
20,19,M,31.0,3_3_4_2_0Y150.pct,150.0,4461.0,[b],[b],1
20,19,M,32.0,R3_3_4_2_0Y100.pct,100.0,4564.0,[n],[n],1
20,19,M,33.0,3_3_3_3_180Y50.pct,50.0,1848.0,[b],[b],1
20,19,M,34.0,3_3_4_2_0Y100.pct,100.0,3556.0,[b],[b],1
20,19,M,35.0,3_4_4_3_180Y150.pct,150.0,3159.0,[b],[b],1
20,19,M,36.0,R3_3_3_3_180Y0.pct,0.0,1482.0,[n],[n],1
20,19,M,37.0,3_4_3_3_180Y100.pct,100.0,2469.0,[n],[b],0
20,19,M,38.0,R3_3_3_3_180Y150.pct,150.0,5339.0,[n],[n],1
20,19,M,39.0,3_4_3_3_180Y0.pct,0.0,1401.0,[b],[b],1
20,19,M,40.0,R3_3_3_3_90Y50.pct,50.0,1865.0,[n],[n],1
20,19,M,41.0,2_4_4_3_90Y150.pct,150.0,1954.0,[b],[b],1
20,19,M,42.0,R3_4_3_3_180Y0.pct,0.0,1366.0,[n],[n],1
20,19,M,43.0,3_3_3_3_180Y100.pct,100.0,1670.0,[b],[b],1
20,19,M,44.0,R2_3_4_2_90Y150.pct,150.0,1541.0,[b],[n],0
20,19,M,45.0,R2_3_3_2_0Y50.pct,50.0,1403.0,[n],[n],1
20,19,M,46.0,R2_3_4_2_90Y100.pct,100.0,2926.0,[n],[n],1
20,19,M,47.0,3_4_4_3_180Y0.pct,0.0,1562.0,[b],[b],1
20,19,M,48.0,3_4_4_3_180Y50.pct,50.0,2406.0,[b],[b],1
20,19,M,49.0,R2_4_4_2_0Y100.pct,100.0,1706.0,[n],[n],1
20,19,M,50.0,R2_3_3_2_0Y150.pct,150.0,1716.0,[n],[n],1
20,19,M,51.0,3_3_4_2_0Y0.pct,0.0,1104.0,[b],[b],1
20,19,M,52.0,R2_4_4_3_90Y0.pct,0.0,1406.0,[n],[n],1
20,19,M,53.0,3_4_4_3_180Y100.pct,100.0,2073.0,[b],[b],1
20,19,M,54.0,R2_4_4_2_180Y50.pct,50.0,1560.0,[n],[n],1
20,19,M,55.0,3_3_3_2_0Y150.pct,150.0,1861.0,[n],[b],0
20,19,M,56.0,2_4_4_2_0Y50.pct,50.0,1014.0,[b],[b],1
20,19,M,57.0,R2_4_4_2_0Y150.pct,150.0,2038.0,[n],[n],1
20,19,M,58.0,R3_4_3_2_90Y100.pct,100.0,1327.0,[n],[n],1
20,19,M,59.0,2_3_4_2_90Y150.pct,150.0,2725.0,[b],[b],1
20,19,M,60.0,3_4_3_2_90Y100.pct,100.0,1884.0,[b],[b],1
20,19,M,61.0,2_4_4_3_90Y0.pct,0.0,2171.0,[b],[b],1
20,19,M,62.0,R2_4_4_2_180Y0.pct,0.0,779.0,[n],[n],1
20,19,M,63.0,R2_4_4_3_90Y50.pct,50.0,2106.0,[n],[n],1
20,19,M,64.0,2_4_4_3_90Y50.pct,50.0,1700.0,[b],[b],1
20,19,M,65.0,R2_4_4_2_180Y150.pct,150.0,1413.0,[n],[n],1
20,19,M,66.0,3_3_3_3_90Y0.pct,0.0,1239.0,[b],[b],1
20,19,M,67.0,3_3_3_3_180Y150.pct,150.0,2069.0,[b],[b],1
20,19,M,68.0,R3_3_3_3_90Y0.pct,0.0,935.0,[n],[n],1
20,19,M,69.0,R3_3_3_2_0Y50.pct,50.0,1192.0,[n],[n],1
20,19,M,70.0,2_4_4_2_180Y50.pct,50.0,1334.0,[b],[b],1
20,19,M,71.0,2_4_4_2_0Y100.pct,100.0,2140.0,[b],[b],1
20,19,M,72.0,R3_3_3_2_0Y100.pct,100.0,2842.0,[n],[n],1
20,19,M,73.0,2_3_4_2_90Y100.pct,100.0,2444.0,[b],[b],1
20,19,M,74.0,R3_3_3_3_180Y100.pct,100.0,1724.0,[n],[n],1
20,19,M,75.0,3_3_3_3_90Y150.pct,150.0,3178.0,[b],[b],1
20,19,M,76.0,R3_3_4_2_0Y0.pct,0.0,1580.0,[n],[n],1
20,19,M,77.0,3_3_3_2_0Y0.pct,0.0,842.0,[b],[b],1
20,19,M,78.0,3_3_3_2_0Y50.pct,50.0,2052.0,[b],[b],1
20,19,M,79.0,R3_3_3_3_180Y50.pct,50.0,898.0,[n],[n],1
20,19,M,80.0,R3_3_3_3_90Y150.pct,150.0,1649.0,[b],[n],0
20,19,M,81.0,R3_4_4_3_180Y50.pct,50.0,2090.0,[n],[n],1
20,19,M,82.0,2_3_4_2_90Y0.pct,0.0,1106.0,[b],[b],1
20,19,M,83.0,R3_3_4_2_0Y150.pct,150.0,1946.0,[n],[n],1
20,19,M,84.0,3_3_4_2_0Y50.pct,50.0,2308.0,[b],[b],1
20,19,M,85.0,2_4_4_2_180Y100.pct,100.0,1540.0,[b],[b],1
20,19,M,86.0,R3_4_4_3_180Y0.pct,0.0,1288.0,[n],[n],1
20,19,M,87.0,3_4_3_3_180Y150.pct,150.0,3400.0,[b],[b],1
20,19,M,88.0,R3_4_4_3_180Y100.pct,100.0,1884.0,[n],[n],1
20,19,M,89.0,R2_3_3_2_0Y100.pct,100.0,2661.0,[n],[n],1
20,19,M,90.0,2_3_3_2_0Y50.pct,50.0,1730.0,[b],[b],1
20,19,M,91.0,2_4_4_2_0Y0.pct,0.0,885.0,[b],[b],1
20,19,M,92.0,3_4_3_2_90Y150.pct,150.0,2919.0,[b],[b],1
20,19,M,93.0,R2_4_4_3_90Y150.pct,150.0,2844.0,[n],[n],1
20,19,M,94.0,R3_4_3_2_90Y50.pct,50.0,1494.0,[n],[n],1
20,19,M,95.0,2_3_3_2_0Y100.pct,100.0,1343.0,[b],[b],1
20,19,M,96.0,R3_3_3_2_0Y0.pct,0.0,1667.0,[n],[n],1
21,33,M,1.0,R2_3_3_2_0Y0.pct,0.0,2463.0,[n],[n],1
21,33,M,2.0,R3_4_3_2_90Y150.pct,150.0,2221.0,[b],[n],0
21,33,M,3.0,2_4_4_2_0Y150.pct,150.0,1269.0,[b],[b],1
21,33,M,4.0,3_3_3_2_0Y100.pct,100.0,4574.0,[n],[b],0
21,33,M,5.0,3_3_3_3_90Y50.pct,50.0,3313.0,[b],[b],1
21,33,M,6.0,R2_4_4_2_0Y50.pct,50.0,1958.0,[n],[n],1
21,33,M,7.0,R3_3_3_3_90Y100.pct,100.0,1941.0,[b],[n],0
21,33,M,8.0,2_3_3_2_0Y0.pct,0.0,1025.0,[b],[b],1
21,33,M,9.0,R3_4_3_3_180Y150.pct,150.0,1828.0,[b],[n],0
21,33,M,10.0,2_4_4_2_180Y150.pct,150.0,1764.0,[b],[b],1
21,33,M,11.0,R3_3_4_2_0Y50.pct,50.0,1857.0,[n],[n],1
21,33,M,12.0,R2_3_4_2_90Y0.pct,0.0,1229.0,[n],[n],1
21,33,M,13.0,3_3_3_3_180Y0.pct,0.0,1216.0,[b],[b],1
21,33,M,14.0,R3_4_3_3_180Y100.pct,100.0,1766.0,[b],[n],0
21,33,M,15.0,2_4_4_3_90Y100.pct,100.0,1527.0,[b],[b],1
21,33,M,16.0,3_4_3_2_90Y50.pct,50.0,2082.0,[b],[b],1
21,33,M,17.0,R2_4_4_3_90Y100.pct,100.0,1813.0,[b],[n],0
21,33,M,18.0,2_3_3_2_0Y150.pct,150.0,1849.0,[b],[b],1
21,33,M,19.0,R2_3_4_2_90Y50.pct,50.0,1619.0,[b],[n],0
21,33,M,20.0,2_3_4_2_90Y50.pct,50.0,2363.0,[n],[b],0
21,33,M,21.0,R2_4_4_2_180Y100.pct,100.0,1959.0,[n],[n],1
21,33,M,22.0,R2_4_4_2_0Y0.pct,0.0,1482.0,[n],[n],1
21,33,M,23.0,3_4_3_2_90Y0.pct,0.0,1218.0,[b],[b],1
21,33,M,24.0,R3_3_3_2_0Y150.pct,150.0,1605.0,[b],[n],0
21,33,M,25.0,R3_4_4_3_180Y150.pct,150.0,1445.0,[n],[n],1
21,33,M,26.0,R3_4_3_3_180Y50.pct,50.0,1760.0,[n],[n],1
21,33,M,27.0,3_4_3_3_180Y50.pct,50.0,2003.0,[n],[b],0
21,33,M,28.0,3_3_3_3_90Y100.pct,100.0,2182.0,[n],[b],0
21,33,M,29.0,2_4_4_2_180Y0.pct,0.0,1353.0,[b],[b],1
21,33,M,30.0,R3_4_3_2_90Y0.pct,0.0,1357.0,[n],[n],1
21,33,M,31.0,3_3_4_2_0Y150.pct,150.0,2082.0,[b],[b],1
21,33,M,32.0,R3_3_4_2_0Y100.pct,100.0,2227.0,[b],[n],0
21,33,M,33.0,3_3_3_3_180Y50.pct,50.0,1901.0,[b],[b],1
21,33,M,34.0,3_3_4_2_0Y100.pct,100.0,2362.0,[n],[b],0
21,33,M,35.0,3_4_4_3_180Y150.pct,150.0,1465.0,[n],[b],0
21,33,M,36.0,R3_3_3_3_180Y0.pct,0.0,1711.0,[n],[n],1
21,33,M,37.0,3_4_3_3_180Y100.pct,100.0,1861.0,[n],[b],0
21,33,M,38.0,R3_3_3_3_180Y150.pct,150.0,2311.0,[b],[n],0
21,33,M,39.0,3_4_3_3_180Y0.pct,0.0,1118.0,[b],[b],1
21,33,M,40.0,R3_3_3_3_90Y50.pct,50.0,875.0,[n],[n],1
21,33,M,41.0,2_4_4_3_90Y150.pct,150.0,1123.0,[b],[b],1
21,33,M,42.0,R3_4_3_3_180Y0.pct,0.0,1031.0,[n],[n],1
21,33,M,43.0,3_3_3_3_180Y100.pct,100.0,1491.0,[b],[b],1
21,33,M,44.0,R2_3_4_2_90Y150.pct,150.0,1242.0,[b],[n],0
21,33,M,45.0,R2_3_3_2_0Y50.pct,50.0,906.0,[n],[n],1
21,33,M,46.0,R2_3_4_2_90Y100.pct,100.0,1206.0,[b],[n],0
21,33,M,47.0,3_4_4_3_180Y0.pct,0.0,1009.0,[b],[b],1
21,33,M,48.0,3_4_4_3_180Y50.pct,50.0,1634.0,[b],[b],1
21,33,M,49.0,R2_4_4_2_0Y100.pct,100.0,1564.0,[b],[n],0
21,33,M,50.0,R2_3_3_2_0Y150.pct,150.0,1541.0,[b],[n],0
21,33,M,51.0,3_3_4_2_0Y0.pct,0.0,1528.0,[b],[b],1
21,33,M,52.0,R2_4_4_3_90Y0.pct,0.0,1182.0,[n],[n],1
21,33,M,53.0,3_4_4_3_180Y100.pct,100.0,1469.0,[b],[b],1
21,33,M,54.0,R2_4_4_2_180Y50.pct,50.0,984.0,[n],[n],1
21,33,M,55.0,3_3_3_2_0Y150.pct,150.0,1583.0,[n],[b],0
21,33,M,56.0,2_4_4_2_0Y50.pct,50.0,1519.0,[b],[b],1
21,33,M,57.0,R2_4_4_2_0Y150.pct,150.0,805.0,[n],[n],1
21,33,M,58.0,R3_4_3_2_90Y100.pct,100.0,1265.0,[b],[n],0
21,33,M,59.0,2_3_4_2_90Y150.pct,150.0,1386.0,[b],[b],1
21,33,M,60.0,3_4_3_2_90Y100.pct,100.0,1256.0,[b],[b],1
21,33,M,61.0,2_4_4_3_90Y0.pct,0.0,811.0,[b],[b],1
21,33,M,62.0,R2_4_4_2_180Y0.pct,0.0,613.0,[n],[n],1
21,33,M,63.0,R2_4_4_3_90Y50.pct,50.0,769.0,[n],[n],1
21,33,M,64.0,2_4_4_3_90Y50.pct,50.0,1644.0,[b],[b],1
21,33,M,65.0,R2_4_4_2_180Y150.pct,150.0,2092.0,[n],[n],1
21,33,M,66.0,3_3_3_3_90Y0.pct,0.0,1004.0,[b],[b],1
21,33,M,67.0,3_3_3_3_180Y150.pct,150.0,1623.0,[b],[b],1
21,33,M,68.0,R3_3_3_3_90Y0.pct,0.0,1448.0,[n],[n],1
21,33,M,69.0,R3_3_3_2_0Y50.pct,50.0,1170.0,[n],[n],1
21,33,M,70.0,2_4_4_2_180Y50.pct,50.0,1277.0,[b],[b],1
21,33,M,71.0,2_4_4_2_0Y100.pct,100.0,1579.0,[b],[b],1
21,33,M,72.0,R3_3_3_2_0Y100.pct,100.0,2306.0,[n],[n],1
21,33,M,73.0,2_3_4_2_90Y100.pct,100.0,1460.0,[b],[b],1
21,33,M,74.0,R3_3_3_3_180Y100.pct,100.0,2511.0,[n],[n],1
21,33,M,75.0,3_3_3_3_90Y150.pct,150.0,1670.0,[n],[b],0
21,33,M,76.0,R3_3_4_2_0Y0.pct,0.0,1908.0,[n],[n],1
21,33,M,77.0,3_3_3_2_0Y0.pct,0.0,856.0,[b],[b],1
21,33,M,78.0,3_3_3_2_0Y50.pct,50.0,2949.0,[n],[b],0
21,33,M,79.0,R3_3_3_3_180Y50.pct,50.0,1526.0,[n],[n],1
21,33,M,80.0,R3_3_3_3_90Y150.pct,150.0,2380.0,[b],[n],0
21,33,M,81.0,R3_4_4_3_180Y50.pct,50.0,1449.0,[b],[n],0
21,33,M,82.0,2_3_4_2_90Y0.pct,0.0,672.0,[b],[b],1
21,33,M,83.0,R3_3_4_2_0Y150.pct,150.0,2108.0,[n],[n],1
21,33,M,84.0,3_3_4_2_0Y50.pct,50.0,1914.0,[b],[b],1
21,33,M,85.0,2_4_4_2_180Y100.pct,100.0,1751.0,[b],[b],1
21,33,M,86.0,R3_4_4_3_180Y0.pct,0.0,1347.0,[n],[n],1
21,33,M,87.0,3_4_3_3_180Y150.pct,150.0,1554.0,[b],[b],1
21,33,M,88.0,R3_4_4_3_180Y100.pct,100.0,2495.0,[n],[n],1
21,33,M,89.0,R2_3_3_2_0Y100.pct,100.0,1606.0,[b],[n],0
21,33,M,90.0,2_3_3_2_0Y50.pct,50.0,1030.0,[b],[b],1
21,33,M,91.0,2_4_4_2_0Y0.pct,0.0,737.0,[b],[b],1
21,33,M,92.0,3_4_3_2_90Y150.pct,150.0,2870.0,[b],[b],1
21,33,M,93.0,R2_4_4_3_90Y150.pct,150.0,1754.0,[n],[n],1
21,33,M,94.0,R3_4_3_2_90Y50.pct,50.0,1488.0,[n],[n],1
21,33,M,95.0,2_3_3_2_0Y100.pct,100.0,1049.0,[b],[b],1
21,33,M,96.0,R3_3_3_2_0Y0.pct,0.0,1248.0,[b],[n],0
22,26,F,1.0,R2_3_3_2_0Y0.pct,0.0,5886.0,[n],[n],1
22,26,F,3.0,2_4_4_2_0Y150.pct,150.0,3587.0,[b],[b],1
22,26,F,4.0,3_3_3_2_0Y100.pct,100.0,4741.0,[b],[b],1
22,26,F,5.0,3_3_3_3_90Y50.pct,50.0,4308.0,[b],[b],1
22,26,F,6.0,R2_4_4_2_0Y50.pct,50.0,4600.0,[n],[n],1
22,26,F,7.0,R3_3_3_3_90Y100.pct,100.0,4659.0,[n],[n],1
22,26,F,8.0,2_3_3_2_0Y0.pct,0.0,2168.0,[b],[b],1
22,26,F,9.0,R3_4_3_3_180Y150.pct,150.0,6136.0,[n],[n],1
22,26,F,10.0,2_4_4_2_180Y150.pct,150.0,4123.0,[b],[b],1
22,26,F,11.0,R3_3_4_2_0Y50.pct,50.0,4668.0,[n],[n],1
22,26,F,12.0,R2_3_4_2_90Y0.pct,0.0,3544.0,[n],[n],1
22,26,F,13.0,3_3_3_3_180Y0.pct,0.0,1580.0,[b],[b],1
22,26,F,14.0,R3_4_3_3_180Y100.pct,100.0,4001.0,[n],[n],1
22,26,F,15.0,2_4_4_3_90Y100.pct,100.0,3693.0,[b],[b],1
22,26,F,16.0,3_4_3_2_90Y50.pct,50.0,3868.0,[b],[b],1
22,26,F,17.0,R2_4_4_3_90Y100.pct,100.0,5792.0,[n],[n],1
22,26,F,18.0,2_3_3_2_0Y150.pct,150.0,3972.0,[b],[b],1
22,26,F,19.0,R2_3_4_2_90Y50.pct,50.0,4433.0,[n],[n],1
22,26,F,20.0,2_3_4_2_90Y50.pct,50.0,1939.0,[b],[b],1
22,26,F,21.0,R2_4_4_2_180Y100.pct,100.0,6419.0,[n],[n],1
22,26,F,22.0,R2_4_4_2_0Y0.pct,0.0,1827.0,[n],[n],1
22,26,F,23.0,3_4_3_2_90Y0.pct,0.0,2284.0,[b],[b],1
22,26,F,25.0,R3_4_4_3_180Y150.pct,150.0,6483.0,[n],[n],1
22,26,F,26.0,R3_4_3_3_180Y50.pct,50.0,4656.0,[n],[n],1
22,26,F,27.0,3_4_3_3_180Y50.pct,50.0,3650.0,[b],[b],1
22,26,F,28.0,3_3_3_3_90Y100.pct,100.0,2933.0,[b],[b],1
22,26,F,29.0,2_4_4_2_180Y0.pct,0.0,1605.0,[b],[b],1
22,26,F,30.0,R3_4_3_2_90Y0.pct,0.0,4389.0,[n],[n],1
22,26,F,31.0,3_3_4_2_0Y150.pct,150.0,5614.0,[b],[b],1
22,26,F,32.0,R3_3_4_2_0Y100.pct,100.0,4030.0,[n],[n],1
22,26,F,33.0,3_3_3_3_180Y50.pct,50.0,4792.0,[b],[b],1
22,26,F,34.0,3_3_4_2_0Y100.pct,100.0,3618.0,[b],[b],1
22,26,F,35.0,3_4_4_3_180Y150.pct,150.0,4231.0,[b],[b],1
22,26,F,36.0,R3_3_3_3_180Y0.pct,0.0,2944.0,[n],[n],1
22,26,F,37.0,3_4_3_3_180Y100.pct,100.0,5376.0,[b],[b],1
22,26,F,38.0,R3_3_3_3_180Y150.pct,150.0,2321.0,[n],[n],1
22,26,F,39.0,3_4_3_3_180Y0.pct,0.0,1961.0,[b],[b],1
22,26,F,40.0,R3_3_3_3_90Y50.pct,50.0,5148.0,[n],[n],1
22,26,F,41.0,2_4_4_3_90Y150.pct,150.0,3643.0,[b],[b],1
22,26,F,42.0,R3_4_3_3_180Y0.pct,0.0,2922.0,[n],[n],1
22,26,F,43.0,3_3_3_3_180Y100.pct,100.0,5417.0,[n],[b],0
22,26,F,44.0,R2_3_4_2_90Y150.pct,150.0,6400.0,[n],[n],1
22,26,F,45.0,R2_3_3_2_0Y50.pct,50.0,5763.0,[n],[n],1
22,26,F,47.0,3_4_4_3_180Y0.pct,0.0,1618.0,[b],[b],1
22,26,F,48.0,3_4_4_3_180Y50.pct,50.0,2488.0,[b],[b],1
22,26,F,49.0,R2_4_4_2_0Y100.pct,100.0,2156.0,[n],[n],1
22,26,F,50.0,R2_3_3_2_0Y150.pct,150.0,3138.0,[n],[n],1
22,26,F,51.0,3_3_4_2_0Y0.pct,0.0,1533.0,[b],[b],1
22,26,F,52.0,R2_4_4_3_90Y0.pct,0.0,3359.0,[n],[n],1
22,26,F,53.0,3_4_4_3_180Y100.pct,100.0,4526.0,[b],[b],1
22,26,F,54.0,R2_4_4_2_180Y50.pct,50.0,2280.0,[n],[n],1
22,26,F,55.0,3_3_3_2_0Y150.pct,150.0,5223.0,[b],[b],1
22,26,F,56.0,2_4_4_2_0Y50.pct,50.0,2710.0,[b],[b],1
22,26,F,57.0,R2_4_4_2_0Y150.pct,150.0,3109.0,[n],[n],1
22,26,F,58.0,R3_4_3_2_90Y100.pct,100.0,3676.0,[n],[n],1
22,26,F,59.0,2_3_4_2_90Y150.pct,150.0,2491.0,[b],[b],1
22,26,F,60.0,3_4_3_2_90Y100.pct,100.0,3689.0,[b],[b],1
22,26,F,61.0,2_4_4_3_90Y0.pct,0.0,1253.0,[b],[b],1
22,26,F,62.0,R2_4_4_2_180Y0.pct,0.0,2246.0,[n],[n],1
22,26,F,63.0,R2_4_4_3_90Y50.pct,50.0,2633.0,[n],[n],1
22,26,F,64.0,2_4_4_3_90Y50.pct,50.0,1746.0,[b],[b],1
22,26,F,65.0,R2_4_4_2_180Y150.pct,150.0,1992.0,[n],[n],1
22,26,F,66.0,3_3_3_3_90Y0.pct,0.0,2135.0,[b],[b],1
22,26,F,68.0,R3_3_3_3_90Y0.pct,0.0,1888.0,[n],[n],1
22,26,F,69.0,R3_3_3_2_0Y50.pct,50.0,6146.0,[n],[n],1
22,26,F,70.0,2_4_4_2_180Y50.pct,50.0,2516.0,[b],[b],1
22,26,F,71.0,2_4_4_2_0Y100.pct,100.0,5021.0,[b],[b],1
22,26,F,72.0,R3_3_3_2_0Y100.pct,100.0,3840.0,[n],[n],1
22,26,F,73.0,2_3_4_2_90Y100.pct,100.0,2673.0,[b],[b],1
22,26,F,74.0,R3_3_3_3_180Y100.pct,100.0,3743.0,[n],[n],1
22,26,F,75.0,3_3_3_3_90Y150.pct,150.0,4433.0,[n],[b],0
22,26,F,76.0,R3_3_4_2_0Y0.pct,0.0,2680.0,[n],[n],1
22,26,F,77.0,3_3_3_2_0Y0.pct,0.0,1815.0,[b],[b],1
22,26,F,78.0,3_3_3_2_0Y50.pct,50.0,4450.0,[n],[b],0
22,26,F,79.0,R3_3_3_3_180Y50.pct,50.0,2617.0,[n],[n],1
22,26,F,80.0,R3_3_3_3_90Y150.pct,150.0,5508.0,[n],[n],1
22,26,F,81.0,R3_4_4_3_180Y50.pct,50.0,5317.0,[n],[n],1
22,26,F,82.0,2_3_4_2_90Y0.pct,0.0,1318.0,[b],[b],1
22,26,F,83.0,R3_3_4_2_0Y150.pct,150.0,7011.0,[n],[n],1
22,26,F,84.0,3_3_4_2_0Y50.pct,50.0,3340.0,[b],[b],1
22,26,F,85.0,2_4_4_2_180Y100.pct,100.0,3838.0,[b],[b],1
22,26,F,86.0,R3_4_4_3_180Y0.pct,0.0,2366.0,[n],[n],1
22,26,F,87.0,3_4_3_3_180Y150.pct,150.0,5941.0,[b],[b],1
22,26,F,88.0,R3_4_4_3_180Y100.pct,100.0,3870.0,[n],[n],1
22,26,F,89.0,R2_3_3_2_0Y100.pct,100.0,6052.0,[n],[n],1
22,26,F,90.0,2_3_3_2_0Y50.pct,50.0,1654.0,[b],[b],1
22,26,F,91.0,2_4_4_2_0Y0.pct,0.0,987.0,[b],[b],1
22,26,F,92.0,3_4_3_2_90Y150.pct,150.0,6955.0,[b],[b],1
22,26,F,93.0,R2_4_4_3_90Y150.pct,150.0,4560.0,[n],[n],1
22,26,F,94.0,R3_4_3_2_90Y50.pct,50.0,3625.0,[n],[n],1
22,26,F,95.0,2_3_3_2_0Y100.pct,100.0,1651.0,[b],[b],1
22,26,F,96.0,R3_3_3_2_0Y0.pct,0.0,6216.0,[b],[n],0
23,18,M,1.0,R2_3_3_2_0Y0.pct,0.0,1683.0,[n],[n],1
23,18,M,2.0,R3_4_3_2_90Y150.pct,150.0,1719.0,[n],[n],1
23,18,M,3.0,2_4_4_2_0Y150.pct,150.0,2020.0,[b],[b],1
23,18,M,4.0,3_3_3_2_0Y100.pct,100.0,1888.0,[b],[b],1
23,18,M,5.0,3_3_3_3_90Y50.pct,50.0,1518.0,[b],[b],1
23,18,M,6.0,R2_4_4_2_0Y50.pct,50.0,1723.0,[n],[n],1
23,18,M,7.0,R3_3_3_3_90Y100.pct,100.0,2488.0,[n],[n],1
23,18,M,8.0,2_3_3_2_0Y0.pct,0.0,1245.0,[b],[b],1
23,18,M,9.0,R3_4_3_3_180Y150.pct,150.0,1895.0,[n],[n],1
23,18,M,10.0,2_4_4_2_180Y150.pct,150.0,2022.0,[n],[b],0
23,18,M,11.0,R3_3_4_2_0Y50.pct,50.0,3031.0,[n],[n],1
23,18,M,12.0,R2_3_4_2_90Y0.pct,0.0,1675.0,[n],[n],1
23,18,M,13.0,3_3_3_3_180Y0.pct,0.0,1024.0,[b],[b],1
23,18,M,14.0,R3_4_3_3_180Y100.pct,100.0,3068.0,[n],[n],1
23,18,M,15.0,2_4_4_3_90Y100.pct,100.0,1827.0,[b],[b],1
23,18,M,16.0,3_4_3_2_90Y50.pct,50.0,1468.0,[b],[b],1
23,18,M,17.0,R2_4_4_3_90Y100.pct,100.0,1918.0,[n],[n],1
23,18,M,18.0,2_3_3_2_0Y150.pct,150.0,3701.0,[b],[b],1
23,18,M,19.0,R2_3_4_2_90Y50.pct,50.0,2197.0,[n],[n],1
23,18,M,20.0,2_3_4_2_90Y50.pct,50.0,1655.0,[b],[b],1
23,18,M,21.0,R2_4_4_2_180Y100.pct,100.0,3158.0,[n],[n],1
23,18,M,22.0,R2_4_4_2_0Y0.pct,0.0,2706.0,[n],[n],1
23,18,M,23.0,3_4_3_2_90Y0.pct,0.0,1000.0,[b],[b],1
23,18,M,24.0,R3_3_3_2_0Y150.pct,150.0,1918.0,[n],[n],1
23,18,M,25.0,R3_4_4_3_180Y150.pct,150.0,2969.0,[b],[n],0
23,18,M,26.0,R3_4_3_3_180Y50.pct,50.0,2115.0,[n],[n],1
23,18,M,27.0,3_4_3_3_180Y50.pct,50.0,2460.0,[n],[b],0
23,18,M,28.0,3_3_3_3_90Y100.pct,100.0,2350.0,[n],[b],0
23,18,M,29.0,2_4_4_2_180Y0.pct,0.0,983.0,[b],[b],1
23,18,M,30.0,R3_4_3_2_90Y0.pct,0.0,1342.0,[n],[n],1
23,18,M,31.0,3_3_4_2_0Y150.pct,150.0,3769.0,[n],[b],0
23,18,M,32.0,R3_3_4_2_0Y100.pct,100.0,1723.0,[n],[n],1
23,18,M,33.0,3_3_3_3_180Y50.pct,50.0,1990.0,[n],[b],0
23,18,M,34.0,3_3_4_2_0Y100.pct,100.0,2810.0,[b],[b],1
23,18,M,35.0,3_4_4_3_180Y150.pct,150.0,2350.0,[n],[b],0
23,18,M,36.0,R3_3_3_3_180Y0.pct,0.0,2055.0,[b],[n],0
23,18,M,37.0,3_4_3_3_180Y100.pct,100.0,2844.0,[n],[b],0
23,18,M,38.0,R3_3_3_3_180Y150.pct,150.0,2714.0,[n],[n],1
23,18,M,39.0,3_4_3_3_180Y0.pct,0.0,1084.0,[b],[b],1
23,18,M,40.0,R3_3_3_3_90Y50.pct,50.0,1058.0,[n],[n],1
23,18,M,41.0,2_4_4_3_90Y150.pct,150.0,2713.0,[b],[b],1
23,18,M,42.0,R3_4_3_3_180Y0.pct,0.0,1023.0,[n],[n],1
23,18,M,43.0,3_3_3_3_180Y100.pct,100.0,2770.0,[b],[b],1
23,18,M,44.0,R2_3_4_2_90Y150.pct,150.0,2413.0,[n],[n],1
23,18,M,45.0,R2_3_3_2_0Y50.pct,50.0,1506.0,[n],[n],1
23,18,M,46.0,R2_3_4_2_90Y100.pct,100.0,2622.0,[b],[n],0
23,18,M,47.0,3_4_4_3_180Y0.pct,0.0,1159.0,[b],[b],1
23,18,M,48.0,3_4_4_3_180Y50.pct,50.0,1901.0,[b],[b],1
23,18,M,49.0,R2_4_4_2_0Y100.pct,100.0,1610.0,[n],[n],1
23,18,M,50.0,R2_3_3_2_0Y150.pct,150.0,1973.0,[n],[n],1
23,18,M,51.0,3_3_4_2_0Y0.pct,0.0,1078.0,[b],[b],1
23,18,M,52.0,R2_4_4_3_90Y0.pct,0.0,1024.0,[n],[n],1
23,18,M,53.0,3_4_4_3_180Y100.pct,100.0,3017.0,[n],[b],0
23,18,M,54.0,R2_4_4_2_180Y50.pct,50.0,1553.0,[n],[n],1
23,18,M,55.0,3_3_3_2_0Y150.pct,150.0,2951.0,[b],[b],1
23,18,M,56.0,2_4_4_2_0Y50.pct,50.0,1729.0,[b],[b],1
23,18,M,57.0,R2_4_4_2_0Y150.pct,150.0,994.0,[n],[n],1
23,18,M,58.0,R3_4_3_2_90Y100.pct,100.0,3067.0,[n],[n],1
23,18,M,59.0,2_3_4_2_90Y150.pct,150.0,2131.0,[b],[b],1
23,18,M,60.0,3_4_3_2_90Y100.pct,100.0,2617.0,[b],[b],1
23,18,M,61.0,2_4_4_3_90Y0.pct,0.0,1692.0,[b],[b],1
23,18,M,62.0,R2_4_4_2_180Y0.pct,0.0,738.0,[n],[n],1
23,18,M,63.0,R2_4_4_3_90Y50.pct,50.0,984.0,[n],[n],1
23,18,M,64.0,2_4_4_3_90Y50.pct,50.0,1461.0,[b],[b],1
23,18,M,65.0,R2_4_4_2_180Y150.pct,150.0,2092.0,[n],[n],1
23,18,M,66.0,3_3_3_3_90Y0.pct,0.0,1314.0,[b],[b],1
23,18,M,67.0,3_3_3_3_180Y150.pct,150.0,3407.0,[b],[b],1
23,18,M,68.0,R3_3_3_3_90Y0.pct,0.0,1092.0,[n],[n],1
23,18,M,69.0,R3_3_3_2_0Y50.pct,50.0,2532.0,[n],[n],1
23,18,M,70.0,2_4_4_2_180Y50.pct,50.0,2288.0,[b],[b],1
23,18,M,71.0,2_4_4_2_0Y100.pct,100.0,2798.0,[b],[b],1
23,18,M,72.0,R3_3_3_2_0Y100.pct,100.0,1515.0,[n],[n],1
23,18,M,73.0,2_3_4_2_90Y100.pct,100.0,1993.0,[b],[b],1
23,18,M,74.0,R3_3_3_3_180Y100.pct,100.0,2475.0,[n],[n],1
23,18,M,75.0,3_3_3_3_90Y150.pct,150.0,2058.0,[b],[b],1
23,18,M,76.0,R3_3_4_2_0Y0.pct,0.0,2435.0,[n],[n],1
23,18,M,77.0,3_3_3_2_0Y0.pct,0.0,1248.0,[b],[b],1
23,18,M,78.0,3_3_3_2_0Y50.pct,50.0,3893.0,[n],[b],0
23,18,M,79.0,R3_3_3_3_180Y50.pct,50.0,1624.0,[b],[n],0
23,18,M,80.0,R3_3_3_3_90Y150.pct,150.0,3827.0,[n],[n],1
23,18,M,81.0,R3_4_4_3_180Y50.pct,50.0,3595.0,[b],[n],0
23,18,M,82.0,2_3_4_2_90Y0.pct,0.0,928.0,[b],[b],1
23,18,M,83.0,R3_3_4_2_0Y150.pct,150.0,2735.0,[n],[n],1
23,18,M,84.0,3_3_4_2_0Y50.pct,50.0,2269.0,[b],[b],1
23,18,M,85.0,2_4_4_2_180Y100.pct,100.0,2677.0,[n],[b],0
23,18,M,86.0,R3_4_4_3_180Y0.pct,0.0,4197.0,[n],[n],1
23,18,M,87.0,3_4_3_3_180Y150.pct,150.0,2393.0,[b],[b],1
23,18,M,88.0,R3_4_4_3_180Y100.pct,100.0,2492.0,[n],[n],1
23,18,M,89.0,R2_3_3_2_0Y100.pct,100.0,2210.0,[n],[n],1
23,18,M,90.0,2_3_3_2_0Y50.pct,50.0,3307.0,[b],[b],1
23,18,M,91.0,2_4_4_2_0Y0.pct,0.0,1041.0,[b],[b],1
23,18,M,92.0,3_4_3_2_90Y150.pct,150.0,1620.0,[b],[b],1
23,18,M,93.0,R2_4_4_3_90Y150.pct,150.0,4554.0,[n],[n],1
23,18,M,94.0,R3_4_3_2_90Y50.pct,50.0,1665.0,[n],[n],1
23,18,M,95.0,2_3_3_2_0Y100.pct,100.0,2781.0,[b],[b],1
23,18,M,96.0,R3_3_3_2_0Y0.pct,0.0,4134.0,[n],[n],1
24,25,F,1.0,R2_3_3_2_0Y0.pct,0.0,2443.0,[n],[n],1
24,25,F,2.0,R3_4_3_2_90Y150.pct,150.0,5888.0,[n],[n],1
24,25,F,3.0,2_4_4_2_0Y150.pct,150.0,3670.0,[b],[b],1
24,25,F,4.0,3_3_3_2_0Y100.pct,100.0,4012.0,[n],[b],0
24,25,F,5.0,3_3_3_3_90Y50.pct,50.0,2902.0,[b],[b],1
24,25,F,6.0,R2_4_4_2_0Y50.pct,50.0,3120.0,[n],[n],1
24,25,F,7.0,R3_3_3_3_90Y100.pct,100.0,5431.0,[n],[n],1
24,25,F,8.0,2_3_3_2_0Y0.pct,0.0,1226.0,[b],[b],1
24,25,F,9.0,R3_4_3_3_180Y150.pct,150.0,5480.0,[n],[n],1
24,25,F,10.0,2_4_4_2_180Y150.pct,150.0,4745.0,[b],[b],1
24,25,F,11.0,R3_3_4_2_0Y50.pct,50.0,4690.0,[n],[n],1
24,25,F,12.0,R2_3_4_2_90Y0.pct,0.0,2772.0,[n],[n],1
24,25,F,13.0,3_3_3_3_180Y0.pct,0.0,1265.0,[b],[b],1
24,25,F,14.0,R3_4_3_3_180Y100.pct,100.0,2392.0,[n],[n],1
24,25,F,15.0,2_4_4_3_90Y100.pct,100.0,4716.0,[b],[b],1
24,25,F,16.0,3_4_3_2_90Y50.pct,50.0,3418.0,[b],[b],1
24,25,F,17.0,R2_4_4_3_90Y100.pct,100.0,2654.0,[n],[n],1
24,25,F,18.0,2_3_3_2_0Y150.pct,150.0,2112.0,[b],[b],1
24,25,F,19.0,R2_3_4_2_90Y50.pct,50.0,2702.0,[n],[n],1
24,25,F,20.0,2_3_4_2_90Y50.pct,50.0,1637.0,[b],[b],1
24,25,F,21.0,R2_4_4_2_180Y100.pct,100.0,2109.0,[n],[n],1
24,25,F,22.0,R2_4_4_2_0Y0.pct,0.0,884.0,[b],[n],0
24,25,F,23.0,3_4_3_2_90Y0.pct,0.0,1795.0,[b],[b],1
24,25,F,24.0,R3_3_3_2_0Y150.pct,150.0,4023.0,[n],[n],1
24,25,F,25.0,R3_4_4_3_180Y150.pct,150.0,5980.0,[n],[n],1
24,25,F,26.0,R3_4_3_3_180Y50.pct,50.0,2026.0,[n],[n],1
24,25,F,27.0,3_4_3_3_180Y50.pct,50.0,3076.0,[b],[b],1
24,25,F,28.0,3_3_3_3_90Y100.pct,100.0,3157.0,[b],[b],1
24,25,F,29.0,2_4_4_2_180Y0.pct,0.0,1617.0,[b],[b],1
24,25,F,30.0,R3_4_3_2_90Y0.pct,0.0,2367.0,[n],[n],1
24,25,F,32.0,R3_3_4_2_0Y100.pct,100.0,330.0,[b],[n],0
24,25,F,33.0,3_3_3_3_180Y50.pct,50.0,2687.0,[n],[b],0
24,25,F,34.0,3_3_4_2_0Y100.pct,100.0,4855.0,[b],[b],1
24,25,F,35.0,3_4_4_3_180Y150.pct,150.0,2719.0,[n],[b],0
24,25,F,36.0,R3_3_3_3_180Y0.pct,0.0,1253.0,[n],[n],1
24,25,F,37.0,3_4_3_3_180Y100.pct,100.0,2855.0,[b],[b],1
24,25,F,38.0,R3_3_3_3_180Y150.pct,150.0,4301.0,[n],[n],1
24,25,F,39.0,3_4_3_3_180Y0.pct,0.0,1565.0,[b],[b],1
24,25,F,40.0,R3_3_3_3_90Y50.pct,50.0,1128.0,[n],[n],1
24,25,F,41.0,2_4_4_3_90Y150.pct,150.0,4087.0,[b],[b],1
24,25,F,42.0,R3_4_3_3_180Y0.pct,0.0,1191.0,[n],[n],1
24,25,F,43.0,3_3_3_3_180Y100.pct,100.0,2115.0,[b],[b],1
24,25,F,44.0,R2_3_4_2_90Y150.pct,150.0,2101.0,[b],[n],0
24,25,F,45.0,R2_3_3_2_0Y50.pct,50.0,1218.0,[n],[n],1
24,25,F,46.0,R2_3_4_2_90Y100.pct,100.0,1599.0,[b],[n],0
24,25,F,47.0,3_4_4_3_180Y0.pct,0.0,1632.0,[b],[b],1
24,25,F,48.0,3_4_4_3_180Y50.pct,50.0,2747.0,[b],[b],1
24,25,F,49.0,R2_4_4_2_0Y100.pct,100.0,2427.0,[n],[n],1
24,25,F,50.0,R2_3_3_2_0Y150.pct,150.0,2595.0,[n],[n],1
24,25,F,51.0,3_3_4_2_0Y0.pct,0.0,2486.0,[b],[b],1
24,25,F,52.0,R2_4_4_3_90Y0.pct,0.0,2602.0,[n],[n],1
24,25,F,53.0,3_4_4_3_180Y100.pct,100.0,3139.0,[b],[b],1
24,25,F,54.0,R2_4_4_2_180Y50.pct,50.0,1513.0,[n],[n],1
24,25,F,55.0,3_3_3_2_0Y150.pct,150.0,4106.0,[b],[b],1
24,25,F,56.0,2_4_4_2_0Y50.pct,50.0,1815.0,[b],[b],1
24,25,F,57.0,R2_4_4_2_0Y150.pct,150.0,2761.0,[n],[n],1
24,25,F,58.0,R3_4_3_2_90Y100.pct,100.0,2637.0,[n],[n],1
24,25,F,59.0,2_3_4_2_90Y150.pct,150.0,1784.0,[b],[b],1
24,25,F,60.0,3_4_3_2_90Y100.pct,100.0,2227.0,[b],[b],1
24,25,F,61.0,2_4_4_3_90Y0.pct,0.0,1338.0,[b],[b],1
24,25,F,62.0,R2_4_4_2_180Y0.pct,0.0,1145.0,[n],[n],1
24,25,F,63.0,R2_4_4_3_90Y50.pct,50.0,1854.0,[n],[n],1
24,25,F,64.0,2_4_4_3_90Y50.pct,50.0,1862.0,[b],[b],1
24,25,F,65.0,R2_4_4_2_180Y150.pct,150.0,2316.0,[b],[n],0
24,25,F,66.0,3_3_3_3_90Y0.pct,0.0,1268.0,[b],[b],1
24,25,F,67.0,3_3_3_3_180Y150.pct,150.0,2322.0,[b],[b],1
24,25,F,68.0,R3_3_3_3_90Y0.pct,0.0,1377.0,[n],[n],1
24,25,F,69.0,R3_3_3_2_0Y50.pct,50.0,1748.0,[n],[n],1
24,25,F,70.0,2_4_4_2_180Y50.pct,50.0,1542.0,[b],[b],1
24,25,F,71.0,2_4_4_2_0Y100.pct,100.0,1460.0,[b],[b],1
24,25,F,72.0,R3_3_3_2_0Y100.pct,100.0,2511.0,[n],[n],1
24,25,F,73.0,2_3_4_2_90Y100.pct,100.0,1409.0,[b],[b],1
24,25,F,74.0,R3_3_3_3_180Y100.pct,100.0,2863.0,[n],[n],1
24,25,F,75.0,3_3_3_3_90Y150.pct,150.0,2104.0,[b],[b],1
24,25,F,76.0,R3_3_4_2_0Y0.pct,0.0,2637.0,[n],[n],1
24,25,F,77.0,3_3_3_2_0Y0.pct,0.0,1727.0,[b],[b],1
24,25,F,78.0,3_3_3_2_0Y50.pct,50.0,1292.0,[n],[b],0
24,25,F,79.0,R3_3_3_3_180Y50.pct,50.0,1260.0,[n],[n],1
24,25,F,80.0,R3_3_3_3_90Y150.pct,150.0,1411.0,[b],[n],0
24,25,F,81.0,R3_4_4_3_180Y50.pct,50.0,2582.0,[b],[n],0
24,25,F,82.0,2_3_4_2_90Y0.pct,0.0,1033.0,[b],[b],1
24,25,F,83.0,R3_3_4_2_0Y150.pct,150.0,3028.0,[n],[n],1
24,25,F,84.0,3_3_4_2_0Y50.pct,50.0,2307.0,[n],[b],0
24,25,F,85.0,2_4_4_2_180Y100.pct,100.0,2191.0,[b],[b],1
24,25,F,86.0,R3_4_4_3_180Y0.pct,0.0,2083.0,[n],[n],1
24,25,F,87.0,3_4_3_3_180Y150.pct,150.0,2745.0,[b],[b],1
24,25,F,88.0,R3_4_4_3_180Y100.pct,100.0,2784.0,[n],[n],1
24,25,F,89.0,R2_3_3_2_0Y100.pct,100.0,1781.0,[n],[n],1
24,25,F,90.0,2_3_3_2_0Y50.pct,50.0,1850.0,[b],[b],1
24,25,F,91.0,2_4_4_2_0Y0.pct,0.0,1140.0,[b],[b],1
24,25,F,92.0,3_4_3_2_90Y150.pct,150.0,1949.0,[b],[b],1
24,25,F,93.0,R2_4_4_3_90Y150.pct,150.0,2432.0,[n],[n],1
24,25,F,94.0,R3_4_3_2_90Y50.pct,50.0,1777.0,[n],[n],1
24,25,F,95.0,2_3_3_2_0Y100.pct,100.0,1287.0,[b],[b],1
24,25,F,96.0,R3_3_3_2_0Y0.pct,0.0,3197.0,[n],[n],1
25,28,M,1.0,R2_3_3_2_0Y0.pct,0.0,1557.0,[b],[n],0
25,28,M,2.0,R3_4_3_2_90Y150.pct,150.0,942.0,[n],[n],1
25,28,M,3.0,2_4_4_2_0Y150.pct,150.0,1925.0,[b],[b],1
25,28,M,4.0,3_3_3_2_0Y100.pct,100.0,1738.0,[n],[b],0
25,28,M,5.0,3_3_3_3_90Y50.pct,50.0,1803.0,[b],[b],1
25,28,M,6.0,R2_4_4_2_0Y50.pct,50.0,1452.0,[n],[n],1
25,28,M,7.0,R3_3_3_3_90Y100.pct,100.0,2638.0,[b],[n],0
25,28,M,8.0,2_3_3_2_0Y0.pct,0.0,1057.0,[b],[b],1
25,28,M,9.0,R3_4_3_3_180Y150.pct,150.0,2889.0,[b],[n],0
25,28,M,10.0,2_4_4_2_180Y150.pct,150.0,1751.0,[b],[b],1
25,28,M,11.0,R3_3_4_2_0Y50.pct,50.0,2089.0,[n],[n],1
25,28,M,12.0,R2_3_4_2_90Y0.pct,0.0,1307.0,[n],[n],1
25,28,M,13.0,3_3_3_3_180Y0.pct,0.0,780.0,[b],[b],1
25,28,M,14.0,R3_4_3_3_180Y100.pct,100.0,1334.0,[n],[n],1
25,28,M,15.0,2_4_4_3_90Y100.pct,100.0,2008.0,[b],[b],1
25,28,M,16.0,3_4_3_2_90Y50.pct,50.0,960.0,[b],[b],1
25,28,M,17.0,R2_4_4_3_90Y100.pct,100.0,2617.0,[n],[n],1
25,28,M,18.0,2_3_3_2_0Y150.pct,150.0,1576.0,[b],[b],1
25,28,M,19.0,R2_3_4_2_90Y50.pct,50.0,1096.0,[n],[n],1
25,28,M,20.0,2_3_4_2_90Y50.pct,50.0,753.0,[b],[b],1
25,28,M,21.0,R2_4_4_2_180Y100.pct,100.0,1376.0,[n],[n],1
25,28,M,22.0,R2_4_4_2_0Y0.pct,0.0,727.0,[b],[n],0
25,28,M,23.0,3_4_3_2_90Y0.pct,0.0,1101.0,[b],[b],1
25,28,M,24.0,R3_3_3_2_0Y150.pct,150.0,2024.0,[b],[n],0
25,28,M,25.0,R3_4_4_3_180Y150.pct,150.0,3342.0,[n],[n],1
25,28,M,26.0,R3_4_3_3_180Y50.pct,50.0,2179.0,[n],[n],1
25,28,M,27.0,3_4_3_3_180Y50.pct,50.0,2593.0,[n],[b],0
25,28,M,28.0,3_3_3_3_90Y100.pct,100.0,1385.0,[n],[b],0
25,28,M,29.0,2_4_4_2_180Y0.pct,0.0,858.0,[b],[b],1
25,28,M,30.0,R3_4_3_2_90Y0.pct,0.0,1377.0,[n],[n],1
25,28,M,31.0,3_3_4_2_0Y150.pct,150.0,2191.0,[n],[b],0
25,28,M,32.0,R3_3_4_2_0Y100.pct,100.0,2176.0,[n],[n],1
25,28,M,33.0,3_3_3_3_180Y50.pct,50.0,1620.0,[b],[b],1
25,28,M,34.0,3_3_4_2_0Y100.pct,100.0,3741.0,[b],[b],1
25,28,M,35.0,3_4_4_3_180Y150.pct,150.0,1636.0,[b],[b],1
25,28,M,36.0,R3_3_3_3_180Y0.pct,0.0,1498.0,[n],[n],1
25,28,M,37.0,3_4_3_3_180Y100.pct,100.0,2515.0,[b],[b],1
25,28,M,38.0,R3_3_3_3_180Y150.pct,150.0,2625.0,[b],[n],0
25,28,M,39.0,3_4_3_3_180Y0.pct,0.0,1122.0,[b],[b],1
25,28,M,40.0,R3_3_3_3_90Y50.pct,50.0,1121.0,[n],[n],1
25,28,M,41.0,2_4_4_3_90Y150.pct,150.0,2887.0,[b],[b],1
25,28,M,42.0,R3_4_3_3_180Y0.pct,0.0,1141.0,[n],[n],1
25,28,M,43.0,3_3_3_3_180Y100.pct,100.0,1797.0,[n],[b],0
25,28,M,44.0,R2_3_4_2_90Y150.pct,150.0,2008.0,[n],[n],1
25,28,M,45.0,R2_3_3_2_0Y50.pct,50.0,1265.0,[n],[n],1
25,28,M,46.0,R2_3_4_2_90Y100.pct,100.0,1765.0,[n],[n],1
25,28,M,47.0,3_4_4_3_180Y0.pct,0.0,791.0,[b],[b],1
25,28,M,48.0,3_4_4_3_180Y50.pct,50.0,1806.0,[b],[b],1
25,28,M,49.0,R2_4_4_2_0Y100.pct,100.0,2403.0,[n],[n],1
25,28,M,50.0,R2_3_3_2_0Y150.pct,150.0,2147.0,[n],[n],1
25,28,M,51.0,3_3_4_2_0Y0.pct,0.0,1312.0,[b],[b],1
25,28,M,52.0,R2_4_4_3_90Y0.pct,0.0,1077.0,[n],[n],1
25,28,M,53.0,3_4_4_3_180Y100.pct,100.0,2701.0,[b],[b],1
25,28,M,54.0,R2_4_4_2_180Y50.pct,50.0,1395.0,[n],[n],1
25,28,M,55.0,3_3_3_2_0Y150.pct,150.0,1694.0,[n],[b],0
25,28,M,56.0,2_4_4_2_0Y50.pct,50.0,1220.0,[b],[b],1
25,28,M,57.0,R2_4_4_2_0Y150.pct,150.0,791.0,[n],[n],1
25,28,M,58.0,R3_4_3_2_90Y100.pct,100.0,1663.0,[n],[n],1
25,28,M,59.0,2_3_4_2_90Y150.pct,150.0,1883.0,[b],[b],1
25,28,M,60.0,3_4_3_2_90Y100.pct,100.0,1367.0,[n],[b],0
25,28,M,61.0,2_4_4_3_90Y0.pct,0.0,884.0,[b],[b],1
25,28,M,62.0,R2_4_4_2_180Y0.pct,0.0,1410.0,[n],[n],1
25,28,M,63.0,R2_4_4_3_90Y50.pct,50.0,1050.0,[n],[n],1
25,28,M,64.0,2_4_4_3_90Y50.pct,50.0,867.0,[b],[b],1
25,28,M,65.0,R2_4_4_2_180Y150.pct,150.0,1748.0,[n],[n],1
25,28,M,66.0,3_3_3_3_90Y0.pct,0.0,936.0,[b],[b],1
25,28,M,67.0,3_3_3_3_180Y150.pct,150.0,1879.0,[b],[b],1
25,28,M,68.0,R3_3_3_3_90Y0.pct,0.0,921.0,[n],[n],1
25,28,M,69.0,R3_3_3_2_0Y50.pct,50.0,1681.0,[n],[n],1
25,28,M,70.0,2_4_4_2_180Y50.pct,50.0,1305.0,[b],[b],1
25,28,M,71.0,2_4_4_2_0Y100.pct,100.0,1749.0,[b],[b],1
25,28,M,72.0,R3_3_3_2_0Y100.pct,100.0,2947.0,[n],[n],1
25,28,M,73.0,2_3_4_2_90Y100.pct,100.0,1510.0,[b],[b],1
25,28,M,74.0,R3_3_3_3_180Y100.pct,100.0,1885.0,[n],[n],1
25,28,M,75.0,3_3_3_3_90Y150.pct,150.0,2437.0,[n],[b],0
25,28,M,76.0,R3_3_4_2_0Y0.pct,0.0,2471.0,[n],[n],1
25,28,M,77.0,3_3_3_2_0Y0.pct,0.0,1886.0,[b],[b],1
25,28,M,78.0,3_3_3_2_0Y50.pct,50.0,1454.0,[b],[b],1
25,28,M,79.0,R3_3_3_3_180Y50.pct,50.0,955.0,[n],[n],1
25,28,M,80.0,R3_3_3_3_90Y150.pct,150.0,2196.0,[n],[n],1
25,28,M,81.0,R3_4_4_3_180Y50.pct,50.0,1520.0,[n],[n],1
25,28,M,82.0,2_3_4_2_90Y0.pct,0.0,641.0,[b],[b],1
25,28,M,83.0,R3_3_4_2_0Y150.pct,150.0,3003.0,[n],[n],1
25,28,M,84.0,3_3_4_2_0Y50.pct,50.0,2171.0,[b],[b],1
25,28,M,85.0,2_4_4_2_180Y100.pct,100.0,2085.0,[b],[b],1
25,28,M,86.0,R3_4_4_3_180Y0.pct,0.0,923.0,[b],[n],0
25,28,M,87.0,3_4_3_3_180Y150.pct,150.0,2995.0,[n],[b],0
25,28,M,88.0,R3_4_4_3_180Y100.pct,100.0,3119.0,[n],[n],1
25,28,M,89.0,R2_3_3_2_0Y100.pct,100.0,1817.0,[n],[n],1
25,28,M,90.0,2_3_3_2_0Y50.pct,50.0,1420.0,[b],[b],1
25,28,M,91.0,2_4_4_2_0Y0.pct,0.0,660.0,[b],[b],1
25,28,M,92.0,3_4_3_2_90Y150.pct,150.0,1601.0,[n],[b],0
25,28,M,93.0,R2_4_4_3_90Y150.pct,150.0,2926.0,[n],[n],1
25,28,M,94.0,R3_4_3_2_90Y50.pct,50.0,1216.0,[n],[n],1
25,28,M,95.0,2_3_3_2_0Y100.pct,100.0,2064.0,[b],[b],1
25,28,M,96.0,R3_3_3_2_0Y0.pct,0.0,1730.0,[n],[n],1
26,27,F,1.0,R2_3_3_2_0Y0.pct,0.0,2775.0,[n],[n],1
26,27,F,2.0,R3_4_3_2_90Y150.pct,150.0,2129.0,[n],[n],1
26,27,F,3.0,2_4_4_2_0Y150.pct,150.0,1548.0,[b],[b],1
26,27,F,4.0,3_3_3_2_0Y100.pct,100.0,4776.0,[b],[b],1
26,27,F,5.0,3_3_3_3_90Y50.pct,50.0,2467.0,[b],[b],1
26,27,F,6.0,R2_4_4_2_0Y50.pct,50.0,3523.0,[n],[n],1
26,27,F,7.0,R3_3_3_3_90Y100.pct,100.0,4751.0,[n],[n],1
26,27,F,8.0,2_3_3_2_0Y0.pct,0.0,1177.0,[b],[b],1
26,27,F,9.0,R3_4_3_3_180Y150.pct,150.0,2698.0,[n],[n],1
26,27,F,10.0,2_4_4_2_180Y150.pct,150.0,4729.0,[b],[b],1
26,27,F,11.0,R3_3_4_2_0Y50.pct,50.0,3871.0,[n],[n],1
26,27,F,12.0,R2_3_4_2_90Y0.pct,0.0,1516.0,[n],[n],1
26,27,F,13.0,3_3_3_3_180Y0.pct,0.0,1507.0,[b],[b],1
26,27,F,14.0,R3_4_3_3_180Y100.pct,100.0,2007.0,[n],[n],1
26,27,F,15.0,2_4_4_3_90Y100.pct,100.0,2156.0,[b],[b],1
26,27,F,16.0,3_4_3_2_90Y50.pct,50.0,1658.0,[b],[b],1
26,27,F,17.0,R2_4_4_3_90Y100.pct,100.0,3726.0,[n],[n],1
26,27,F,18.0,2_3_3_2_0Y150.pct,150.0,2106.0,[b],[b],1
26,27,F,19.0,R2_3_4_2_90Y50.pct,50.0,2255.0,[n],[n],1
26,27,F,20.0,2_3_4_2_90Y50.pct,50.0,2031.0,[b],[b],1
26,27,F,21.0,R2_4_4_2_180Y100.pct,100.0,2178.0,[n],[n],1
26,27,F,22.0,R2_4_4_2_0Y0.pct,0.0,1375.0,[b],[n],0
26,27,F,23.0,3_4_3_2_90Y0.pct,0.0,1225.0,[b],[b],1
26,27,F,24.0,R3_3_3_2_0Y150.pct,150.0,2612.0,[b],[n],0
26,27,F,25.0,R3_4_4_3_180Y150.pct,150.0,1004.0,[n],[n],1
26,27,F,26.0,R3_4_3_3_180Y50.pct,50.0,1845.0,[n],[n],1
26,27,F,27.0,3_4_3_3_180Y50.pct,50.0,1545.0,[b],[b],1
26,27,F,28.0,3_3_3_3_90Y100.pct,100.0,1919.0,[b],[b],1
26,27,F,29.0,2_4_4_2_180Y0.pct,0.0,1098.0,[b],[b],1
26,27,F,30.0,R3_4_3_2_90Y0.pct,0.0,1270.0,[n],[n],1
26,27,F,31.0,3_3_4_2_0Y150.pct,150.0,5922.0,[b],[b],1
26,27,F,32.0,R3_3_4_2_0Y100.pct,100.0,2646.0,[n],[n],1
26,27,F,33.0,3_3_3_3_180Y50.pct,50.0,1991.0,[b],[b],1
26,27,F,34.0,3_3_4_2_0Y100.pct,100.0,2531.0,[b],[b],1
26,27,F,35.0,3_4_4_3_180Y150.pct,150.0,5373.0,[b],[b],1
26,27,F,36.0,R3_3_3_3_180Y0.pct,0.0,1135.0,[n],[n],1
26,27,F,38.0,R3_3_3_3_180Y150.pct,150.0,3467.0,[n],[n],1
26,27,F,39.0,3_4_3_3_180Y0.pct,0.0,1002.0,[b],[b],1
26,27,F,40.0,R3_3_3_3_90Y50.pct,50.0,1190.0,[n],[n],1
26,27,F,41.0,2_4_4_3_90Y150.pct,150.0,2782.0,[b],[b],1
26,27,F,42.0,R3_4_3_3_180Y0.pct,0.0,1142.0,[n],[n],1
26,27,F,43.0,3_3_3_3_180Y100.pct,100.0,3661.0,[n],[b],0
26,27,F,44.0,R2_3_4_2_90Y150.pct,150.0,2262.0,[n],[n],1
26,27,F,45.0,R2_3_3_2_0Y50.pct,50.0,1345.0,[n],[n],1
26,27,F,46.0,R2_3_4_2_90Y100.pct,100.0,2639.0,[n],[n],1
26,27,F,47.0,3_4_4_3_180Y0.pct,0.0,1259.0,[b],[b],1
26,27,F,48.0,3_4_4_3_180Y50.pct,50.0,1359.0,[b],[b],1
26,27,F,49.0,R2_4_4_2_0Y100.pct,100.0,2689.0,[n],[n],1
26,27,F,50.0,R2_3_3_2_0Y150.pct,150.0,1417.0,[n],[n],1
26,27,F,51.0,3_3_4_2_0Y0.pct,0.0,1144.0,[b],[b],1
26,27,F,52.0,R2_4_4_3_90Y0.pct,0.0,1087.0,[n],[n],1
26,27,F,53.0,3_4_4_3_180Y100.pct,100.0,2620.0,[b],[b],1
26,27,F,54.0,R2_4_4_2_180Y50.pct,50.0,1046.0,[n],[n],1
26,27,F,55.0,3_3_3_2_0Y150.pct,150.0,3141.0,[b],[b],1
26,27,F,56.0,2_4_4_2_0Y50.pct,50.0,1153.0,[b],[b],1
26,27,F,57.0,R2_4_4_2_0Y150.pct,150.0,2143.0,[n],[n],1
26,27,F,58.0,R3_4_3_2_90Y100.pct,100.0,1324.0,[n],[n],1
26,27,F,59.0,2_3_4_2_90Y150.pct,150.0,1536.0,[b],[b],1
26,27,F,60.0,3_4_3_2_90Y100.pct,100.0,2958.0,[b],[b],1
26,27,F,61.0,2_4_4_3_90Y0.pct,0.0,1143.0,[b],[b],1
26,27,F,62.0,R2_4_4_2_180Y0.pct,0.0,1637.0,[n],[n],1
26,27,F,63.0,R2_4_4_3_90Y50.pct,50.0,1783.0,[n],[n],1
26,27,F,64.0,2_4_4_3_90Y50.pct,50.0,2652.0,[b],[b],1
26,27,F,65.0,R2_4_4_2_180Y150.pct,150.0,3243.0,[n],[n],1
26,27,F,66.0,3_3_3_3_90Y0.pct,0.0,1135.0,[b],[b],1
26,27,F,67.0,3_3_3_3_180Y150.pct,150.0,4616.0,[b],[b],1
26,27,F,68.0,R3_3_3_3_90Y0.pct,0.0,918.0,[n],[n],1
26,27,F,69.0,R3_3_3_2_0Y50.pct,50.0,1878.0,[n],[n],1
26,27,F,70.0,2_4_4_2_180Y50.pct,50.0,1621.0,[b],[b],1
26,27,F,71.0,2_4_4_2_0Y100.pct,100.0,1296.0,[b],[b],1
26,27,F,72.0,R3_3_3_2_0Y100.pct,100.0,2889.0,[n],[n],1
26,27,F,73.0,2_3_4_2_90Y100.pct,100.0,1843.0,[b],[b],1
26,27,F,74.0,R3_3_3_3_180Y100.pct,100.0,1910.0,[n],[n],1
26,27,F,75.0,3_3_3_3_90Y150.pct,150.0,3006.0,[b],[b],1
26,27,F,76.0,R3_3_4_2_0Y0.pct,0.0,2883.0,[n],[n],1
26,27,F,77.0,3_3_3_2_0Y0.pct,0.0,2266.0,[b],[b],1
26,27,F,78.0,3_3_3_2_0Y50.pct,50.0,1857.0,[b],[b],1
26,27,F,79.0,R3_3_3_3_180Y50.pct,50.0,1112.0,[n],[n],1
26,27,F,80.0,R3_3_3_3_90Y150.pct,150.0,3257.0,[b],[n],0
26,27,F,81.0,R3_4_4_3_180Y50.pct,50.0,3586.0,[n],[n],1
26,27,F,82.0,2_3_4_2_90Y0.pct,0.0,910.0,[b],[b],1
26,27,F,83.0,R3_3_4_2_0Y150.pct,150.0,2143.0,[n],[n],1
26,27,F,84.0,3_3_4_2_0Y50.pct,50.0,1883.0,[b],[b],1
26,27,F,85.0,2_4_4_2_180Y100.pct,100.0,2350.0,[b],[b],1
26,27,F,86.0,R3_4_4_3_180Y0.pct,0.0,2164.0,[n],[n],1
26,27,F,87.0,3_4_3_3_180Y150.pct,150.0,2962.0,[b],[b],1
26,27,F,88.0,R3_4_4_3_180Y100.pct,100.0,2992.0,[n],[n],1
26,27,F,89.0,R2_3_3_2_0Y100.pct,100.0,2776.0,[n],[n],1
26,27,F,90.0,2_3_3_2_0Y50.pct,50.0,1129.0,[b],[b],1
26,27,F,91.0,2_4_4_2_0Y0.pct,0.0,923.0,[b],[b],1
26,27,F,92.0,3_4_3_2_90Y150.pct,150.0,5046.0,[b],[b],1
26,27,F,93.0,R2_4_4_3_90Y150.pct,150.0,1785.0,[n],[n],1
26,27,F,94.0,R3_4_3_2_90Y50.pct,50.0,1071.0,[n],[n],1
26,27,F,95.0,2_3_3_2_0Y100.pct,100.0,1154.0,[b],[b],1
26,27,F,96.0,R3_3_3_2_0Y0.pct,0.0,3520.0,[n],[n],1
27,19,M,1.0,R2_3_3_2_0Y0.pct,0.0,2823.0,[b],[n],0
27,19,M,2.0,R3_4_3_2_90Y150.pct,150.0,4421.0,[b],[n],0
27,19,M,4.0,3_3_3_2_0Y100.pct,100.0,3352.0,[b],[b],1
27,19,M,5.0,3_3_3_3_90Y50.pct,50.0,2924.0,[b],[b],1
27,19,M,6.0,R2_4_4_2_0Y50.pct,50.0,2554.0,[n],[n],1
27,19,M,7.0,R3_3_3_3_90Y100.pct,100.0,3720.0,[b],[n],0
27,19,M,8.0,2_3_3_2_0Y0.pct,0.0,1636.0,[b],[b],1
27,19,M,9.0,R3_4_3_3_180Y150.pct,150.0,3279.0,[n],[n],1
27,19,M,10.0,2_4_4_2_180Y150.pct,150.0,2454.0,[b],[b],1
27,19,M,11.0,R3_3_4_2_0Y50.pct,50.0,2192.0,[n],[n],1
27,19,M,12.0,R2_3_4_2_90Y0.pct,0.0,2157.0,[n],[n],1
27,19,M,13.0,3_3_3_3_180Y0.pct,0.0,1655.0,[b],[b],1
27,19,M,14.0,R3_4_3_3_180Y100.pct,100.0,2831.0,[n],[n],1
27,19,M,15.0,2_4_4_3_90Y100.pct,100.0,2906.0,[b],[b],1
27,19,M,16.0,3_4_3_2_90Y50.pct,50.0,2042.0,[b],[b],1
27,19,M,17.0,R2_4_4_3_90Y100.pct,100.0,2314.0,[b],[n],0
27,19,M,18.0,2_3_3_2_0Y150.pct,150.0,2026.0,[b],[b],1
27,19,M,19.0,R2_3_4_2_90Y50.pct,50.0,2635.0,[n],[n],1
27,19,M,20.0,2_3_4_2_90Y50.pct,50.0,2094.0,[b],[b],1
27,19,M,21.0,R2_4_4_2_180Y100.pct,100.0,1900.0,[b],[n],0
27,19,M,22.0,R2_4_4_2_0Y0.pct,0.0,1890.0,[n],[n],1
27,19,M,23.0,3_4_3_2_90Y0.pct,0.0,2232.0,[b],[b],1
27,19,M,24.0,R3_3_3_2_0Y150.pct,150.0,2141.0,[b],[n],0
27,19,M,25.0,R3_4_4_3_180Y150.pct,150.0,4082.0,[n],[n],1
27,19,M,26.0,R3_4_3_3_180Y50.pct,50.0,4081.0,[n],[n],1
27,19,M,27.0,3_4_3_3_180Y50.pct,50.0,3277.0,[b],[b],1
27,19,M,28.0,3_3_3_3_90Y100.pct,100.0,3553.0,[b],[b],1
27,19,M,29.0,2_4_4_2_180Y0.pct,0.0,1597.0,[b],[b],1
27,19,M,30.0,R3_4_3_2_90Y0.pct,0.0,1991.0,[n],[n],1
27,19,M,31.0,3_3_4_2_0Y150.pct,150.0,3211.0,[n],[b],0
27,19,M,32.0,R3_3_4_2_0Y100.pct,100.0,2614.0,[n],[n],1
27,19,M,33.0,3_3_3_3_180Y50.pct,50.0,2808.0,[b],[b],1
27,19,M,34.0,3_3_4_2_0Y100.pct,100.0,2947.0,[b],[b],1
27,19,M,35.0,3_4_4_3_180Y150.pct,150.0,3672.0,[b],[b],1
27,19,M,36.0,R3_3_3_3_180Y0.pct,0.0,2385.0,[n],[n],1
27,19,M,37.0,3_4_3_3_180Y100.pct,100.0,2620.0,[n],[b],0
27,19,M,38.0,R3_3_3_3_180Y150.pct,150.0,2477.0,[b],[n],0
27,19,M,39.0,3_4_3_3_180Y0.pct,0.0,1335.0,[b],[b],1
27,19,M,40.0,R3_3_3_3_90Y50.pct,50.0,2004.0,[n],[n],1
27,19,M,41.0,2_4_4_3_90Y150.pct,150.0,2670.0,[n],[b],0
27,19,M,42.0,R3_4_3_3_180Y0.pct,0.0,1719.0,[n],[n],1
27,19,M,43.0,3_3_3_3_180Y100.pct,100.0,2510.0,[b],[b],1
27,19,M,44.0,R2_3_4_2_90Y150.pct,150.0,3084.0,[b],[n],0
27,19,M,45.0,R2_3_3_2_0Y50.pct,50.0,2660.0,[n],[n],1
27,19,M,46.0,R2_3_4_2_90Y100.pct,100.0,2332.0,[b],[n],0
27,19,M,47.0,3_4_4_3_180Y0.pct,0.0,1339.0,[b],[b],1
27,19,M,48.0,3_4_4_3_180Y50.pct,50.0,3543.0,[b],[b],1
27,19,M,49.0,R2_4_4_2_0Y100.pct,100.0,2486.0,[n],[n],1
27,19,M,50.0,R2_3_3_2_0Y150.pct,150.0,3121.0,[b],[n],0
27,19,M,51.0,3_3_4_2_0Y0.pct,0.0,2576.0,[b],[b],1
27,19,M,52.0,R2_4_4_3_90Y0.pct,0.0,2043.0,[n],[n],1
27,19,M,53.0,3_4_4_3_180Y100.pct,100.0,2597.0,[b],[b],1
27,19,M,54.0,R2_4_4_2_180Y50.pct,50.0,2214.0,[n],[n],1
27,19,M,55.0,3_3_3_2_0Y150.pct,150.0,4538.0,[n],[b],0
27,19,M,56.0,2_4_4_2_0Y50.pct,50.0,1743.0,[b],[b],1
27,19,M,57.0,R2_4_4_2_0Y150.pct,150.0,2492.0,[n],[n],1
27,19,M,58.0,R3_4_3_2_90Y100.pct,100.0,2987.0,[n],[n],1
27,19,M,59.0,2_3_4_2_90Y150.pct,150.0,3888.0,[b],[b],1
27,19,M,60.0,3_4_3_2_90Y100.pct,100.0,1863.0,[b],[b],1
27,19,M,61.0,2_4_4_3_90Y0.pct,0.0,1958.0,[b],[b],1
27,19,M,62.0,R2_4_4_2_180Y0.pct,0.0,1930.0,[n],[n],1
27,19,M,63.0,R2_4_4_3_90Y50.pct,50.0,2752.0,[n],[n],1
27,19,M,64.0,2_4_4_3_90Y50.pct,50.0,2765.0,[b],[b],1
27,19,M,65.0,R2_4_4_2_180Y150.pct,150.0,2730.0,[n],[n],1
27,19,M,66.0,3_3_3_3_90Y0.pct,0.0,2033.0,[b],[b],1
27,19,M,67.0,3_3_3_3_180Y150.pct,150.0,2257.0,[b],[b],1
27,19,M,68.0,R3_3_3_3_90Y0.pct,0.0,1610.0,[n],[n],1
27,19,M,69.0,R3_3_3_2_0Y50.pct,50.0,2237.0,[n],[n],1
27,19,M,70.0,2_4_4_2_180Y50.pct,50.0,1382.0,[b],[b],1
27,19,M,71.0,2_4_4_2_0Y100.pct,100.0,1880.0,[b],[b],1
27,19,M,72.0,R3_3_3_2_0Y100.pct,100.0,2608.0,[n],[n],1
27,19,M,73.0,2_3_4_2_90Y100.pct,100.0,2237.0,[b],[b],1
27,19,M,74.0,R3_3_3_3_180Y100.pct,100.0,2550.0,[n],[n],1
27,19,M,75.0,3_3_3_3_90Y150.pct,150.0,1836.0,[b],[b],1
27,19,M,76.0,R3_3_4_2_0Y0.pct,0.0,4357.0,[b],[n],0
27,19,M,77.0,3_3_3_2_0Y0.pct,0.0,4009.0,[b],[b],1
27,19,M,78.0,3_3_3_2_0Y50.pct,50.0,3052.0,[n],[b],0
27,19,M,79.0,R3_3_3_3_180Y50.pct,50.0,3036.0,[n],[n],1
27,19,M,80.0,R3_3_3_3_90Y150.pct,150.0,3670.0,[b],[n],0
27,19,M,81.0,R3_4_4_3_180Y50.pct,50.0,3559.0,[n],[n],1
27,19,M,82.0,2_3_4_2_90Y0.pct,0.0,1932.0,[b],[b],1
27,19,M,83.0,R3_3_4_2_0Y150.pct,150.0,3145.0,[n],[n],1
27,19,M,84.0,3_3_4_2_0Y50.pct,50.0,3110.0,[n],[b],0
27,19,M,85.0,2_4_4_2_180Y100.pct,100.0,2460.0,[b],[b],1
27,19,M,86.0,R3_4_4_3_180Y0.pct,0.0,1749.0,[n],[n],1
27,19,M,87.0,3_4_3_3_180Y150.pct,150.0,3555.0,[b],[b],1
27,19,M,88.0,R3_4_4_3_180Y100.pct,100.0,2776.0,[n],[n],1
27,19,M,89.0,R2_3_3_2_0Y100.pct,100.0,3262.0,[b],[n],0
27,19,M,90.0,2_3_3_2_0Y50.pct,50.0,2500.0,[b],[b],1
27,19,M,91.0,2_4_4_2_0Y0.pct,0.0,1745.0,[b],[b],1
27,19,M,92.0,3_4_3_2_90Y150.pct,150.0,4526.0,[n],[b],0
27,19,M,93.0,R2_4_4_3_90Y150.pct,150.0,2773.0,[b],[n],0
27,19,M,94.0,R3_4_3_2_90Y50.pct,50.0,2008.0,[n],[n],1
27,19,M,95.0,2_3_3_2_0Y100.pct,100.0,2477.0,[b],[b],1
27,19,M,96.0,R3_3_3_2_0Y0.pct,0.0,2083.0,[n],[n],1
28,19,F,1.0,R2_3_3_2_0Y0.pct,0.0,1894.0,[n],[n],1
28,19,F,2.0,R3_4_3_2_90Y150.pct,150.0,3015.0,[n],[n],1
28,19,F,3.0,2_4_4_2_0Y150.pct,150.0,2359.0,[b],[b],1
28,19,F,4.0,3_3_3_2_0Y100.pct,100.0,1638.0,[n],[b],0
28,19,F,5.0,3_3_3_3_90Y50.pct,50.0,2807.0,[b],[b],1
28,19,F,6.0,R2_4_4_2_0Y50.pct,50.0,3106.0,[n],[n],1
28,19,F,7.0,R3_3_3_3_90Y100.pct,100.0,2361.0,[n],[n],1
28,19,F,8.0,2_3_3_2_0Y0.pct,0.0,1200.0,[b],[b],1
28,19,F,9.0,R3_4_3_3_180Y150.pct,150.0,4306.0,[n],[n],1
28,19,F,10.0,2_4_4_2_180Y150.pct,150.0,3367.0,[b],[b],1
28,19,F,11.0,R3_3_4_2_0Y50.pct,50.0,1996.0,[b],[n],0
28,19,F,12.0,R2_3_4_2_90Y0.pct,0.0,1177.0,[n],[n],1
28,19,F,13.0,3_3_3_3_180Y0.pct,0.0,1342.0,[b],[b],1
28,19,F,14.0,R3_4_3_3_180Y100.pct,100.0,4265.0,[n],[n],1
28,19,F,15.0,2_4_4_3_90Y100.pct,100.0,2960.0,[b],[b],1
28,19,F,16.0,3_4_3_2_90Y50.pct,50.0,2364.0,[b],[b],1
28,19,F,17.0,R2_4_4_3_90Y100.pct,100.0,3866.0,[n],[n],1
28,19,F,18.0,2_3_3_2_0Y150.pct,150.0,2771.0,[b],[b],1
28,19,F,19.0,R2_3_4_2_90Y50.pct,50.0,2055.0,[n],[n],1
28,19,F,20.0,2_3_4_2_90Y50.pct,50.0,1912.0,[b],[b],1
28,19,F,21.0,R2_4_4_2_180Y100.pct,100.0,2077.0,[n],[n],1
28,19,F,22.0,R2_4_4_2_0Y0.pct,0.0,1908.0,[n],[n],1
28,19,F,23.0,3_4_3_2_90Y0.pct,0.0,1010.0,[b],[b],1
28,19,F,24.0,R3_3_3_2_0Y150.pct,150.0,6103.0,[n],[n],1
28,19,F,25.0,R3_4_4_3_180Y150.pct,150.0,2188.0,[n],[n],1
28,19,F,26.0,R3_4_3_3_180Y50.pct,50.0,4082.0,[n],[n],1
28,19,F,27.0,3_4_3_3_180Y50.pct,50.0,5328.0,[n],[b],0
28,19,F,28.0,3_3_3_3_90Y100.pct,100.0,2839.0,[b],[b],1
28,19,F,29.0,2_4_4_2_180Y0.pct,0.0,1367.0,[b],[b],1
28,19,F,30.0,R3_4_3_2_90Y0.pct,0.0,2381.0,[n],[n],1
28,19,F,31.0,3_3_4_2_0Y150.pct,150.0,3160.0,[b],[b],1
28,19,F,32.0,R3_3_4_2_0Y100.pct,100.0,6668.0,[n],[n],1
28,19,F,33.0,3_3_3_3_180Y50.pct,50.0,2813.0,[b],[b],1
28,19,F,34.0,3_3_4_2_0Y100.pct,100.0,6993.0,[b],[b],1
28,19,F,35.0,3_4_4_3_180Y150.pct,150.0,4764.0,[b],[b],1
28,19,F,36.0,R3_3_3_3_180Y0.pct,0.0,2296.0,[n],[n],1
28,19,F,37.0,3_4_3_3_180Y100.pct,100.0,2840.0,[b],[b],1
28,19,F,38.0,R3_3_3_3_180Y150.pct,150.0,3265.0,[n],[n],1
28,19,F,39.0,3_4_3_3_180Y0.pct,0.0,1578.0,[b],[b],1
28,19,F,40.0,R3_3_3_3_90Y50.pct,50.0,1789.0,[n],[n],1
28,19,F,41.0,2_4_4_3_90Y150.pct,150.0,2976.0,[b],[b],1
28,19,F,42.0,R3_4_3_3_180Y0.pct,0.0,2221.0,[n],[n],1
28,19,F,43.0,3_3_3_3_180Y100.pct,100.0,3607.0,[b],[b],1
28,19,F,44.0,R2_3_4_2_90Y150.pct,150.0,2818.0,[n],[n],1
28,19,F,45.0,R2_3_3_2_0Y50.pct,50.0,2246.0,[n],[n],1
28,19,F,46.0,R2_3_4_2_90Y100.pct,100.0,2182.0,[n],[n],1
28,19,F,47.0,3_4_4_3_180Y0.pct,0.0,1088.0,[b],[b],1
28,19,F,48.0,3_4_4_3_180Y50.pct,50.0,1890.0,[b],[b],1
28,19,F,49.0,R2_4_4_2_0Y100.pct,100.0,2124.0,[n],[n],1
28,19,F,50.0,R2_3_3_2_0Y150.pct,150.0,1914.0,[n],[n],1
28,19,F,51.0,3_3_4_2_0Y0.pct,0.0,888.0,[b],[b],1
28,19,F,52.0,R2_4_4_3_90Y0.pct,0.0,1152.0,[n],[n],1
28,19,F,53.0,3_4_4_3_180Y100.pct,100.0,2558.0,[b],[b],1
28,19,F,54.0,R2_4_4_2_180Y50.pct,50.0,1080.0,[n],[n],1
28,19,F,55.0,3_3_3_2_0Y150.pct,150.0,4682.0,[n],[b],0
28,19,F,56.0,2_4_4_2_0Y50.pct,50.0,1176.0,[b],[b],1
28,19,F,57.0,R2_4_4_2_0Y150.pct,150.0,1097.0,[n],[n],1
28,19,F,58.0,R3_4_3_2_90Y100.pct,100.0,3443.0,[n],[n],1
28,19,F,59.0,2_3_4_2_90Y150.pct,150.0,1972.0,[b],[b],1
28,19,F,60.0,3_4_3_2_90Y100.pct,100.0,2720.0,[b],[b],1
28,19,F,61.0,2_4_4_3_90Y0.pct,0.0,885.0,[b],[b],1
28,19,F,62.0,R2_4_4_2_180Y0.pct,0.0,2565.0,[n],[n],1
28,19,F,63.0,R2_4_4_3_90Y50.pct,50.0,1177.0,[n],[n],1
28,19,F,64.0,2_4_4_3_90Y50.pct,50.0,1600.0,[b],[b],1
28,19,F,65.0,R2_4_4_2_180Y150.pct,150.0,1992.0,[b],[n],0
28,19,F,66.0,3_3_3_3_90Y0.pct,0.0,1019.0,[b],[b],1
28,19,F,67.0,3_3_3_3_180Y150.pct,150.0,1767.0,[b],[b],1
28,19,F,68.0,R3_3_3_3_90Y0.pct,0.0,843.0,[n],[n],1
28,19,F,69.0,R3_3_3_2_0Y50.pct,50.0,1638.0,[n],[n],1
28,19,F,70.0,2_4_4_2_180Y50.pct,50.0,989.0,[b],[b],1
28,19,F,71.0,2_4_4_2_0Y100.pct,100.0,1304.0,[b],[b],1
28,19,F,72.0,R3_3_3_2_0Y100.pct,100.0,1713.0,[n],[n],1
28,19,F,73.0,2_3_4_2_90Y100.pct,100.0,1262.0,[b],[b],1
28,19,F,74.0,R3_3_3_3_180Y100.pct,100.0,1262.0,[n],[n],1
28,19,F,75.0,3_3_3_3_90Y150.pct,150.0,1510.0,[b],[b],1
28,19,F,76.0,R3_3_4_2_0Y0.pct,0.0,2372.0,[n],[n],1
28,19,F,77.0,3_3_3_2_0Y0.pct,0.0,2399.0,[b],[b],1
28,19,F,78.0,3_3_3_2_0Y50.pct,50.0,3835.0,[b],[b],1
28,19,F,79.0,R3_3_3_3_180Y50.pct,50.0,1236.0,[n],[n],1
28,19,F,80.0,R3_3_3_3_90Y150.pct,150.0,2814.0,[n],[n],1
28,19,F,81.0,R3_4_4_3_180Y50.pct,50.0,3954.0,[n],[n],1
28,19,F,82.0,2_3_4_2_90Y0.pct,0.0,784.0,[b],[b],1
28,19,F,83.0,R3_3_4_2_0Y150.pct,150.0,3212.0,[n],[n],1
28,19,F,84.0,3_3_4_2_0Y50.pct,50.0,6181.0,[b],[b],1
28,19,F,85.0,2_4_4_2_180Y100.pct,100.0,3873.0,[b],[b],1
28,19,F,86.0,R3_4_4_3_180Y0.pct,0.0,3169.0,[n],[n],1
28,19,F,87.0,3_4_3_3_180Y150.pct,150.0,3204.0,[b],[b],1
28,19,F,88.0,R3_4_4_3_180Y100.pct,100.0,2840.0,[n],[n],1
28,19,F,89.0,R2_3_3_2_0Y100.pct,100.0,1667.0,[n],[n],1
28,19,F,90.0,2_3_3_2_0Y50.pct,50.0,1338.0,[b],[b],1
28,19,F,91.0,2_4_4_2_0Y0.pct,0.0,733.0,[b],[b],1
28,19,F,92.0,3_4_3_2_90Y150.pct,150.0,2541.0,[b],[b],1
28,19,F,93.0,R2_4_4_3_90Y150.pct,150.0,3392.0,[b],[n],0
28,19,F,94.0,R3_4_3_2_90Y50.pct,50.0,1940.0,[n],[n],1
28,19,F,95.0,2_3_3_2_0Y100.pct,100.0,1740.0,[b],[b],1
28,19,F,96.0,R3_3_3_2_0Y0.pct,0.0,4048.0,[n],[n],1
29,22,M,1.0,R2_3_3_2_0Y0.pct,0.0,1184.0,[b],[n],0
29,22,M,2.0,R3_4_3_2_90Y150.pct,150.0,3699.0,[n],[n],1
29,22,M,3.0,2_4_4_2_0Y150.pct,150.0,2080.0,[b],[b],1
29,22,M,4.0,3_3_3_2_0Y100.pct,100.0,2437.0,[b],[b],1
29,22,M,5.0,3_3_3_3_90Y50.pct,50.0,1744.0,[b],[b],1
29,22,M,6.0,R2_4_4_2_0Y50.pct,50.0,5516.0,[n],[n],1
29,22,M,7.0,R3_3_3_3_90Y100.pct,100.0,2919.0,[n],[n],1
29,22,M,8.0,2_3_3_2_0Y0.pct,0.0,1161.0,[b],[b],1
29,22,M,9.0,R3_4_3_3_180Y150.pct,150.0,2892.0,[b],[n],0
29,22,M,10.0,2_4_4_2_180Y150.pct,150.0,3100.0,[b],[b],1
29,22,M,12.0,R2_3_4_2_90Y0.pct,0.0,2464.0,[b],[n],0
29,22,M,13.0,3_3_3_3_180Y0.pct,0.0,1591.0,[b],[b],1
29,22,M,14.0,R3_4_3_3_180Y100.pct,100.0,2040.0,[n],[n],1
29,22,M,15.0,2_4_4_3_90Y100.pct,100.0,3884.0,[n],[b],0
29,22,M,16.0,3_4_3_2_90Y50.pct,50.0,3092.0,[b],[b],1
29,22,M,18.0,2_3_3_2_0Y150.pct,150.0,2211.0,[b],[b],1
29,22,M,19.0,R2_3_4_2_90Y50.pct,50.0,2573.0,[n],[n],1
29,22,M,20.0,2_3_4_2_90Y50.pct,50.0,1678.0,[b],[b],1
29,22,M,21.0,R2_4_4_2_180Y100.pct,100.0,2202.0,[n],[n],1
29,22,M,23.0,3_4_3_2_90Y0.pct,0.0,35.0,[n],[b],0
29,22,M,24.0,R3_3_3_2_0Y150.pct,150.0,6246.0,[n],[n],1
29,22,M,25.0,R3_4_4_3_180Y150.pct,150.0,7099.0,[n],[n],1
29,22,M,26.0,R3_4_3_3_180Y50.pct,50.0,2288.0,[n],[n],1
29,22,M,27.0,3_4_3_3_180Y50.pct,50.0,2742.0,[b],[b],1
29,22,M,28.0,3_3_3_3_90Y100.pct,100.0,4906.0,[b],[b],1
29,22,M,29.0,2_4_4_2_180Y0.pct,0.0,1364.0,[b],[b],1
29,22,M,30.0,R3_4_3_2_90Y0.pct,0.0,6054.0,[n],[n],1
29,22,M,31.0,3_3_4_2_0Y150.pct,150.0,5458.0,[b],[b],1
29,22,M,32.0,R3_3_4_2_0Y100.pct,100.0,3912.0,[n],[n],1
29,22,M,33.0,3_3_3_3_180Y50.pct,50.0,5208.0,[b],[b],1
29,22,M,34.0,3_3_4_2_0Y100.pct,100.0,4483.0,[b],[b],1
29,22,M,35.0,3_4_4_3_180Y150.pct,150.0,2828.0,[n],[b],0
29,22,M,36.0,R3_3_3_3_180Y0.pct,0.0,5711.0,[n],[n],1
29,22,M,37.0,3_4_3_3_180Y100.pct,100.0,4133.0,[n],[b],0
29,22,M,38.0,R3_3_3_3_180Y150.pct,150.0,4201.0,[n],[n],1
29,22,M,39.0,3_4_3_3_180Y0.pct,0.0,1956.0,[b],[b],1
29,22,M,40.0,R3_3_3_3_90Y50.pct,50.0,1458.0,[n],[n],1
29,22,M,42.0,R3_4_3_3_180Y0.pct,0.0,2707.0,[n],[n],1
29,22,M,44.0,R2_3_4_2_90Y150.pct,150.0,4129.0,[n],[n],1
29,22,M,45.0,R2_3_3_2_0Y50.pct,50.0,1464.0,[n],[n],1
29,22,M,46.0,R2_3_4_2_90Y100.pct,100.0,3237.0,[b],[n],0
29,22,M,47.0,3_4_4_3_180Y0.pct,0.0,1057.0,[b],[b],1
29,22,M,48.0,3_4_4_3_180Y50.pct,50.0,2522.0,[b],[b],1
29,22,M,49.0,R2_4_4_2_0Y100.pct,100.0,2743.0,[n],[n],1
29,22,M,50.0,R2_3_3_2_0Y150.pct,150.0,3251.0,[n],[n],1
29,22,M,51.0,3_3_4_2_0Y0.pct,0.0,2200.0,[b],[b],1
29,22,M,52.0,R2_4_4_3_90Y0.pct,0.0,1877.0,[n],[n],1
29,22,M,53.0,3_4_4_3_180Y100.pct,100.0,5355.0,[b],[b],1
29,22,M,54.0,R2_4_4_2_180Y50.pct,50.0,1396.0,[n],[n],1
29,22,M,55.0,3_3_3_2_0Y150.pct,150.0,4718.0,[b],[b],1
29,22,M,56.0,2_4_4_2_0Y50.pct,50.0,1163.0,[b],[b],1
29,22,M,57.0,R2_4_4_2_0Y150.pct,150.0,1340.0,[n],[n],1
29,22,M,58.0,R3_4_3_2_90Y100.pct,100.0,4645.0,[n],[n],1
29,22,M,59.0,2_3_4_2_90Y150.pct,150.0,1693.0,[b],[b],1
29,22,M,60.0,3_4_3_2_90Y100.pct,100.0,5268.0,[b],[b],1
29,22,M,61.0,2_4_4_3_90Y0.pct,0.0,943.0,[b],[b],1
29,22,M,62.0,R2_4_4_2_180Y0.pct,0.0,2188.0,[n],[n],1
29,22,M,63.0,R2_4_4_3_90Y50.pct,50.0,2449.0,[n],[n],1
29,22,M,64.0,2_4_4_3_90Y50.pct,50.0,2996.0,[b],[b],1
29,22,M,65.0,R2_4_4_2_180Y150.pct,150.0,2230.0,[n],[n],1
29,22,M,66.0,3_3_3_3_90Y0.pct,0.0,1288.0,[b],[b],1
29,22,M,67.0,3_3_3_3_180Y150.pct,150.0,3581.0,[b],[b],1
29,22,M,68.0,R3_3_3_3_90Y0.pct,0.0,1682.0,[n],[n],1
29,22,M,69.0,R3_3_3_2_0Y50.pct,50.0,1735.0,[n],[n],1
29,22,M,70.0,2_4_4_2_180Y50.pct,50.0,2746.0,[b],[b],1
29,22,M,71.0,2_4_4_2_0Y100.pct,100.0,4088.0,[b],[b],1
29,22,M,72.0,R3_3_3_2_0Y100.pct,100.0,3223.0,[n],[n],1
29,22,M,73.0,2_3_4_2_90Y100.pct,100.0,3245.0,[b],[b],1
29,22,M,74.0,R3_3_3_3_180Y100.pct,100.0,2159.0,[n],[n],1
29,22,M,75.0,3_3_3_3_90Y150.pct,150.0,1822.0,[b],[b],1
29,22,M,76.0,R3_3_4_2_0Y0.pct,0.0,3993.0,[b],[n],0
29,22,M,77.0,3_3_3_2_0Y0.pct,0.0,1651.0,[b],[b],1
29,22,M,78.0,3_3_3_2_0Y50.pct,50.0,4132.0,[b],[b],1
29,22,M,79.0,R3_3_3_3_180Y50.pct,50.0,3978.0,[n],[n],1
29,22,M,80.0,R3_3_3_3_90Y150.pct,150.0,2647.0,[n],[n],1
29,22,M,81.0,R3_4_4_3_180Y50.pct,50.0,5009.0,[b],[n],0
29,22,M,82.0,2_3_4_2_90Y0.pct,0.0,1110.0,[b],[b],1
29,22,M,83.0,R3_3_4_2_0Y150.pct,150.0,3957.0,[n],[n],1
29,22,M,84.0,3_3_4_2_0Y50.pct,50.0,2993.0,[b],[b],1
29,22,M,85.0,2_4_4_2_180Y100.pct,100.0,1983.0,[b],[b],1
29,22,M,86.0,R3_4_4_3_180Y0.pct,0.0,2146.0,[n],[n],1
29,22,M,87.0,3_4_3_3_180Y150.pct,150.0,1681.0,[b],[b],1
29,22,M,88.0,R3_4_4_3_180Y100.pct,100.0,3754.0,[n],[n],1
29,22,M,89.0,R2_3_3_2_0Y100.pct,100.0,3568.0,[n],[n],1
29,22,M,90.0,2_3_3_2_0Y50.pct,50.0,1052.0,[b],[b],1
29,22,M,91.0,2_4_4_2_0Y0.pct,0.0,1229.0,[b],[b],1
29,22,M,92.0,3_4_3_2_90Y150.pct,150.0,1418.0,[b],[b],1
29,22,M,93.0,R2_4_4_3_90Y150.pct,150.0,1925.0,[n],[n],1
29,22,M,94.0,R3_4_3_2_90Y50.pct,50.0,1655.0,[n],[n],1
29,22,M,95.0,2_3_3_2_0Y100.pct,100.0,2080.0,[b],[b],1
29,22,M,96.0,R3_3_3_2_0Y0.pct,0.0,1407.0,[b],[n],0
30,24,F,1.0,R2_3_3_2_0Y0.pct,0.0,4032.0,[n],[n],1
30,24,F,2.0,R3_4_3_2_90Y150.pct,150.0,7398.0,[n],[n],1
30,24,F,3.0,2_4_4_2_0Y150.pct,150.0,4936.0,[b],[b],1
30,24,F,4.0,3_3_3_2_0Y100.pct,100.0,6965.0,[b],[b],1
30,24,F,5.0,3_3_3_3_90Y50.pct,50.0,2697.0,[b],[b],1
30,24,F,6.0,R2_4_4_2_0Y50.pct,50.0,5159.0,[n],[n],1
30,24,F,8.0,2_3_3_2_0Y0.pct,0.0,1531.0,[b],[b],1
30,24,F,9.0,R3_4_3_3_180Y150.pct,150.0,6920.0,[n],[n],1
30,24,F,10.0,2_4_4_2_180Y150.pct,150.0,2878.0,[n],[b],0
30,24,F,11.0,R3_3_4_2_0Y50.pct,50.0,4503.0,[n],[n],1
30,24,F,12.0,R2_3_4_2_90Y0.pct,0.0,1626.0,[b],[n],0
30,24,F,13.0,3_3_3_3_180Y0.pct,0.0,1612.0,[b],[b],1
30,24,F,14.0,R3_4_3_3_180Y100.pct,100.0,3052.0,[n],[n],1
30,24,F,15.0,2_4_4_3_90Y100.pct,100.0,2775.0,[b],[b],1
30,24,F,16.0,3_4_3_2_90Y50.pct,50.0,2035.0,[b],[b],1
30,24,F,18.0,2_3_3_2_0Y150.pct,150.0,2959.0,[b],[b],1
30,24,F,19.0,R2_3_4_2_90Y50.pct,50.0,4585.0,[n],[n],1
30,24,F,20.0,2_3_4_2_90Y50.pct,50.0,1508.0,[b],[b],1
30,24,F,21.0,R2_4_4_2_180Y100.pct,100.0,5709.0,[n],[n],1
30,24,F,22.0,R2_4_4_2_0Y0.pct,0.0,1857.0,[n],[n],1
30,24,F,23.0,3_4_3_2_90Y0.pct,0.0,1202.0,[b],[b],1
30,24,F,25.0,R3_4_4_3_180Y150.pct,150.0,2932.0,[n],[n],1
30,24,F,26.0,R3_4_3_3_180Y50.pct,50.0,1774.0,[n],[n],1
30,24,F,27.0,3_4_3_3_180Y50.pct,50.0,2656.0,[n],[b],0
30,24,F,28.0,3_3_3_3_90Y100.pct,100.0,5120.0,[b],[b],1
30,24,F,29.0,2_4_4_2_180Y0.pct,0.0,1585.0,[b],[b],1
30,24,F,30.0,R3_4_3_2_90Y0.pct,0.0,1682.0,[n],[n],1
30,24,F,31.0,3_3_4_2_0Y150.pct,150.0,2661.0,[n],[b],0
30,24,F,32.0,R3_3_4_2_0Y100.pct,100.0,6347.0,[n],[n],1
30,24,F,33.0,3_3_3_3_180Y50.pct,50.0,1776.0,[b],[b],1
30,24,F,34.0,3_3_4_2_0Y100.pct,100.0,3108.0,[b],[b],1
30,24,F,36.0,R3_3_3_3_180Y0.pct,0.0,1341.0,[n],[n],1
30,24,F,37.0,3_4_3_3_180Y100.pct,100.0,1787.0,[b],[b],1
30,24,F,38.0,R3_3_3_3_180Y150.pct,150.0,4508.0,[n],[n],1
30,24,F,39.0,3_4_3_3_180Y0.pct,0.0,1210.0,[b],[b],1
30,24,F,40.0,R3_3_3_3_90Y50.pct,50.0,1455.0,[n],[n],1
30,24,F,41.0,2_4_4_3_90Y150.pct,150.0,4860.0,[b],[b],1
30,24,F,42.0,R3_4_3_3_180Y0.pct,0.0,1792.0,[n],[n],1
30,24,F,43.0,3_3_3_3_180Y100.pct,100.0,2276.0,[b],[b],1
30,24,F,44.0,R2_3_4_2_90Y150.pct,150.0,4142.0,[n],[n],1
30,24,F,45.0,R2_3_3_2_0Y50.pct,50.0,2645.0,[n],[n],1
30,24,F,46.0,R2_3_4_2_90Y100.pct,100.0,4938.0,[n],[n],1
30,24,F,47.0,3_4_4_3_180Y0.pct,0.0,1018.0,[b],[b],1
30,24,F,48.0,3_4_4_3_180Y50.pct,50.0,1362.0,[b],[b],1
30,24,F,49.0,R2_4_4_2_0Y100.pct,100.0,2057.0,[n],[n],1
30,24,F,50.0,R2_3_3_2_0Y150.pct,150.0,2642.0,[n],[n],1
30,24,F,51.0,3_3_4_2_0Y0.pct,0.0,1304.0,[b],[b],1
30,24,F,52.0,R2_4_4_3_90Y0.pct,0.0,1875.0,[n],[n],1
30,24,F,53.0,3_4_4_3_180Y100.pct,100.0,6751.0,[b],[b],1
30,24,F,54.0,R2_4_4_2_180Y50.pct,50.0,1338.0,[n],[n],1
30,24,F,56.0,2_4_4_2_0Y50.pct,50.0,1491.0,[b],[b],1
30,24,F,57.0,R2_4_4_2_0Y150.pct,150.0,4117.0,[n],[n],1
30,24,F,58.0,R3_4_3_2_90Y100.pct,100.0,3418.0,[n],[n],1
30,24,F,59.0,2_3_4_2_90Y150.pct,150.0,2459.0,[b],[b],1
30,24,F,60.0,3_4_3_2_90Y100.pct,100.0,2372.0,[b],[b],1
30,24,F,61.0,2_4_4_3_90Y0.pct,0.0,1293.0,[b],[b],1
30,24,F,62.0,R2_4_4_2_180Y0.pct,0.0,1098.0,[n],[n],1
30,24,F,63.0,R2_4_4_3_90Y50.pct,50.0,7027.0,[n],[n],1
30,24,F,64.0,2_4_4_3_90Y50.pct,50.0,1595.0,[b],[b],1
30,24,F,65.0,R2_4_4_2_180Y150.pct,150.0,3319.0,[n],[n],1
30,24,F,66.0,3_3_3_3_90Y0.pct,0.0,971.0,[b],[b],1
30,24,F,67.0,3_3_3_3_180Y150.pct,150.0,3854.0,[b],[b],1
30,24,F,68.0,R3_3_3_3_90Y0.pct,0.0,1257.0,[n],[n],1
30,24,F,69.0,R3_3_3_2_0Y50.pct,50.0,1381.0,[n],[n],1
30,24,F,70.0,2_4_4_2_180Y50.pct,50.0,1118.0,[b],[b],1
30,24,F,71.0,2_4_4_2_0Y100.pct,100.0,2399.0,[b],[b],1
30,24,F,72.0,R3_3_3_2_0Y100.pct,100.0,5052.0,[n],[n],1
30,24,F,73.0,2_3_4_2_90Y100.pct,100.0,2526.0,[b],[b],1
30,24,F,74.0,R3_3_3_3_180Y100.pct,100.0,6902.0,[n],[n],1
30,24,F,75.0,3_3_3_3_90Y150.pct,150.0,6613.0,[b],[b],1
30,24,F,76.0,R3_3_4_2_0Y0.pct,0.0,2570.0,[n],[n],1
30,24,F,77.0,3_3_3_2_0Y0.pct,0.0,2942.0,[b],[b],1
30,24,F,78.0,3_3_3_2_0Y50.pct,50.0,5172.0,[b],[b],1
30,24,F,79.0,R3_3_3_3_180Y50.pct,50.0,1184.0,[n],[n],1
30,24,F,80.0,R3_3_3_3_90Y150.pct,150.0,6067.0,[n],[n],1
30,24,F,81.0,R3_4_4_3_180Y50.pct,50.0,4803.0,[n],[n],1
30,24,F,82.0,2_3_4_2_90Y0.pct,0.0,952.0,[b],[b],1
30,24,F,83.0,R3_3_4_2_0Y150.pct,150.0,4471.0,[n],[n],1
30,24,F,84.0,3_3_4_2_0Y50.pct,50.0,2133.0,[b],[b],1
30,24,F,85.0,2_4_4_2_180Y100.pct,100.0,3389.0,[b],[b],1
30,24,F,86.0,R3_4_4_3_180Y0.pct,0.0,6410.0,[n],[n],1
30,24,F,87.0,3_4_3_3_180Y150.pct,150.0,2950.0,[b],[b],1
30,24,F,88.0,R3_4_4_3_180Y100.pct,100.0,5319.0,[n],[n],1
30,24,F,89.0,R2_3_3_2_0Y100.pct,100.0,3553.0,[n],[n],1
30,24,F,90.0,2_3_3_2_0Y50.pct,50.0,2700.0,[b],[b],1
30,24,F,91.0,2_4_4_2_0Y0.pct,0.0,1319.0,[b],[b],1
30,24,F,92.0,3_4_3_2_90Y150.pct,150.0,3370.0,[b],[b],1
30,24,F,93.0,R2_4_4_3_90Y150.pct,150.0,5478.0,[n],[n],1
30,24,F,94.0,R3_4_3_2_90Y50.pct,50.0,1410.0,[n],[n],1
30,24,F,95.0,2_3_3_2_0Y100.pct,100.0,2024.0,[b],[b],1
30,24,F,96.0,R3_3_3_2_0Y0.pct,0.0,4951.0,[n],[n],1
31,26,M,1.0,R2_3_3_2_0Y0.pct,0.0,1550.0,[n],[n],1
31,26,M,2.0,R3_4_3_2_90Y150.pct,150.0,2543.0,[b],[n],0
31,26,M,3.0,2_4_4_2_0Y150.pct,150.0,3691.0,[b],[b],1
31,26,M,4.0,3_3_3_2_0Y100.pct,100.0,5219.0,[b],[b],1
31,26,M,5.0,3_3_3_3_90Y50.pct,50.0,2847.0,[b],[b],1
31,26,M,6.0,R2_4_4_2_0Y50.pct,50.0,3319.0,[n],[n],1
31,26,M,7.0,R3_3_3_3_90Y100.pct,100.0,5294.0,[n],[n],1
31,26,M,8.0,2_3_3_2_0Y0.pct,0.0,1291.0,[b],[b],1
31,26,M,9.0,R3_4_3_3_180Y150.pct,150.0,6158.0,[n],[n],1
31,26,M,10.0,2_4_4_2_180Y150.pct,150.0,4976.0,[b],[b],1
31,26,M,11.0,R3_3_4_2_0Y50.pct,50.0,5118.0,[n],[n],1
31,26,M,12.0,R2_3_4_2_90Y0.pct,0.0,3166.0,[n],[n],1
31,26,M,13.0,3_3_3_3_180Y0.pct,0.0,1256.0,[b],[b],1
31,26,M,14.0,R3_4_3_3_180Y100.pct,100.0,4410.0,[n],[n],1
31,26,M,16.0,3_4_3_2_90Y50.pct,50.0,2442.0,[b],[b],1
31,26,M,17.0,R2_4_4_3_90Y100.pct,100.0,7294.0,[n],[n],1
31,26,M,18.0,2_3_3_2_0Y150.pct,150.0,7374.0,[b],[b],1
31,26,M,20.0,2_3_4_2_90Y50.pct,50.0,4346.0,[b],[b],1
31,26,M,21.0,R2_4_4_2_180Y100.pct,100.0,3773.0,[n],[n],1
31,26,M,22.0,R2_4_4_2_0Y0.pct,0.0,2607.0,[n],[n],1
31,26,M,23.0,3_4_3_2_90Y0.pct,0.0,1211.0,[b],[b],1
31,26,M,24.0,R3_3_3_2_0Y150.pct,150.0,4169.0,[b],[n],0
31,26,M,25.0,R3_4_4_3_180Y150.pct,150.0,4291.0,[n],[n],1
31,26,M,26.0,R3_4_3_3_180Y50.pct,50.0,2969.0,[n],[n],1
31,26,M,27.0,3_4_3_3_180Y50.pct,50.0,6448.0,[n],[b],0
31,26,M,28.0,3_3_3_3_90Y100.pct,100.0,2913.0,[b],[b],1
31,26,M,29.0,2_4_4_2_180Y0.pct,0.0,1429.0,[b],[b],1
31,26,M,30.0,R3_4_3_2_90Y0.pct,0.0,3336.0,[n],[n],1
31,26,M,31.0,3_3_4_2_0Y150.pct,150.0,4685.0,[b],[b],1
31,26,M,32.0,R3_3_4_2_0Y100.pct,100.0,5126.0,[n],[n],1
31,26,M,33.0,3_3_3_3_180Y50.pct,50.0,3500.0,[b],[b],1
31,26,M,34.0,3_3_4_2_0Y100.pct,100.0,2916.0,[b],[b],1
31,26,M,35.0,3_4_4_3_180Y150.pct,150.0,5787.0,[n],[b],0
31,26,M,36.0,R3_3_3_3_180Y0.pct,0.0,1894.0,[n],[n],1
31,26,M,37.0,3_4_3_3_180Y100.pct,100.0,2494.0,[b],[b],1
31,26,M,38.0,R3_3_3_3_180Y150.pct,150.0,5402.0,[b],[n],0
31,26,M,39.0,3_4_3_3_180Y0.pct,0.0,1504.0,[b],[b],1
31,26,M,40.0,R3_3_3_3_90Y50.pct,50.0,1518.0,[n],[n],1
31,26,M,41.0,2_4_4_3_90Y150.pct,150.0,3580.0,[b],[b],1
31,26,M,42.0,R3_4_3_3_180Y0.pct,0.0,1848.0,[n],[n],1
31,26,M,43.0,3_3_3_3_180Y100.pct,100.0,4499.0,[b],[b],1
31,26,M,44.0,R2_3_4_2_90Y150.pct,150.0,4698.0,[n],[n],1
31,26,M,45.0,R2_3_3_2_0Y50.pct,50.0,1610.0,[n],[n],1
31,26,M,47.0,3_4_4_3_180Y0.pct,0.0,1442.0,[b],[b],1
31,26,M,48.0,3_4_4_3_180Y50.pct,50.0,2603.0,[b],[b],1
31,26,M,49.0,R2_4_4_2_0Y100.pct,100.0,2779.0,[n],[n],1
31,26,M,50.0,R2_3_3_2_0Y150.pct,150.0,3532.0,[n],[n],1
31,26,M,51.0,3_3_4_2_0Y0.pct,0.0,1248.0,[b],[b],1
31,26,M,52.0,R2_4_4_3_90Y0.pct,0.0,2111.0,[n],[n],1
31,26,M,53.0,3_4_4_3_180Y100.pct,100.0,4562.0,[b],[b],1
31,26,M,54.0,R2_4_4_2_180Y50.pct,50.0,1459.0,[n],[n],1
31,26,M,55.0,3_3_3_2_0Y150.pct,150.0,5263.0,[b],[b],1
31,26,M,56.0,2_4_4_2_0Y50.pct,50.0,3996.0,[b],[b],1
31,26,M,57.0,R2_4_4_2_0Y150.pct,150.0,3937.0,[n],[n],1
31,26,M,58.0,R3_4_3_2_90Y100.pct,100.0,3879.0,[n],[n],1
31,26,M,59.0,2_3_4_2_90Y150.pct,150.0,5681.0,[b],[b],1
31,26,M,60.0,3_4_3_2_90Y100.pct,100.0,4022.0,[b],[b],1
31,26,M,61.0,2_4_4_3_90Y0.pct,0.0,1368.0,[b],[b],1
31,26,M,62.0,R2_4_4_2_180Y0.pct,0.0,3966.0,[n],[n],1
31,26,M,63.0,R2_4_4_3_90Y50.pct,50.0,1617.0,[n],[n],1
31,26,M,64.0,2_4_4_3_90Y50.pct,50.0,2876.0,[b],[b],1
31,26,M,65.0,R2_4_4_2_180Y150.pct,150.0,4212.0,[n],[n],1
31,26,M,66.0,3_3_3_3_90Y0.pct,0.0,1004.0,[b],[b],1
31,26,M,67.0,3_3_3_3_180Y150.pct,150.0,4978.0,[n],[b],0
31,26,M,68.0,R3_3_3_3_90Y0.pct,0.0,3877.0,[n],[n],1
31,26,M,69.0,R3_3_3_2_0Y50.pct,50.0,1590.0,[n],[n],1
31,26,M,70.0,2_4_4_2_180Y50.pct,50.0,2986.0,[b],[b],1
31,26,M,71.0,2_4_4_2_0Y100.pct,100.0,7299.0,[n],[b],0
31,26,M,72.0,R3_3_3_2_0Y100.pct,100.0,3338.0,[n],[n],1
31,26,M,74.0,R3_3_3_3_180Y100.pct,100.0,2945.0,[n],[n],1
31,26,M,75.0,3_3_3_3_90Y150.pct,150.0,3743.0,[b],[b],1
31,26,M,76.0,R3_3_4_2_0Y0.pct,0.0,2354.0,[n],[n],1
31,26,M,77.0,3_3_3_2_0Y0.pct,0.0,1687.0,[b],[b],1
31,26,M,78.0,3_3_3_2_0Y50.pct,50.0,6769.0,[b],[b],1
31,26,M,79.0,R3_3_3_3_180Y50.pct,50.0,2139.0,[n],[n],1
31,26,M,80.0,R3_3_3_3_90Y150.pct,150.0,2609.0,[b],[n],0
31,26,M,81.0,R3_4_4_3_180Y50.pct,50.0,5357.0,[b],[n],0
31,26,M,82.0,2_3_4_2_90Y0.pct,0.0,1081.0,[b],[b],1
31,26,M,83.0,R3_3_4_2_0Y150.pct,150.0,4818.0,[n],[n],1
31,26,M,84.0,3_3_4_2_0Y50.pct,50.0,2922.0,[b],[b],1
31,26,M,85.0,2_4_4_2_180Y100.pct,100.0,5705.0,[b],[b],1
31,26,M,86.0,R3_4_4_3_180Y0.pct,0.0,3559.0,[n],[n],1
31,26,M,87.0,3_4_3_3_180Y150.pct,150.0,5294.0,[n],[b],0
31,26,M,88.0,R3_4_4_3_180Y100.pct,100.0,6204.0,[n],[n],1
31,26,M,89.0,R2_3_3_2_0Y100.pct,100.0,4347.0,[b],[n],0
31,26,M,90.0,2_3_3_2_0Y50.pct,50.0,4469.0,[b],[b],1
31,26,M,91.0,2_4_4_2_0Y0.pct,0.0,884.0,[b],[b],1
31,26,M,92.0,3_4_3_2_90Y150.pct,150.0,3982.0,[b],[b],1
31,26,M,93.0,R2_4_4_3_90Y150.pct,150.0,4601.0,[n],[n],1
31,26,M,94.0,R3_4_3_2_90Y50.pct,50.0,1596.0,[n],[n],1
31,26,M,95.0,2_3_3_2_0Y100.pct,100.0,5137.0,[n],[b],0
31,26,M,96.0,R3_3_3_2_0Y0.pct,0.0,2070.0,[n],[n],1
32,24,F,1.0,R2_3_3_2_0Y0.pct,0.0,6150.0,[n],[n],1
32,24,F,2.0,R3_4_3_2_90Y150.pct,150.0,4895.0,[n],[n],1
32,24,F,3.0,2_4_4_2_0Y150.pct,150.0,2134.0,[b],[b],1
32,24,F,4.0,3_3_3_2_0Y100.pct,100.0,4117.0,[b],[b],1
32,24,F,5.0,3_3_3_3_90Y50.pct,50.0,3010.0,[b],[b],1
32,24,F,6.0,R2_4_4_2_0Y50.pct,50.0,4412.0,[n],[n],1
32,24,F,8.0,2_3_3_2_0Y0.pct,0.0,1782.0,[b],[b],1
32,24,F,9.0,R3_4_3_3_180Y150.pct,150.0,3708.0,[n],[n],1
32,24,F,10.0,2_4_4_2_180Y150.pct,150.0,3272.0,[b],[b],1
32,24,F,11.0,R3_3_4_2_0Y50.pct,50.0,3692.0,[n],[n],1
32,24,F,12.0,R2_3_4_2_90Y0.pct,0.0,2915.0,[n],[n],1
32,24,F,13.0,3_3_3_3_180Y0.pct,0.0,1470.0,[b],[b],1
32,24,F,14.0,R3_4_3_3_180Y100.pct,100.0,2417.0,[n],[n],1
32,24,F,15.0,2_4_4_3_90Y100.pct,100.0,4307.0,[b],[b],1
32,24,F,16.0,3_4_3_2_90Y50.pct,50.0,2744.0,[b],[b],1
32,24,F,17.0,R2_4_4_3_90Y100.pct,100.0,3646.0,[n],[n],1
32,24,F,18.0,2_3_3_2_0Y150.pct,150.0,2289.0,[b],[b],1
32,24,F,19.0,R2_3_4_2_90Y50.pct,50.0,2609.0,[n],[n],1
32,24,F,20.0,2_3_4_2_90Y50.pct,50.0,1947.0,[b],[b],1
32,24,F,21.0,R2_4_4_2_180Y100.pct,100.0,3525.0,[n],[n],1
32,24,F,22.0,R2_4_4_2_0Y0.pct,0.0,1747.0,[n],[n],1
32,24,F,23.0,3_4_3_2_90Y0.pct,0.0,2135.0,[b],[b],1
32,24,F,24.0,R3_3_3_2_0Y150.pct,150.0,2745.0,[n],[n],1
32,24,F,25.0,R3_4_4_3_180Y150.pct,150.0,4276.0,[n],[n],1
32,24,F,26.0,R3_4_3_3_180Y50.pct,50.0,2154.0,[n],[n],1
32,24,F,27.0,3_4_3_3_180Y50.pct,50.0,1736.0,[b],[b],1
32,24,F,28.0,3_3_3_3_90Y100.pct,100.0,3319.0,[b],[b],1
32,24,F,29.0,2_4_4_2_180Y0.pct,0.0,1588.0,[b],[b],1
32,24,F,30.0,R3_4_3_2_90Y0.pct,0.0,2327.0,[n],[n],1
32,24,F,31.0,3_3_4_2_0Y150.pct,150.0,2682.0,[n],[b],0
32,24,F,32.0,R3_3_4_2_0Y100.pct,100.0,2687.0,[n],[n],1
32,24,F,33.0,3_3_3_3_180Y50.pct,50.0,1622.0,[b],[b],1
32,24,F,34.0,3_3_4_2_0Y100.pct,100.0,1951.0,[b],[b],1
32,24,F,35.0,3_4_4_3_180Y150.pct,150.0,3053.0,[b],[b],1
32,24,F,36.0,R3_3_3_3_180Y0.pct,0.0,2423.0,[n],[n],1
32,24,F,37.0,3_4_3_3_180Y100.pct,100.0,3256.0,[b],[b],1
32,24,F,38.0,R3_3_3_3_180Y150.pct,150.0,2985.0,[n],[n],1
32,24,F,39.0,3_4_3_3_180Y0.pct,0.0,1285.0,[b],[b],1
32,24,F,40.0,R3_3_3_3_90Y50.pct,50.0,2589.0,[b],[n],0
32,24,F,41.0,2_4_4_3_90Y150.pct,150.0,3976.0,[n],[b],0
32,24,F,42.0,R3_4_3_3_180Y0.pct,0.0,2180.0,[n],[n],1
32,24,F,43.0,3_3_3_3_180Y100.pct,100.0,2368.0,[b],[b],1
32,24,F,44.0,R2_3_4_2_90Y150.pct,150.0,3292.0,[n],[n],1
32,24,F,45.0,R2_3_3_2_0Y50.pct,50.0,3158.0,[n],[n],1
32,24,F,46.0,R2_3_4_2_90Y100.pct,100.0,3417.0,[n],[n],1
32,24,F,47.0,3_4_4_3_180Y0.pct,0.0,1132.0,[b],[b],1
32,24,F,48.0,3_4_4_3_180Y50.pct,50.0,1289.0,[b],[b],1
32,24,F,49.0,R2_4_4_2_0Y100.pct,100.0,4102.0,[n],[n],1
32,24,F,50.0,R2_3_3_2_0Y150.pct,150.0,2171.0,[n],[n],1
32,24,F,51.0,3_3_4_2_0Y0.pct,0.0,1150.0,[b],[b],1
32,24,F,52.0,R2_4_4_3_90Y0.pct,0.0,2124.0,[n],[n],1
32,24,F,53.0,3_4_4_3_180Y100.pct,100.0,3386.0,[b],[b],1
32,24,F,54.0,R2_4_4_2_180Y50.pct,50.0,1451.0,[n],[n],1
32,24,F,55.0,3_3_3_2_0Y150.pct,150.0,2214.0,[b],[b],1
32,24,F,56.0,2_4_4_2_0Y50.pct,50.0,1255.0,[b],[b],1
32,24,F,57.0,R2_4_4_2_0Y150.pct,150.0,1336.0,[n],[n],1
32,24,F,58.0,R3_4_3_2_90Y100.pct,100.0,2982.0,[n],[n],1
32,24,F,59.0,2_3_4_2_90Y150.pct,150.0,2122.0,[b],[b],1
32,24,F,60.0,3_4_3_2_90Y100.pct,100.0,2192.0,[b],[b],1
32,24,F,61.0,2_4_4_3_90Y0.pct,0.0,946.0,[b],[b],1
32,24,F,62.0,R2_4_4_2_180Y0.pct,0.0,2160.0,[n],[n],1
32,24,F,63.0,R2_4_4_3_90Y50.pct,50.0,2250.0,[n],[n],1
32,24,F,64.0,2_4_4_3_90Y50.pct,50.0,1644.0,[b],[b],1
32,24,F,65.0,R2_4_4_2_180Y150.pct,150.0,3303.0,[n],[n],1
32,24,F,66.0,3_3_3_3_90Y0.pct,0.0,1636.0,[b],[b],1
32,24,F,67.0,3_3_3_3_180Y150.pct,150.0,2631.0,[b],[b],1
32,24,F,68.0,R3_3_3_3_90Y0.pct,0.0,4490.0,[n],[n],1
32,24,F,69.0,R3_3_3_2_0Y50.pct,50.0,3394.0,[n],[n],1
32,24,F,70.0,2_4_4_2_180Y50.pct,50.0,1250.0,[b],[b],1
32,24,F,71.0,2_4_4_2_0Y100.pct,100.0,2107.0,[b],[b],1
32,24,F,72.0,R3_3_3_2_0Y100.pct,100.0,4020.0,[n],[n],1
32,24,F,73.0,2_3_4_2_90Y100.pct,100.0,2055.0,[b],[b],1
32,24,F,74.0,R3_3_3_3_180Y100.pct,100.0,3038.0,[n],[n],1
32,24,F,75.0,3_3_3_3_90Y150.pct,150.0,3376.0,[b],[b],1
32,24,F,76.0,R3_3_4_2_0Y0.pct,0.0,6773.0,[n],[n],1
32,24,F,77.0,3_3_3_2_0Y0.pct,0.0,1113.0,[b],[b],1
32,24,F,78.0,3_3_3_2_0Y50.pct,50.0,1673.0,[b],[b],1
32,24,F,79.0,R3_3_3_3_180Y50.pct,50.0,3582.0,[n],[n],1
32,24,F,80.0,R3_3_3_3_90Y150.pct,150.0,3363.0,[b],[n],0
32,24,F,81.0,R3_4_4_3_180Y50.pct,50.0,2400.0,[n],[n],1
32,24,F,82.0,2_3_4_2_90Y0.pct,0.0,899.0,[b],[b],1
32,24,F,83.0,R3_3_4_2_0Y150.pct,150.0,2050.0,[n],[n],1
32,24,F,84.0,3_3_4_2_0Y50.pct,50.0,3074.0,[n],[b],0
32,24,F,85.0,2_4_4_2_180Y100.pct,100.0,1762.0,[b],[b],1
32,24,F,86.0,R3_4_4_3_180Y0.pct,0.0,2014.0,[n],[n],1
32,24,F,87.0,3_4_3_3_180Y150.pct,150.0,2498.0,[b],[b],1
32,24,F,88.0,R3_4_4_3_180Y100.pct,100.0,1880.0,[n],[n],1
32,24,F,89.0,R2_3_3_2_0Y100.pct,100.0,3001.0,[n],[n],1
32,24,F,90.0,2_3_3_2_0Y50.pct,50.0,1612.0,[b],[b],1
32,24,F,91.0,2_4_4_2_0Y0.pct,0.0,947.0,[b],[b],1
32,24,F,92.0,3_4_3_2_90Y150.pct,150.0,2162.0,[b],[b],1
32,24,F,93.0,R2_4_4_3_90Y150.pct,150.0,2853.0,[n],[n],1
32,24,F,94.0,R3_4_3_2_90Y50.pct,50.0,2398.0,[n],[n],1
32,24,F,95.0,2_3_3_2_0Y100.pct,100.0,2268.0,[b],[b],1
32,24,F,96.0,R3_3_3_2_0Y0.pct,0.0,2283.0,[n],[n],1
33,20,F,1.0,R2_3_3_2_0Y0.pct,0.0,2933.0,[n],[n],1
33,20,F,2.0,R3_4_3_2_90Y150.pct,150.0,2232.0,[n],[n],1
33,20,F,3.0,2_4_4_2_0Y150.pct,150.0,1396.0,[b],[b],1
33,20,F,4.0,3_3_3_2_0Y100.pct,100.0,2302.0,[n],[b],0
33,20,F,5.0,3_3_3_3_90Y50.pct,50.0,2837.0,[b],[b],1
33,20,F,6.0,R2_4_4_2_0Y50.pct,50.0,2975.0,[n],[n],1
33,20,F,7.0,R3_3_3_3_90Y100.pct,100.0,2451.0,[n],[n],1
33,20,F,8.0,2_3_3_2_0Y0.pct,0.0,1331.0,[b],[b],1
33,20,F,9.0,R3_4_3_3_180Y150.pct,150.0,5970.0,[n],[n],1
33,20,F,10.0,2_4_4_2_180Y150.pct,150.0,2710.0,[b],[b],1
33,20,F,11.0,R3_3_4_2_0Y50.pct,50.0,3157.0,[n],[n],1
33,20,F,12.0,R2_3_4_2_90Y0.pct,0.0,1682.0,[n],[n],1
33,20,F,13.0,3_3_3_3_180Y0.pct,0.0,1112.0,[b],[b],1
33,20,F,14.0,R3_4_3_3_180Y100.pct,100.0,3048.0,[n],[n],1
33,20,F,15.0,2_4_4_3_90Y100.pct,100.0,2295.0,[b],[b],1
33,20,F,16.0,3_4_3_2_90Y50.pct,50.0,1768.0,[n],[b],0
33,20,F,17.0,R2_4_4_3_90Y100.pct,100.0,1236.0,[n],[n],1
33,20,F,18.0,2_3_3_2_0Y150.pct,150.0,3230.0,[b],[b],1
33,20,F,19.0,R2_3_4_2_90Y50.pct,50.0,3376.0,[n],[n],1
33,20,F,20.0,2_3_4_2_90Y50.pct,50.0,1076.0,[b],[b],1
33,20,F,21.0,R2_4_4_2_180Y100.pct,100.0,1524.0,[n],[n],1
33,20,F,22.0,R2_4_4_2_0Y0.pct,0.0,966.0,[b],[n],0
33,20,F,23.0,3_4_3_2_90Y0.pct,0.0,2172.0,[b],[b],1
33,20,F,24.0,R3_3_3_2_0Y150.pct,150.0,3618.0,[n],[n],1
33,20,F,25.0,R3_4_4_3_180Y150.pct,150.0,4434.0,[n],[n],1
33,20,F,26.0,R3_4_3_3_180Y50.pct,50.0,3124.0,[n],[n],1
33,20,F,27.0,3_4_3_3_180Y50.pct,50.0,2636.0,[b],[b],1
33,20,F,28.0,3_3_3_3_90Y100.pct,100.0,2453.0,[b],[b],1
33,20,F,29.0,2_4_4_2_180Y0.pct,0.0,2028.0,[b],[b],1
33,20,F,30.0,R3_4_3_2_90Y0.pct,0.0,1607.0,[n],[n],1
33,20,F,31.0,3_3_4_2_0Y150.pct,150.0,1466.0,[n],[b],0
33,20,F,33.0,3_3_3_3_180Y50.pct,50.0,2624.0,[b],[b],1
33,20,F,34.0,3_3_4_2_0Y100.pct,100.0,2460.0,[n],[b],0
33,20,F,35.0,3_4_4_3_180Y150.pct,150.0,2499.0,[b],[b],1
33,20,F,36.0,R3_3_3_3_180Y0.pct,0.0,1394.0,[n],[n],1
33,20,F,37.0,3_4_3_3_180Y100.pct,100.0,2022.0,[b],[b],1
33,20,F,38.0,R3_3_3_3_180Y150.pct,150.0,2520.0,[n],[n],1
33,20,F,39.0,3_4_3_3_180Y0.pct,0.0,1039.0,[b],[b],1
33,20,F,40.0,R3_3_3_3_90Y50.pct,50.0,1600.0,[n],[n],1
33,20,F,41.0,2_4_4_3_90Y150.pct,150.0,1545.0,[b],[b],1
33,20,F,42.0,R3_4_3_3_180Y0.pct,0.0,2432.0,[n],[n],1
33,20,F,43.0,3_3_3_3_180Y100.pct,100.0,2186.0,[b],[b],1
33,20,F,44.0,R2_3_4_2_90Y150.pct,150.0,1460.0,[n],[n],1
33,20,F,45.0,R2_3_3_2_0Y50.pct,50.0,1678.0,[n],[n],1
33,20,F,46.0,R2_3_4_2_90Y100.pct,100.0,1606.0,[n],[n],1
33,20,F,47.0,3_4_4_3_180Y0.pct,0.0,1127.0,[b],[b],1
33,20,F,48.0,3_4_4_3_180Y50.pct,50.0,1150.0,[b],[b],1
33,20,F,49.0,R2_4_4_2_0Y100.pct,100.0,1164.0,[b],[n],0
33,20,F,50.0,R2_3_3_2_0Y150.pct,150.0,1165.0,[n],[n],1
33,20,F,51.0,3_3_4_2_0Y0.pct,0.0,1304.0,[b],[b],1
33,20,F,52.0,R2_4_4_3_90Y0.pct,0.0,997.0,[n],[n],1
33,20,F,53.0,3_4_4_3_180Y100.pct,100.0,1897.0,[b],[b],1
33,20,F,54.0,R2_4_4_2_180Y50.pct,50.0,926.0,[n],[n],1
33,20,F,55.0,3_3_3_2_0Y150.pct,150.0,2175.0,[b],[b],1
33,20,F,56.0,2_4_4_2_0Y50.pct,50.0,928.0,[b],[b],1
33,20,F,57.0,R2_4_4_2_0Y150.pct,150.0,1527.0,[b],[n],0
33,20,F,58.0,R3_4_3_2_90Y100.pct,100.0,1100.0,[n],[n],1
33,20,F,59.0,2_3_4_2_90Y150.pct,150.0,1549.0,[b],[b],1
33,20,F,60.0,3_4_3_2_90Y100.pct,100.0,1456.0,[n],[b],0
33,20,F,61.0,2_4_4_3_90Y0.pct,0.0,816.0,[b],[b],1
33,20,F,62.0,R2_4_4_2_180Y0.pct,0.0,884.0,[n],[n],1
33,20,F,63.0,R2_4_4_3_90Y50.pct,50.0,1122.0,[n],[n],1
33,20,F,64.0,2_4_4_3_90Y50.pct,50.0,1063.0,[b],[b],1
33,20,F,65.0,R2_4_4_2_180Y150.pct,150.0,1706.0,[n],[n],1
33,20,F,66.0,3_3_3_3_90Y0.pct,0.0,1248.0,[b],[b],1
33,20,F,67.0,3_3_3_3_180Y150.pct,150.0,1552.0,[b],[b],1
33,20,F,68.0,R3_3_3_3_90Y0.pct,0.0,803.0,[n],[n],1
33,20,F,69.0,R3_3_3_2_0Y50.pct,50.0,2346.0,[n],[n],1
33,20,F,70.0,2_4_4_2_180Y50.pct,50.0,1192.0,[b],[b],1
33,20,F,71.0,2_4_4_2_0Y100.pct,100.0,1063.0,[b],[b],1
33,20,F,72.0,R3_3_3_2_0Y100.pct,100.0,2202.0,[n],[n],1
33,20,F,73.0,2_3_4_2_90Y100.pct,100.0,1196.0,[b],[b],1
33,20,F,74.0,R3_3_3_3_180Y100.pct,100.0,1535.0,[n],[n],1
33,20,F,75.0,3_3_3_3_90Y150.pct,150.0,2659.0,[b],[b],1
33,20,F,76.0,R3_3_4_2_0Y0.pct,0.0,2403.0,[b],[n],0
33,20,F,77.0,3_3_3_2_0Y0.pct,0.0,1503.0,[b],[b],1
33,20,F,78.0,3_3_3_2_0Y50.pct,50.0,1423.0,[n],[b],0
33,20,F,79.0,R3_3_3_3_180Y50.pct,50.0,1959.0,[n],[n],1
33,20,F,80.0,R3_3_3_3_90Y150.pct,150.0,1923.0,[b],[n],0
33,20,F,81.0,R3_4_4_3_180Y50.pct,50.0,1699.0,[n],[n],1
33,20,F,82.0,2_3_4_2_90Y0.pct,0.0,1073.0,[b],[b],1
33,20,F,83.0,R3_3_4_2_0Y150.pct,150.0,5513.0,[n],[n],1
33,20,F,84.0,3_3_4_2_0Y50.pct,50.0,1718.0,[b],[b],1
33,20,F,85.0,2_4_4_2_180Y100.pct,100.0,1510.0,[b],[b],1
33,20,F,86.0,R3_4_4_3_180Y0.pct,0.0,2651.0,[n],[n],1
33,20,F,87.0,3_4_3_3_180Y150.pct,150.0,3366.0,[b],[b],1
33,20,F,88.0,R3_4_4_3_180Y100.pct,100.0,2793.0,[n],[n],1
33,20,F,89.0,R2_3_3_2_0Y100.pct,100.0,1597.0,[n],[n],1
33,20,F,90.0,2_3_3_2_0Y50.pct,50.0,1328.0,[b],[b],1
33,20,F,91.0,2_4_4_2_0Y0.pct,0.0,828.0,[b],[b],1
33,20,F,92.0,3_4_3_2_90Y150.pct,150.0,2095.0,[b],[b],1
33,20,F,93.0,R2_4_4_3_90Y150.pct,150.0,2125.0,[n],[n],1
33,20,F,94.0,R3_4_3_2_90Y50.pct,50.0,1226.0,[n],[n],1
33,20,F,95.0,2_3_3_2_0Y100.pct,100.0,2783.0,[b],[b],1
33,20,F,96.0,R3_3_3_2_0Y0.pct,0.0,1017.0,[n],[n],1
34,25,M,1.0,R2_3_3_2_0Y0.pct,0.0,3855.0,[n],[n],1
34,25,M,2.0,R3_4_3_2_90Y150.pct,150.0,6735.0,[b],[n],0
34,25,M,3.0,2_4_4_2_0Y150.pct,150.0,6563.0,[b],[b],1
34,25,M,5.0,3_3_3_3_90Y50.pct,50.0,4259.0,[b],[b],1
34,25,M,6.0,R2_4_4_2_0Y50.pct,50.0,4506.0,[n],[n],1
34,25,M,7.0,R3_3_3_3_90Y100.pct,100.0,5170.0,[n],[n],1
34,25,M,8.0,2_3_3_2_0Y0.pct,0.0,1661.0,[b],[b],1
34,25,M,9.0,R3_4_3_3_180Y150.pct,150.0,3550.0,[n],[n],1
34,25,M,10.0,2_4_4_2_180Y150.pct,150.0,3355.0,[b],[b],1
34,25,M,11.0,R3_3_4_2_0Y50.pct,50.0,7113.0,[n],[n],1
34,25,M,12.0,R2_3_4_2_90Y0.pct,0.0,1817.0,[n],[n],1
34,25,M,13.0,3_3_3_3_180Y0.pct,0.0,1960.0,[b],[b],1
34,25,M,14.0,R3_4_3_3_180Y100.pct,100.0,2663.0,[n],[n],1
34,25,M,15.0,2_4_4_3_90Y100.pct,100.0,3598.0,[b],[b],1
34,25,M,16.0,3_4_3_2_90Y50.pct,50.0,2498.0,[b],[b],1
34,25,M,17.0,R2_4_4_3_90Y100.pct,100.0,5498.0,[n],[n],1
34,25,M,18.0,2_3_3_2_0Y150.pct,150.0,3745.0,[b],[b],1
34,25,M,19.0,R2_3_4_2_90Y50.pct,50.0,3911.0,[n],[n],1
34,25,M,20.0,2_3_4_2_90Y50.pct,50.0,2917.0,[b],[b],1
34,25,M,21.0,R2_4_4_2_180Y100.pct,100.0,2970.0,[n],[n],1
34,25,M,22.0,R2_4_4_2_0Y0.pct,0.0,2599.0,[n],[n],1
34,25,M,23.0,3_4_3_2_90Y0.pct,0.0,2896.0,[b],[b],1
34,25,M,24.0,R3_3_3_2_0Y150.pct,150.0,6058.0,[n],[n],1
34,25,M,25.0,R3_4_4_3_180Y150.pct,150.0,2106.0,[n],[n],1
34,25,M,26.0,R3_4_3_3_180Y50.pct,50.0,2303.0,[n],[n],1
34,25,M,27.0,3_4_3_3_180Y50.pct,50.0,3463.0,[b],[b],1
34,25,M,28.0,3_3_3_3_90Y100.pct,100.0,5825.0,[b],[b],1
34,25,M,29.0,2_4_4_2_180Y0.pct,0.0,1489.0,[b],[b],1
34,25,M,30.0,R3_4_3_2_90Y0.pct,0.0,1271.0,[n],[n],1
34,25,M,31.0,3_3_4_2_0Y150.pct,150.0,7249.0,[b],[b],1
34,25,M,32.0,R3_3_4_2_0Y100.pct,100.0,6091.0,[n],[n],1
34,25,M,33.0,3_3_3_3_180Y50.pct,50.0,4416.0,[b],[b],1
34,25,M,34.0,3_3_4_2_0Y100.pct,100.0,4685.0,[n],[b],0
34,25,M,35.0,3_4_4_3_180Y150.pct,150.0,6293.0,[b],[b],1
34,25,M,36.0,R3_3_3_3_180Y0.pct,0.0,2548.0,[n],[n],1
34,25,M,37.0,3_4_3_3_180Y100.pct,100.0,3225.0,[b],[b],1
34,25,M,38.0,R3_3_3_3_180Y150.pct,150.0,1858.0,[n],[n],1
34,25,M,39.0,3_4_3_3_180Y0.pct,0.0,1995.0,[b],[b],1
34,25,M,40.0,R3_3_3_3_90Y50.pct,50.0,1278.0,[n],[n],1
34,25,M,41.0,2_4_4_3_90Y150.pct,150.0,3580.0,[b],[b],1
34,25,M,42.0,R3_4_3_3_180Y0.pct,0.0,1881.0,[n],[n],1
34,25,M,43.0,3_3_3_3_180Y100.pct,100.0,3753.0,[b],[b],1
34,25,M,44.0,R2_3_4_2_90Y150.pct,150.0,5375.0,[n],[n],1
34,25,M,45.0,R2_3_3_2_0Y50.pct,50.0,3020.0,[n],[n],1
34,25,M,46.0,R2_3_4_2_90Y100.pct,100.0,4565.0,[n],[n],1
34,25,M,47.0,3_4_4_3_180Y0.pct,0.0,1442.0,[b],[b],1
34,25,M,48.0,3_4_4_3_180Y50.pct,50.0,2699.0,[b],[b],1
34,25,M,49.0,R2_4_4_2_0Y100.pct,100.0,2492.0,[n],[n],1
34,25,M,50.0,R2_3_3_2_0Y150.pct,150.0,3164.0,[b],[n],0
34,25,M,51.0,3_3_4_2_0Y0.pct,0.0,1832.0,[b],[b],1
34,25,M,52.0,R2_4_4_3_90Y0.pct,0.0,1608.0,[n],[n],1
34,25,M,53.0,3_4_4_3_180Y100.pct,100.0,2564.0,[b],[b],1
34,25,M,54.0,R2_4_4_2_180Y50.pct,50.0,1911.0,[n],[n],1
34,25,M,55.0,3_3_3_2_0Y150.pct,150.0,4023.0,[n],[b],0
34,25,M,56.0,2_4_4_2_0Y50.pct,50.0,1415.0,[b],[b],1
34,25,M,57.0,R2_4_4_2_0Y150.pct,150.0,1843.0,[n],[n],1
34,25,M,58.0,R3_4_3_2_90Y100.pct,100.0,3666.0,[n],[n],1
34,25,M,59.0,2_3_4_2_90Y150.pct,150.0,3124.0,[b],[b],1
34,25,M,60.0,3_4_3_2_90Y100.pct,100.0,3312.0,[b],[b],1
34,25,M,61.0,2_4_4_3_90Y0.pct,0.0,1686.0,[b],[b],1
34,25,M,62.0,R2_4_4_2_180Y0.pct,0.0,1285.0,[n],[n],1
34,25,M,63.0,R2_4_4_3_90Y50.pct,50.0,2053.0,[n],[n],1
34,25,M,64.0,2_4_4_3_90Y50.pct,50.0,2134.0,[b],[b],1
34,25,M,65.0,R2_4_4_2_180Y150.pct,150.0,2909.0,[n],[n],1
34,25,M,66.0,3_3_3_3_90Y0.pct,0.0,1812.0,[b],[b],1
34,25,M,67.0,3_3_3_3_180Y150.pct,150.0,3700.0,[b],[b],1
34,25,M,68.0,R3_3_3_3_90Y0.pct,0.0,1181.0,[n],[n],1
34,25,M,69.0,R3_3_3_2_0Y50.pct,50.0,2373.0,[n],[n],1
34,25,M,70.0,2_4_4_2_180Y50.pct,50.0,1722.0,[b],[b],1
34,25,M,71.0,2_4_4_2_0Y100.pct,100.0,1513.0,[b],[b],1
34,25,M,72.0,R3_3_3_2_0Y100.pct,100.0,4528.0,[n],[n],1
34,25,M,73.0,2_3_4_2_90Y100.pct,100.0,1575.0,[b],[b],1
34,25,M,74.0,R3_3_3_3_180Y100.pct,100.0,3658.0,[n],[n],1
34,25,M,75.0,3_3_3_3_90Y150.pct,150.0,2139.0,[b],[b],1
34,25,M,76.0,R3_3_4_2_0Y0.pct,0.0,5103.0,[n],[n],1
34,25,M,77.0,3_3_3_2_0Y0.pct,0.0,1887.0,[b],[b],1
34,25,M,78.0,3_3_3_2_0Y50.pct,50.0,2679.0,[b],[b],1
34,25,M,79.0,R3_3_3_3_180Y50.pct,50.0,1884.0,[n],[n],1
34,25,M,80.0,R3_3_3_3_90Y150.pct,150.0,4413.0,[n],[n],1
34,25,M,81.0,R3_4_4_3_180Y50.pct,50.0,3975.0,[n],[n],1
34,25,M,82.0,2_3_4_2_90Y0.pct,0.0,987.0,[b],[b],1
34,25,M,83.0,R3_3_4_2_0Y150.pct,150.0,2753.0,[n],[n],1
34,25,M,84.0,3_3_4_2_0Y50.pct,50.0,4100.0,[b],[b],1
34,25,M,85.0,2_4_4_2_180Y100.pct,100.0,1955.0,[b],[b],1
34,25,M,86.0,R3_4_4_3_180Y0.pct,0.0,3154.0,[b],[n],0
34,25,M,87.0,3_4_3_3_180Y150.pct,150.0,4062.0,[b],[b],1
34,25,M,88.0,R3_4_4_3_180Y100.pct,100.0,2792.0,[n],[n],1
34,25,M,89.0,R2_3_3_2_0Y100.pct,100.0,6500.0,[n],[n],1
34,25,M,90.0,2_3_3_2_0Y50.pct,50.0,2849.0,[b],[b],1
34,25,M,91.0,2_4_4_2_0Y0.pct,0.0,1200.0,[b],[b],1
34,25,M,92.0,3_4_3_2_90Y150.pct,150.0,2612.0,[b],[b],1
34,25,M,93.0,R2_4_4_3_90Y150.pct,150.0,4527.0,[n],[n],1
34,25,M,94.0,R3_4_3_2_90Y50.pct,50.0,2858.0,[n],[n],1
34,25,M,95.0,2_3_3_2_0Y100.pct,100.0,1759.0,[b],[b],1
34,25,M,96.0,R3_3_3_2_0Y0.pct,0.0,2899.0,[n],[n],1
35,25,F,1.0,R2_3_3_2_0Y0.pct,0.0,5076.0,[n],[n],1
35,25,F,2.0,R3_4_3_2_90Y150.pct,150.0,3696.0,[n],[n],1
35,25,F,3.0,2_4_4_2_0Y150.pct,150.0,3384.0,[b],[b],1
35,25,F,4.0,3_3_3_2_0Y100.pct,100.0,5059.0,[b],[b],1
35,25,F,5.0,3_3_3_3_90Y50.pct,50.0,3252.0,[b],[b],1
35,25,F,6.0,R2_4_4_2_0Y50.pct,50.0,4557.0,[n],[n],1
35,25,F,8.0,2_3_3_2_0Y0.pct,0.0,1712.0,[b],[b],1
35,25,F,9.0,R3_4_3_3_180Y150.pct,150.0,6402.0,[n],[n],1
35,25,F,10.0,2_4_4_2_180Y150.pct,150.0,4571.0,[b],[b],1
35,25,F,11.0,R3_3_4_2_0Y50.pct,50.0,5753.0,[n],[n],1
35,25,F,12.0,R2_3_4_2_90Y0.pct,0.0,2062.0,[n],[n],1
35,25,F,13.0,3_3_3_3_180Y0.pct,0.0,1659.0,[b],[b],1
35,25,F,14.0,R3_4_3_3_180Y100.pct,100.0,3863.0,[n],[n],1
35,25,F,15.0,2_4_4_3_90Y100.pct,100.0,2727.0,[b],[b],1
35,25,F,16.0,3_4_3_2_90Y50.pct,50.0,3684.0,[b],[b],1
35,25,F,17.0,R2_4_4_3_90Y100.pct,100.0,3684.0,[n],[n],1
35,25,F,18.0,2_3_3_2_0Y150.pct,150.0,3749.0,[b],[b],1
35,25,F,19.0,R2_3_4_2_90Y50.pct,50.0,3483.0,[n],[n],1
35,25,F,20.0,2_3_4_2_90Y50.pct,50.0,3458.0,[b],[b],1
35,25,F,21.0,R2_4_4_2_180Y100.pct,100.0,3243.0,[n],[n],1
35,25,F,22.0,R2_4_4_2_0Y0.pct,0.0,2985.0,[n],[n],1
35,25,F,23.0,3_4_3_2_90Y0.pct,0.0,2124.0,[b],[b],1
35,25,F,24.0,R3_3_3_2_0Y150.pct,150.0,4359.0,[n],[n],1
35,25,F,25.0,R3_4_4_3_180Y150.pct,150.0,3561.0,[n],[n],1
35,25,F,26.0,R3_4_3_3_180Y50.pct,50.0,4413.0,[n],[n],1
35,25,F,27.0,3_4_3_3_180Y50.pct,50.0,5264.0,[b],[b],1
35,25,F,28.0,3_3_3_3_90Y100.pct,100.0,4626.0,[b],[b],1
35,25,F,29.0,2_4_4_2_180Y0.pct,0.0,1233.0,[b],[b],1
35,25,F,30.0,R3_4_3_2_90Y0.pct,0.0,2636.0,[n],[n],1
35,25,F,31.0,3_3_4_2_0Y150.pct,150.0,3087.0,[b],[b],1
35,25,F,32.0,R3_3_4_2_0Y100.pct,100.0,5358.0,[n],[n],1
35,25,F,33.0,3_3_3_3_180Y50.pct,50.0,2561.0,[b],[b],1
35,25,F,34.0,3_3_4_2_0Y100.pct,100.0,3800.0,[b],[b],1
35,25,F,35.0,3_4_4_3_180Y150.pct,150.0,4707.0,[n],[b],0
35,25,F,36.0,R3_3_3_3_180Y0.pct,0.0,1320.0,[n],[n],1
35,25,F,37.0,3_4_3_3_180Y100.pct,100.0,4622.0,[b],[b],1
35,25,F,38.0,R3_3_3_3_180Y150.pct,150.0,2560.0,[n],[n],1
35,25,F,39.0,3_4_3_3_180Y0.pct,0.0,1926.0,[b],[b],1
35,25,F,40.0,R3_3_3_3_90Y50.pct,50.0,2307.0,[n],[n],1
35,25,F,41.0,2_4_4_3_90Y150.pct,150.0,3298.0,[b],[b],1
35,25,F,42.0,R3_4_3_3_180Y0.pct,0.0,1617.0,[n],[n],1
35,25,F,43.0,3_3_3_3_180Y100.pct,100.0,5730.0,[b],[b],1
35,25,F,44.0,R2_3_4_2_90Y150.pct,150.0,3011.0,[n],[n],1
35,25,F,45.0,R2_3_3_2_0Y50.pct,50.0,2661.0,[n],[n],1
35,25,F,46.0,R2_3_4_2_90Y100.pct,100.0,3813.0,[n],[n],1
35,25,F,47.0,3_4_4_3_180Y0.pct,0.0,1495.0,[b],[b],1
35,25,F,48.0,3_4_4_3_180Y50.pct,50.0,2093.0,[b],[b],1
35,25,F,49.0,R2_4_4_2_0Y100.pct,100.0,2774.0,[n],[n],1
35,25,F,50.0,R2_3_3_2_0Y150.pct,150.0,3036.0,[n],[n],1
35,25,F,51.0,3_3_4_2_0Y0.pct,0.0,1316.0,[b],[b],1
35,25,F,52.0,R2_4_4_3_90Y0.pct,0.0,2371.0,[n],[n],1
35,25,F,53.0,3_4_4_3_180Y100.pct,100.0,2489.0,[b],[b],1
35,25,F,54.0,R2_4_4_2_180Y50.pct,50.0,1350.0,[n],[n],1
35,25,F,55.0,3_3_3_2_0Y150.pct,150.0,4596.0,[b],[b],1
35,25,F,56.0,2_4_4_2_0Y50.pct,50.0,1200.0,[b],[b],1
35,25,F,57.0,R2_4_4_2_0Y150.pct,150.0,3850.0,[n],[n],1
35,25,F,58.0,R3_4_3_2_90Y100.pct,100.0,3820.0,[n],[n],1
35,25,F,59.0,2_3_4_2_90Y150.pct,150.0,1494.0,[b],[b],1
35,25,F,60.0,3_4_3_2_90Y100.pct,100.0,2260.0,[b],[b],1
35,25,F,61.0,2_4_4_3_90Y0.pct,0.0,957.0,[b],[b],1
35,25,F,62.0,R2_4_4_2_180Y0.pct,0.0,1386.0,[n],[n],1
35,25,F,63.0,R2_4_4_3_90Y50.pct,50.0,3780.0,[n],[n],1
35,25,F,64.0,2_4_4_3_90Y50.pct,50.0,1695.0,[b],[b],1
35,25,F,65.0,R2_4_4_2_180Y150.pct,150.0,2400.0,[n],[n],1
35,25,F,66.0,3_3_3_3_90Y0.pct,0.0,2242.0,[b],[b],1
35,25,F,67.0,3_3_3_3_180Y150.pct,150.0,1651.0,[n],[b],0
35,25,F,68.0,R3_3_3_3_90Y0.pct,0.0,1789.0,[n],[n],1
35,25,F,69.0,R3_3_3_2_0Y50.pct,50.0,2945.0,[n],[n],1
35,25,F,70.0,2_4_4_2_180Y50.pct,50.0,1211.0,[b],[b],1
35,25,F,71.0,2_4_4_2_0Y100.pct,100.0,1350.0,[b],[b],1
35,25,F,72.0,R3_3_3_2_0Y100.pct,100.0,3468.0,[n],[n],1
35,25,F,73.0,2_3_4_2_90Y100.pct,100.0,2693.0,[b],[b],1
35,25,F,74.0,R3_3_3_3_180Y100.pct,100.0,1852.0,[n],[n],1
35,25,F,75.0,3_3_3_3_90Y150.pct,150.0,1452.0,[b],[b],1
35,25,F,76.0,R3_3_4_2_0Y0.pct,0.0,3551.0,[n],[n],1
35,25,F,77.0,3_3_3_2_0Y0.pct,0.0,1828.0,[b],[b],1
35,25,F,78.0,3_3_3_2_0Y50.pct,50.0,3211.0,[b],[b],1
35,25,F,79.0,R3_3_3_3_180Y50.pct,50.0,1734.0,[n],[n],1
35,25,F,80.0,R3_3_3_3_90Y150.pct,150.0,4243.0,[n],[n],1
35,25,F,81.0,R3_4_4_3_180Y50.pct,50.0,3023.0,[n],[n],1
35,25,F,82.0,2_3_4_2_90Y0.pct,0.0,970.0,[b],[b],1
35,25,F,83.0,R3_3_4_2_0Y150.pct,150.0,2501.0,[n],[n],1
35,25,F,84.0,3_3_4_2_0Y50.pct,50.0,3010.0,[b],[b],1
35,25,F,85.0,2_4_4_2_180Y100.pct,100.0,2821.0,[b],[b],1
35,25,F,86.0,R3_4_4_3_180Y0.pct,0.0,1961.0,[n],[n],1
35,25,F,87.0,3_4_3_3_180Y150.pct,150.0,5621.0,[b],[b],1
35,25,F,88.0,R3_4_4_3_180Y100.pct,100.0,2176.0,[n],[n],1
35,25,F,89.0,R2_3_3_2_0Y100.pct,100.0,1819.0,[n],[n],1
35,25,F,90.0,2_3_3_2_0Y50.pct,50.0,1598.0,[b],[b],1
35,25,F,91.0,2_4_4_2_0Y0.pct,0.0,1072.0,[b],[b],1
35,25,F,92.0,3_4_3_2_90Y150.pct,150.0,3952.0,[b],[b],1
35,25,F,93.0,R2_4_4_3_90Y150.pct,150.0,2381.0,[n],[n],1
35,25,F,94.0,R3_4_3_2_90Y50.pct,50.0,4743.0,[n],[n],1
35,25,F,95.0,2_3_3_2_0Y100.pct,100.0,1567.0,[b],[b],1
35,25,F,96.0,R3_3_3_2_0Y0.pct,0.0,5018.0,[n],[n],1
36,18,F,1.0,R2_3_3_2_0Y0.pct,0.0,2733.0,[n],[n],1
36,18,F,2.0,R3_4_3_2_90Y150.pct,150.0,2313.0,[n],[n],1
36,18,F,3.0,2_4_4_2_0Y150.pct,150.0,2248.0,[n],[b],0
36,18,F,4.0,3_3_3_2_0Y100.pct,100.0,3640.0,[b],[b],1
36,18,F,5.0,3_3_3_3_90Y50.pct,50.0,2674.0,[n],[b],0
36,18,F,6.0,R2_4_4_2_0Y50.pct,50.0,1859.0,[n],[n],1
36,18,F,7.0,R3_3_3_3_90Y100.pct,100.0,2614.0,[n],[n],1
36,18,F,8.0,2_3_3_2_0Y0.pct,0.0,1587.0,[b],[b],1
36,18,F,9.0,R3_4_3_3_180Y150.pct,150.0,4480.0,[n],[n],1
36,18,F,10.0,2_4_4_2_180Y150.pct,150.0,2446.0,[b],[b],1
36,18,F,11.0,R3_3_4_2_0Y50.pct,50.0,2562.0,[n],[n],1
36,18,F,12.0,R2_3_4_2_90Y0.pct,0.0,1446.0,[n],[n],1
36,18,F,13.0,3_3_3_3_180Y0.pct,0.0,1301.0,[b],[b],1
36,18,F,14.0,R3_4_3_3_180Y100.pct,100.0,2700.0,[n],[n],1
36,18,F,15.0,2_4_4_3_90Y100.pct,100.0,2296.0,[b],[b],1
36,18,F,16.0,3_4_3_2_90Y50.pct,50.0,1941.0,[n],[b],0
36,18,F,17.0,R2_4_4_3_90Y100.pct,100.0,1775.0,[n],[n],1
36,18,F,18.0,2_3_3_2_0Y150.pct,150.0,1687.0,[b],[b],1
36,18,F,19.0,R2_3_4_2_90Y50.pct,50.0,2429.0,[n],[n],1
36,18,F,20.0,2_3_4_2_90Y50.pct,50.0,1644.0,[b],[b],1
36,18,F,21.0,R2_4_4_2_180Y100.pct,100.0,2325.0,[n],[n],1
36,18,F,22.0,R2_4_4_2_0Y0.pct,0.0,1761.0,[n],[n],1
36,18,F,23.0,3_4_3_2_90Y0.pct,0.0,1109.0,[b],[b],1
36,18,F,24.0,R3_3_3_2_0Y150.pct,150.0,3535.0,[n],[n],1
36,18,F,25.0,R3_4_4_3_180Y150.pct,150.0,3553.0,[n],[n],1
36,18,F,26.0,R3_4_3_3_180Y50.pct,50.0,2180.0,[n],[n],1
36,18,F,27.0,3_4_3_3_180Y50.pct,50.0,1458.0,[b],[b],1
36,18,F,28.0,3_3_3_3_90Y100.pct,100.0,2001.0,[b],[b],1
36,18,F,29.0,2_4_4_2_180Y0.pct,0.0,1081.0,[b],[b],1
36,18,F,30.0,R3_4_3_2_90Y0.pct,0.0,2343.0,[n],[n],1
36,18,F,31.0,3_3_4_2_0Y150.pct,150.0,4065.0,[b],[b],1
36,18,F,32.0,R3_3_4_2_0Y100.pct,100.0,3188.0,[n],[n],1
36,18,F,33.0,3_3_3_3_180Y50.pct,50.0,2673.0,[b],[b],1
36,18,F,34.0,3_3_4_2_0Y100.pct,100.0,2572.0,[b],[b],1
36,18,F,35.0,3_4_4_3_180Y150.pct,150.0,4624.0,[b],[b],1
36,18,F,36.0,R3_3_3_3_180Y0.pct,0.0,1719.0,[n],[n],1
36,18,F,37.0,3_4_3_3_180Y100.pct,100.0,4689.0,[b],[b],1
36,18,F,38.0,R3_3_3_3_180Y150.pct,150.0,4391.0,[b],[n],0
36,18,F,39.0,3_4_3_3_180Y0.pct,0.0,1162.0,[b],[b],1
36,18,F,40.0,R3_3_3_3_90Y50.pct,50.0,1470.0,[n],[n],1
36,18,F,41.0,2_4_4_3_90Y150.pct,150.0,4128.0,[b],[b],1
36,18,F,42.0,R3_4_3_3_180Y0.pct,0.0,1204.0,[n],[n],1
36,18,F,43.0,3_3_3_3_180Y100.pct,100.0,4111.0,[b],[b],1
36,18,F,44.0,R2_3_4_2_90Y150.pct,150.0,2728.0,[b],[n],0
36,18,F,45.0,R2_3_3_2_0Y50.pct,50.0,1245.0,[n],[n],1
36,18,F,46.0,R2_3_4_2_90Y100.pct,100.0,2071.0,[n],[n],1
36,18,F,47.0,3_4_4_3_180Y0.pct,0.0,1390.0,[b],[b],1
36,18,F,48.0,3_4_4_3_180Y50.pct,50.0,3024.0,[b],[b],1
36,18,F,49.0,R2_4_4_2_0Y100.pct,100.0,1828.0,[n],[n],1
36,18,F,50.0,R2_3_3_2_0Y150.pct,150.0,2453.0,[n],[n],1
36,18,F,51.0,3_3_4_2_0Y0.pct,0.0,1255.0,[b],[b],1
36,18,F,52.0,R2_4_4_3_90Y0.pct,0.0,1125.0,[n],[n],1
36,18,F,53.0,3_4_4_3_180Y100.pct,100.0,2900.0,[b],[b],1
36,18,F,54.0,R2_4_4_2_180Y50.pct,50.0,1705.0,[n],[n],1
36,18,F,55.0,3_3_3_2_0Y150.pct,150.0,6553.0,[b],[b],1
36,18,F,56.0,2_4_4_2_0Y50.pct,50.0,1206.0,[b],[b],1
36,18,F,57.0,R2_4_4_2_0Y150.pct,150.0,2896.0,[n],[n],1
36,18,F,58.0,R3_4_3_2_90Y100.pct,100.0,3775.0,[n],[n],1
36,18,F,59.0,2_3_4_2_90Y150.pct,150.0,2108.0,[b],[b],1
36,18,F,60.0,3_4_3_2_90Y100.pct,100.0,2369.0,[b],[b],1
36,18,F,61.0,2_4_4_3_90Y0.pct,0.0,973.0,[b],[b],1
36,18,F,62.0,R2_4_4_2_180Y0.pct,0.0,1168.0,[n],[n],1
36,18,F,63.0,R2_4_4_3_90Y50.pct,50.0,3365.0,[n],[n],1
36,18,F,64.0,2_4_4_3_90Y50.pct,50.0,1488.0,[b],[b],1
36,18,F,65.0,R2_4_4_2_180Y150.pct,150.0,2887.0,[n],[n],1
36,18,F,66.0,3_3_3_3_90Y0.pct,0.0,974.0,[b],[b],1
36,18,F,67.0,3_3_3_3_180Y150.pct,150.0,3651.0,[b],[b],1
36,18,F,68.0,R3_3_3_3_90Y0.pct,0.0,1205.0,[n],[n],1
36,18,F,69.0,R3_3_3_2_0Y50.pct,50.0,1957.0,[n],[n],1
36,18,F,70.0,2_4_4_2_180Y50.pct,50.0,1725.0,[b],[b],1
36,18,F,71.0,2_4_4_2_0Y100.pct,100.0,2036.0,[b],[b],1
36,18,F,72.0,R3_3_3_2_0Y100.pct,100.0,4041.0,[n],[n],1
36,18,F,73.0,2_3_4_2_90Y100.pct,100.0,1553.0,[b],[b],1
36,18,F,74.0,R3_3_3_3_180Y100.pct,100.0,2091.0,[n],[n],1
36,18,F,75.0,3_3_3_3_90Y150.pct,150.0,3225.0,[b],[b],1
36,18,F,76.0,R3_3_4_2_0Y0.pct,0.0,2023.0,[n],[n],1
36,18,F,77.0,3_3_3_2_0Y0.pct,0.0,1608.0,[b],[b],1
36,18,F,78.0,3_3_3_2_0Y50.pct,50.0,3799.0,[b],[b],1
36,18,F,79.0,R3_3_3_3_180Y50.pct,50.0,1087.0,[n],[n],1
36,18,F,80.0,R3_3_3_3_90Y150.pct,150.0,1701.0,[n],[n],1
36,18,F,81.0,R3_4_4_3_180Y50.pct,50.0,2352.0,[n],[n],1
36,18,F,82.0,2_3_4_2_90Y0.pct,0.0,1046.0,[b],[b],1
36,18,F,83.0,R3_3_4_2_0Y150.pct,150.0,2609.0,[n],[n],1
36,18,F,84.0,3_3_4_2_0Y50.pct,50.0,2242.0,[b],[b],1
36,18,F,85.0,2_4_4_2_180Y100.pct,100.0,3251.0,[b],[b],1
36,18,F,86.0,R3_4_4_3_180Y0.pct,0.0,1766.0,[n],[n],1
36,18,F,87.0,3_4_3_3_180Y150.pct,150.0,3944.0,[b],[b],1
36,18,F,88.0,R3_4_4_3_180Y100.pct,100.0,3521.0,[n],[n],1
36,18,F,89.0,R2_3_3_2_0Y100.pct,100.0,3428.0,[n],[n],1
36,18,F,90.0,2_3_3_2_0Y50.pct,50.0,1599.0,[b],[b],1
36,18,F,91.0,2_4_4_2_0Y0.pct,0.0,1176.0,[b],[b],1
36,18,F,92.0,3_4_3_2_90Y150.pct,150.0,3449.0,[b],[b],1
36,18,F,93.0,R2_4_4_3_90Y150.pct,150.0,1579.0,[n],[n],1
36,18,F,94.0,R3_4_3_2_90Y50.pct,50.0,1417.0,[n],[n],1
36,18,F,95.0,2_3_3_2_0Y100.pct,100.0,1380.0,[b],[b],1
36,18,F,96.0,R3_3_3_2_0Y0.pct,0.0,4526.0,[n],[n],1
37,19,M,1.0,R2_3_3_2_0Y0.pct,0.0,1780.0,[n],[n],1
37,19,M,2.0,R3_4_3_2_90Y150.pct,150.0,3019.0,[n],[n],1
37,19,M,3.0,2_4_4_2_0Y150.pct,150.0,2061.0,[b],[b],1
37,19,M,4.0,3_3_3_2_0Y100.pct,100.0,2472.0,[b],[b],1
37,19,M,5.0,3_3_3_3_90Y50.pct,50.0,2281.0,[n],[b],0
37,19,M,6.0,R2_4_4_2_0Y50.pct,50.0,1967.0,[n],[n],1
37,19,M,7.0,R3_3_3_3_90Y100.pct,100.0,2233.0,[n],[n],1
37,19,M,8.0,2_3_3_2_0Y0.pct,0.0,1242.0,[b],[b],1
37,19,M,9.0,R3_4_3_3_180Y150.pct,150.0,3319.0,[n],[n],1
37,19,M,10.0,2_4_4_2_180Y150.pct,150.0,3403.0,[b],[b],1
37,19,M,11.0,R3_3_4_2_0Y50.pct,50.0,2464.0,[n],[n],1
37,19,M,12.0,R2_3_4_2_90Y0.pct,0.0,1922.0,[n],[n],1
37,19,M,13.0,3_3_3_3_180Y0.pct,0.0,1271.0,[b],[b],1
37,19,M,14.0,R3_4_3_3_180Y100.pct,100.0,2640.0,[n],[n],1
37,19,M,15.0,2_4_4_3_90Y100.pct,100.0,1869.0,[b],[b],1
37,19,M,16.0,3_4_3_2_90Y50.pct,50.0,3312.0,[b],[b],1
37,19,M,17.0,R2_4_4_3_90Y100.pct,100.0,3062.0,[n],[n],1
37,19,M,18.0,2_3_3_2_0Y150.pct,150.0,2782.0,[b],[b],1
37,19,M,19.0,R2_3_4_2_90Y50.pct,50.0,1699.0,[n],[n],1
37,19,M,20.0,2_3_4_2_90Y50.pct,50.0,3068.0,[b],[b],1
37,19,M,21.0,R2_4_4_2_180Y100.pct,100.0,3128.0,[n],[n],1
37,19,M,22.0,R2_4_4_2_0Y0.pct,0.0,1918.0,[n],[n],1
37,19,M,23.0,3_4_3_2_90Y0.pct,0.0,1382.0,[b],[b],1
37,19,M,24.0,R3_3_3_2_0Y150.pct,150.0,2212.0,[n],[n],1
37,19,M,25.0,R3_4_4_3_180Y150.pct,150.0,3149.0,[n],[n],1
37,19,M,26.0,R3_4_3_3_180Y50.pct,50.0,4162.0,[n],[n],1
37,19,M,27.0,3_4_3_3_180Y50.pct,50.0,2744.0,[b],[b],1
37,19,M,28.0,3_3_3_3_90Y100.pct,100.0,3885.0,[n],[b],0
37,19,M,29.0,2_4_4_2_180Y0.pct,0.0,1432.0,[b],[b],1
37,19,M,30.0,R3_4_3_2_90Y0.pct,0.0,2136.0,[n],[n],1
37,19,M,31.0,3_3_4_2_0Y150.pct,150.0,2992.0,[n],[b],0
37,19,M,32.0,R3_3_4_2_0Y100.pct,100.0,3350.0,[n],[n],1
37,19,M,33.0,3_3_3_3_180Y50.pct,50.0,2817.0,[b],[b],1
37,19,M,34.0,3_3_4_2_0Y100.pct,100.0,3580.0,[n],[b],0
37,19,M,35.0,3_4_4_3_180Y150.pct,150.0,2968.0,[b],[b],1
37,19,M,36.0,R3_3_3_3_180Y0.pct,0.0,2155.0,[n],[n],1
37,19,M,37.0,3_4_3_3_180Y100.pct,100.0,3163.0,[b],[b],1
37,19,M,38.0,R3_3_3_3_180Y150.pct,150.0,3146.0,[n],[n],1
37,19,M,39.0,3_4_3_3_180Y0.pct,0.0,1538.0,[b],[b],1
37,19,M,40.0,R3_3_3_3_90Y50.pct,50.0,2240.0,[n],[n],1
37,19,M,41.0,2_4_4_3_90Y150.pct,150.0,2225.0,[b],[b],1
37,19,M,42.0,R3_4_3_3_180Y0.pct,0.0,1627.0,[n],[n],1
37,19,M,43.0,3_3_3_3_180Y100.pct,100.0,2452.0,[b],[b],1
37,19,M,44.0,R2_3_4_2_90Y150.pct,150.0,2688.0,[b],[n],0
37,19,M,45.0,R2_3_3_2_0Y50.pct,50.0,1726.0,[n],[n],1
37,19,M,46.0,R2_3_4_2_90Y100.pct,100.0,1820.0,[b],[n],0
37,19,M,47.0,3_4_4_3_180Y0.pct,0.0,2206.0,[b],[b],1
37,19,M,48.0,3_4_4_3_180Y50.pct,50.0,2759.0,[n],[b],0
37,19,M,49.0,R2_4_4_2_0Y100.pct,100.0,2132.0,[n],[n],1
37,19,M,50.0,R2_3_3_2_0Y150.pct,150.0,2410.0,[n],[n],1
37,19,M,51.0,3_3_4_2_0Y0.pct,0.0,1450.0,[b],[b],1
37,19,M,52.0,R2_4_4_3_90Y0.pct,0.0,1533.0,[n],[n],1
37,19,M,53.0,3_4_4_3_180Y100.pct,100.0,2905.0,[b],[b],1
37,19,M,54.0,R2_4_4_2_180Y50.pct,50.0,1745.0,[n],[n],1
37,19,M,55.0,3_3_3_2_0Y150.pct,150.0,2855.0,[n],[b],0
37,19,M,56.0,2_4_4_2_0Y50.pct,50.0,2087.0,[b],[b],1
37,19,M,57.0,R2_4_4_2_0Y150.pct,150.0,1806.0,[n],[n],1
37,19,M,58.0,R3_4_3_2_90Y100.pct,100.0,2815.0,[n],[n],1
37,19,M,59.0,2_3_4_2_90Y150.pct,150.0,2339.0,[b],[b],1
37,19,M,60.0,3_4_3_2_90Y100.pct,100.0,2705.0,[b],[b],1
37,19,M,61.0,2_4_4_3_90Y0.pct,0.0,1288.0,[b],[b],1
37,19,M,62.0,R2_4_4_2_180Y0.pct,0.0,1657.0,[n],[n],1
37,19,M,63.0,R2_4_4_3_90Y50.pct,50.0,3446.0,[n],[n],1
37,19,M,64.0,2_4_4_3_90Y50.pct,50.0,2511.0,[b],[b],1
37,19,M,65.0,R2_4_4_2_180Y150.pct,150.0,2758.0,[n],[n],1
37,19,M,66.0,3_3_3_3_90Y0.pct,0.0,1387.0,[b],[b],1
37,19,M,67.0,3_3_3_3_180Y150.pct,150.0,3149.0,[b],[b],1
37,19,M,68.0,R3_3_3_3_90Y0.pct,0.0,2066.0,[n],[n],1
37,19,M,69.0,R3_3_3_2_0Y50.pct,50.0,3107.0,[n],[n],1
37,19,M,70.0,2_4_4_2_180Y50.pct,50.0,2078.0,[b],[b],1
37,19,M,71.0,2_4_4_2_0Y100.pct,100.0,2577.0,[b],[b],1
37,19,M,72.0,R3_3_3_2_0Y100.pct,100.0,4334.0,[b],[n],0
37,19,M,73.0,2_3_4_2_90Y100.pct,100.0,2051.0,[b],[b],1
37,19,M,74.0,R3_3_3_3_180Y100.pct,100.0,2334.0,[n],[n],1
37,19,M,75.0,3_3_3_3_90Y150.pct,150.0,3927.0,[b],[b],1
37,19,M,76.0,R3_3_4_2_0Y0.pct,0.0,2656.0,[n],[n],1
37,19,M,77.0,3_3_3_2_0Y0.pct,0.0,2048.0,[b],[b],1
37,19,M,78.0,3_3_3_2_0Y50.pct,50.0,2617.0,[b],[b],1
37,19,M,79.0,R3_3_3_3_180Y50.pct,50.0,2088.0,[n],[n],1
37,19,M,80.0,R3_3_3_3_90Y150.pct,150.0,2649.0,[n],[n],1
37,19,M,81.0,R3_4_4_3_180Y50.pct,50.0,3132.0,[n],[n],1
37,19,M,82.0,2_3_4_2_90Y0.pct,0.0,1288.0,[b],[b],1
37,19,M,83.0,R3_3_4_2_0Y150.pct,150.0,2583.0,[n],[n],1
37,19,M,84.0,3_3_4_2_0Y50.pct,50.0,2781.0,[b],[b],1
37,19,M,85.0,2_4_4_2_180Y100.pct,100.0,1984.0,[b],[b],1
37,19,M,86.0,R3_4_4_3_180Y0.pct,0.0,2163.0,[n],[n],1
37,19,M,87.0,3_4_3_3_180Y150.pct,150.0,4167.0,[b],[b],1
37,19,M,88.0,R3_4_4_3_180Y100.pct,100.0,2507.0,[b],[n],0
37,19,M,89.0,R2_3_3_2_0Y100.pct,100.0,2285.0,[n],[n],1
37,19,M,90.0,2_3_3_2_0Y50.pct,50.0,2289.0,[b],[b],1
37,19,M,91.0,2_4_4_2_0Y0.pct,0.0,1215.0,[b],[b],1
37,19,M,92.0,3_4_3_2_90Y150.pct,150.0,2339.0,[b],[b],1
37,19,M,93.0,R2_4_4_3_90Y150.pct,150.0,3758.0,[n],[n],1
37,19,M,94.0,R3_4_3_2_90Y50.pct,50.0,1873.0,[n],[n],1
37,19,M,95.0,2_3_3_2_0Y100.pct,100.0,2030.0,[b],[b],1
37,19,M,96.0,R3_3_3_2_0Y0.pct,0.0,2102.0,[n],[n],1
38,22,F,1.0,R2_3_3_2_0Y0.pct,0.0,5814.0,[n],[n],1
38,22,F,2.0,R3_4_3_2_90Y150.pct,150.0,5351.0,[n],[n],1
38,22,F,3.0,2_4_4_2_0Y150.pct,150.0,4852.0,[b],[b],1
38,22,F,4.0,3_3_3_2_0Y100.pct,100.0,6869.0,[n],[b],0
38,22,F,5.0,3_3_3_3_90Y50.pct,50.0,3681.0,[b],[b],1
38,22,F,6.0,R2_4_4_2_0Y50.pct,50.0,4445.0,[n],[n],1
38,22,F,7.0,R3_3_3_3_90Y100.pct,100.0,5543.0,[n],[n],1
38,22,F,8.0,2_3_3_2_0Y0.pct,0.0,1777.0,[b],[b],1
38,22,F,9.0,R3_4_3_3_180Y150.pct,150.0,5481.0,[n],[n],1
38,22,F,11.0,R3_3_4_2_0Y50.pct,50.0,5270.0,[n],[n],1
38,22,F,12.0,R2_3_4_2_90Y0.pct,0.0,3679.0,[n],[n],1
38,22,F,13.0,3_3_3_3_180Y0.pct,0.0,1741.0,[b],[b],1
38,22,F,14.0,R3_4_3_3_180Y100.pct,100.0,4772.0,[n],[n],1
38,22,F,15.0,2_4_4_3_90Y100.pct,100.0,4231.0,[b],[b],1
38,22,F,16.0,3_4_3_2_90Y50.pct,50.0,3961.0,[b],[b],1
38,22,F,17.0,R2_4_4_3_90Y100.pct,100.0,5735.0,[n],[n],1
38,22,F,18.0,2_3_3_2_0Y150.pct,150.0,3276.0,[b],[b],1
38,22,F,19.0,R2_3_4_2_90Y50.pct,50.0,4374.0,[n],[n],1
38,22,F,20.0,2_3_4_2_90Y50.pct,50.0,2258.0,[b],[b],1
38,22,F,21.0,R2_4_4_2_180Y100.pct,100.0,4610.0,[n],[n],1
38,22,F,22.0,R2_4_4_2_0Y0.pct,0.0,1988.0,[n],[n],1
38,22,F,23.0,3_4_3_2_90Y0.pct,0.0,1749.0,[b],[b],1
38,22,F,24.0,R3_3_3_2_0Y150.pct,150.0,4943.0,[n],[n],1
38,22,F,25.0,R3_4_4_3_180Y150.pct,150.0,4529.0,[n],[n],1
38,22,F,26.0,R3_4_3_3_180Y50.pct,50.0,5816.0,[n],[n],1
38,22,F,27.0,3_4_3_3_180Y50.pct,50.0,3954.0,[b],[b],1
38,22,F,28.0,3_3_3_3_90Y100.pct,100.0,3608.0,[b],[b],1
38,22,F,29.0,2_4_4_2_180Y0.pct,0.0,1232.0,[b],[b],1
38,22,F,30.0,R3_4_3_2_90Y0.pct,0.0,3805.0,[n],[n],1
38,22,F,31.0,3_3_4_2_0Y150.pct,150.0,4914.0,[b],[b],1
38,22,F,32.0,R3_3_4_2_0Y100.pct,100.0,4181.0,[n],[n],1
38,22,F,33.0,3_3_3_3_180Y50.pct,50.0,4069.0,[b],[b],1
38,22,F,34.0,3_3_4_2_0Y100.pct,100.0,5593.0,[b],[b],1
38,22,F,35.0,3_4_4_3_180Y150.pct,150.0,6309.0,[b],[b],1
38,22,F,36.0,R3_3_3_3_180Y0.pct,0.0,4177.0,[n],[n],1
38,22,F,37.0,3_4_3_3_180Y100.pct,100.0,4810.0,[n],[b],0
38,22,F,38.0,R3_3_3_3_180Y150.pct,150.0,3902.0,[n],[n],1
38,22,F,39.0,3_4_3_3_180Y0.pct,0.0,1270.0,[b],[b],1
38,22,F,40.0,R3_3_3_3_90Y50.pct,50.0,3336.0,[n],[n],1
38,22,F,41.0,2_4_4_3_90Y150.pct,150.0,4068.0,[b],[b],1
38,22,F,42.0,R3_4_3_3_180Y0.pct,0.0,2885.0,[n],[n],1
38,22,F,43.0,3_3_3_3_180Y100.pct,100.0,6108.0,[b],[b],1
38,22,F,44.0,R2_3_4_2_90Y150.pct,150.0,2916.0,[n],[n],1
38,22,F,45.0,R2_3_3_2_0Y50.pct,50.0,3730.0,[n],[n],1
38,22,F,46.0,R2_3_4_2_90Y100.pct,100.0,3618.0,[n],[n],1
38,22,F,47.0,3_4_4_3_180Y0.pct,0.0,1489.0,[b],[b],1
38,22,F,48.0,3_4_4_3_180Y50.pct,50.0,2137.0,[b],[b],1
38,22,F,49.0,R2_4_4_2_0Y100.pct,100.0,3385.0,[n],[n],1
38,22,F,50.0,R2_3_3_2_0Y150.pct,150.0,3220.0,[n],[n],1
38,22,F,51.0,3_3_4_2_0Y0.pct,0.0,1235.0,[b],[b],1
38,22,F,52.0,R2_4_4_3_90Y0.pct,0.0,2685.0,[n],[n],1
38,22,F,53.0,3_4_4_3_180Y100.pct,100.0,2935.0,[b],[b],1
38,22,F,54.0,R2_4_4_2_180Y50.pct,50.0,1827.0,[n],[n],1
38,22,F,55.0,3_3_3_2_0Y150.pct,150.0,3110.0,[b],[b],1
38,22,F,56.0,2_4_4_2_0Y50.pct,50.0,2859.0,[b],[b],1
38,22,F,57.0,R2_4_4_2_0Y150.pct,150.0,2588.0,[n],[n],1
38,22,F,58.0,R3_4_3_2_90Y100.pct,100.0,3632.0,[n],[n],1
38,22,F,59.0,2_3_4_2_90Y150.pct,150.0,2770.0,[b],[b],1
38,22,F,60.0,3_4_3_2_90Y100.pct,100.0,4151.0,[b],[b],1
38,22,F,61.0,2_4_4_3_90Y0.pct,0.0,1562.0,[b],[b],1
38,22,F,62.0,R2_4_4_2_180Y0.pct,0.0,2400.0,[n],[n],1
38,22,F,63.0,R2_4_4_3_90Y50.pct,50.0,1874.0,[n],[n],1
38,22,F,64.0,2_4_4_3_90Y50.pct,50.0,2241.0,[b],[b],1
38,22,F,65.0,R2_4_4_2_180Y150.pct,150.0,3210.0,[n],[n],1
38,22,F,66.0,3_3_3_3_90Y0.pct,0.0,1549.0,[b],[b],1
38,22,F,67.0,3_3_3_3_180Y150.pct,150.0,3147.0,[b],[b],1
38,22,F,68.0,R3_3_3_3_90Y0.pct,0.0,2207.0,[n],[n],1
38,22,F,69.0,R3_3_3_2_0Y50.pct,50.0,4027.0,[n],[n],1
38,22,F,70.0,2_4_4_2_180Y50.pct,50.0,1619.0,[b],[b],1
38,22,F,71.0,2_4_4_2_0Y100.pct,100.0,2045.0,[b],[b],1
38,22,F,72.0,R3_3_3_2_0Y100.pct,100.0,3593.0,[n],[n],1
38,22,F,73.0,2_3_4_2_90Y100.pct,100.0,1611.0,[b],[b],1
38,22,F,74.0,R3_3_3_3_180Y100.pct,100.0,3588.0,[n],[n],1
38,22,F,75.0,3_3_3_3_90Y150.pct,150.0,3326.0,[n],[b],0
38,22,F,76.0,R3_3_4_2_0Y0.pct,0.0,3118.0,[n],[n],1
38,22,F,77.0,3_3_3_2_0Y0.pct,0.0,2004.0,[b],[b],1
38,22,F,78.0,3_3_3_2_0Y50.pct,50.0,2622.0,[b],[b],1
38,22,F,79.0,R3_3_3_3_180Y50.pct,50.0,1725.0,[n],[n],1
38,22,F,80.0,R3_3_3_3_90Y150.pct,150.0,2743.0,[b],[n],0
38,22,F,81.0,R3_4_4_3_180Y50.pct,50.0,2052.0,[n],[n],1
38,22,F,82.0,2_3_4_2_90Y0.pct,0.0,1220.0,[b],[b],1
38,22,F,83.0,R3_3_4_2_0Y150.pct,150.0,2862.0,[n],[n],1
38,22,F,84.0,3_3_4_2_0Y50.pct,50.0,2839.0,[b],[b],1
38,22,F,85.0,2_4_4_2_180Y100.pct,100.0,2992.0,[b],[b],1
38,22,F,86.0,R3_4_4_3_180Y0.pct,0.0,2417.0,[n],[n],1
38,22,F,87.0,3_4_3_3_180Y150.pct,150.0,3942.0,[b],[b],1
38,22,F,88.0,R3_4_4_3_180Y100.pct,100.0,4498.0,[n],[n],1
38,22,F,89.0,R2_3_3_2_0Y100.pct,100.0,4884.0,[n],[n],1
38,22,F,90.0,2_3_3_2_0Y50.pct,50.0,1985.0,[b],[b],1
38,22,F,91.0,2_4_4_2_0Y0.pct,0.0,1197.0,[b],[b],1
38,22,F,92.0,3_4_3_2_90Y150.pct,150.0,2430.0,[b],[b],1
38,22,F,93.0,R2_4_4_3_90Y150.pct,150.0,2561.0,[b],[n],0
38,22,F,94.0,R3_4_3_2_90Y50.pct,50.0,2523.0,[n],[n],1
38,22,F,95.0,2_3_3_2_0Y100.pct,100.0,2172.0,[b],[b],1
38,22,F,96.0,R3_3_3_2_0Y0.pct,0.0,3999.0,[n],[n],1
39,18,M,1.0,R2_3_3_2_0Y0.pct,0.0,1518.0,[n],[n],1
39,18,M,2.0,R3_4_3_2_90Y150.pct,150.0,3277.0,[n],[n],1
39,18,M,3.0,2_4_4_2_0Y150.pct,150.0,2526.0,[b],[b],1
39,18,M,4.0,3_3_3_2_0Y100.pct,100.0,2413.0,[b],[b],1
39,18,M,5.0,3_3_3_3_90Y50.pct,50.0,3305.0,[b],[b],1
39,18,M,6.0,R2_4_4_2_0Y50.pct,50.0,2493.0,[n],[n],1
39,18,M,7.0,R3_3_3_3_90Y100.pct,100.0,3070.0,[n],[n],1
39,18,M,8.0,2_3_3_2_0Y0.pct,0.0,1446.0,[b],[b],1
39,18,M,9.0,R3_4_3_3_180Y150.pct,150.0,3001.0,[n],[n],1
39,18,M,10.0,2_4_4_2_180Y150.pct,150.0,2866.0,[b],[b],1
39,18,M,11.0,R3_3_4_2_0Y50.pct,50.0,2372.0,[b],[n],0
39,18,M,12.0,R2_3_4_2_90Y0.pct,0.0,2625.0,[n],[n],1
39,18,M,13.0,3_3_3_3_180Y0.pct,0.0,1710.0,[b],[b],1
39,18,M,14.0,R3_4_3_3_180Y100.pct,100.0,1673.0,[n],[n],1
39,18,M,15.0,2_4_4_3_90Y100.pct,100.0,3256.0,[n],[b],0
39,18,M,16.0,3_4_3_2_90Y50.pct,50.0,2640.0,[n],[b],0
39,18,M,17.0,R2_4_4_3_90Y100.pct,100.0,2787.0,[n],[n],1
39,18,M,18.0,2_3_3_2_0Y150.pct,150.0,2558.0,[n],[b],0
39,18,M,19.0,R2_3_4_2_90Y50.pct,50.0,3356.0,[n],[n],1
39,18,M,20.0,2_3_4_2_90Y50.pct,50.0,4112.0,[n],[b],0
39,18,M,21.0,R2_4_4_2_180Y100.pct,100.0,3435.0,[n],[n],1
39,18,M,22.0,R2_4_4_2_0Y0.pct,0.0,1998.0,[n],[n],1
39,18,M,23.0,3_4_3_2_90Y0.pct,0.0,1889.0,[b],[b],1
39,18,M,24.0,R3_3_3_2_0Y150.pct,150.0,2058.0,[b],[n],0
39,18,M,25.0,R3_4_4_3_180Y150.pct,150.0,2657.0,[n],[n],1
39,18,M,26.0,R3_4_3_3_180Y50.pct,50.0,2481.0,[n],[n],1
39,18,M,27.0,3_4_3_3_180Y50.pct,50.0,2531.0,[b],[b],1
39,18,M,28.0,3_3_3_3_90Y100.pct,100.0,3736.0,[b],[b],1
39,18,M,29.0,2_4_4_2_180Y0.pct,0.0,2325.0,[b],[b],1
39,18,M,30.0,R3_4_3_2_90Y0.pct,0.0,2670.0,[n],[n],1
39,18,M,31.0,3_3_4_2_0Y150.pct,150.0,3753.0,[n],[b],0
39,18,M,32.0,R3_3_4_2_0Y100.pct,100.0,2375.0,[n],[n],1
39,18,M,33.0,3_3_3_3_180Y50.pct,50.0,2338.0,[b],[b],1
39,18,M,34.0,3_3_4_2_0Y100.pct,100.0,2345.0,[n],[b],0
39,18,M,35.0,3_4_4_3_180Y150.pct,150.0,5263.0,[b],[b],1
39,18,M,36.0,R3_3_3_3_180Y0.pct,0.0,3854.0,[n],[n],1
39,18,M,37.0,3_4_3_3_180Y100.pct,100.0,2553.0,[b],[b],1
39,18,M,38.0,R3_3_3_3_180Y150.pct,150.0,2420.0,[n],[n],1
39,18,M,39.0,3_4_3_3_180Y0.pct,0.0,2563.0,[b],[b],1
39,18,M,40.0,R3_3_3_3_90Y50.pct,50.0,2825.0,[n],[n],1
39,18,M,41.0,2_4_4_3_90Y150.pct,150.0,3019.0,[n],[b],0
39,18,M,42.0,R3_4_3_3_180Y0.pct,0.0,2686.0,[n],[n],1
39,18,M,43.0,3_3_3_3_180Y100.pct,100.0,2095.0,[b],[b],1
39,18,M,44.0,R2_3_4_2_90Y150.pct,150.0,2741.0,[n],[n],1
39,18,M,45.0,R2_3_3_2_0Y50.pct,50.0,2075.0,[n],[n],1
39,18,M,46.0,R2_3_4_2_90Y100.pct,100.0,4100.0,[n],[n],1
39,18,M,47.0,3_4_4_3_180Y0.pct,0.0,1474.0,[b],[b],1
39,18,M,48.0,3_4_4_3_180Y50.pct,50.0,1929.0,[b],[b],1
39,18,M,49.0,R2_4_4_2_0Y100.pct,100.0,2172.0,[n],[n],1
39,18,M,50.0,R2_3_3_2_0Y150.pct,150.0,2154.0,[n],[n],1
39,18,M,51.0,3_3_4_2_0Y0.pct,0.0,1254.0,[b],[b],1
39,18,M,52.0,R2_4_4_3_90Y0.pct,0.0,1853.0,[n],[n],1
39,18,M,53.0,3_4_4_3_180Y100.pct,100.0,2559.0,[b],[b],1
39,18,M,54.0,R2_4_4_2_180Y50.pct,50.0,1915.0,[n],[n],1
39,18,M,55.0,3_3_3_2_0Y150.pct,150.0,3262.0,[n],[b],0
39,18,M,56.0,2_4_4_2_0Y50.pct,50.0,4375.0,[b],[b],1
39,18,M,57.0,R2_4_4_2_0Y150.pct,150.0,3061.0,[b],[n],0
39,18,M,58.0,R3_4_3_2_90Y100.pct,100.0,2852.0,[b],[n],0
39,18,M,59.0,2_3_4_2_90Y150.pct,150.0,2710.0,[n],[b],0
39,18,M,60.0,3_4_3_2_90Y100.pct,100.0,2044.0,[b],[b],1
39,18,M,61.0,2_4_4_3_90Y0.pct,0.0,1310.0,[b],[b],1
39,18,M,62.0,R2_4_4_2_180Y0.pct,0.0,1842.0,[n],[n],1
39,18,M,63.0,R2_4_4_3_90Y50.pct,50.0,3324.0,[n],[n],1
39,18,M,64.0,2_4_4_3_90Y50.pct,50.0,1496.0,[n],[b],0
39,18,M,65.0,R2_4_4_2_180Y150.pct,150.0,2416.0,[n],[n],1
39,18,M,66.0,3_3_3_3_90Y0.pct,0.0,1193.0,[b],[b],1
39,18,M,67.0,3_3_3_3_180Y150.pct,150.0,2204.0,[n],[b],0
39,18,M,68.0,R3_3_3_3_90Y0.pct,0.0,2905.0,[n],[n],1
39,18,M,69.0,R3_3_3_2_0Y50.pct,50.0,2856.0,[n],[n],1
39,18,M,70.0,2_4_4_2_180Y50.pct,50.0,1246.0,[b],[b],1
39,18,M,71.0,2_4_4_2_0Y100.pct,100.0,1978.0,[b],[b],1
39,18,M,72.0,R3_3_3_2_0Y100.pct,100.0,3901.0,[n],[n],1
39,18,M,73.0,2_3_4_2_90Y100.pct,100.0,2444.0,[b],[b],1
39,18,M,74.0,R3_3_3_3_180Y100.pct,100.0,2629.0,[n],[n],1
39,18,M,75.0,3_3_3_3_90Y150.pct,150.0,4068.0,[n],[b],0
39,18,M,76.0,R3_3_4_2_0Y0.pct,0.0,3020.0,[n],[n],1
39,18,M,77.0,3_3_3_2_0Y0.pct,0.0,1152.0,[b],[b],1
39,18,M,78.0,3_3_3_2_0Y50.pct,50.0,2743.0,[n],[b],0
39,18,M,79.0,R3_3_3_3_180Y50.pct,50.0,2058.0,[n],[n],1
39,18,M,80.0,R3_3_3_3_90Y150.pct,150.0,3299.0,[n],[n],1
39,18,M,81.0,R3_4_4_3_180Y50.pct,50.0,3362.0,[n],[n],1
39,18,M,82.0,2_3_4_2_90Y0.pct,0.0,3975.0,[b],[b],1
39,18,M,83.0,R3_3_4_2_0Y150.pct,150.0,1906.0,[n],[n],1
39,18,M,84.0,3_3_4_2_0Y50.pct,50.0,2704.0,[b],[b],1
39,18,M,85.0,2_4_4_2_180Y100.pct,100.0,3216.0,[b],[b],1
39,18,M,86.0,R3_4_4_3_180Y0.pct,0.0,1634.0,[n],[n],1
39,18,M,87.0,3_4_3_3_180Y150.pct,150.0,4060.0,[n],[b],0
39,18,M,88.0,R3_4_4_3_180Y100.pct,100.0,1950.0,[b],[n],0
39,18,M,89.0,R2_3_3_2_0Y100.pct,100.0,4228.0,[n],[n],1
39,18,M,90.0,2_3_3_2_0Y50.pct,50.0,1715.0,[b],[b],1
39,18,M,91.0,2_4_4_2_0Y0.pct,0.0,1154.0,[b],[b],1
39,18,M,92.0,3_4_3_2_90Y150.pct,150.0,3342.0,[n],[b],0
39,18,M,93.0,R2_4_4_3_90Y150.pct,150.0,3347.0,[n],[n],1
39,18,M,94.0,R3_4_3_2_90Y50.pct,50.0,2411.0,[n],[n],1
39,18,M,95.0,2_3_3_2_0Y100.pct,100.0,2749.0,[b],[b],1
39,18,M,96.0,R3_3_3_2_0Y0.pct,0.0,1183.0,[b],[n],0
40,21,F,1.0,R2_3_3_2_0Y0.pct,0.0,2165.0,[n],[n],1
40,21,F,2.0,R3_4_3_2_90Y150.pct,150.0,4028.0,[n],[n],1
40,21,F,3.0,2_4_4_2_0Y150.pct,150.0,3911.0,[b],[b],1
40,21,F,4.0,3_3_3_2_0Y100.pct,100.0,6650.0,[b],[b],1
40,21,F,5.0,3_3_3_3_90Y50.pct,50.0,3081.0,[b],[b],1
40,21,F,6.0,R2_4_4_2_0Y50.pct,50.0,4584.0,[n],[n],1
40,21,F,7.0,R3_3_3_3_90Y100.pct,100.0,4118.0,[n],[n],1
40,21,F,8.0,2_3_3_2_0Y0.pct,0.0,2539.0,[b],[b],1
40,21,F,9.0,R3_4_3_3_180Y150.pct,150.0,4424.0,[n],[n],1
40,21,F,11.0,R3_3_4_2_0Y50.pct,50.0,3083.0,[n],[n],1
40,21,F,12.0,R2_3_4_2_90Y0.pct,0.0,1852.0,[n],[n],1
40,21,F,13.0,3_3_3_3_180Y0.pct,0.0,2004.0,[b],[b],1
40,21,F,14.0,R3_4_3_3_180Y100.pct,100.0,2063.0,[n],[n],1
40,21,F,15.0,2_4_4_3_90Y100.pct,100.0,3558.0,[b],[b],1
40,21,F,16.0,3_4_3_2_90Y50.pct,50.0,2348.0,[b],[b],1
40,21,F,17.0,R2_4_4_3_90Y100.pct,100.0,3890.0,[n],[n],1
40,21,F,18.0,2_3_3_2_0Y150.pct,150.0,3210.0,[b],[b],1
40,21,F,19.0,R2_3_4_2_90Y50.pct,50.0,2124.0,[n],[n],1
40,21,F,20.0,2_3_4_2_90Y50.pct,50.0,2514.0,[b],[b],1
40,21,F,21.0,R2_4_4_2_180Y100.pct,100.0,2015.0,[n],[n],1
40,21,F,22.0,R2_4_4_2_0Y0.pct,0.0,2553.0,[n],[n],1
40,21,F,23.0,3_4_3_2_90Y0.pct,0.0,3188.0,[b],[b],1
40,21,F,24.0,R3_3_3_2_0Y150.pct,150.0,3009.0,[n],[n],1
40,21,F,25.0,R3_4_4_3_180Y150.pct,150.0,3257.0,[n],[n],1
40,21,F,26.0,R3_4_3_3_180Y50.pct,50.0,2797.0,[n],[n],1
40,21,F,27.0,3_4_3_3_180Y50.pct,50.0,4320.0,[b],[b],1
40,21,F,28.0,3_3_3_3_90Y100.pct,100.0,4888.0,[b],[b],1
40,21,F,29.0,2_4_4_2_180Y0.pct,0.0,2037.0,[b],[b],1
40,21,F,30.0,R3_4_3_2_90Y0.pct,0.0,3990.0,[n],[n],1
40,21,F,31.0,3_3_4_2_0Y150.pct,150.0,4549.0,[n],[b],0
40,21,F,32.0,R3_3_4_2_0Y100.pct,100.0,4848.0,[n],[n],1
40,21,F,33.0,3_3_3_3_180Y50.pct,50.0,2966.0,[b],[b],1
40,21,F,34.0,3_3_4_2_0Y100.pct,100.0,6631.0,[b],[b],1
40,21,F,35.0,3_4_4_3_180Y150.pct,150.0,6713.0,[b],[b],1
40,21,F,36.0,R3_3_3_3_180Y0.pct,0.0,2182.0,[n],[n],1
40,21,F,37.0,3_4_3_3_180Y100.pct,100.0,3812.0,[b],[b],1
40,21,F,38.0,R3_3_3_3_180Y150.pct,150.0,5613.0,[n],[n],1
40,21,F,39.0,3_4_3_3_180Y0.pct,0.0,1680.0,[b],[b],1
40,21,F,40.0,R3_3_3_3_90Y50.pct,50.0,3701.0,[n],[n],1
40,21,F,41.0,2_4_4_3_90Y150.pct,150.0,5292.0,[b],[b],1
40,21,F,42.0,R3_4_3_3_180Y0.pct,0.0,2300.0,[n],[n],1
40,21,F,43.0,3_3_3_3_180Y100.pct,100.0,2413.0,[b],[b],1
40,21,F,44.0,R2_3_4_2_90Y150.pct,150.0,4696.0,[n],[n],1
40,21,F,45.0,R2_3_3_2_0Y50.pct,50.0,2264.0,[n],[n],1
40,21,F,46.0,R2_3_4_2_90Y100.pct,100.0,3255.0,[n],[n],1
40,21,F,47.0,3_4_4_3_180Y0.pct,0.0,1095.0,[b],[b],1
40,21,F,48.0,3_4_4_3_180Y50.pct,50.0,3656.0,[b],[b],1
40,21,F,49.0,R2_4_4_2_0Y100.pct,100.0,2982.0,[n],[n],1
40,21,F,50.0,R2_3_3_2_0Y150.pct,150.0,2381.0,[n],[n],1
40,21,F,51.0,3_3_4_2_0Y0.pct,0.0,1351.0,[b],[b],1
40,21,F,52.0,R2_4_4_3_90Y0.pct,0.0,4494.0,[n],[n],1
40,21,F,53.0,3_4_4_3_180Y100.pct,100.0,3108.0,[b],[b],1
40,21,F,54.0,R2_4_4_2_180Y50.pct,50.0,1367.0,[n],[n],1
40,21,F,55.0,3_3_3_2_0Y150.pct,150.0,6816.0,[n],[b],0
40,21,F,56.0,2_4_4_2_0Y50.pct,50.0,2273.0,[b],[b],1
40,21,F,57.0,R2_4_4_2_0Y150.pct,150.0,2385.0,[n],[n],1
40,21,F,58.0,R3_4_3_2_90Y100.pct,100.0,2056.0,[n],[n],1
40,21,F,59.0,2_3_4_2_90Y150.pct,150.0,2741.0,[b],[b],1
40,21,F,60.0,3_4_3_2_90Y100.pct,100.0,3555.0,[b],[b],1
40,21,F,61.0,2_4_4_3_90Y0.pct,0.0,1213.0,[b],[b],1
40,21,F,62.0,R2_4_4_2_180Y0.pct,0.0,1193.0,[n],[n],1
40,21,F,63.0,R2_4_4_3_90Y50.pct,50.0,2308.0,[n],[n],1
40,21,F,64.0,2_4_4_3_90Y50.pct,50.0,2319.0,[b],[b],1
40,21,F,65.0,R2_4_4_2_180Y150.pct,150.0,5089.0,[n],[n],1
40,21,F,66.0,3_3_3_3_90Y0.pct,0.0,1983.0,[b],[b],1
40,21,F,67.0,3_3_3_3_180Y150.pct,150.0,3050.0,[b],[b],1
40,21,F,68.0,R3_3_3_3_90Y0.pct,0.0,1251.0,[n],[n],1
40,21,F,69.0,R3_3_3_2_0Y50.pct,50.0,3149.0,[n],[n],1
40,21,F,70.0,2_4_4_2_180Y50.pct,50.0,1792.0,[b],[b],1
40,21,F,71.0,2_4_4_2_0Y100.pct,100.0,2465.0,[b],[b],1
40,21,F,73.0,2_3_4_2_90Y100.pct,100.0,75.0,[n],[b],0
40,21,F,74.0,R3_3_3_3_180Y100.pct,100.0,3259.0,[n],[n],1
40,21,F,75.0,3_3_3_3_90Y150.pct,150.0,3634.0,[b],[b],1
40,21,F,76.0,R3_3_4_2_0Y0.pct,0.0,2987.0,[n],[n],1
40,21,F,77.0,3_3_3_2_0Y0.pct,0.0,2618.0,[b],[b],1
40,21,F,78.0,3_3_3_2_0Y50.pct,50.0,3796.0,[n],[b],0
40,21,F,79.0,R3_3_3_3_180Y50.pct,50.0,3749.0,[n],[n],1
40,21,F,80.0,R3_3_3_3_90Y150.pct,150.0,3219.0,[n],[n],1
40,21,F,81.0,R3_4_4_3_180Y50.pct,50.0,3735.0,[n],[n],1
40,21,F,82.0,2_3_4_2_90Y0.pct,0.0,1034.0,[b],[b],1
40,21,F,83.0,R3_3_4_2_0Y150.pct,150.0,5456.0,[n],[n],1
40,21,F,84.0,3_3_4_2_0Y50.pct,50.0,5269.0,[b],[b],1
40,21,F,85.0,2_4_4_2_180Y100.pct,100.0,2335.0,[b],[b],1
40,21,F,86.0,R3_4_4_3_180Y0.pct,0.0,2038.0,[n],[n],1
40,21,F,87.0,3_4_3_3_180Y150.pct,150.0,3111.0,[n],[b],0
40,21,F,88.0,R3_4_4_3_180Y100.pct,100.0,1800.0,[n],[n],1
40,21,F,89.0,R2_3_3_2_0Y100.pct,100.0,2281.0,[n],[n],1
40,21,F,90.0,2_3_3_2_0Y50.pct,50.0,1685.0,[b],[b],1
40,21,F,91.0,2_4_4_2_0Y0.pct,0.0,989.0,[b],[b],1
40,21,F,92.0,3_4_3_2_90Y150.pct,150.0,6498.0,[n],[b],0
40,21,F,93.0,R2_4_4_3_90Y150.pct,150.0,3983.0,[n],[n],1
40,21,F,94.0,R3_4_3_2_90Y50.pct,50.0,4361.0,[n],[n],1
40,21,F,95.0,2_3_3_2_0Y100.pct,100.0,1650.0,[b],[b],1
40,21,F,96.0,R3_3_3_2_0Y0.pct,0.0,1970.0,[n],[n],1
41,22,F,1.0,R2_3_3_2_0Y0.pct,0.0,2058.0,[n],[n],1
41,22,F,2.0,R3_4_3_2_90Y150.pct,150.0,4156.0,[n],[n],1
41,22,F,3.0,2_4_4_2_0Y150.pct,150.0,2457.0,[b],[b],1
41,22,F,4.0,3_3_3_2_0Y100.pct,100.0,5330.0,[b],[b],1
41,22,F,5.0,3_3_3_3_90Y50.pct,50.0,5080.0,[b],[b],1
41,22,F,6.0,R2_4_4_2_0Y50.pct,50.0,3782.0,[n],[n],1
41,22,F,7.0,R3_3_3_3_90Y100.pct,100.0,2830.0,[n],[n],1
41,22,F,8.0,2_3_3_2_0Y0.pct,0.0,1979.0,[b],[b],1
41,22,F,9.0,R3_4_3_3_180Y150.pct,150.0,4033.0,[n],[n],1
41,22,F,10.0,2_4_4_2_180Y150.pct,150.0,7450.0,[b],[b],1
41,22,F,11.0,R3_3_4_2_0Y50.pct,50.0,3684.0,[n],[n],1
41,22,F,12.0,R2_3_4_2_90Y0.pct,0.0,1626.0,[n],[n],1
41,22,F,13.0,3_3_3_3_180Y0.pct,0.0,1940.0,[b],[b],1
41,22,F,14.0,R3_4_3_3_180Y100.pct,100.0,4023.0,[n],[n],1
41,22,F,15.0,2_4_4_3_90Y100.pct,100.0,3366.0,[b],[b],1
41,22,F,16.0,3_4_3_2_90Y50.pct,50.0,3297.0,[b],[b],1
41,22,F,17.0,R2_4_4_3_90Y100.pct,100.0,4260.0,[n],[n],1
41,22,F,18.0,2_3_3_2_0Y150.pct,150.0,5970.0,[b],[b],1
41,22,F,19.0,R2_3_4_2_90Y50.pct,50.0,2055.0,[n],[n],1
41,22,F,20.0,2_3_4_2_90Y50.pct,50.0,1750.0,[b],[b],1
41,22,F,21.0,R2_4_4_2_180Y100.pct,100.0,2133.0,[n],[n],1
41,22,F,22.0,R2_4_4_2_0Y0.pct,0.0,1295.0,[n],[n],1
41,22,F,23.0,3_4_3_2_90Y0.pct,0.0,1679.0,[b],[b],1
41,22,F,24.0,R3_3_3_2_0Y150.pct,150.0,4490.0,[n],[n],1
41,22,F,25.0,R3_4_4_3_180Y150.pct,150.0,2591.0,[n],[n],1
41,22,F,26.0,R3_4_3_3_180Y50.pct,50.0,1447.0,[n],[n],1
41,22,F,27.0,3_4_3_3_180Y50.pct,50.0,4915.0,[b],[b],1
41,22,F,28.0,3_3_3_3_90Y100.pct,100.0,3802.0,[b],[b],1
41,22,F,29.0,2_4_4_2_180Y0.pct,0.0,1323.0,[b],[b],1
41,22,F,30.0,R3_4_3_2_90Y0.pct,0.0,1448.0,[n],[n],1
41,22,F,31.0,3_3_4_2_0Y150.pct,150.0,5703.0,[b],[b],1
41,22,F,32.0,R3_3_4_2_0Y100.pct,100.0,3401.0,[n],[n],1
41,22,F,33.0,3_3_3_3_180Y50.pct,50.0,3545.0,[b],[b],1
41,22,F,34.0,3_3_4_2_0Y100.pct,100.0,4563.0,[b],[b],1
41,22,F,35.0,3_4_4_3_180Y150.pct,150.0,6882.0,[b],[b],1
41,22,F,36.0,R3_3_3_3_180Y0.pct,0.0,2589.0,[n],[n],1
41,22,F,37.0,3_4_3_3_180Y100.pct,100.0,2733.0,[b],[b],1
41,22,F,38.0,R3_3_3_3_180Y150.pct,150.0,3992.0,[n],[n],1
41,22,F,39.0,3_4_3_3_180Y0.pct,0.0,1132.0,[b],[b],1
41,22,F,40.0,R3_3_3_3_90Y50.pct,50.0,1163.0,[n],[n],1
41,22,F,42.0,R3_4_3_3_180Y0.pct,0.0,1477.0,[n],[n],1
41,22,F,43.0,3_3_3_3_180Y100.pct,100.0,2487.0,[n],[b],0
41,22,F,44.0,R2_3_4_2_90Y150.pct,150.0,2768.0,[n],[n],1
41,22,F,45.0,R2_3_3_2_0Y50.pct,50.0,1100.0,[n],[n],1
41,22,F,46.0,R2_3_4_2_90Y100.pct,100.0,1778.0,[n],[n],1
41,22,F,47.0,3_4_4_3_180Y0.pct,0.0,1259.0,[b],[b],1
41,22,F,48.0,3_4_4_3_180Y50.pct,50.0,2323.0,[b],[b],1
41,22,F,49.0,R2_4_4_2_0Y100.pct,100.0,1816.0,[n],[n],1
41,22,F,50.0,R2_3_3_2_0Y150.pct,150.0,2123.0,[n],[n],1
41,22,F,51.0,3_3_4_2_0Y0.pct,0.0,1065.0,[b],[b],1
41,22,F,52.0,R2_4_4_3_90Y0.pct,0.0,1577.0,[n],[n],1
41,22,F,53.0,3_4_4_3_180Y100.pct,100.0,3189.0,[b],[b],1
41,22,F,54.0,R2_4_4_2_180Y50.pct,50.0,985.0,[n],[n],1
41,22,F,55.0,3_3_3_2_0Y150.pct,150.0,1749.0,[n],[b],0
41,22,F,56.0,2_4_4_2_0Y50.pct,50.0,1192.0,[b],[b],1
41,22,F,57.0,R2_4_4_2_0Y150.pct,150.0,1559.0,[n],[n],1
41,22,F,58.0,R3_4_3_2_90Y100.pct,100.0,1876.0,[n],[n],1
41,22,F,59.0,2_3_4_2_90Y150.pct,150.0,2071.0,[b],[b],1
41,22,F,60.0,3_4_3_2_90Y100.pct,100.0,2639.0,[b],[b],1
41,22,F,61.0,2_4_4_3_90Y0.pct,0.0,1132.0,[b],[b],1
41,22,F,62.0,R2_4_4_2_180Y0.pct,0.0,1045.0,[n],[n],1
41,22,F,63.0,R2_4_4_3_90Y50.pct,50.0,1286.0,[n],[n],1
41,22,F,64.0,2_4_4_3_90Y50.pct,50.0,1460.0,[b],[b],1
41,22,F,65.0,R2_4_4_2_180Y150.pct,150.0,1299.0,[n],[n],1
41,22,F,66.0,3_3_3_3_90Y0.pct,0.0,2436.0,[b],[b],1
41,22,F,67.0,3_3_3_3_180Y150.pct,150.0,3428.0,[b],[b],1
41,22,F,68.0,R3_3_3_3_90Y0.pct,0.0,1122.0,[n],[n],1
41,22,F,69.0,R3_3_3_2_0Y50.pct,50.0,1291.0,[n],[n],1
41,22,F,70.0,2_4_4_2_180Y50.pct,50.0,1602.0,[b],[b],1
41,22,F,71.0,2_4_4_2_0Y100.pct,100.0,1836.0,[b],[b],1
41,22,F,72.0,R3_3_3_2_0Y100.pct,100.0,1955.0,[b],[n],0
41,22,F,73.0,2_3_4_2_90Y100.pct,100.0,1507.0,[b],[b],1
41,22,F,74.0,R3_3_3_3_180Y100.pct,100.0,3206.0,[n],[n],1
41,22,F,75.0,3_3_3_3_90Y150.pct,150.0,2553.0,[n],[b],0
41,22,F,76.0,R3_3_4_2_0Y0.pct,0.0,1564.0,[n],[n],1
41,22,F,77.0,3_3_3_2_0Y0.pct,0.0,1068.0,[b],[b],1
41,22,F,78.0,3_3_3_2_0Y50.pct,50.0,2207.0,[b],[b],1
41,22,F,79.0,R3_3_3_3_180Y50.pct,50.0,973.0,[n],[n],1
41,22,F,80.0,R3_3_3_3_90Y150.pct,150.0,1799.0,[n],[n],1
41,22,F,81.0,R3_4_4_3_180Y50.pct,50.0,3949.0,[n],[n],1
41,22,F,82.0,2_3_4_2_90Y0.pct,0.0,895.0,[b],[b],1
41,22,F,83.0,R3_3_4_2_0Y150.pct,150.0,3684.0,[n],[n],1
41,22,F,84.0,3_3_4_2_0Y50.pct,50.0,4544.0,[b],[b],1
41,22,F,85.0,2_4_4_2_180Y100.pct,100.0,2132.0,[b],[b],1
41,22,F,86.0,R3_4_4_3_180Y0.pct,0.0,2715.0,[n],[n],1
41,22,F,87.0,3_4_3_3_180Y150.pct,150.0,3498.0,[b],[b],1
41,22,F,88.0,R3_4_4_3_180Y100.pct,100.0,3005.0,[n],[n],1
41,22,F,89.0,R2_3_3_2_0Y100.pct,100.0,2301.0,[n],[n],1
41,22,F,90.0,2_3_3_2_0Y50.pct,50.0,1695.0,[b],[b],1
41,22,F,91.0,2_4_4_2_0Y0.pct,0.0,1000.0,[b],[b],1
41,22,F,92.0,3_4_3_2_90Y150.pct,150.0,1795.0,[n],[b],0
41,22,F,93.0,R2_4_4_3_90Y150.pct,150.0,2525.0,[n],[n],1
41,22,F,94.0,R3_4_3_2_90Y50.pct,50.0,1302.0,[n],[n],1
41,22,F,95.0,2_3_3_2_0Y100.pct,100.0,1427.0,[b],[b],1
41,22,F,96.0,R3_3_3_2_0Y0.pct,0.0,1172.0,[n],[n],1
42,28,M,1.0,R2_3_3_2_0Y0.pct,0.0,2205.0,[n],[n],1
42,28,M,2.0,R3_4_3_2_90Y150.pct,150.0,2270.0,[n],[n],1
42,28,M,3.0,2_4_4_2_0Y150.pct,150.0,1757.0,[b],[b],1
42,28,M,4.0,3_3_3_2_0Y100.pct,100.0,3663.0,[b],[b],1
42,28,M,5.0,3_3_3_3_90Y50.pct,50.0,2197.0,[b],[b],1
42,28,M,6.0,R2_4_4_2_0Y50.pct,50.0,1583.0,[n],[n],1
42,28,M,7.0,R3_3_3_3_90Y100.pct,100.0,1901.0,[b],[n],0
42,28,M,8.0,2_3_3_2_0Y0.pct,0.0,2395.0,[b],[b],1
42,28,M,9.0,R3_4_3_3_180Y150.pct,150.0,7257.0,[n],[n],1
42,28,M,10.0,2_4_4_2_180Y150.pct,150.0,3722.0,[b],[b],1
42,28,M,11.0,R3_3_4_2_0Y50.pct,50.0,1965.0,[n],[n],1
42,28,M,12.0,R2_3_4_2_90Y0.pct,0.0,2003.0,[n],[n],1
42,28,M,13.0,3_3_3_3_180Y0.pct,0.0,1649.0,[b],[b],1
42,28,M,14.0,R3_4_3_3_180Y100.pct,100.0,2686.0,[n],[n],1
42,28,M,15.0,2_4_4_3_90Y100.pct,100.0,2611.0,[n],[b],0
42,28,M,16.0,3_4_3_2_90Y50.pct,50.0,4375.0,[n],[b],0
42,28,M,17.0,R2_4_4_3_90Y100.pct,100.0,2444.0,[n],[n],1
42,28,M,18.0,2_3_3_2_0Y150.pct,150.0,4074.0,[n],[b],0
42,28,M,19.0,R2_3_4_2_90Y50.pct,50.0,3211.0,[n],[n],1
42,28,M,20.0,2_3_4_2_90Y50.pct,50.0,1575.0,[b],[b],1
42,28,M,21.0,R2_4_4_2_180Y100.pct,100.0,1953.0,[n],[n],1
42,28,M,22.0,R2_4_4_2_0Y0.pct,0.0,2588.0,[n],[n],1
42,28,M,23.0,3_4_3_2_90Y0.pct,0.0,4327.0,[b],[b],1
42,28,M,24.0,R3_3_3_2_0Y150.pct,150.0,2922.0,[n],[n],1
42,28,M,25.0,R3_4_4_3_180Y150.pct,150.0,4404.0,[n],[n],1
42,28,M,26.0,R3_4_3_3_180Y50.pct,50.0,2038.0,[n],[n],1
42,28,M,27.0,3_4_3_3_180Y50.pct,50.0,2104.0,[b],[b],1
42,28,M,28.0,3_3_3_3_90Y100.pct,100.0,3422.0,[b],[b],1
42,28,M,29.0,2_4_4_2_180Y0.pct,0.0,1448.0,[b],[b],1
42,28,M,30.0,R3_4_3_2_90Y0.pct,0.0,2359.0,[n],[n],1
42,28,M,31.0,3_3_4_2_0Y150.pct,150.0,4509.0,[b],[b],1
42,28,M,32.0,R3_3_4_2_0Y100.pct,100.0,4421.0,[n],[n],1
42,28,M,33.0,3_3_3_3_180Y50.pct,50.0,1469.0,[b],[b],1
42,28,M,34.0,3_3_4_2_0Y100.pct,100.0,3887.0,[b],[b],1
42,28,M,35.0,3_4_4_3_180Y150.pct,150.0,6079.0,[b],[b],1
42,28,M,36.0,R3_3_3_3_180Y0.pct,0.0,1421.0,[n],[n],1
42,28,M,37.0,3_4_3_3_180Y100.pct,100.0,4345.0,[b],[b],1
42,28,M,38.0,R3_3_3_3_180Y150.pct,150.0,3924.0,[n],[n],1
42,28,M,39.0,3_4_3_3_180Y0.pct,0.0,2386.0,[b],[b],1
42,28,M,40.0,R3_3_3_3_90Y50.pct,50.0,1192.0,[n],[n],1
42,28,M,41.0,2_4_4_3_90Y150.pct,150.0,3168.0,[b],[b],1
42,28,M,42.0,R3_4_3_3_180Y0.pct,0.0,1885.0,[n],[n],1
42,28,M,43.0,3_3_3_3_180Y100.pct,100.0,3126.0,[b],[b],1
42,28,M,44.0,R2_3_4_2_90Y150.pct,150.0,2528.0,[n],[n],1
42,28,M,45.0,R2_3_3_2_0Y50.pct,50.0,1417.0,[n],[n],1
42,28,M,46.0,R2_3_4_2_90Y100.pct,100.0,2253.0,[n],[n],1
42,28,M,47.0,3_4_4_3_180Y0.pct,0.0,1444.0,[b],[b],1
42,28,M,48.0,3_4_4_3_180Y50.pct,50.0,2868.0,[b],[b],1
42,28,M,49.0,R2_4_4_2_0Y100.pct,100.0,1499.0,[n],[n],1
42,28,M,50.0,R2_3_3_2_0Y150.pct,150.0,1766.0,[n],[n],1
42,28,M,51.0,3_3_4_2_0Y0.pct,0.0,1450.0,[b],[b],1
42,28,M,52.0,R2_4_4_3_90Y0.pct,0.0,1538.0,[n],[n],1
42,28,M,53.0,3_4_4_3_180Y100.pct,100.0,3575.0,[b],[b],1
42,28,M,54.0,R2_4_4_2_180Y50.pct,50.0,1074.0,[n],[n],1
42,28,M,55.0,3_3_3_2_0Y150.pct,150.0,3933.0,[b],[b],1
42,28,M,56.0,2_4_4_2_0Y50.pct,50.0,1537.0,[b],[b],1
42,28,M,57.0,R2_4_4_2_0Y150.pct,150.0,1215.0,[n],[n],1
42,28,M,58.0,R3_4_3_2_90Y100.pct,100.0,5474.0,[n],[n],1
42,28,M,59.0,2_3_4_2_90Y150.pct,150.0,2103.0,[b],[b],1
42,28,M,60.0,3_4_3_2_90Y100.pct,100.0,2622.0,[b],[b],1
42,28,M,61.0,2_4_4_3_90Y0.pct,0.0,1269.0,[b],[b],1
42,28,M,62.0,R2_4_4_2_180Y0.pct,0.0,1910.0,[n],[n],1
42,28,M,63.0,R2_4_4_3_90Y50.pct,50.0,2203.0,[n],[n],1
42,28,M,64.0,2_4_4_3_90Y50.pct,50.0,2095.0,[b],[b],1
42,28,M,65.0,R2_4_4_2_180Y150.pct,150.0,1774.0,[n],[n],1
42,28,M,66.0,3_3_3_3_90Y0.pct,0.0,1585.0,[b],[b],1
42,28,M,67.0,3_3_3_3_180Y150.pct,150.0,3076.0,[b],[b],1
42,28,M,68.0,R3_3_3_3_90Y0.pct,0.0,1570.0,[n],[n],1
42,28,M,69.0,R3_3_3_2_0Y50.pct,50.0,1990.0,[n],[n],1
42,28,M,70.0,2_4_4_2_180Y50.pct,50.0,1570.0,[b],[b],1
42,28,M,71.0,2_4_4_2_0Y100.pct,100.0,2271.0,[b],[b],1
42,28,M,72.0,R3_3_3_2_0Y100.pct,100.0,5183.0,[n],[n],1
42,28,M,73.0,2_3_4_2_90Y100.pct,100.0,2283.0,[b],[b],1
42,28,M,74.0,R3_3_3_3_180Y100.pct,100.0,2056.0,[n],[n],1
42,28,M,75.0,3_3_3_3_90Y150.pct,150.0,4546.0,[b],[b],1
42,28,M,76.0,R3_3_4_2_0Y0.pct,0.0,2784.0,[n],[n],1
42,28,M,77.0,3_3_3_2_0Y0.pct,0.0,4371.0,[b],[b],1
42,28,M,78.0,3_3_3_2_0Y50.pct,50.0,6574.0,[n],[b],0
42,28,M,79.0,R3_3_3_3_180Y50.pct,50.0,1258.0,[n],[n],1
42,28,M,80.0,R3_3_3_3_90Y150.pct,150.0,4483.0,[n],[n],1
42,28,M,81.0,R3_4_4_3_180Y50.pct,50.0,3224.0,[n],[n],1
42,28,M,82.0,2_3_4_2_90Y0.pct,0.0,1155.0,[b],[b],1
42,28,M,83.0,R3_3_4_2_0Y150.pct,150.0,1474.0,[n],[n],1
42,28,M,84.0,3_3_4_2_0Y50.pct,50.0,2201.0,[b],[b],1
42,28,M,85.0,2_4_4_2_180Y100.pct,100.0,1460.0,[b],[b],1
42,28,M,86.0,R3_4_4_3_180Y0.pct,0.0,1754.0,[n],[n],1
42,28,M,87.0,3_4_3_3_180Y150.pct,150.0,1561.0,[n],[b],0
42,28,M,88.0,R3_4_4_3_180Y100.pct,100.0,2044.0,[n],[n],1
42,28,M,89.0,R2_3_3_2_0Y100.pct,100.0,1741.0,[n],[n],1
42,28,M,90.0,2_3_3_2_0Y50.pct,50.0,2361.0,[b],[b],1
42,28,M,91.0,2_4_4_2_0Y0.pct,0.0,1173.0,[b],[b],1
42,28,M,92.0,3_4_3_2_90Y150.pct,150.0,2900.0,[b],[b],1
42,28,M,93.0,R2_4_4_3_90Y150.pct,150.0,4222.0,[n],[n],1
42,28,M,94.0,R3_4_3_2_90Y50.pct,50.0,1560.0,[n],[n],1
42,28,M,95.0,2_3_3_2_0Y100.pct,100.0,1847.0,[b],[b],1
42,28,M,96.0,R3_3_3_2_0Y0.pct,0.0,5854.0,[n],[n],1
43,27,F,1.0,R2_3_3_2_0Y0.pct,0.0,2069.0,[b],[n],0
43,27,F,2.0,R3_4_3_2_90Y150.pct,150.0,4122.0,[b],[n],0
43,27,F,3.0,2_4_4_2_0Y150.pct,150.0,2749.0,[n],[b],0
43,27,F,4.0,3_3_3_2_0Y100.pct,100.0,5067.0,[n],[b],0
43,27,F,5.0,3_3_3_3_90Y50.pct,50.0,4021.0,[b],[b],1
43,27,F,6.0,R2_4_4_2_0Y50.pct,50.0,3326.0,[n],[n],1
43,27,F,7.0,R3_3_3_3_90Y100.pct,100.0,3774.0,[b],[n],0
43,27,F,8.0,2_3_3_2_0Y0.pct,0.0,1582.0,[b],[b],1
43,27,F,10.0,2_4_4_2_180Y150.pct,150.0,4107.0,[b],[b],1
43,27,F,11.0,R3_3_4_2_0Y50.pct,50.0,2371.0,[n],[n],1
43,27,F,12.0,R2_3_4_2_90Y0.pct,0.0,2150.0,[n],[n],1
43,27,F,13.0,3_3_3_3_180Y0.pct,0.0,2971.0,[b],[b],1
43,27,F,14.0,R3_4_3_3_180Y100.pct,100.0,3444.0,[b],[n],0
43,27,F,15.0,2_4_4_3_90Y100.pct,100.0,3055.0,[b],[b],1
43,27,F,16.0,3_4_3_2_90Y50.pct,50.0,5310.0,[b],[b],1
43,27,F,17.0,R2_4_4_3_90Y100.pct,100.0,2460.0,[n],[n],1
43,27,F,18.0,2_3_3_2_0Y150.pct,150.0,2976.0,[b],[b],1
43,27,F,19.0,R2_3_4_2_90Y50.pct,50.0,2570.0,[n],[n],1
43,27,F,20.0,2_3_4_2_90Y50.pct,50.0,1727.0,[b],[b],1
43,27,F,21.0,R2_4_4_2_180Y100.pct,100.0,2847.0,[b],[n],0
43,27,F,22.0,R2_4_4_2_0Y0.pct,0.0,1042.0,[b],[n],0
43,27,F,23.0,3_4_3_2_90Y0.pct,0.0,3125.0,[b],[b],1
43,27,F,24.0,R3_3_3_2_0Y150.pct,150.0,4046.0,[n],[n],1
43,27,F,25.0,R3_4_4_3_180Y150.pct,150.0,5974.0,[n],[n],1
43,27,F,26.0,R3_4_3_3_180Y50.pct,50.0,3800.0,[n],[n],1
43,27,F,27.0,3_4_3_3_180Y50.pct,50.0,2994.0,[b],[b],1
43,27,F,28.0,3_3_3_3_90Y100.pct,100.0,6240.0,[b],[b],1
43,27,F,29.0,2_4_4_2_180Y0.pct,0.0,1078.0,[b],[b],1
43,27,F,30.0,R3_4_3_2_90Y0.pct,0.0,1381.0,[n],[n],1
43,27,F,31.0,3_3_4_2_0Y150.pct,150.0,3865.0,[n],[b],0
43,27,F,33.0,3_3_3_3_180Y50.pct,50.0,3994.0,[b],[b],1
43,27,F,34.0,3_3_4_2_0Y100.pct,100.0,4645.0,[n],[b],0
43,27,F,35.0,3_4_4_3_180Y150.pct,150.0,4054.0,[n],[b],0
43,27,F,36.0,R3_3_3_3_180Y0.pct,0.0,1307.0,[n],[n],1
43,27,F,37.0,3_4_3_3_180Y100.pct,100.0,3510.0,[b],[b],1
43,27,F,38.0,R3_3_3_3_180Y150.pct,150.0,3696.0,[n],[n],1
43,27,F,39.0,3_4_3_3_180Y0.pct,0.0,1378.0,[b],[b],1
43,27,F,40.0,R3_3_3_3_90Y50.pct,50.0,2064.0,[n],[n],1
43,27,F,41.0,2_4_4_3_90Y150.pct,150.0,3109.0,[b],[b],1
43,27,F,42.0,R3_4_3_3_180Y0.pct,0.0,1355.0,[n],[n],1
43,27,F,43.0,3_3_3_3_180Y100.pct,100.0,5535.0,[b],[b],1
43,27,F,44.0,R2_3_4_2_90Y150.pct,150.0,3430.0,[n],[n],1
43,27,F,45.0,R2_3_3_2_0Y50.pct,50.0,1624.0,[n],[n],1
43,27,F,46.0,R2_3_4_2_90Y100.pct,100.0,1723.0,[n],[n],1
43,27,F,47.0,3_4_4_3_180Y0.pct,0.0,1159.0,[b],[b],1
43,27,F,48.0,3_4_4_3_180Y50.pct,50.0,2180.0,[b],[b],1
43,27,F,49.0,R2_4_4_2_0Y100.pct,100.0,3876.0,[b],[n],0
43,27,F,50.0,R2_3_3_2_0Y150.pct,150.0,1811.0,[n],[n],1
43,27,F,51.0,3_3_4_2_0Y0.pct,0.0,1239.0,[b],[b],1
43,27,F,52.0,R2_4_4_3_90Y0.pct,0.0,1504.0,[n],[n],1
43,27,F,53.0,3_4_4_3_180Y100.pct,100.0,3593.0,[b],[b],1
43,27,F,54.0,R2_4_4_2_180Y50.pct,50.0,952.0,[n],[n],1
43,27,F,55.0,3_3_3_2_0Y150.pct,150.0,3840.0,[n],[b],0
43,27,F,56.0,2_4_4_2_0Y50.pct,50.0,1743.0,[b],[b],1
43,27,F,57.0,R2_4_4_2_0Y150.pct,150.0,948.0,[n],[n],1
43,27,F,58.0,R3_4_3_2_90Y100.pct,100.0,4129.0,[n],[n],1
43,27,F,59.0,2_3_4_2_90Y150.pct,150.0,3669.0,[b],[b],1
43,27,F,60.0,3_4_3_2_90Y100.pct,100.0,5877.0,[n],[b],0
43,27,F,61.0,2_4_4_3_90Y0.pct,0.0,972.0,[b],[b],1
43,27,F,62.0,R2_4_4_2_180Y0.pct,0.0,4027.0,[b],[n],0
43,27,F,63.0,R2_4_4_3_90Y50.pct,50.0,4920.0,[b],[n],0
43,27,F,64.0,2_4_4_3_90Y50.pct,50.0,4130.0,[n],[b],0
43,27,F,65.0,R2_4_4_2_180Y150.pct,150.0,6886.0,[n],[n],1
43,27,F,66.0,3_3_3_3_90Y0.pct,0.0,2040.0,[b],[b],1
43,27,F,67.0,3_3_3_3_180Y150.pct,150.0,4565.0,[b],[b],1
43,27,F,68.0,R3_3_3_3_90Y0.pct,0.0,2440.0,[b],[n],0
43,27,F,69.0,R3_3_3_2_0Y50.pct,50.0,1525.0,[n],[n],1
43,27,F,70.0,2_4_4_2_180Y50.pct,50.0,2128.0,[b],[b],1
43,27,F,71.0,2_4_4_2_0Y100.pct,100.0,4916.0,[b],[b],1
43,27,F,72.0,R3_3_3_2_0Y100.pct,100.0,3374.0,[n],[n],1
43,27,F,73.0,2_3_4_2_90Y100.pct,100.0,2504.0,[b],[b],1
43,27,F,74.0,R3_3_3_3_180Y100.pct,100.0,2934.0,[n],[n],1
43,27,F,75.0,3_3_3_3_90Y150.pct,150.0,7139.0,[n],[b],0
43,27,F,76.0,R3_3_4_2_0Y0.pct,0.0,2863.0,[b],[n],0
43,27,F,77.0,3_3_3_2_0Y0.pct,0.0,4746.0,[b],[b],1
43,27,F,78.0,3_3_3_2_0Y50.pct,50.0,3278.0,[b],[b],1
43,27,F,79.0,R3_3_3_3_180Y50.pct,50.0,2389.0,[n],[n],1
43,27,F,80.0,R3_3_3_3_90Y150.pct,150.0,6004.0,[n],[n],1
43,27,F,81.0,R3_4_4_3_180Y50.pct,50.0,3578.0,[n],[n],1
43,27,F,82.0,2_3_4_2_90Y0.pct,0.0,1657.0,[b],[b],1
43,27,F,83.0,R3_3_4_2_0Y150.pct,150.0,3288.0,[n],[n],1
43,27,F,84.0,3_3_4_2_0Y50.pct,50.0,3424.0,[b],[b],1
43,27,F,85.0,2_4_4_2_180Y100.pct,100.0,3155.0,[b],[b],1
43,27,F,86.0,R3_4_4_3_180Y0.pct,0.0,2370.0,[n],[n],1
43,27,F,87.0,3_4_3_3_180Y150.pct,150.0,5336.0,[n],[b],0
43,27,F,88.0,R3_4_4_3_180Y100.pct,100.0,2358.0,[n],[n],1
43,27,F,89.0,R2_3_3_2_0Y100.pct,100.0,4430.0,[n],[n],1
43,27,F,90.0,2_3_3_2_0Y50.pct,50.0,4692.0,[n],[b],0
43,27,F,91.0,2_4_4_2_0Y0.pct,0.0,2453.0,[b],[b],1
43,27,F,92.0,3_4_3_2_90Y150.pct,150.0,5950.0,[b],[b],1
43,27,F,93.0,R2_4_4_3_90Y150.pct,150.0,5898.0,[b],[n],0
43,27,F,94.0,R3_4_3_2_90Y50.pct,50.0,4369.0,[n],[n],1
43,27,F,95.0,2_3_3_2_0Y100.pct,100.0,2745.0,[b],[b],1
43,27,F,96.0,R3_3_3_2_0Y0.pct,0.0,3285.0,[b],[n],0
44,18,M,1.0,R2_3_3_2_0Y0.pct,0.0,4159.0,[n],[n],1
44,18,M,3.0,2_4_4_2_0Y150.pct,150.0,4932.0,[b],[b],1
44,18,M,4.0,3_3_3_2_0Y100.pct,100.0,6622.0,[b],[b],1
44,18,M,5.0,3_3_3_3_90Y50.pct,50.0,4998.0,[n],[b],0
44,18,M,6.0,R2_4_4_2_0Y50.pct,50.0,6562.0,[n],[n],1
44,18,M,8.0,2_3_3_2_0Y0.pct,0.0,3750.0,[b],[b],1
44,18,M,9.0,R3_4_3_3_180Y150.pct,150.0,5316.0,[n],[n],1
44,18,M,10.0,2_4_4_2_180Y150.pct,150.0,5217.0,[b],[b],1
44,18,M,11.0,R3_3_4_2_0Y50.pct,50.0,5579.0,[n],[n],1
44,18,M,12.0,R2_3_4_2_90Y0.pct,0.0,5002.0,[n],[n],1
44,18,M,13.0,3_3_3_3_180Y0.pct,0.0,3856.0,[b],[b],1
44,18,M,14.0,R3_4_3_3_180Y100.pct,100.0,5652.0,[n],[n],1
44,18,M,15.0,2_4_4_3_90Y100.pct,100.0,4642.0,[b],[b],1
44,18,M,16.0,3_4_3_2_90Y50.pct,50.0,6036.0,[b],[b],1
44,18,M,17.0,R2_4_4_3_90Y100.pct,100.0,7041.0,[n],[n],1
44,18,M,18.0,2_3_3_2_0Y150.pct,150.0,5535.0,[b],[b],1
44,18,M,19.0,R2_3_4_2_90Y50.pct,50.0,3314.0,[n],[n],1
44,18,M,20.0,2_3_4_2_90Y50.pct,50.0,4453.0,[b],[b],1
44,18,M,21.0,R2_4_4_2_180Y100.pct,100.0,5443.0,[n],[n],1
44,18,M,22.0,R2_4_4_2_0Y0.pct,0.0,3845.0,[b],[n],0
44,18,M,23.0,3_4_3_2_90Y0.pct,0.0,5173.0,[b],[b],1
44,18,M,25.0,R3_4_4_3_180Y150.pct,150.0,7186.0,[n],[n],1
44,18,M,26.0,R3_4_3_3_180Y50.pct,50.0,6914.0,[n],[n],1
44,18,M,27.0,3_4_3_3_180Y50.pct,50.0,5334.0,[b],[b],1
44,18,M,28.0,3_3_3_3_90Y100.pct,100.0,6676.0,[b],[b],1
44,18,M,29.0,2_4_4_2_180Y0.pct,0.0,3017.0,[b],[b],1
44,18,M,30.0,R3_4_3_2_90Y0.pct,0.0,1957.0,[n],[n],1
44,18,M,31.0,3_3_4_2_0Y150.pct,150.0,7466.0,[n],[b],0
44,18,M,32.0,R3_3_4_2_0Y100.pct,100.0,3732.0,[n],[n],1
44,18,M,33.0,3_3_3_3_180Y50.pct,50.0,4601.0,[b],[b],1
44,18,M,34.0,3_3_4_2_0Y100.pct,100.0,5389.0,[b],[b],1
44,18,M,35.0,3_4_4_3_180Y150.pct,150.0,5496.0,[b],[b],1
44,18,M,36.0,R3_3_3_3_180Y0.pct,0.0,1995.0,[n],[n],1
44,18,M,37.0,3_4_3_3_180Y100.pct,100.0,4315.0,[b],[b],1
44,18,M,38.0,R3_3_3_3_180Y150.pct,150.0,5216.0,[b],[n],0
44,18,M,39.0,3_4_3_3_180Y0.pct,0.0,5397.0,[b],[b],1
44,18,M,40.0,R3_3_3_3_90Y50.pct,50.0,4877.0,[n],[n],1
44,18,M,42.0,R3_4_3_3_180Y0.pct,0.0,3677.0,[n],[n],1
44,18,M,43.0,3_3_3_3_180Y100.pct,100.0,3613.0,[b],[b],1
44,18,M,44.0,R2_3_4_2_90Y150.pct,150.0,2583.0,[b],[n],0
44,18,M,45.0,R2_3_3_2_0Y50.pct,50.0,4205.0,[n],[n],1
44,18,M,46.0,R2_3_4_2_90Y100.pct,100.0,6776.0,[n],[n],1
44,18,M,47.0,3_4_4_3_180Y0.pct,0.0,3050.0,[b],[b],1
44,18,M,48.0,3_4_4_3_180Y50.pct,50.0,3661.0,[b],[b],1
44,18,M,49.0,R2_4_4_2_0Y100.pct,100.0,6597.0,[n],[n],1
44,18,M,50.0,R2_3_3_2_0Y150.pct,150.0,3167.0,[b],[n],0
44,18,M,51.0,3_3_4_2_0Y0.pct,0.0,2331.0,[b],[b],1
44,18,M,52.0,R2_4_4_3_90Y0.pct,0.0,1759.0,[n],[n],1
44,18,M,53.0,3_4_4_3_180Y100.pct,100.0,6476.0,[b],[b],1
44,18,M,54.0,R2_4_4_2_180Y50.pct,50.0,1365.0,[n],[n],1
44,18,M,55.0,3_3_3_2_0Y150.pct,150.0,5136.0,[b],[b],1
44,18,M,56.0,2_4_4_2_0Y50.pct,50.0,2262.0,[b],[b],1
44,18,M,57.0,R2_4_4_2_0Y150.pct,150.0,5479.0,[n],[n],1
44,18,M,58.0,R3_4_3_2_90Y100.pct,100.0,4447.0,[n],[n],1
44,18,M,59.0,2_3_4_2_90Y150.pct,150.0,3624.0,[b],[b],1
44,18,M,60.0,3_4_3_2_90Y100.pct,100.0,3880.0,[b],[b],1
44,18,M,61.0,2_4_4_3_90Y0.pct,0.0,1449.0,[b],[b],1
44,18,M,62.0,R2_4_4_2_180Y0.pct,0.0,1785.0,[n],[n],1
44,18,M,63.0,R2_4_4_3_90Y50.pct,50.0,5555.0,[n],[n],1
44,18,M,64.0,2_4_4_3_90Y50.pct,50.0,6034.0,[b],[b],1
44,18,M,65.0,R2_4_4_2_180Y150.pct,150.0,6723.0,[n],[n],1
44,18,M,66.0,3_3_3_3_90Y0.pct,0.0,2675.0,[b],[b],1
44,18,M,67.0,3_3_3_3_180Y150.pct,150.0,2537.0,[b],[b],1
44,18,M,68.0,R3_3_3_3_90Y0.pct,0.0,4960.0,[n],[n],1
44,18,M,70.0,2_4_4_2_180Y50.pct,50.0,5170.0,[b],[b],1
44,18,M,71.0,2_4_4_2_0Y100.pct,100.0,4791.0,[b],[b],1
44,18,M,72.0,R3_3_3_2_0Y100.pct,100.0,5420.0,[n],[n],1
44,18,M,73.0,2_3_4_2_90Y100.pct,100.0,2689.0,[b],[b],1
44,18,M,74.0,R3_3_3_3_180Y100.pct,100.0,3553.0,[n],[n],1
44,18,M,75.0,3_3_3_3_90Y150.pct,150.0,2568.0,[b],[b],1
44,18,M,76.0,R3_3_4_2_0Y0.pct,0.0,3293.0,[n],[n],1
44,18,M,77.0,3_3_3_2_0Y0.pct,0.0,4637.0,[b],[b],1
44,18,M,78.0,3_3_3_2_0Y50.pct,50.0,5660.0,[b],[b],1
44,18,M,79.0,R3_3_3_3_180Y50.pct,50.0,4167.0,[n],[n],1
44,18,M,80.0,R3_3_3_3_90Y150.pct,150.0,6722.0,[b],[n],0
44,18,M,81.0,R3_4_4_3_180Y50.pct,50.0,5290.0,[n],[n],1
44,18,M,82.0,2_3_4_2_90Y0.pct,0.0,1150.0,[b],[b],1
44,18,M,83.0,R3_3_4_2_0Y150.pct,150.0,6646.0,[n],[n],1
44,18,M,84.0,3_3_4_2_0Y50.pct,50.0,1830.0,[b],[b],1
44,18,M,85.0,2_4_4_2_180Y100.pct,100.0,3247.0,[b],[b],1
44,18,M,86.0,R3_4_4_3_180Y0.pct,0.0,2305.0,[n],[n],1
44,18,M,87.0,3_4_3_3_180Y150.pct,150.0,4758.0,[b],[b],1
44,18,M,88.0,R3_4_4_3_180Y100.pct,100.0,4876.0,[n],[n],1
44,18,M,89.0,R2_3_3_2_0Y100.pct,100.0,5161.0,[n],[n],1
44,18,M,90.0,2_3_3_2_0Y50.pct,50.0,1390.0,[b],[b],1
44,18,M,91.0,2_4_4_2_0Y0.pct,0.0,1953.0,[b],[b],1
44,18,M,92.0,3_4_3_2_90Y150.pct,150.0,3245.0,[b],[b],1
44,18,M,93.0,R2_4_4_3_90Y150.pct,150.0,4951.0,[n],[n],1
44,18,M,94.0,R3_4_3_2_90Y50.pct,50.0,3251.0,[n],[n],1
44,18,M,95.0,2_3_3_2_0Y100.pct,100.0,2688.0,[b],[b],1
44,18,M,96.0,R3_3_3_2_0Y0.pct,0.0,4735.0,[b],[n],0
45,19,F,1.0,R2_3_3_2_0Y0.pct,0.0,5198.0,[n],[n],1
45,19,F,2.0,R3_4_3_2_90Y150.pct,150.0,3703.0,[n],[n],1
45,19,F,3.0,2_4_4_2_0Y150.pct,150.0,4895.0,[b],[b],1
45,19,F,4.0,3_3_3_2_0Y100.pct,100.0,5536.0,[b],[b],1
45,19,F,5.0,3_3_3_3_90Y50.pct,50.0,3168.0,[b],[b],1
45,19,F,6.0,R2_4_4_2_0Y50.pct,50.0,3126.0,[n],[n],1
45,19,F,7.0,R3_3_3_3_90Y100.pct,100.0,4942.0,[n],[n],1
45,19,F,8.0,2_3_3_2_0Y0.pct,0.0,1280.0,[b],[b],1
45,19,F,10.0,2_4_4_2_180Y150.pct,150.0,4062.0,[n],[b],0
45,19,F,11.0,R3_3_4_2_0Y50.pct,50.0,5499.0,[n],[n],1
45,19,F,12.0,R2_3_4_2_90Y0.pct,0.0,2635.0,[n],[n],1
45,19,F,13.0,3_3_3_3_180Y0.pct,0.0,1202.0,[b],[b],1
45,19,F,15.0,2_4_4_3_90Y100.pct,100.0,6238.0,[b],[b],1
45,19,F,16.0,3_4_3_2_90Y50.pct,50.0,4655.0,[b],[b],1
45,19,F,17.0,R2_4_4_3_90Y100.pct,100.0,6725.0,[n],[n],1
45,19,F,19.0,R2_3_4_2_90Y50.pct,50.0,6283.0,[b],[n],0
45,19,F,20.0,2_3_4_2_90Y50.pct,50.0,3455.0,[b],[b],1
45,19,F,21.0,R2_4_4_2_180Y100.pct,100.0,4449.0,[n],[n],1
45,19,F,22.0,R2_4_4_2_0Y0.pct,0.0,1958.0,[n],[n],1
45,19,F,23.0,3_4_3_2_90Y0.pct,0.0,1410.0,[b],[b],1
45,19,F,24.0,R3_3_3_2_0Y150.pct,150.0,5135.0,[n],[n],1
45,19,F,25.0,R3_4_4_3_180Y150.pct,150.0,3766.0,[n],[n],1
45,19,F,26.0,R3_4_3_3_180Y50.pct,50.0,2657.0,[n],[n],1
45,19,F,27.0,3_4_3_3_180Y50.pct,50.0,4546.0,[b],[b],1
45,19,F,28.0,3_3_3_3_90Y100.pct,100.0,5440.0,[b],[b],1
45,19,F,29.0,2_4_4_2_180Y0.pct,0.0,1061.0,[b],[b],1
45,19,F,30.0,R3_4_3_2_90Y0.pct,0.0,2993.0,[n],[n],1
45,19,F,31.0,3_3_4_2_0Y150.pct,150.0,5763.0,[b],[b],1
45,19,F,33.0,3_3_3_3_180Y50.pct,50.0,5121.0,[b],[b],1
45,19,F,34.0,3_3_4_2_0Y100.pct,100.0,3672.0,[b],[b],1
45,19,F,35.0,3_4_4_3_180Y150.pct,150.0,5297.0,[b],[b],1
45,19,F,36.0,R3_3_3_3_180Y0.pct,0.0,1124.0,[n],[n],1
45,19,F,37.0,3_4_3_3_180Y100.pct,100.0,4935.0,[b],[b],1
45,19,F,38.0,R3_3_3_3_180Y150.pct,150.0,3730.0,[n],[n],1
45,19,F,39.0,3_4_3_3_180Y0.pct,0.0,968.0,[b],[b],1
45,19,F,40.0,R3_3_3_3_90Y50.pct,50.0,1836.0,[n],[n],1
45,19,F,41.0,2_4_4_3_90Y150.pct,150.0,5495.0,[b],[b],1
45,19,F,42.0,R3_4_3_3_180Y0.pct,0.0,1893.0,[n],[n],1
45,19,F,43.0,3_3_3_3_180Y100.pct,100.0,6748.0,[n],[b],0
45,19,F,44.0,R2_3_4_2_90Y150.pct,150.0,3666.0,[n],[n],1
45,19,F,45.0,R2_3_3_2_0Y50.pct,50.0,1692.0,[n],[n],1
45,19,F,46.0,R2_3_4_2_90Y100.pct,100.0,5498.0,[n],[n],1
45,19,F,47.0,3_4_4_3_180Y0.pct,0.0,1458.0,[b],[b],1
45,19,F,48.0,3_4_4_3_180Y50.pct,50.0,1849.0,[b],[b],1
45,19,F,49.0,R2_4_4_2_0Y100.pct,100.0,4283.0,[n],[n],1
45,19,F,50.0,R2_3_3_2_0Y150.pct,150.0,2760.0,[b],[n],0
45,19,F,51.0,3_3_4_2_0Y0.pct,0.0,1211.0,[b],[b],1
45,19,F,52.0,R2_4_4_3_90Y0.pct,0.0,1379.0,[n],[n],1
45,19,F,53.0,3_4_4_3_180Y100.pct,100.0,3985.0,[b],[b],1
45,19,F,54.0,R2_4_4_2_180Y50.pct,50.0,923.0,[n],[n],1
45,19,F,55.0,3_3_3_2_0Y150.pct,150.0,4644.0,[b],[b],1
45,19,F,56.0,2_4_4_2_0Y50.pct,50.0,1010.0,[b],[b],1
45,19,F,57.0,R2_4_4_2_0Y150.pct,150.0,1213.0,[n],[n],1
45,19,F,58.0,R3_4_3_2_90Y100.pct,100.0,2735.0,[n],[n],1
45,19,F,59.0,2_3_4_2_90Y150.pct,150.0,3014.0,[b],[b],1
45,19,F,60.0,3_4_3_2_90Y100.pct,100.0,3535.0,[b],[b],1
45,19,F,61.0,2_4_4_3_90Y0.pct,0.0,1330.0,[b],[b],1
45,19,F,62.0,R2_4_4_2_180Y0.pct,0.0,1569.0,[n],[n],1
45,19,F,63.0,R2_4_4_3_90Y50.pct,50.0,1750.0,[n],[n],1
45,19,F,64.0,2_4_4_3_90Y50.pct,50.0,2240.0,[b],[b],1
45,19,F,65.0,R2_4_4_2_180Y150.pct,150.0,3541.0,[n],[n],1
45,19,F,66.0,3_3_3_3_90Y0.pct,0.0,944.0,[b],[b],1
45,19,F,67.0,3_3_3_3_180Y150.pct,150.0,2662.0,[n],[b],0
45,19,F,68.0,R3_3_3_3_90Y0.pct,0.0,2166.0,[n],[n],1
45,19,F,69.0,R3_3_3_2_0Y50.pct,50.0,2164.0,[n],[n],1
45,19,F,70.0,2_4_4_2_180Y50.pct,50.0,2325.0,[b],[b],1
45,19,F,71.0,2_4_4_2_0Y100.pct,100.0,2012.0,[b],[b],1
45,19,F,72.0,R3_3_3_2_0Y100.pct,100.0,5041.0,[n],[n],1
45,19,F,73.0,2_3_4_2_90Y100.pct,100.0,3097.0,[b],[b],1
45,19,F,74.0,R3_3_3_3_180Y100.pct,100.0,3519.0,[n],[n],1
45,19,F,75.0,3_3_3_3_90Y150.pct,150.0,3997.0,[b],[b],1
45,19,F,76.0,R3_3_4_2_0Y0.pct,0.0,3071.0,[n],[n],1
45,19,F,77.0,3_3_3_2_0Y0.pct,0.0,2017.0,[b],[b],1
45,19,F,78.0,3_3_3_2_0Y50.pct,50.0,1773.0,[b],[b],1
45,19,F,79.0,R3_3_3_3_180Y50.pct,50.0,965.0,[n],[n],1
45,19,F,80.0,R3_3_3_3_90Y150.pct,150.0,3228.0,[b],[n],0
45,19,F,81.0,R3_4_4_3_180Y50.pct,50.0,5051.0,[n],[n],1
45,19,F,82.0,2_3_4_2_90Y0.pct,0.0,1056.0,[b],[b],1
45,19,F,83.0,R3_3_4_2_0Y150.pct,150.0,1546.0,[n],[n],1
45,19,F,84.0,3_3_4_2_0Y50.pct,50.0,1533.0,[b],[b],1
45,19,F,85.0,2_4_4_2_180Y100.pct,100.0,6539.0,[b],[b],1
45,19,F,86.0,R3_4_4_3_180Y0.pct,0.0,2645.0,[n],[n],1
45,19,F,87.0,3_4_3_3_180Y150.pct,150.0,6448.0,[b],[b],1
45,19,F,88.0,R3_4_4_3_180Y100.pct,100.0,2052.0,[n],[n],1
45,19,F,89.0,R2_3_3_2_0Y100.pct,100.0,4461.0,[n],[n],1
45,19,F,90.0,2_3_3_2_0Y50.pct,50.0,1604.0,[b],[b],1
45,19,F,91.0,2_4_4_2_0Y0.pct,0.0,983.0,[b],[b],1
45,19,F,92.0,3_4_3_2_90Y150.pct,150.0,3138.0,[b],[b],1
45,19,F,93.0,R2_4_4_3_90Y150.pct,150.0,4158.0,[n],[n],1
45,19,F,94.0,R3_4_3_2_90Y50.pct,50.0,1243.0,[n],[n],1
45,19,F,95.0,2_3_3_2_0Y100.pct,100.0,1360.0,[b],[b],1
45,19,F,96.0,R3_3_3_2_0Y0.pct,0.0,4008.0,[n],[n],1
46,19,F,1.0,R2_3_3_2_0Y0.pct,0.0,2830.0,[n],[n],1
46,19,F,2.0,R3_4_3_2_90Y150.pct,150.0,4630.0,[n],[n],1
46,19,F,3.0,2_4_4_2_0Y150.pct,150.0,2303.0,[b],[b],1
46,19,F,4.0,3_3_3_2_0Y100.pct,100.0,2312.0,[n],[b],0
46,19,F,5.0,3_3_3_3_90Y50.pct,50.0,2230.0,[b],[b],1
46,19,F,6.0,R2_4_4_2_0Y50.pct,50.0,3936.0,[n],[n],1
46,19,F,7.0,R3_3_3_3_90Y100.pct,100.0,5071.0,[n],[n],1
46,19,F,8.0,2_3_3_2_0Y0.pct,0.0,1750.0,[b],[b],1
46,19,F,9.0,R3_4_3_3_180Y150.pct,150.0,6412.0,[n],[n],1
46,19,F,10.0,2_4_4_2_180Y150.pct,150.0,2948.0,[b],[b],1
46,19,F,11.0,R3_3_4_2_0Y50.pct,50.0,5162.0,[n],[n],1
46,19,F,12.0,R2_3_4_2_90Y0.pct,0.0,2241.0,[b],[n],0
46,19,F,13.0,3_3_3_3_180Y0.pct,0.0,1216.0,[b],[b],1
46,19,F,14.0,R3_4_3_3_180Y100.pct,100.0,3978.0,[n],[n],1
46,19,F,15.0,2_4_4_3_90Y100.pct,100.0,3382.0,[b],[b],1
46,19,F,16.0,3_4_3_2_90Y50.pct,50.0,3426.0,[b],[b],1
46,19,F,17.0,R2_4_4_3_90Y100.pct,100.0,5971.0,[n],[n],1
46,19,F,18.0,2_3_3_2_0Y150.pct,150.0,2969.0,[b],[b],1
46,19,F,19.0,R2_3_4_2_90Y50.pct,50.0,4357.0,[n],[n],1
46,19,F,20.0,2_3_4_2_90Y50.pct,50.0,2210.0,[b],[b],1
46,19,F,21.0,R2_4_4_2_180Y100.pct,100.0,3099.0,[n],[n],1
46,19,F,22.0,R2_4_4_2_0Y0.pct,0.0,3497.0,[n],[n],1
46,19,F,23.0,3_4_3_2_90Y0.pct,0.0,2008.0,[b],[b],1
46,19,F,24.0,R3_3_3_2_0Y150.pct,150.0,6340.0,[n],[n],1
46,19,F,25.0,R3_4_4_3_180Y150.pct,150.0,3576.0,[n],[n],1
46,19,F,26.0,R3_4_3_3_180Y50.pct,50.0,6765.0,[n],[n],1
46,19,F,27.0,3_4_3_3_180Y50.pct,50.0,4346.0,[b],[b],1
46,19,F,28.0,3_3_3_3_90Y100.pct,100.0,4281.0,[b],[b],1
46,19,F,29.0,2_4_4_2_180Y0.pct,0.0,2118.0,[b],[b],1
46,19,F,30.0,R3_4_3_2_90Y0.pct,0.0,4673.0,[n],[n],1
46,19,F,31.0,3_3_4_2_0Y150.pct,150.0,3907.0,[b],[b],1
46,19,F,32.0,R3_3_4_2_0Y100.pct,100.0,4444.0,[n],[n],1
46,19,F,33.0,3_3_3_3_180Y50.pct,50.0,4383.0,[b],[b],1
46,19,F,34.0,3_3_4_2_0Y100.pct,100.0,3200.0,[b],[b],1
46,19,F,35.0,3_4_4_3_180Y150.pct,150.0,7076.0,[b],[b],1
46,19,F,36.0,R3_3_3_3_180Y0.pct,0.0,4134.0,[n],[n],1
46,19,F,37.0,3_4_3_3_180Y100.pct,100.0,6150.0,[b],[b],1
46,19,F,39.0,3_4_3_3_180Y0.pct,0.0,1670.0,[b],[b],1
46,19,F,40.0,R3_3_3_3_90Y50.pct,50.0,3822.0,[b],[n],0
46,19,F,41.0,2_4_4_3_90Y150.pct,150.0,5863.0,[b],[b],1
46,19,F,42.0,R3_4_3_3_180Y0.pct,0.0,2721.0,[n],[n],1
46,19,F,43.0,3_3_3_3_180Y100.pct,100.0,4317.0,[b],[b],1
46,19,F,44.0,R2_3_4_2_90Y150.pct,150.0,3152.0,[b],[n],0
46,19,F,45.0,R2_3_3_2_0Y50.pct,50.0,3285.0,[n],[n],1
46,19,F,46.0,R2_3_4_2_90Y100.pct,100.0,4955.0,[n],[n],1
46,19,F,47.0,3_4_4_3_180Y0.pct,0.0,1288.0,[b],[b],1
46,19,F,48.0,3_4_4_3_180Y50.pct,50.0,2721.0,[b],[b],1
46,19,F,49.0,R2_4_4_2_0Y100.pct,100.0,3946.0,[n],[n],1
46,19,F,50.0,R2_3_3_2_0Y150.pct,150.0,4766.0,[n],[n],1
46,19,F,51.0,3_3_4_2_0Y0.pct,0.0,1393.0,[b],[b],1
46,19,F,52.0,R2_4_4_3_90Y0.pct,0.0,2212.0,[n],[n],1
46,19,F,53.0,3_4_4_3_180Y100.pct,100.0,2999.0,[n],[b],0
46,19,F,54.0,R2_4_4_2_180Y50.pct,50.0,2416.0,[n],[n],1
46,19,F,56.0,2_4_4_2_0Y50.pct,50.0,2083.0,[b],[b],1
46,19,F,57.0,R2_4_4_2_0Y150.pct,150.0,2475.0,[n],[n],1
46,19,F,58.0,R3_4_3_2_90Y100.pct,100.0,4100.0,[n],[n],1
46,19,F,59.0,2_3_4_2_90Y150.pct,150.0,2722.0,[b],[b],1
46,19,F,60.0,3_4_3_2_90Y100.pct,100.0,4495.0,[b],[b],1
46,19,F,61.0,2_4_4_3_90Y0.pct,0.0,1070.0,[b],[b],1
46,19,F,62.0,R2_4_4_2_180Y0.pct,0.0,2399.0,[n],[n],1
46,19,F,63.0,R2_4_4_3_90Y50.pct,50.0,4361.0,[n],[n],1
46,19,F,64.0,2_4_4_3_90Y50.pct,50.0,4877.0,[b],[b],1
46,19,F,65.0,R2_4_4_2_180Y150.pct,150.0,2527.0,[n],[n],1
46,19,F,66.0,3_3_3_3_90Y0.pct,0.0,1292.0,[b],[b],1
46,19,F,67.0,3_3_3_3_180Y150.pct,150.0,3331.0,[b],[b],1
46,19,F,69.0,R3_3_3_2_0Y50.pct,50.0,5960.0,[n],[n],1
46,19,F,70.0,2_4_4_2_180Y50.pct,50.0,2989.0,[b],[b],1
46,19,F,71.0,2_4_4_2_0Y100.pct,100.0,1992.0,[b],[b],1
46,19,F,72.0,R3_3_3_2_0Y100.pct,100.0,5582.0,[n],[n],1
46,19,F,73.0,2_3_4_2_90Y100.pct,100.0,2137.0,[b],[b],1
46,19,F,74.0,R3_3_3_3_180Y100.pct,100.0,5661.0,[b],[n],0
46,19,F,75.0,3_3_3_3_90Y150.pct,150.0,3215.0,[b],[b],1
46,19,F,76.0,R3_3_4_2_0Y0.pct,0.0,7465.0,[n],[n],1
46,19,F,77.0,3_3_3_2_0Y0.pct,0.0,2043.0,[b],[b],1
46,19,F,78.0,3_3_3_2_0Y50.pct,50.0,4930.0,[b],[b],1
46,19,F,79.0,R3_3_3_3_180Y50.pct,50.0,4288.0,[n],[n],1
46,19,F,80.0,R3_3_3_3_90Y150.pct,150.0,4176.0,[n],[n],1
46,19,F,81.0,R3_4_4_3_180Y50.pct,50.0,3685.0,[n],[n],1
46,19,F,82.0,2_3_4_2_90Y0.pct,0.0,1196.0,[b],[b],1
46,19,F,83.0,R3_3_4_2_0Y150.pct,150.0,4728.0,[n],[n],1
46,19,F,84.0,3_3_4_2_0Y50.pct,50.0,2241.0,[b],[b],1
46,19,F,85.0,2_4_4_2_180Y100.pct,100.0,2779.0,[b],[b],1
46,19,F,86.0,R3_4_4_3_180Y0.pct,0.0,1345.0,[b],[n],0
46,19,F,87.0,3_4_3_3_180Y150.pct,150.0,7184.0,[b],[b],1
46,19,F,88.0,R3_4_4_3_180Y100.pct,100.0,2835.0,[n],[n],1
46,19,F,89.0,R2_3_3_2_0Y100.pct,100.0,4582.0,[b],[n],0
46,19,F,90.0,2_3_3_2_0Y50.pct,50.0,4970.0,[b],[b],1
46,19,F,91.0,2_4_4_2_0Y0.pct,0.0,866.0,[b],[b],1
46,19,F,92.0,3_4_3_2_90Y150.pct,150.0,2686.0,[b],[b],1
46,19,F,93.0,R2_4_4_3_90Y150.pct,150.0,2426.0,[n],[n],1
46,19,F,94.0,R3_4_3_2_90Y50.pct,50.0,2284.0,[n],[n],1
46,19,F,95.0,2_3_3_2_0Y100.pct,100.0,1872.0,[b],[b],1
46,19,F,96.0,R3_3_3_2_0Y0.pct,0.0,3432.0,[n],[n],1
47,18,F,1.0,R2_3_3_2_0Y0.pct,0.0,2438.0,[n],[n],1
47,18,F,2.0,R3_4_3_2_90Y150.pct,150.0,3716.0,[n],[n],1
47,18,F,3.0,2_4_4_2_0Y150.pct,150.0,3202.0,[b],[b],1
47,18,F,4.0,3_3_3_2_0Y100.pct,100.0,6310.0,[n],[b],0
47,18,F,5.0,3_3_3_3_90Y50.pct,50.0,3276.0,[n],[b],0
47,18,F,6.0,R2_4_4_2_0Y50.pct,50.0,2746.0,[n],[n],1
47,18,F,8.0,2_3_3_2_0Y0.pct,0.0,1846.0,[b],[b],1
47,18,F,9.0,R3_4_3_3_180Y150.pct,150.0,3596.0,[n],[n],1
47,18,F,10.0,2_4_4_2_180Y150.pct,150.0,2572.0,[b],[b],1
47,18,F,11.0,R3_3_4_2_0Y50.pct,50.0,2871.0,[n],[n],1
47,18,F,12.0,R2_3_4_2_90Y0.pct,0.0,2889.0,[n],[n],1
47,18,F,13.0,3_3_3_3_180Y0.pct,0.0,1418.0,[b],[b],1
47,18,F,14.0,R3_4_3_3_180Y100.pct,100.0,5737.0,[n],[n],1
47,18,F,16.0,3_4_3_2_90Y50.pct,50.0,2527.0,[n],[b],0
47,18,F,17.0,R2_4_4_3_90Y100.pct,100.0,3539.0,[n],[n],1
47,18,F,18.0,2_3_3_2_0Y150.pct,150.0,2649.0,[b],[b],1
47,18,F,19.0,R2_3_4_2_90Y50.pct,50.0,2274.0,[n],[n],1
47,18,F,20.0,2_3_4_2_90Y50.pct,50.0,1790.0,[b],[b],1
47,18,F,21.0,R2_4_4_2_180Y100.pct,100.0,2765.0,[n],[n],1
47,18,F,22.0,R2_4_4_2_0Y0.pct,0.0,1689.0,[n],[n],1
47,18,F,23.0,3_4_3_2_90Y0.pct,0.0,1119.0,[b],[b],1
47,18,F,24.0,R3_3_3_2_0Y150.pct,150.0,5607.0,[n],[n],1
47,18,F,25.0,R3_4_4_3_180Y150.pct,150.0,4432.0,[n],[n],1
47,18,F,26.0,R3_4_3_3_180Y50.pct,50.0,2946.0,[n],[n],1
47,18,F,27.0,3_4_3_3_180Y50.pct,50.0,4551.0,[b],[b],1
47,18,F,28.0,3_3_3_3_90Y100.pct,100.0,4607.0,[b],[b],1
47,18,F,29.0,2_4_4_2_180Y0.pct,0.0,1030.0,[b],[b],1
47,18,F,30.0,R3_4_3_2_90Y0.pct,0.0,1602.0,[n],[n],1
47,18,F,31.0,3_3_4_2_0Y150.pct,150.0,4533.0,[n],[b],0
47,18,F,32.0,R3_3_4_2_0Y100.pct,100.0,5707.0,[n],[n],1
47,18,F,33.0,3_3_3_3_180Y50.pct,50.0,3190.0,[b],[b],1
47,18,F,34.0,3_3_4_2_0Y100.pct,100.0,4948.0,[b],[b],1
47,18,F,35.0,3_4_4_3_180Y150.pct,150.0,5841.0,[b],[b],1
47,18,F,36.0,R3_3_3_3_180Y0.pct,0.0,1731.0,[n],[n],1
47,18,F,37.0,3_4_3_3_180Y100.pct,100.0,4850.0,[b],[b],1
47,18,F,38.0,R3_3_3_3_180Y150.pct,150.0,4343.0,[n],[n],1
47,18,F,39.0,3_4_3_3_180Y0.pct,0.0,1245.0,[b],[b],1
47,18,F,40.0,R3_3_3_3_90Y50.pct,50.0,1471.0,[n],[n],1
47,18,F,41.0,2_4_4_3_90Y150.pct,150.0,2903.0,[b],[b],1
47,18,F,42.0,R3_4_3_3_180Y0.pct,0.0,1399.0,[n],[n],1
47,18,F,43.0,3_3_3_3_180Y100.pct,100.0,3186.0,[b],[b],1
47,18,F,44.0,R2_3_4_2_90Y150.pct,150.0,4305.0,[n],[n],1
47,18,F,45.0,R2_3_3_2_0Y50.pct,50.0,1971.0,[n],[n],1
47,18,F,46.0,R2_3_4_2_90Y100.pct,100.0,2792.0,[n],[n],1
47,18,F,47.0,3_4_4_3_180Y0.pct,0.0,3201.0,[b],[b],1
47,18,F,48.0,3_4_4_3_180Y50.pct,50.0,4045.0,[b],[b],1
47,18,F,49.0,R2_4_4_2_0Y100.pct,100.0,2885.0,[n],[n],1
47,18,F,50.0,R2_3_3_2_0Y150.pct,150.0,3920.0,[n],[n],1
47,18,F,51.0,3_3_4_2_0Y0.pct,0.0,1343.0,[b],[b],1
47,18,F,52.0,R2_4_4_3_90Y0.pct,0.0,1103.0,[n],[n],1
47,18,F,53.0,3_4_4_3_180Y100.pct,100.0,3532.0,[b],[b],1
47,18,F,54.0,R2_4_4_2_180Y50.pct,50.0,1102.0,[n],[n],1
47,18,F,55.0,3_3_3_2_0Y150.pct,150.0,4265.0,[n],[b],0
47,18,F,56.0,2_4_4_2_0Y50.pct,50.0,1398.0,[b],[b],1
47,18,F,57.0,R2_4_4_2_0Y150.pct,150.0,1313.0,[n],[n],1
47,18,F,58.0,R3_4_3_2_90Y100.pct,100.0,2634.0,[n],[n],1
47,18,F,59.0,2_3_4_2_90Y150.pct,150.0,1888.0,[b],[b],1
47,18,F,60.0,3_4_3_2_90Y100.pct,100.0,3945.0,[b],[b],1
47,18,F,61.0,2_4_4_3_90Y0.pct,0.0,979.0,[b],[b],1
47,18,F,62.0,R2_4_4_2_180Y0.pct,0.0,1033.0,[n],[n],1
47,18,F,63.0,R2_4_4_3_90Y50.pct,50.0,1401.0,[n],[n],1
47,18,F,64.0,2_4_4_3_90Y50.pct,50.0,1180.0,[b],[b],1
47,18,F,65.0,R2_4_4_2_180Y150.pct,150.0,3445.0,[n],[n],1
47,18,F,66.0,3_3_3_3_90Y0.pct,0.0,1756.0,[b],[b],1
47,18,F,67.0,3_3_3_3_180Y150.pct,150.0,5058.0,[b],[b],1
47,18,F,68.0,R3_3_3_3_90Y0.pct,0.0,2403.0,[n],[n],1
47,18,F,69.0,R3_3_3_2_0Y50.pct,50.0,1702.0,[n],[n],1
47,18,F,70.0,2_4_4_2_180Y50.pct,50.0,1628.0,[b],[b],1
47,18,F,71.0,2_4_4_2_0Y100.pct,100.0,1595.0,[b],[b],1
47,18,F,72.0,R3_3_3_2_0Y100.pct,100.0,4522.0,[n],[n],1
47,18,F,73.0,2_3_4_2_90Y100.pct,100.0,1326.0,[b],[b],1
47,18,F,74.0,R3_3_3_3_180Y100.pct,100.0,2258.0,[n],[n],1
47,18,F,75.0,3_3_3_3_90Y150.pct,150.0,2013.0,[b],[b],1
47,18,F,77.0,3_3_3_2_0Y0.pct,0.0,1800.0,[b],[b],1
47,18,F,78.0,3_3_3_2_0Y50.pct,50.0,4738.0,[b],[b],1
47,18,F,79.0,R3_3_3_3_180Y50.pct,50.0,1117.0,[n],[n],1
47,18,F,80.0,R3_3_3_3_90Y150.pct,150.0,3979.0,[n],[n],1
47,18,F,81.0,R3_4_4_3_180Y50.pct,50.0,3538.0,[n],[n],1
47,18,F,82.0,2_3_4_2_90Y0.pct,0.0,1126.0,[b],[b],1
47,18,F,84.0,3_3_4_2_0Y50.pct,50.0,3760.0,[b],[b],1
47,18,F,85.0,2_4_4_2_180Y100.pct,100.0,4112.0,[n],[b],0
47,18,F,86.0,R3_4_4_3_180Y0.pct,0.0,1527.0,[n],[n],1
47,18,F,87.0,3_4_3_3_180Y150.pct,150.0,3612.0,[b],[b],1
47,18,F,88.0,R3_4_4_3_180Y100.pct,100.0,3016.0,[n],[n],1
47,18,F,89.0,R2_3_3_2_0Y100.pct,100.0,5514.0,[b],[n],0
47,18,F,90.0,2_3_3_2_0Y50.pct,50.0,3485.0,[b],[b],1
47,18,F,91.0,2_4_4_2_0Y0.pct,0.0,942.0,[b],[b],1
47,18,F,92.0,3_4_3_2_90Y150.pct,150.0,6261.0,[n],[b],0
47,18,F,93.0,R2_4_4_3_90Y150.pct,150.0,5515.0,[b],[n],0
47,18,F,94.0,R3_4_3_2_90Y50.pct,50.0,1323.0,[n],[n],1
47,18,F,95.0,2_3_3_2_0Y100.pct,100.0,1939.0,[b],[b],1
47,18,F,96.0,R3_3_3_2_0Y0.pct,0.0,3950.0,[n],[n],1
48,18,F,1.0,R2_3_3_2_0Y0.pct,0.0,3954.0,[n],[n],1
48,18,F,2.0,R3_4_3_2_90Y150.pct,150.0,6320.0,[n],[n],1
48,18,F,3.0,2_4_4_2_0Y150.pct,150.0,2662.0,[b],[b],1
48,18,F,4.0,3_3_3_2_0Y100.pct,100.0,6871.0,[b],[b],1
48,18,F,5.0,3_3_3_3_90Y50.pct,50.0,5353.0,[b],[b],1
48,18,F,6.0,R2_4_4_2_0Y50.pct,50.0,2162.0,[n],[n],1
48,18,F,7.0,R3_3_3_3_90Y100.pct,100.0,5114.0,[n],[n],1
48,18,F,8.0,2_3_3_2_0Y0.pct,0.0,1262.0,[b],[b],1
48,18,F,10.0,2_4_4_2_180Y150.pct,150.0,4965.0,[b],[b],1
48,18,F,11.0,R3_3_4_2_0Y50.pct,50.0,5828.0,[n],[n],1
48,18,F,12.0,R2_3_4_2_90Y0.pct,0.0,1376.0,[n],[n],1
48,18,F,13.0,3_3_3_3_180Y0.pct,0.0,974.0,[b],[b],1
48,18,F,14.0,R3_4_3_3_180Y100.pct,100.0,3230.0,[n],[n],1
48,18,F,15.0,2_4_4_3_90Y100.pct,100.0,3150.0,[b],[b],1
48,18,F,16.0,3_4_3_2_90Y50.pct,50.0,3275.0,[b],[b],1
48,18,F,17.0,R2_4_4_3_90Y100.pct,100.0,2891.0,[n],[n],1
48,18,F,18.0,2_3_3_2_0Y150.pct,150.0,2698.0,[b],[b],1
48,18,F,19.0,R2_3_4_2_90Y50.pct,50.0,1723.0,[n],[n],1
48,18,F,20.0,2_3_4_2_90Y50.pct,50.0,1711.0,[b],[b],1
48,18,F,21.0,R2_4_4_2_180Y100.pct,100.0,1709.0,[n],[n],1
48,18,F,22.0,R2_4_4_2_0Y0.pct,0.0,1434.0,[n],[n],1
48,18,F,23.0,3_4_3_2_90Y0.pct,0.0,1163.0,[b],[b],1
48,18,F,24.0,R3_3_3_2_0Y150.pct,150.0,4547.0,[n],[n],1
48,18,F,26.0,R3_4_3_3_180Y50.pct,50.0,4052.0,[b],[n],0
48,18,F,27.0,3_4_3_3_180Y50.pct,50.0,2363.0,[n],[b],0
48,18,F,28.0,3_3_3_3_90Y100.pct,100.0,2865.0,[b],[b],1
48,18,F,29.0,2_4_4_2_180Y0.pct,0.0,843.0,[b],[b],1
48,18,F,30.0,R3_4_3_2_90Y0.pct,0.0,2533.0,[n],[n],1
48,18,F,31.0,3_3_4_2_0Y150.pct,150.0,4089.0,[n],[b],0
48,18,F,32.0,R3_3_4_2_0Y100.pct,100.0,4961.0,[n],[n],1
48,18,F,33.0,3_3_3_3_180Y50.pct,50.0,1756.0,[b],[b],1
48,18,F,34.0,3_3_4_2_0Y100.pct,100.0,4040.0,[b],[b],1
48,18,F,35.0,3_4_4_3_180Y150.pct,150.0,3146.0,[b],[b],1
48,18,F,36.0,R3_3_3_3_180Y0.pct,0.0,4129.0,[n],[n],1
48,18,F,37.0,3_4_3_3_180Y100.pct,100.0,2047.0,[b],[b],1
48,18,F,38.0,R3_3_3_3_180Y150.pct,150.0,3103.0,[n],[n],1
48,18,F,39.0,3_4_3_3_180Y0.pct,0.0,926.0,[b],[b],1
48,18,F,40.0,R3_3_3_3_90Y50.pct,50.0,1292.0,[n],[n],1
48,18,F,41.0,2_4_4_3_90Y150.pct,150.0,3682.0,[b],[b],1
48,18,F,42.0,R3_4_3_3_180Y0.pct,0.0,1250.0,[n],[n],1
48,18,F,43.0,3_3_3_3_180Y100.pct,100.0,4107.0,[b],[b],1
48,18,F,44.0,R2_3_4_2_90Y150.pct,150.0,3996.0,[n],[n],1
48,18,F,45.0,R2_3_3_2_0Y50.pct,50.0,2485.0,[n],[n],1
48,18,F,46.0,R2_3_4_2_90Y100.pct,100.0,4126.0,[n],[n],1
48,18,F,47.0,3_4_4_3_180Y0.pct,0.0,1623.0,[b],[b],1
48,18,F,48.0,3_4_4_3_180Y50.pct,50.0,5465.0,[b],[b],1
48,18,F,49.0,R2_4_4_2_0Y100.pct,100.0,2636.0,[n],[n],1
48,18,F,50.0,R2_3_3_2_0Y150.pct,150.0,2891.0,[n],[n],1
48,18,F,51.0,3_3_4_2_0Y0.pct,0.0,1088.0,[b],[b],1
48,18,F,52.0,R2_4_4_3_90Y0.pct,0.0,1625.0,[n],[n],1
48,18,F,53.0,3_4_4_3_180Y100.pct,100.0,1418.0,[n],[b],0
48,18,F,54.0,R2_4_4_2_180Y50.pct,50.0,1274.0,[n],[n],1
48,18,F,55.0,3_3_3_2_0Y150.pct,150.0,2147.0,[n],[b],0
48,18,F,56.0,2_4_4_2_0Y50.pct,50.0,1191.0,[b],[b],1
48,18,F,57.0,R2_4_4_2_0Y150.pct,150.0,1642.0,[n],[n],1
48,18,F,58.0,R3_4_3_2_90Y100.pct,100.0,2298.0,[n],[n],1
48,18,F,59.0,2_3_4_2_90Y150.pct,150.0,1995.0,[b],[b],1
48,18,F,60.0,3_4_3_2_90Y100.pct,100.0,4051.0,[b],[b],1
48,18,F,61.0,2_4_4_3_90Y0.pct,0.0,988.0,[b],[b],1
48,18,F,62.0,R2_4_4_2_180Y0.pct,0.0,905.0,[n],[n],1
48,18,F,63.0,R2_4_4_3_90Y50.pct,50.0,1272.0,[n],[n],1
48,18,F,64.0,2_4_4_3_90Y50.pct,50.0,1607.0,[b],[b],1
48,18,F,65.0,R2_4_4_2_180Y150.pct,150.0,3342.0,[n],[n],1
48,18,F,66.0,3_3_3_3_90Y0.pct,0.0,1053.0,[b],[b],1
48,18,F,67.0,3_3_3_3_180Y150.pct,150.0,1926.0,[b],[b],1
48,18,F,68.0,R3_3_3_3_90Y0.pct,0.0,2348.0,[n],[n],1
48,18,F,69.0,R3_3_3_2_0Y50.pct,50.0,1393.0,[n],[n],1
48,18,F,70.0,2_4_4_2_180Y50.pct,50.0,1619.0,[b],[b],1
48,18,F,71.0,2_4_4_2_0Y100.pct,100.0,1621.0,[b],[b],1
48,18,F,72.0,R3_3_3_2_0Y100.pct,100.0,2196.0,[n],[n],1
48,18,F,73.0,2_3_4_2_90Y100.pct,100.0,1500.0,[b],[b],1
48,18,F,74.0,R3_3_3_3_180Y100.pct,100.0,1607.0,[n],[n],1
48,18,F,75.0,3_3_3_3_90Y150.pct,150.0,2482.0,[b],[b],1
48,18,F,76.0,R3_3_4_2_0Y0.pct,0.0,1634.0,[n],[n],1
48,18,F,77.0,3_3_3_2_0Y0.pct,0.0,1134.0,[b],[b],1
48,18,F,78.0,3_3_3_2_0Y50.pct,50.0,1845.0,[n],[b],0
48,18,F,79.0,R3_3_3_3_180Y50.pct,50.0,1457.0,[n],[n],1
48,18,F,80.0,R3_3_3_3_90Y150.pct,150.0,2228.0,[b],[n],0
48,18,F,81.0,R3_4_4_3_180Y50.pct,50.0,3292.0,[n],[n],1
48,18,F,82.0,2_3_4_2_90Y0.pct,0.0,836.0,[b],[b],1
48,18,F,83.0,R3_3_4_2_0Y150.pct,150.0,2613.0,[n],[n],1
48,18,F,84.0,3_3_4_2_0Y50.pct,50.0,2801.0,[n],[b],0
48,18,F,85.0,2_4_4_2_180Y100.pct,100.0,3553.0,[b],[b],1
48,18,F,86.0,R3_4_4_3_180Y0.pct,0.0,1560.0,[n],[n],1
48,18,F,87.0,3_4_3_3_180Y150.pct,150.0,3332.0,[b],[b],1
48,18,F,88.0,R3_4_4_3_180Y100.pct,100.0,3235.0,[n],[n],1
48,18,F,89.0,R2_3_3_2_0Y100.pct,100.0,3065.0,[n],[n],1
48,18,F,90.0,2_3_3_2_0Y50.pct,50.0,2565.0,[b],[b],1
48,18,F,91.0,2_4_4_2_0Y0.pct,0.0,1039.0,[b],[b],1
48,18,F,92.0,3_4_3_2_90Y150.pct,150.0,2461.0,[b],[b],1
48,18,F,93.0,R2_4_4_3_90Y150.pct,150.0,3205.0,[n],[n],1
48,18,F,94.0,R3_4_3_2_90Y50.pct,50.0,1230.0,[n],[n],1
48,18,F,95.0,2_3_3_2_0Y100.pct,100.0,1957.0,[b],[b],1
48,18,F,96.0,R3_3_3_2_0Y0.pct,0.0,1471.0,[n],[n],1
49,32,M,1.0,R2_3_3_2_0Y0.pct,0.0,3107.0,[n],[n],1
49,32,M,2.0,R3_4_3_2_90Y150.pct,150.0,2930.0,[n],[n],1
49,32,M,3.0,2_4_4_2_0Y150.pct,150.0,1874.0,[b],[b],1
49,32,M,4.0,3_3_3_2_0Y100.pct,100.0,3793.0,[b],[b],1
49,32,M,5.0,3_3_3_3_90Y50.pct,50.0,2184.0,[b],[b],1
49,32,M,6.0,R2_4_4_2_0Y50.pct,50.0,1749.0,[n],[n],1
49,32,M,7.0,R3_3_3_3_90Y100.pct,100.0,2592.0,[b],[n],0
49,32,M,8.0,2_3_3_2_0Y0.pct,0.0,2879.0,[b],[b],1
49,32,M,9.0,R3_4_3_3_180Y150.pct,150.0,7281.0,[n],[n],1
49,32,M,10.0,2_4_4_2_180Y150.pct,150.0,2386.0,[b],[b],1
49,32,M,11.0,R3_3_4_2_0Y50.pct,50.0,3805.0,[n],[n],1
49,32,M,12.0,R2_3_4_2_90Y0.pct,0.0,1696.0,[n],[n],1
49,32,M,13.0,3_3_3_3_180Y0.pct,0.0,1440.0,[b],[b],1
49,32,M,14.0,R3_4_3_3_180Y100.pct,100.0,2135.0,[n],[n],1
49,32,M,15.0,2_4_4_3_90Y100.pct,100.0,2661.0,[b],[b],1
49,32,M,16.0,3_4_3_2_90Y50.pct,50.0,1989.0,[b],[b],1
49,32,M,17.0,R2_4_4_3_90Y100.pct,100.0,2144.0,[n],[n],1
49,32,M,18.0,2_3_3_2_0Y150.pct,150.0,3094.0,[b],[b],1
49,32,M,19.0,R2_3_4_2_90Y50.pct,50.0,3388.0,[n],[n],1
49,32,M,20.0,2_3_4_2_90Y50.pct,50.0,1799.0,[b],[b],1
49,32,M,21.0,R2_4_4_2_180Y100.pct,100.0,4289.0,[n],[n],1
49,32,M,22.0,R2_4_4_2_0Y0.pct,0.0,2279.0,[n],[n],1
49,32,M,23.0,3_4_3_2_90Y0.pct,0.0,1528.0,[b],[b],1
49,32,M,24.0,R3_3_3_2_0Y150.pct,150.0,3939.0,[n],[n],1
49,32,M,25.0,R3_4_4_3_180Y150.pct,150.0,2659.0,[n],[n],1
49,32,M,26.0,R3_4_3_3_180Y50.pct,50.0,3409.0,[n],[n],1
49,32,M,27.0,3_4_3_3_180Y50.pct,50.0,2613.0,[b],[b],1
49,32,M,28.0,3_3_3_3_90Y100.pct,100.0,2963.0,[b],[b],1
49,32,M,29.0,2_4_4_2_180Y0.pct,0.0,1258.0,[b],[b],1
49,32,M,30.0,R3_4_3_2_90Y0.pct,0.0,2787.0,[n],[n],1
49,32,M,31.0,3_3_4_2_0Y150.pct,150.0,4431.0,[b],[b],1
49,32,M,32.0,R3_3_4_2_0Y100.pct,100.0,4179.0,[n],[n],1
49,32,M,33.0,3_3_3_3_180Y50.pct,50.0,2364.0,[b],[b],1
49,32,M,34.0,3_3_4_2_0Y100.pct,100.0,2658.0,[b],[b],1
49,32,M,35.0,3_4_4_3_180Y150.pct,150.0,2443.0,[b],[b],1
49,32,M,36.0,R3_3_3_3_180Y0.pct,0.0,2021.0,[n],[n],1
49,32,M,37.0,3_4_3_3_180Y100.pct,100.0,3099.0,[b],[b],1
49,32,M,38.0,R3_3_3_3_180Y150.pct,150.0,3291.0,[n],[n],1
49,32,M,39.0,3_4_3_3_180Y0.pct,0.0,1696.0,[b],[b],1
49,32,M,40.0,R3_3_3_3_90Y50.pct,50.0,3369.0,[n],[n],1
49,32,M,41.0,2_4_4_3_90Y150.pct,150.0,3324.0,[b],[b],1
49,32,M,42.0,R3_4_3_3_180Y0.pct,0.0,2458.0,[n],[n],1
49,32,M,43.0,3_3_3_3_180Y100.pct,100.0,2611.0,[b],[b],1
49,32,M,44.0,R2_3_4_2_90Y150.pct,150.0,4276.0,[n],[n],1
49,32,M,45.0,R2_3_3_2_0Y50.pct,50.0,1798.0,[n],[n],1
49,32,M,46.0,R2_3_4_2_90Y100.pct,100.0,3825.0,[n],[n],1
49,32,M,47.0,3_4_4_3_180Y0.pct,0.0,3090.0,[b],[b],1
49,32,M,48.0,3_4_4_3_180Y50.pct,50.0,2313.0,[b],[b],1
49,32,M,49.0,R2_4_4_2_0Y100.pct,100.0,2706.0,[n],[n],1
49,32,M,50.0,R2_3_3_2_0Y150.pct,150.0,1659.0,[n],[n],1
49,32,M,51.0,3_3_4_2_0Y0.pct,0.0,1085.0,[b],[b],1
49,32,M,52.0,R2_4_4_3_90Y0.pct,0.0,1187.0,[n],[n],1
49,32,M,53.0,3_4_4_3_180Y100.pct,100.0,3695.0,[b],[b],1
49,32,M,54.0,R2_4_4_2_180Y50.pct,50.0,1057.0,[n],[n],1
49,32,M,55.0,3_3_3_2_0Y150.pct,150.0,4240.0,[b],[b],1
49,32,M,56.0,2_4_4_2_0Y50.pct,50.0,1517.0,[b],[b],1
49,32,M,57.0,R2_4_4_2_0Y150.pct,150.0,2749.0,[n],[n],1
49,32,M,58.0,R3_4_3_2_90Y100.pct,100.0,2153.0,[b],[n],0
49,32,M,59.0,2_3_4_2_90Y150.pct,150.0,4295.0,[b],[b],1
49,32,M,60.0,3_4_3_2_90Y100.pct,100.0,2012.0,[b],[b],1
49,32,M,61.0,2_4_4_3_90Y0.pct,0.0,1246.0,[b],[b],1
49,32,M,62.0,R2_4_4_2_180Y0.pct,0.0,3573.0,[n],[n],1
49,32,M,63.0,R2_4_4_3_90Y50.pct,50.0,2427.0,[n],[n],1
49,32,M,64.0,2_4_4_3_90Y50.pct,50.0,2038.0,[b],[b],1
49,32,M,65.0,R2_4_4_2_180Y150.pct,150.0,3910.0,[n],[n],1
49,32,M,66.0,3_3_3_3_90Y0.pct,0.0,1142.0,[b],[b],1
49,32,M,67.0,3_3_3_3_180Y150.pct,150.0,2492.0,[b],[b],1
49,32,M,68.0,R3_3_3_3_90Y0.pct,0.0,2291.0,[n],[n],1
49,32,M,69.0,R3_3_3_2_0Y50.pct,50.0,2106.0,[n],[n],1
49,32,M,70.0,2_4_4_2_180Y50.pct,50.0,2303.0,[b],[b],1
49,32,M,71.0,2_4_4_2_0Y100.pct,100.0,2477.0,[b],[b],1
49,32,M,72.0,R3_3_3_2_0Y100.pct,100.0,2943.0,[n],[n],1
49,32,M,73.0,2_3_4_2_90Y100.pct,100.0,2034.0,[b],[b],1
49,32,M,74.0,R3_3_3_3_180Y100.pct,100.0,2204.0,[n],[n],1
49,32,M,75.0,3_3_3_3_90Y150.pct,150.0,3446.0,[b],[b],1
49,32,M,76.0,R3_3_4_2_0Y0.pct,0.0,2296.0,[n],[n],1
49,32,M,77.0,3_3_3_2_0Y0.pct,0.0,1871.0,[b],[b],1
49,32,M,78.0,3_3_3_2_0Y50.pct,50.0,2661.0,[b],[b],1
49,32,M,79.0,R3_3_3_3_180Y50.pct,50.0,1320.0,[n],[n],1
49,32,M,80.0,R3_3_3_3_90Y150.pct,150.0,4866.0,[n],[n],1
49,32,M,81.0,R3_4_4_3_180Y50.pct,50.0,3019.0,[n],[n],1
49,32,M,82.0,2_3_4_2_90Y0.pct,0.0,1148.0,[b],[b],1
49,32,M,83.0,R3_3_4_2_0Y150.pct,150.0,2097.0,[n],[n],1
49,32,M,84.0,3_3_4_2_0Y50.pct,50.0,1902.0,[b],[b],1
49,32,M,85.0,2_4_4_2_180Y100.pct,100.0,2158.0,[b],[b],1
49,32,M,86.0,R3_4_4_3_180Y0.pct,0.0,2618.0,[n],[n],1
49,32,M,87.0,3_4_3_3_180Y150.pct,150.0,4693.0,[b],[b],1
49,32,M,88.0,R3_4_4_3_180Y100.pct,100.0,2878.0,[n],[n],1
49,32,M,89.0,R2_3_3_2_0Y100.pct,100.0,2070.0,[b],[n],0
49,32,M,90.0,2_3_3_2_0Y50.pct,50.0,4554.0,[b],[b],1
49,32,M,91.0,2_4_4_2_0Y0.pct,0.0,935.0,[b],[b],1
49,32,M,92.0,3_4_3_2_90Y150.pct,150.0,1840.0,[b],[b],1
49,32,M,93.0,R2_4_4_3_90Y150.pct,150.0,2703.0,[n],[n],1
49,32,M,94.0,R3_4_3_2_90Y50.pct,50.0,2141.0,[n],[n],1
49,32,M,95.0,2_3_3_2_0Y100.pct,100.0,1849.0,[b],[b],1
49,32,M,96.0,R3_3_3_2_0Y0.pct,0.0,2442.0,[n],[n],1
50,30,F,1.0,R2_3_3_2_0Y0.pct,0.0,5262.0,[n],[n],1
50,30,F,2.0,R3_4_3_2_90Y150.pct,150.0,3977.0,[n],[n],1
50,30,F,3.0,2_4_4_2_0Y150.pct,150.0,2189.0,[b],[b],1
50,30,F,4.0,3_3_3_2_0Y100.pct,100.0,4956.0,[b],[b],1
50,30,F,5.0,3_3_3_3_90Y50.pct,50.0,3184.0,[b],[b],1
50,30,F,6.0,R2_4_4_2_0Y50.pct,50.0,3315.0,[n],[n],1
50,30,F,7.0,R3_3_3_3_90Y100.pct,100.0,3907.0,[n],[n],1
50,30,F,8.0,2_3_3_2_0Y0.pct,0.0,2504.0,[b],[b],1
50,30,F,9.0,R3_4_3_3_180Y150.pct,150.0,4441.0,[n],[n],1
50,30,F,10.0,2_4_4_2_180Y150.pct,150.0,3047.0,[b],[b],1
50,30,F,11.0,R3_3_4_2_0Y50.pct,50.0,4799.0,[n],[n],1
50,30,F,12.0,R2_3_4_2_90Y0.pct,0.0,3929.0,[n],[n],1
50,30,F,13.0,3_3_3_3_180Y0.pct,0.0,2422.0,[b],[b],1
50,30,F,14.0,R3_4_3_3_180Y100.pct,100.0,3859.0,[n],[n],1
50,30,F,15.0,2_4_4_3_90Y100.pct,100.0,2988.0,[b],[b],1
50,30,F,16.0,3_4_3_2_90Y50.pct,50.0,3374.0,[b],[b],1
50,30,F,17.0,R2_4_4_3_90Y100.pct,100.0,3675.0,[n],[n],1
50,30,F,18.0,2_3_3_2_0Y150.pct,150.0,2040.0,[b],[b],1
50,30,F,19.0,R2_3_4_2_90Y50.pct,50.0,3547.0,[n],[n],1
50,30,F,20.0,2_3_4_2_90Y50.pct,50.0,2005.0,[b],[b],1
50,30,F,21.0,R2_4_4_2_180Y100.pct,100.0,6484.0,[n],[n],1
50,30,F,22.0,R2_4_4_2_0Y0.pct,0.0,3859.0,[n],[n],1
50,30,F,23.0,3_4_3_2_90Y0.pct,0.0,2628.0,[b],[b],1
50,30,F,24.0,R3_3_3_2_0Y150.pct,150.0,4017.0,[b],[n],0
50,30,F,25.0,R3_4_4_3_180Y150.pct,150.0,4000.0,[n],[n],1
50,30,F,26.0,R3_4_3_3_180Y50.pct,50.0,4209.0,[n],[n],1
50,30,F,27.0,3_4_3_3_180Y50.pct,50.0,2510.0,[b],[b],1
50,30,F,28.0,3_3_3_3_90Y100.pct,100.0,5030.0,[b],[b],1
50,30,F,29.0,2_4_4_2_180Y0.pct,0.0,2085.0,[b],[b],1
50,30,F,30.0,R3_4_3_2_90Y0.pct,0.0,3309.0,[n],[n],1
50,30,F,31.0,3_3_4_2_0Y150.pct,150.0,4732.0,[b],[b],1
50,30,F,32.0,R3_3_4_2_0Y100.pct,100.0,3100.0,[n],[n],1
50,30,F,33.0,3_3_3_3_180Y50.pct,50.0,3249.0,[b],[b],1
50,30,F,34.0,3_3_4_2_0Y100.pct,100.0,4618.0,[b],[b],1
50,30,F,35.0,3_4_4_3_180Y150.pct,150.0,6254.0,[n],[b],0
50,30,F,36.0,R3_3_3_3_180Y0.pct,0.0,3205.0,[n],[n],1
50,30,F,37.0,3_4_3_3_180Y100.pct,100.0,2963.0,[b],[b],1
50,30,F,38.0,R3_3_3_3_180Y150.pct,150.0,4149.0,[n],[n],1
50,30,F,39.0,3_4_3_3_180Y0.pct,0.0,1931.0,[b],[b],1
50,30,F,40.0,R3_3_3_3_90Y50.pct,50.0,4119.0,[n],[n],1
50,30,F,41.0,2_4_4_3_90Y150.pct,150.0,2317.0,[b],[b],1
50,30,F,42.0,R3_4_3_3_180Y0.pct,0.0,3155.0,[n],[n],1
50,30,F,43.0,3_3_3_3_180Y100.pct,100.0,3895.0,[b],[b],1
50,30,F,44.0,R2_3_4_2_90Y150.pct,150.0,2880.0,[n],[n],1
50,30,F,45.0,R2_3_3_2_0Y50.pct,50.0,3417.0,[n],[n],1
50,30,F,46.0,R2_3_4_2_90Y100.pct,100.0,2340.0,[n],[n],1
50,30,F,47.0,3_4_4_3_180Y0.pct,0.0,2647.0,[b],[b],1
50,30,F,48.0,3_4_4_3_180Y50.pct,50.0,3168.0,[b],[b],1
50,30,F,49.0,R2_4_4_2_0Y100.pct,100.0,3438.0,[n],[n],1
50,30,F,50.0,R2_3_3_2_0Y150.pct,150.0,2949.0,[n],[n],1
50,30,F,51.0,3_3_4_2_0Y0.pct,0.0,1684.0,[b],[b],1
50,30,F,52.0,R2_4_4_3_90Y0.pct,0.0,2498.0,[n],[n],1
50,30,F,53.0,3_4_4_3_180Y100.pct,100.0,2506.0,[b],[b],1
50,30,F,54.0,R2_4_4_2_180Y50.pct,50.0,1779.0,[n],[n],1
50,30,F,55.0,3_3_3_2_0Y150.pct,150.0,2317.0,[b],[b],1
50,30,F,56.0,2_4_4_2_0Y50.pct,50.0,2514.0,[b],[b],1
50,30,F,57.0,R2_4_4_2_0Y150.pct,150.0,2720.0,[n],[n],1
50,30,F,58.0,R3_4_3_2_90Y100.pct,100.0,2696.0,[n],[n],1
50,30,F,59.0,2_3_4_2_90Y150.pct,150.0,1663.0,[b],[b],1
50,30,F,60.0,3_4_3_2_90Y100.pct,100.0,2743.0,[b],[b],1
50,30,F,61.0,2_4_4_3_90Y0.pct,0.0,1585.0,[b],[b],1
50,30,F,62.0,R2_4_4_2_180Y0.pct,0.0,1502.0,[n],[n],1
50,30,F,63.0,R2_4_4_3_90Y50.pct,50.0,2173.0,[n],[n],1
50,30,F,64.0,2_4_4_3_90Y50.pct,50.0,1984.0,[b],[b],1
50,30,F,65.0,R2_4_4_2_180Y150.pct,150.0,4165.0,[n],[n],1
50,30,F,66.0,3_3_3_3_90Y0.pct,0.0,2585.0,[b],[b],1
50,30,F,67.0,3_3_3_3_180Y150.pct,150.0,3860.0,[b],[b],1
50,30,F,68.0,R3_3_3_3_90Y0.pct,0.0,1868.0,[n],[n],1
50,30,F,69.0,R3_3_3_2_0Y50.pct,50.0,4869.0,[n],[n],1
50,30,F,70.0,2_4_4_2_180Y50.pct,50.0,2485.0,[b],[b],1
50,30,F,71.0,2_4_4_2_0Y100.pct,100.0,3029.0,[b],[b],1
50,30,F,72.0,R3_3_3_2_0Y100.pct,100.0,4423.0,[n],[n],1
50,30,F,73.0,2_3_4_2_90Y100.pct,100.0,1812.0,[b],[b],1
50,30,F,74.0,R3_3_3_3_180Y100.pct,100.0,3201.0,[n],[n],1
50,30,F,75.0,3_3_3_3_90Y150.pct,150.0,2341.0,[b],[b],1
50,30,F,76.0,R3_3_4_2_0Y0.pct,0.0,2209.0,[b],[n],0
50,30,F,77.0,3_3_3_2_0Y0.pct,0.0,2724.0,[b],[b],1
50,30,F,78.0,3_3_3_2_0Y50.pct,50.0,2491.0,[b],[b],1
50,30,F,79.0,R3_3_3_3_180Y50.pct,50.0,2359.0,[n],[n],1
50,30,F,80.0,R3_3_3_3_90Y150.pct,150.0,2565.0,[n],[n],1
50,30,F,82.0,2_3_4_2_90Y0.pct,0.0,145.0,[n],[b],0
50,30,F,83.0,R3_3_4_2_0Y150.pct,150.0,4391.0,[n],[n],1
50,30,F,84.0,3_3_4_2_0Y50.pct,50.0,4296.0,[b],[b],1
50,30,F,85.0,2_4_4_2_180Y100.pct,100.0,3633.0,[b],[b],1
50,30,F,86.0,R3_4_4_3_180Y0.pct,0.0,2423.0,[n],[n],1
50,30,F,87.0,3_4_3_3_180Y150.pct,150.0,3512.0,[b],[b],1
50,30,F,88.0,R3_4_4_3_180Y100.pct,100.0,3214.0,[n],[n],1
50,30,F,89.0,R2_3_3_2_0Y100.pct,100.0,3099.0,[n],[n],1
50,30,F,90.0,2_3_3_2_0Y50.pct,50.0,2195.0,[b],[b],1
50,30,F,91.0,2_4_4_2_0Y0.pct,0.0,1868.0,[b],[b],1
50,30,F,92.0,3_4_3_2_90Y150.pct,150.0,2940.0,[n],[b],0
50,30,F,93.0,R2_4_4_3_90Y150.pct,150.0,2520.0,[n],[n],1
50,30,F,94.0,R3_4_3_2_90Y50.pct,50.0,2006.0,[n],[n],1
50,30,F,95.0,2_3_3_2_0Y100.pct,100.0,2592.0,[b],[b],1
50,30,F,96.0,R3_3_3_2_0Y0.pct,0.0,4244.0,[b],[n],0
51,20,F,1.0,R2_3_3_2_0Y0.pct,0.0,4607.0,[b],[n],0
51,20,F,2.0,R3_4_3_2_90Y150.pct,150.0,7330.0,[n],[n],1
51,20,F,3.0,2_4_4_2_0Y150.pct,150.0,4689.0,[n],[b],0
51,20,F,4.0,3_3_3_2_0Y100.pct,100.0,5549.0,[b],[b],1
51,20,F,5.0,3_3_3_3_90Y50.pct,50.0,2961.0,[b],[b],1
51,20,F,6.0,R2_4_4_2_0Y50.pct,50.0,1658.0,[n],[n],1
51,20,F,7.0,R3_3_3_3_90Y100.pct,100.0,2243.0,[n],[n],1
51,20,F,8.0,2_3_3_2_0Y0.pct,0.0,1746.0,[b],[b],1
51,20,F,9.0,R3_4_3_3_180Y150.pct,150.0,6125.0,[n],[n],1
51,20,F,10.0,2_4_4_2_180Y150.pct,150.0,2658.0,[n],[b],0
51,20,F,11.0,R3_3_4_2_0Y50.pct,50.0,2597.0,[n],[n],1
51,20,F,12.0,R2_3_4_2_90Y0.pct,0.0,3148.0,[b],[n],0
51,20,F,13.0,3_3_3_3_180Y0.pct,0.0,1098.0,[b],[b],1
51,20,F,14.0,R3_4_3_3_180Y100.pct,100.0,1957.0,[n],[n],1
51,20,F,15.0,2_4_4_3_90Y100.pct,100.0,2956.0,[n],[b],0
51,20,F,16.0,3_4_3_2_90Y50.pct,50.0,2866.0,[b],[b],1
51,20,F,17.0,R2_4_4_3_90Y100.pct,100.0,2767.0,[n],[n],1
51,20,F,18.0,2_3_3_2_0Y150.pct,150.0,2440.0,[n],[b],0
51,20,F,19.0,R2_3_4_2_90Y50.pct,50.0,2478.0,[n],[n],1
51,20,F,20.0,2_3_4_2_90Y50.pct,50.0,1674.0,[b],[b],1
51,20,F,21.0,R2_4_4_2_180Y100.pct,100.0,3296.0,[b],[n],0
51,20,F,22.0,R2_4_4_2_0Y0.pct,0.0,1583.0,[b],[n],0
51,20,F,23.0,3_4_3_2_90Y0.pct,0.0,2269.0,[b],[b],1
51,20,F,24.0,R3_3_3_2_0Y150.pct,150.0,2778.0,[n],[n],1
51,20,F,25.0,R3_4_4_3_180Y150.pct,150.0,2221.0,[b],[n],0
51,20,F,26.0,R3_4_3_3_180Y50.pct,50.0,1885.0,[n],[n],1
51,20,F,27.0,3_4_3_3_180Y50.pct,50.0,2915.0,[b],[b],1
51,20,F,28.0,3_3_3_3_90Y100.pct,100.0,4877.0,[n],[b],0
51,20,F,29.0,2_4_4_2_180Y0.pct,0.0,1146.0,[b],[b],1
51,20,F,30.0,R3_4_3_2_90Y0.pct,0.0,1346.0,[n],[n],1
51,20,F,31.0,3_3_4_2_0Y150.pct,150.0,981.0,[b],[b],1
51,20,F,32.0,R3_3_4_2_0Y100.pct,100.0,2394.0,[n],[n],1
51,20,F,33.0,3_3_3_3_180Y50.pct,50.0,2033.0,[b],[b],1
51,20,F,34.0,3_3_4_2_0Y100.pct,100.0,4715.0,[b],[b],1
51,20,F,35.0,3_4_4_3_180Y150.pct,150.0,3940.0,[n],[b],0
51,20,F,36.0,R3_3_3_3_180Y0.pct,0.0,1840.0,[n],[n],1
51,20,F,37.0,3_4_3_3_180Y100.pct,100.0,2756.0,[n],[b],0
51,20,F,38.0,R3_3_3_3_180Y150.pct,150.0,2010.0,[n],[n],1
51,20,F,39.0,3_4_3_3_180Y0.pct,0.0,1979.0,[b],[b],1
51,20,F,40.0,R3_3_3_3_90Y50.pct,50.0,2361.0,[n],[n],1
51,20,F,41.0,2_4_4_3_90Y150.pct,150.0,2442.0,[b],[b],1
51,20,F,42.0,R3_4_3_3_180Y0.pct,0.0,1677.0,[b],[n],0
51,20,F,43.0,3_3_3_3_180Y100.pct,100.0,3928.0,[n],[b],0
51,20,F,44.0,R2_3_4_2_90Y150.pct,150.0,3062.0,[n],[n],1
51,20,F,45.0,R2_3_3_2_0Y50.pct,50.0,1776.0,[n],[n],1
51,20,F,46.0,R2_3_4_2_90Y100.pct,100.0,1904.0,[n],[n],1
51,20,F,47.0,3_4_4_3_180Y0.pct,0.0,1074.0,[b],[b],1
51,20,F,48.0,3_4_4_3_180Y50.pct,50.0,1451.0,[n],[b],0
51,20,F,49.0,R2_4_4_2_0Y100.pct,100.0,3455.0,[n],[n],1
51,20,F,50.0,R2_3_3_2_0Y150.pct,150.0,2471.0,[n],[n],1
51,20,F,51.0,3_3_4_2_0Y0.pct,0.0,1020.0,[b],[b],1
51,20,F,52.0,R2_4_4_3_90Y0.pct,0.0,1409.0,[n],[n],1
51,20,F,53.0,3_4_4_3_180Y100.pct,100.0,2855.0,[b],[b],1
51,20,F,54.0,R2_4_4_2_180Y50.pct,50.0,2804.0,[n],[n],1
51,20,F,55.0,3_3_3_2_0Y150.pct,150.0,2190.0,[b],[b],1
51,20,F,56.0,2_4_4_2_0Y50.pct,50.0,1265.0,[b],[b],1
51,20,F,57.0,R2_4_4_2_0Y150.pct,150.0,1119.0,[n],[n],1
51,20,F,58.0,R3_4_3_2_90Y100.pct,100.0,1770.0,[n],[n],1
51,20,F,59.0,2_3_4_2_90Y150.pct,150.0,1627.0,[b],[b],1
51,20,F,60.0,3_4_3_2_90Y100.pct,100.0,2700.0,[b],[b],1
51,20,F,61.0,2_4_4_3_90Y0.pct,0.0,1329.0,[b],[b],1
51,20,F,62.0,R2_4_4_2_180Y0.pct,0.0,1774.0,[n],[n],1
51,20,F,63.0,R2_4_4_3_90Y50.pct,50.0,2788.0,[n],[n],1
51,20,F,64.0,2_4_4_3_90Y50.pct,50.0,1440.0,[b],[b],1
51,20,F,65.0,R2_4_4_2_180Y150.pct,150.0,1777.0,[n],[n],1
51,20,F,66.0,3_3_3_3_90Y0.pct,0.0,1185.0,[b],[b],1
51,20,F,67.0,3_3_3_3_180Y150.pct,150.0,2541.0,[b],[b],1
51,20,F,68.0,R3_3_3_3_90Y0.pct,0.0,1124.0,[n],[n],1
51,20,F,69.0,R3_3_3_2_0Y50.pct,50.0,1743.0,[n],[n],1
51,20,F,70.0,2_4_4_2_180Y50.pct,50.0,1035.0,[b],[b],1
51,20,F,71.0,2_4_4_2_0Y100.pct,100.0,1634.0,[b],[b],1
51,20,F,72.0,R3_3_3_2_0Y100.pct,100.0,2145.0,[b],[n],0
51,20,F,73.0,2_3_4_2_90Y100.pct,100.0,2047.0,[b],[b],1
51,20,F,74.0,R3_3_3_3_180Y100.pct,100.0,1656.0,[n],[n],1
51,20,F,75.0,3_3_3_3_90Y150.pct,150.0,1692.0,[b],[b],1
51,20,F,76.0,R3_3_4_2_0Y0.pct,0.0,1511.0,[n],[n],1
51,20,F,77.0,3_3_3_2_0Y0.pct,0.0,2376.0,[b],[b],1
51,20,F,78.0,3_3_3_2_0Y50.pct,50.0,2759.0,[b],[b],1
51,20,F,79.0,R3_3_3_3_180Y50.pct,50.0,1265.0,[n],[n],1
51,20,F,80.0,R3_3_3_3_90Y150.pct,150.0,1312.0,[n],[n],1
51,20,F,81.0,R3_4_4_3_180Y50.pct,50.0,2787.0,[n],[n],1
51,20,F,82.0,2_3_4_2_90Y0.pct,0.0,970.0,[b],[b],1
51,20,F,83.0,R3_3_4_2_0Y150.pct,150.0,1244.0,[n],[n],1
51,20,F,84.0,3_3_4_2_0Y50.pct,50.0,1492.0,[b],[b],1
51,20,F,85.0,2_4_4_2_180Y100.pct,100.0,2142.0,[n],[b],0
51,20,F,86.0,R3_4_4_3_180Y0.pct,0.0,1516.0,[b],[n],0
51,20,F,87.0,3_4_3_3_180Y150.pct,150.0,2748.0,[b],[b],1
51,20,F,88.0,R3_4_4_3_180Y100.pct,100.0,1953.0,[n],[n],1
51,20,F,89.0,R2_3_3_2_0Y100.pct,100.0,1887.0,[n],[n],1
51,20,F,90.0,2_3_3_2_0Y50.pct,50.0,1186.0,[b],[b],1
51,20,F,91.0,2_4_4_2_0Y0.pct,0.0,794.0,[b],[b],1
51,20,F,92.0,3_4_3_2_90Y150.pct,150.0,1121.0,[n],[b],0
51,20,F,93.0,R2_4_4_3_90Y150.pct,150.0,1112.0,[n],[n],1
51,20,F,94.0,R3_4_3_2_90Y50.pct,50.0,1673.0,[n],[n],1
51,20,F,95.0,2_3_3_2_0Y100.pct,100.0,1165.0,[b],[b],1
51,20,F,96.0,R3_3_3_2_0Y0.pct,0.0,1449.0,[n],[n],1
52,26,M,2.0,R3_4_3_2_90Y150.pct,150.0,6635.0,[n],[n],1
52,26,M,3.0,2_4_4_2_0Y150.pct,150.0,3767.0,[b],[b],1
52,26,M,4.0,3_3_3_2_0Y100.pct,100.0,5816.0,[b],[b],1
52,26,M,5.0,3_3_3_3_90Y50.pct,50.0,6391.0,[b],[b],1
52,26,M,6.0,R2_4_4_2_0Y50.pct,50.0,3604.0,[n],[n],1
52,26,M,7.0,R3_3_3_3_90Y100.pct,100.0,6303.0,[n],[n],1
52,26,M,8.0,2_3_3_2_0Y0.pct,0.0,4172.0,[b],[b],1
52,26,M,9.0,R3_4_3_3_180Y150.pct,150.0,3560.0,[n],[n],1
52,26,M,10.0,2_4_4_2_180Y150.pct,150.0,4331.0,[b],[b],1
52,26,M,11.0,R3_3_4_2_0Y50.pct,50.0,3495.0,[n],[n],1
52,26,M,12.0,R2_3_4_2_90Y0.pct,0.0,5144.0,[n],[n],1
52,26,M,13.0,3_3_3_3_180Y0.pct,0.0,5236.0,[b],[b],1
52,26,M,14.0,R3_4_3_3_180Y100.pct,100.0,3143.0,[n],[n],1
52,26,M,15.0,2_4_4_3_90Y100.pct,100.0,5175.0,[b],[b],1
52,26,M,16.0,3_4_3_2_90Y50.pct,50.0,3293.0,[b],[b],1
52,26,M,17.0,R2_4_4_3_90Y100.pct,100.0,6935.0,[n],[n],1
52,26,M,18.0,2_3_3_2_0Y150.pct,150.0,3743.0,[b],[b],1
52,26,M,19.0,R2_3_4_2_90Y50.pct,50.0,7107.0,[b],[n],0
52,26,M,20.0,2_3_4_2_90Y50.pct,50.0,3792.0,[b],[b],1
52,26,M,21.0,R2_4_4_2_180Y100.pct,100.0,3426.0,[n],[n],1
52,26,M,22.0,R2_4_4_2_0Y0.pct,0.0,3670.0,[n],[n],1
52,26,M,23.0,3_4_3_2_90Y0.pct,0.0,3766.0,[b],[b],1
52,26,M,24.0,R3_3_3_2_0Y150.pct,150.0,4170.0,[n],[n],1
52,26,M,25.0,R3_4_4_3_180Y150.pct,150.0,5103.0,[n],[n],1
52,26,M,26.0,R3_4_3_3_180Y50.pct,50.0,5375.0,[b],[n],0
52,26,M,27.0,3_4_3_3_180Y50.pct,50.0,5951.0,[n],[b],0
52,26,M,28.0,3_3_3_3_90Y100.pct,100.0,4440.0,[b],[b],1
52,26,M,29.0,2_4_4_2_180Y0.pct,0.0,4119.0,[n],[b],0
52,26,M,30.0,R3_4_3_2_90Y0.pct,0.0,3977.0,[n],[n],1
52,26,M,31.0,3_3_4_2_0Y150.pct,150.0,4287.0,[b],[b],1
52,26,M,32.0,R3_3_4_2_0Y100.pct,100.0,3823.0,[n],[n],1
52,26,M,33.0,3_3_3_3_180Y50.pct,50.0,2705.0,[b],[b],1
52,26,M,34.0,3_3_4_2_0Y100.pct,100.0,3159.0,[b],[b],1
52,26,M,35.0,3_4_4_3_180Y150.pct,150.0,5473.0,[b],[b],1
52,26,M,36.0,R3_3_3_3_180Y0.pct,0.0,4796.0,[n],[n],1
52,26,M,37.0,3_4_3_3_180Y100.pct,100.0,6587.0,[n],[b],0
52,26,M,38.0,R3_3_3_3_180Y150.pct,150.0,3391.0,[b],[n],0
52,26,M,39.0,3_4_3_3_180Y0.pct,0.0,4377.0,[b],[b],1
52,26,M,40.0,R3_3_3_3_90Y50.pct,50.0,3784.0,[n],[n],1
52,26,M,41.0,2_4_4_3_90Y150.pct,150.0,3720.0,[b],[b],1
52,26,M,42.0,R3_4_3_3_180Y0.pct,0.0,3473.0,[b],[n],0
52,26,M,43.0,3_3_3_3_180Y100.pct,100.0,3680.0,[b],[b],1
52,26,M,44.0,R2_3_4_2_90Y150.pct,150.0,2405.0,[n],[n],1
52,26,M,45.0,R2_3_3_2_0Y50.pct,50.0,3296.0,[n],[n],1
52,26,M,46.0,R2_3_4_2_90Y100.pct,100.0,3449.0,[n],[n],1
52,26,M,47.0,3_4_4_3_180Y0.pct,0.0,5863.0,[n],[b],0
52,26,M,48.0,3_4_4_3_180Y50.pct,50.0,3344.0,[b],[b],1
52,26,M,49.0,R2_4_4_2_0Y100.pct,100.0,2636.0,[n],[n],1
52,26,M,50.0,R2_3_3_2_0Y150.pct,150.0,2437.0,[n],[n],1
52,26,M,51.0,3_3_4_2_0Y0.pct,0.0,3679.0,[n],[b],0
52,26,M,52.0,R2_4_4_3_90Y0.pct,0.0,2729.0,[n],[n],1
52,26,M,53.0,3_4_4_3_180Y100.pct,100.0,1856.0,[b],[b],1
52,26,M,54.0,R2_4_4_2_180Y50.pct,50.0,1806.0,[n],[n],1
52,26,M,55.0,3_3_3_2_0Y150.pct,150.0,4912.0,[b],[b],1
52,26,M,56.0,2_4_4_2_0Y50.pct,50.0,1857.0,[b],[b],1
52,26,M,57.0,R2_4_4_2_0Y150.pct,150.0,3074.0,[n],[n],1
52,26,M,58.0,R3_4_3_2_90Y100.pct,100.0,2789.0,[b],[n],0
52,26,M,59.0,2_3_4_2_90Y150.pct,150.0,2243.0,[b],[b],1
52,26,M,60.0,3_4_3_2_90Y100.pct,100.0,2966.0,[b],[b],1
52,26,M,61.0,2_4_4_3_90Y0.pct,0.0,1596.0,[n],[b],0
52,26,M,62.0,R2_4_4_2_180Y0.pct,0.0,3365.0,[n],[n],1
52,26,M,63.0,R2_4_4_3_90Y50.pct,50.0,1966.0,[n],[n],1
52,26,M,64.0,2_4_4_3_90Y50.pct,50.0,2310.0,[b],[b],1
52,26,M,65.0,R2_4_4_2_180Y150.pct,150.0,3059.0,[n],[n],1
52,26,M,66.0,3_3_3_3_90Y0.pct,0.0,1743.0,[n],[b],0
52,26,M,67.0,3_3_3_3_180Y150.pct,150.0,2604.0,[b],[b],1
52,26,M,68.0,R3_3_3_3_90Y0.pct,0.0,2678.0,[n],[n],1
52,26,M,69.0,R3_3_3_2_0Y50.pct,50.0,2124.0,[n],[n],1
52,26,M,70.0,2_4_4_2_180Y50.pct,50.0,2118.0,[b],[b],1
52,26,M,71.0,2_4_4_2_0Y100.pct,100.0,2189.0,[b],[b],1
52,26,M,72.0,R3_3_3_2_0Y100.pct,100.0,2776.0,[n],[n],1
52,26,M,73.0,2_3_4_2_90Y100.pct,100.0,1960.0,[b],[b],1
52,26,M,74.0,R3_3_3_3_180Y100.pct,100.0,2662.0,[n],[n],1
52,26,M,75.0,3_3_3_3_90Y150.pct,150.0,2503.0,[b],[b],1
52,26,M,76.0,R3_3_4_2_0Y0.pct,0.0,2430.0,[n],[n],1
52,26,M,77.0,3_3_3_2_0Y0.pct,0.0,2973.0,[n],[b],0
52,26,M,78.0,3_3_3_2_0Y50.pct,50.0,2714.0,[b],[b],1
52,26,M,79.0,R3_3_3_3_180Y50.pct,50.0,3909.0,[n],[n],1
52,26,M,80.0,R3_3_3_3_90Y150.pct,150.0,2375.0,[n],[n],1
52,26,M,81.0,R3_4_4_3_180Y50.pct,50.0,2240.0,[n],[n],1
52,26,M,82.0,2_3_4_2_90Y0.pct,0.0,1792.0,[n],[b],0
52,26,M,83.0,R3_3_4_2_0Y150.pct,150.0,2336.0,[n],[n],1
52,26,M,84.0,3_3_4_2_0Y50.pct,50.0,2220.0,[b],[b],1
52,26,M,85.0,2_4_4_2_180Y100.pct,100.0,1894.0,[b],[b],1
52,26,M,86.0,R3_4_4_3_180Y0.pct,0.0,1810.0,[n],[n],1
52,26,M,87.0,3_4_3_3_180Y150.pct,150.0,3963.0,[b],[b],1
52,26,M,88.0,R3_4_4_3_180Y100.pct,100.0,4640.0,[n],[n],1
52,26,M,89.0,R2_3_3_2_0Y100.pct,100.0,2657.0,[n],[n],1
52,26,M,90.0,2_3_3_2_0Y50.pct,50.0,2937.0,[b],[b],1
52,26,M,91.0,2_4_4_2_0Y0.pct,0.0,1991.0,[n],[b],0
52,26,M,92.0,3_4_3_2_90Y150.pct,150.0,3030.0,[b],[b],1
52,26,M,93.0,R2_4_4_3_90Y150.pct,150.0,1757.0,[n],[n],1
52,26,M,94.0,R3_4_3_2_90Y50.pct,50.0,3222.0,[n],[n],1
52,26,M,95.0,2_3_3_2_0Y100.pct,100.0,2071.0,[b],[b],1
52,26,M,96.0,R3_3_3_2_0Y0.pct,0.0,1407.0,[n],[n],1
53,18,F,1.0,R2_3_3_2_0Y0.pct,0.0,4154.0,[n],[n],1
53,18,F,2.0,R3_4_3_2_90Y150.pct,150.0,6057.0,[n],[n],1
53,18,F,3.0,2_4_4_2_0Y150.pct,150.0,3990.0,[b],[b],1
53,18,F,4.0,3_3_3_2_0Y100.pct,100.0,6167.0,[b],[b],1
53,18,F,5.0,3_3_3_3_90Y50.pct,50.0,6694.0,[b],[b],1
53,18,F,6.0,R2_4_4_2_0Y50.pct,50.0,7093.0,[b],[n],0
53,18,F,7.0,R3_3_3_3_90Y100.pct,100.0,3670.0,[n],[n],1
53,18,F,8.0,2_3_3_2_0Y0.pct,0.0,2749.0,[b],[b],1
53,18,F,9.0,R3_4_3_3_180Y150.pct,150.0,4390.0,[n],[n],1
53,18,F,11.0,R3_3_4_2_0Y50.pct,50.0,3627.0,[b],[n],0
53,18,F,12.0,R2_3_4_2_90Y0.pct,0.0,2604.0,[n],[n],1
53,18,F,13.0,3_3_3_3_180Y0.pct,0.0,1430.0,[n],[b],0
53,18,F,14.0,R3_4_3_3_180Y100.pct,100.0,4655.0,[n],[n],1
53,18,F,15.0,2_4_4_3_90Y100.pct,100.0,5774.0,[b],[b],1
53,18,F,16.0,3_4_3_2_90Y50.pct,50.0,3560.0,[b],[b],1
53,18,F,17.0,R2_4_4_3_90Y100.pct,100.0,5047.0,[b],[n],0
53,18,F,18.0,2_3_3_2_0Y150.pct,150.0,3863.0,[b],[b],1
53,18,F,19.0,R2_3_4_2_90Y50.pct,50.0,4340.0,[n],[n],1
53,18,F,20.0,2_3_4_2_90Y50.pct,50.0,4212.0,[b],[b],1
53,18,F,21.0,R2_4_4_2_180Y100.pct,100.0,3959.0,[n],[n],1
53,18,F,22.0,R2_4_4_2_0Y0.pct,0.0,3251.0,[n],[n],1
53,18,F,23.0,3_4_3_2_90Y0.pct,0.0,2428.0,[b],[b],1
53,18,F,24.0,R3_3_3_2_0Y150.pct,150.0,6320.0,[n],[n],1
53,18,F,25.0,R3_4_4_3_180Y150.pct,150.0,2609.0,[n],[n],1
53,18,F,26.0,R3_4_3_3_180Y50.pct,50.0,5120.0,[n],[n],1
53,18,F,27.0,3_4_3_3_180Y50.pct,50.0,4838.0,[b],[b],1
53,18,F,28.0,3_3_3_3_90Y100.pct,100.0,3687.0,[b],[b],1
53,18,F,29.0,2_4_4_2_180Y0.pct,0.0,1701.0,[b],[b],1
53,18,F,30.0,R3_4_3_2_90Y0.pct,0.0,7263.0,[n],[n],1
53,18,F,31.0,3_3_4_2_0Y150.pct,150.0,5701.0,[b],[b],1
53,18,F,32.0,R3_3_4_2_0Y100.pct,100.0,4324.0,[n],[n],1
53,18,F,33.0,3_3_3_3_180Y50.pct,50.0,4838.0,[b],[b],1
53,18,F,34.0,3_3_4_2_0Y100.pct,100.0,7398.0,[b],[b],1
53,18,F,35.0,3_4_4_3_180Y150.pct,150.0,6279.0,[b],[b],1
53,18,F,37.0,3_4_3_3_180Y100.pct,100.0,7027.0,[n],[b],0
53,18,F,39.0,3_4_3_3_180Y0.pct,0.0,2783.0,[b],[b],1
53,18,F,40.0,R3_3_3_3_90Y50.pct,50.0,2442.0,[n],[n],1
53,18,F,42.0,R3_4_3_3_180Y0.pct,0.0,5656.0,[n],[n],1
53,18,F,43.0,3_3_3_3_180Y100.pct,100.0,5367.0,[b],[b],1
53,18,F,44.0,R2_3_4_2_90Y150.pct,150.0,3757.0,[n],[n],1
53,18,F,45.0,R2_3_3_2_0Y50.pct,50.0,6255.0,[b],[n],0
53,18,F,46.0,R2_3_4_2_90Y100.pct,100.0,3294.0,[n],[n],1
53,18,F,47.0,3_4_4_3_180Y0.pct,0.0,2413.0,[b],[b],1
53,18,F,48.0,3_4_4_3_180Y50.pct,50.0,3852.0,[b],[b],1
53,18,F,49.0,R2_4_4_2_0Y100.pct,100.0,2635.0,[b],[n],0
53,18,F,50.0,R2_3_3_2_0Y150.pct,150.0,3941.0,[n],[n],1
53,18,F,51.0,3_3_4_2_0Y0.pct,0.0,1277.0,[b],[b],1
53,18,F,52.0,R2_4_4_3_90Y0.pct,0.0,2790.0,[n],[n],1
53,18,F,53.0,3_4_4_3_180Y100.pct,100.0,2711.0,[b],[b],1
53,18,F,54.0,R2_4_4_2_180Y50.pct,50.0,3012.0,[n],[n],1
53,18,F,55.0,3_3_3_2_0Y150.pct,150.0,6542.0,[n],[b],0
53,18,F,56.0,2_4_4_2_0Y50.pct,50.0,2092.0,[b],[b],1
53,18,F,57.0,R2_4_4_2_0Y150.pct,150.0,6007.0,[n],[n],1
53,18,F,58.0,R3_4_3_2_90Y100.pct,100.0,1771.0,[n],[n],1
53,18,F,59.0,2_3_4_2_90Y150.pct,150.0,6171.0,[b],[b],1
53,18,F,60.0,3_4_3_2_90Y100.pct,100.0,6306.0,[b],[b],1
53,18,F,61.0,2_4_4_3_90Y0.pct,0.0,1513.0,[b],[b],1
53,18,F,62.0,R2_4_4_2_180Y0.pct,0.0,2063.0,[n],[n],1
53,18,F,63.0,R2_4_4_3_90Y50.pct,50.0,2290.0,[n],[n],1
53,18,F,64.0,2_4_4_3_90Y50.pct,50.0,6766.0,[b],[b],1
53,18,F,65.0,R2_4_4_2_180Y150.pct,150.0,2776.0,[n],[n],1
53,18,F,66.0,3_3_3_3_90Y0.pct,0.0,1335.0,[b],[b],1
53,18,F,67.0,3_3_3_3_180Y150.pct,150.0,2395.0,[b],[b],1
53,18,F,68.0,R3_3_3_3_90Y0.pct,0.0,5324.0,[n],[n],1
53,18,F,69.0,R3_3_3_2_0Y50.pct,50.0,4259.0,[n],[n],1
53,18,F,70.0,2_4_4_2_180Y50.pct,50.0,3966.0,[b],[b],1
53,18,F,71.0,2_4_4_2_0Y100.pct,100.0,6756.0,[b],[b],1
53,18,F,72.0,R3_3_3_2_0Y100.pct,100.0,4711.0,[n],[n],1
53,18,F,73.0,2_3_4_2_90Y100.pct,100.0,3654.0,[b],[b],1
53,18,F,74.0,R3_3_3_3_180Y100.pct,100.0,4631.0,[n],[n],1
53,18,F,75.0,3_3_3_3_90Y150.pct,150.0,3310.0,[b],[b],1
53,18,F,76.0,R3_3_4_2_0Y0.pct,0.0,5455.0,[n],[n],1
53,18,F,77.0,3_3_3_2_0Y0.pct,0.0,6546.0,[b],[b],1
53,18,F,78.0,3_3_3_2_0Y50.pct,50.0,5310.0,[b],[b],1
53,18,F,79.0,R3_3_3_3_180Y50.pct,50.0,1796.0,[n],[n],1
53,18,F,80.0,R3_3_3_3_90Y150.pct,150.0,3030.0,[n],[n],1
53,18,F,81.0,R3_4_4_3_180Y50.pct,50.0,7297.0,[n],[n],1
53,18,F,82.0,2_3_4_2_90Y0.pct,0.0,1350.0,[b],[b],1
53,18,F,83.0,R3_3_4_2_0Y150.pct,150.0,4000.0,[n],[n],1
53,18,F,84.0,3_3_4_2_0Y50.pct,50.0,5634.0,[b],[b],1
53,18,F,85.0,2_4_4_2_180Y100.pct,100.0,4557.0,[b],[b],1
53,18,F,86.0,R3_4_4_3_180Y0.pct,0.0,4328.0,[n],[n],1
53,18,F,88.0,R3_4_4_3_180Y100.pct,100.0,4088.0,[n],[n],1
53,18,F,89.0,R2_3_3_2_0Y100.pct,100.0,3763.0,[n],[n],1
53,18,F,90.0,2_3_3_2_0Y50.pct,50.0,1617.0,[b],[b],1
53,18,F,91.0,2_4_4_2_0Y0.pct,0.0,1206.0,[b],[b],1
53,18,F,92.0,3_4_3_2_90Y150.pct,150.0,5760.0,[n],[b],0
53,18,F,93.0,R2_4_4_3_90Y150.pct,150.0,2965.0,[n],[n],1
53,18,F,94.0,R3_4_3_2_90Y50.pct,50.0,1723.0,[n],[n],1
53,18,F,95.0,2_3_3_2_0Y100.pct,100.0,1895.0,[b],[b],1
53,18,F,96.0,R3_3_3_2_0Y0.pct,0.0,2801.0,[n],[n],1
54,19,F,1.0,R2_3_3_2_0Y0.pct,0.0,4632.0,[n],[n],1
54,19,F,2.0,R3_4_3_2_90Y150.pct,150.0,6313.0,[n],[n],1
54,19,F,3.0,2_4_4_2_0Y150.pct,150.0,3003.0,[b],[b],1
54,19,F,5.0,3_3_3_3_90Y50.pct,50.0,5045.0,[b],[b],1
54,19,F,6.0,R2_4_4_2_0Y50.pct,50.0,2480.0,[n],[n],1
54,19,F,7.0,R3_3_3_3_90Y100.pct,100.0,6416.0,[n],[n],1
54,19,F,8.0,2_3_3_2_0Y0.pct,0.0,1799.0,[b],[b],1
54,19,F,10.0,2_4_4_2_180Y150.pct,150.0,4643.0,[n],[b],0
54,19,F,11.0,R3_3_4_2_0Y50.pct,50.0,4560.0,[n],[n],1
54,19,F,12.0,R2_3_4_2_90Y0.pct,0.0,2841.0,[n],[n],1
54,19,F,13.0,3_3_3_3_180Y0.pct,0.0,1701.0,[b],[b],1
54,19,F,14.0,R3_4_3_3_180Y100.pct,100.0,5486.0,[n],[n],1
54,19,F,15.0,2_4_4_3_90Y100.pct,100.0,2990.0,[b],[b],1
54,19,F,16.0,3_4_3_2_90Y50.pct,50.0,2958.0,[b],[b],1
54,19,F,17.0,R2_4_4_3_90Y100.pct,100.0,4656.0,[n],[n],1
54,19,F,18.0,2_3_3_2_0Y150.pct,150.0,3154.0,[b],[b],1
54,19,F,19.0,R2_3_4_2_90Y50.pct,50.0,2259.0,[n],[n],1
54,19,F,20.0,2_3_4_2_90Y50.pct,50.0,2224.0,[b],[b],1
54,19,F,21.0,R2_4_4_2_180Y100.pct,100.0,2463.0,[n],[n],1
54,19,F,22.0,R2_4_4_2_0Y0.pct,0.0,1558.0,[n],[n],1
54,19,F,23.0,3_4_3_2_90Y0.pct,0.0,1890.0,[b],[b],1
54,19,F,24.0,R3_3_3_2_0Y150.pct,150.0,3482.0,[n],[n],1
54,19,F,25.0,R3_4_4_3_180Y150.pct,150.0,3630.0,[n],[n],1
54,19,F,26.0,R3_4_3_3_180Y50.pct,50.0,3086.0,[n],[n],1
54,19,F,27.0,3_4_3_3_180Y50.pct,50.0,2223.0,[b],[b],1
54,19,F,28.0,3_3_3_3_90Y100.pct,100.0,5937.0,[n],[b],0
54,19,F,29.0,2_4_4_2_180Y0.pct,0.0,1169.0,[b],[b],1
54,19,F,30.0,R3_4_3_2_90Y0.pct,0.0,2559.0,[n],[n],1
54,19,F,31.0,3_3_4_2_0Y150.pct,150.0,3711.0,[b],[b],1
54,19,F,32.0,R3_3_4_2_0Y100.pct,100.0,2671.0,[n],[n],1
54,19,F,33.0,3_3_3_3_180Y50.pct,50.0,3270.0,[b],[b],1
54,19,F,34.0,3_3_4_2_0Y100.pct,100.0,1862.0,[b],[b],1
54,19,F,35.0,3_4_4_3_180Y150.pct,150.0,2936.0,[b],[b],1
54,19,F,36.0,R3_3_3_3_180Y0.pct,0.0,3463.0,[n],[n],1
54,19,F,37.0,3_4_3_3_180Y100.pct,100.0,4596.0,[b],[b],1
54,19,F,38.0,R3_3_3_3_180Y150.pct,150.0,2152.0,[b],[n],0
54,19,F,39.0,3_4_3_3_180Y0.pct,0.0,2007.0,[b],[b],1
54,19,F,40.0,R3_3_3_3_90Y50.pct,50.0,4175.0,[n],[n],1
54,19,F,41.0,2_4_4_3_90Y150.pct,150.0,2487.0,[b],[b],1
54,19,F,42.0,R3_4_3_3_180Y0.pct,0.0,4045.0,[n],[n],1
54,19,F,43.0,3_3_3_3_180Y100.pct,100.0,4767.0,[b],[b],1
54,19,F,44.0,R2_3_4_2_90Y150.pct,150.0,3689.0,[n],[n],1
54,19,F,45.0,R2_3_3_2_0Y50.pct,50.0,2697.0,[n],[n],1
54,19,F,46.0,R2_3_4_2_90Y100.pct,100.0,6473.0,[n],[n],1
54,19,F,47.0,3_4_4_3_180Y0.pct,0.0,1847.0,[b],[b],1
54,19,F,48.0,3_4_4_3_180Y50.pct,50.0,1823.0,[b],[b],1
54,19,F,49.0,R2_4_4_2_0Y100.pct,100.0,3253.0,[n],[n],1
54,19,F,50.0,R2_3_3_2_0Y150.pct,150.0,2401.0,[n],[n],1
54,19,F,51.0,3_3_4_2_0Y0.pct,0.0,1509.0,[b],[b],1
54,19,F,52.0,R2_4_4_3_90Y0.pct,0.0,2374.0,[n],[n],1
54,19,F,53.0,3_4_4_3_180Y100.pct,100.0,2632.0,[b],[b],1
54,19,F,54.0,R2_4_4_2_180Y50.pct,50.0,2568.0,[n],[n],1
54,19,F,55.0,3_3_3_2_0Y150.pct,150.0,4874.0,[b],[b],1
54,19,F,56.0,2_4_4_2_0Y50.pct,50.0,2280.0,[b],[b],1
54,19,F,57.0,R2_4_4_2_0Y150.pct,150.0,2148.0,[n],[n],1
54,19,F,58.0,R3_4_3_2_90Y100.pct,100.0,5355.0,[b],[n],0
54,19,F,59.0,2_3_4_2_90Y150.pct,150.0,2344.0,[b],[b],1
54,19,F,60.0,3_4_3_2_90Y100.pct,100.0,2255.0,[b],[b],1
54,19,F,61.0,2_4_4_3_90Y0.pct,0.0,2398.0,[b],[b],1
54,19,F,62.0,R2_4_4_2_180Y0.pct,0.0,1877.0,[b],[n],0
54,19,F,63.0,R2_4_4_3_90Y50.pct,50.0,3130.0,[n],[n],1
54,19,F,64.0,2_4_4_3_90Y50.pct,50.0,2629.0,[b],[b],1
54,19,F,65.0,R2_4_4_2_180Y150.pct,150.0,3485.0,[n],[n],1
54,19,F,66.0,3_3_3_3_90Y0.pct,0.0,1607.0,[b],[b],1
54,19,F,67.0,3_3_3_3_180Y150.pct,150.0,3959.0,[b],[b],1
54,19,F,68.0,R3_3_3_3_90Y0.pct,0.0,4823.0,[b],[n],0
54,19,F,69.0,R3_3_3_2_0Y50.pct,50.0,2711.0,[n],[n],1
54,19,F,70.0,2_4_4_2_180Y50.pct,50.0,1639.0,[b],[b],1
54,19,F,71.0,2_4_4_2_0Y100.pct,100.0,1935.0,[b],[b],1
54,19,F,72.0,R3_3_3_2_0Y100.pct,100.0,3512.0,[n],[n],1
54,19,F,73.0,2_3_4_2_90Y100.pct,100.0,2449.0,[b],[b],1
54,19,F,74.0,R3_3_3_3_180Y100.pct,100.0,4927.0,[b],[n],0
54,19,F,75.0,3_3_3_3_90Y150.pct,150.0,3840.0,[b],[b],1
54,19,F,76.0,R3_3_4_2_0Y0.pct,0.0,3393.0,[n],[n],1
54,19,F,77.0,3_3_3_2_0Y0.pct,0.0,1336.0,[b],[b],1
54,19,F,78.0,3_3_3_2_0Y50.pct,50.0,2047.0,[b],[b],1
54,19,F,79.0,R3_3_3_3_180Y50.pct,50.0,5493.0,[b],[n],0
54,19,F,80.0,R3_3_3_3_90Y150.pct,150.0,3287.0,[b],[n],0
54,19,F,81.0,R3_4_4_3_180Y50.pct,50.0,4439.0,[n],[n],1
54,19,F,82.0,2_3_4_2_90Y0.pct,0.0,1175.0,[b],[b],1
54,19,F,83.0,R3_3_4_2_0Y150.pct,150.0,3049.0,[n],[n],1
54,19,F,84.0,3_3_4_2_0Y50.pct,50.0,2072.0,[b],[b],1
54,19,F,85.0,2_4_4_2_180Y100.pct,100.0,3599.0,[b],[b],1
54,19,F,87.0,3_4_3_3_180Y150.pct,150.0,3818.0,[b],[b],1
54,19,F,88.0,R3_4_4_3_180Y100.pct,100.0,3319.0,[n],[n],1
54,19,F,89.0,R2_3_3_2_0Y100.pct,100.0,2222.0,[n],[n],1
54,19,F,90.0,2_3_3_2_0Y50.pct,50.0,1991.0,[b],[b],1
54,19,F,91.0,2_4_4_2_0Y0.pct,0.0,1246.0,[b],[b],1
54,19,F,92.0,3_4_3_2_90Y150.pct,150.0,3399.0,[b],[b],1
54,19,F,93.0,R2_4_4_3_90Y150.pct,150.0,5599.0,[n],[n],1
54,19,F,94.0,R3_4_3_2_90Y50.pct,50.0,3623.0,[n],[n],1
54,19,F,95.0,2_3_3_2_0Y100.pct,100.0,1960.0,[b],[b],1
54,19,F,96.0,R3_3_3_2_0Y0.pct,0.0,3736.0,[n],[n],1
