subject_num,gender,angle,time,response,expected_answer,correct,false_positive,false_negative,source,axis,axis_difficulty,num_of_repeats,encoding_time,landmarking_time,rotation_time,decision_time
1,male,0.0,1.355,different,different,1,0,0,gk,Y,0.0,,,,,
1,male,150.0,2.079,different,different,1,0,0,gk,Y,0.0,,,,,
1,male,150.0,1.834,same,same,1,0,0,gk,Y,0.0,,,,,
1,male,100.0,4.78,same,same,1,0,0,gk,Y,0.0,,,,,
1,male,50.0,1.685,same,same,1,0,0,gk,Y,0.0,,,,,
1,male,50.0,1.237,different,different,1,0,0,gk,Y,0.0,,,,,
1,male,100.0,2.961,different,different,1,0,0,gk,Y,0.0,,,,,
1,male,0.0,1.275,same,same,1,0,0,gk,Y,0.0,,,,,
1,male,150.0,4.716,different,different,1,0,0,gk,Y,0.0,,,,,
1,male,150.0,3.794,different,same,0,0,1,gk,Y,0.0,,,,,
1,male,50.0,2.238,different,different,1,0,0,gk,Y,0.0,,,,,
1,male,0.0,1.524,different,different,1,0,0,gk,Y,0.0,,,,,
1,male,0.0,0.964,same,same,1,0,0,gk,Y,0.0,,,,,
1,male,100.0,3.77,different,different,1,0,0,gk,Y,0.0,,,,,
1,male,100.0,2.75,same,same,1,0,0,gk,Y,0.0,,,,,
1,male,50.0,1.226,same,same,1,0,0,gk,Y,0.0,,,,,
1,male,100.0,1.789,different,different,1,0,0,gk,Y,0.0,,,,,
1,male,150.0,1.384,same,same,1,0,0,gk,Y,0.0,,,,,
1,male,50.0,2.548,different,different,1,0,0,gk,Y,0.0,,,,,
1,male,50.0,1.588,same,same,1,0,0,gk,Y,0.0,,,,,
1,male,100.0,2.114,different,different,1,0,0,gk,Y,0.0,,,,,
1,male,0.0,2.158,different,different,1,0,0,gk,Y,0.0,,,,,
1,male,0.0,1.096,same,same,1,0,0,gk,Y,0.0,,,,,
1,male,150.0,3.829,different,different,1,0,0,gk,Y,0.0,,,,,
1,male,150.0,4.725,different,different,1,0,0,gk,Y,0.0,,,,,
1,male,50.0,3.211,different,different,1,0,0,gk,Y,0.0,,,,,
1,male,50.0,1.541,same,same,1,0,0,gk,Y,0.0,,,,,
1,male,100.0,3.219,same,same,1,0,0,gk,Y,0.0,,,,,
1,male,0.0,1.421,same,same,1,0,0,gk,Y,0.0,,,,,
1,male,0.0,1.308,different,different,1,0,0,gk,Y,0.0,,,,,
1,male,150.0,3.781,same,same,1,0,0,gk,Y,0.0,,,,,
1,male,100.0,2.665,different,different,1,0,0,gk,Y,0.0,,,,,
1,male,50.0,1.831,different,same,0,0,1,gk,Y,0.0,,,,,
1,male,100.0,4.636,same,same,1,0,0,gk,Y,0.0,,,,,
1,male,150.0,3.149,same,same,1,0,0,gk,Y,0.0,,,,,
1,male,0.0,1.202,different,different,1,0,0,gk,Y,0.0,,,,,
1,male,100.0,2.735,same,same,1,0,0,gk,Y,0.0,,,,,
1,male,150.0,3.211,different,different,1,0,0,gk,Y,0.0,,,,,
1,male,0.0,1.406,same,same,1,0,0,gk,Y,0.0,,,,,
1,male,50.0,1.383,different,different,1,0,0,gk,Y,0.0,,,,,
1,male,150.0,2.668,same,same,1,0,0,gk,Y,0.0,,,,,
1,male,0.0,2.203,different,different,1,0,0,gk,Y,0.0,,,,,
1,male,100.0,5.983,different,same,0,0,1,gk,Y,0.0,,,,,
1,male,150.0,2.75,same,different,0,1,0,gk,Y,0.0,,,,,
1,male,50.0,2.672,different,different,1,0,0,gk,Y,0.0,,,,,
1,male,100.0,1.975,different,different,1,0,0,gk,Y,0.0,,,,,
1,male,0.0,1.081,same,same,1,0,0,gk,Y,0.0,,,,,
1,male,50.0,2.144,different,same,0,0,1,gk,Y,0.0,,,,,
1,male,100.0,2.113,different,different,1,0,0,gk,Y,0.0,,,,,
1,male,150.0,1.967,different,different,1,0,0,gk,Y,0.0,,,,,
1,male,0.0,0.917,same,same,1,0,0,gk,Y,0.0,,,,,
1,male,0.0,1.51,different,different,1,0,0,gk,Y,0.0,,,,,
1,male,100.0,3.031,same,same,1,0,0,gk,Y,0.0,,,,,
1,male,50.0,1.181,different,different,1,0,0,gk,Y,0.0,,,,,
1,male,150.0,5.975,different,same,0,0,1,gk,Y,0.0,,,,,
1,male,50.0,1.216,same,same,1,0,0,gk,Y,0.0,,,,,
1,male,150.0,1.487,different,different,1,0,0,gk,Y,0.0,,,,,
1,male,100.0,2.208,different,different,1,0,0,gk,Y,0.0,,,,,
1,male,150.0,2.007,same,same,1,0,0,gk,Y,0.0,,,,,
1,male,100.0,1.594,different,same,0,0,1,gk,Y,0.0,,,,,
1,male,0.0,0.854,same,same,1,0,0,gk,Y,0.0,,,,,
1,male,0.0,1.791,different,different,1,0,0,gk,Y,0.0,,,,,
1,male,50.0,2.273,different,different,1,0,0,gk,Y,0.0,,,,,
1,male,50.0,1.992,same,same,1,0,0,gk,Y,0.0,,,,,
1,male,150.0,2.413,different,different,1,0,0,gk,Y,0.0,,,,,
1,male,0.0,1.423,same,same,1,0,0,gk,Y,0.0,,,,,
1,male,150.0,3.209,same,same,1,0,0,gk,Y,0.0,,,,,
1,male,0.0,1.435,different,different,1,0,0,gk,Y,0.0,,,,,
1,male,50.0,2.213,different,different,1,0,0,gk,Y,0.0,,,,,
1,male,50.0,2.598,same,same,1,0,0,gk,Y,0.0,,,,,
1,male,100.0,2.018,same,same,1,0,0,gk,Y,0.0,,,,,
1,male,100.0,6.237,same,different,0,1,0,gk,Y,0.0,,,,,
1,male,100.0,2.944,same,same,1,0,0,gk,Y,0.0,,,,,
1,male,100.0,1.448,different,different,1,0,0,gk,Y,0.0,,,,,
1,male,150.0,3.868,same,same,1,0,0,gk,Y,0.0,,,,,
1,male,0.0,4.086,different,different,1,0,0,gk,Y,0.0,,,,,
1,male,0.0,1.364,same,same,1,0,0,gk,Y,0.0,,,,,
1,male,50.0,2.642,different,same,0,0,1,gk,Y,0.0,,,,,
1,male,50.0,2.136,different,different,1,0,0,gk,Y,0.0,,,,,
1,male,150.0,2.775,different,different,1,0,0,gk,Y,0.0,,,,,
1,male,50.0,2.794,same,different,0,1,0,gk,Y,0.0,,,,,
1,male,0.0,0.742,same,same,1,0,0,gk,Y,0.0,,,,,
1,male,150.0,2.645,different,different,1,0,0,gk,Y,0.0,,,,,
1,male,50.0,3.445,same,same,1,0,0,gk,Y,0.0,,,,,
1,male,100.0,1.756,different,same,0,0,1,gk,Y,0.0,,,,,
1,male,0.0,1.625,different,different,1,0,0,gk,Y,0.0,,,,,
1,male,150.0,4.461,same,same,1,0,0,gk,Y,0.0,,,,,
1,male,100.0,4.26,different,different,1,0,0,gk,Y,0.0,,,,,
1,male,100.0,2.612,different,different,1,0,0,gk,Y,0.0,,,,,
1,male,50.0,1.207,same,same,1,0,0,gk,Y,0.0,,,,,
1,male,0.0,0.831,same,same,1,0,0,gk,Y,0.0,,,,,
1,male,150.0,2.74,same,same,1,0,0,gk,Y,0.0,,,,,
1,male,150.0,2.606,different,different,1,0,0,gk,Y,0.0,,,,,
1,male,50.0,1.945,different,different,1,0,0,gk,Y,0.0,,,,,
1,male,100.0,1.398,same,same,1,0,0,gk,Y,0.0,,,,,
1,male,0.0,2.72,different,different,1,0,0,gk,Y,0.0,,,,,
2,female,0.0,3.644,different,different,1,0,0,gk,Y,0.0,,,,,
2,female,150.0,7.243,different,different,1,0,0,gk,Y,0.0,,,,,
2,female,150.0,1.846,same,same,1,0,0,gk,Y,0.0,,,,,
2,female,100.0,1.835,same,same,1,0,0,gk,Y,0.0,,,,,
2,female,50.0,1.557,same,same,1,0,0,gk,Y,0.0,,,,,
2,female,50.0,1.72,different,different,1,0,0,gk,Y,0.0,,,,,
2,female,100.0,6.427,same,different,0,1,0,gk,Y,0.0,,,,,
2,female,0.0,1.174,same,same,1,0,0,gk,Y,0.0,,,,,
2,female,150.0,3.911,different,different,1,0,0,gk,Y,0.0,,,,,
2,female,150.0,3.648,same,same,1,0,0,gk,Y,0.0,,,,,
2,female,50.0,1.491,same,different,0,1,0,gk,Y,0.0,,,,,
2,female,0.0,1.29,different,different,1,0,0,gk,Y,0.0,,,,,
2,female,0.0,0.855,same,same,1,0,0,gk,Y,0.0,,,,,
2,female,100.0,3.528,different,different,1,0,0,gk,Y,0.0,,,,,
2,female,100.0,3.039,same,same,1,0,0,gk,Y,0.0,,,,,
2,female,50.0,1.711,same,same,1,0,0,gk,Y,0.0,,,,,
2,female,50.0,5.811,different,different,1,0,0,gk,Y,0.0,,,,,
2,female,50.0,1.193,same,same,1,0,0,gk,Y,0.0,,,,,
2,female,100.0,3.356,different,different,1,0,0,gk,Y,0.0,,,,,
2,female,0.0,1.433,different,different,1,0,0,gk,Y,0.0,,,,,
2,female,0.0,1.034,same,same,1,0,0,gk,Y,0.0,,,,,
2,female,150.0,1.799,same,different,0,1,0,gk,Y,0.0,,,,,
2,female,150.0,2.462,different,different,1,0,0,gk,Y,0.0,,,,,
2,female,50.0,1.54,different,different,1,0,0,gk,Y,0.0,,,,,
2,female,50.0,2.262,same,same,1,0,0,gk,Y,0.0,,,,,
2,female,100.0,2.247,same,same,1,0,0,gk,Y,0.0,,,,,
2,female,0.0,0.875,same,same,1,0,0,gk,Y,0.0,,,,,
2,female,0.0,1.232,different,different,1,0,0,gk,Y,0.0,,,,,
2,female,150.0,2.214,same,same,1,0,0,gk,Y,0.0,,,,,
2,female,100.0,1.982,different,different,1,0,0,gk,Y,0.0,,,,,
2,female,50.0,2.195,same,same,1,0,0,gk,Y,0.0,,,,,
2,female,100.0,2.061,same,same,1,0,0,gk,Y,0.0,,,,,
2,female,150.0,2.911,same,same,1,0,0,gk,Y,0.0,,,,,
2,female,0.0,1.846,different,different,1,0,0,gk,Y,0.0,,,,,
2,female,100.0,2.382,same,same,1,0,0,gk,Y,0.0,,,,,
2,female,150.0,2.49,different,different,1,0,0,gk,Y,0.0,,,,,
2,female,0.0,1.752,same,same,1,0,0,gk,Y,0.0,,,,,
2,female,50.0,2.547,different,different,1,0,0,gk,Y,0.0,,,,,
2,female,150.0,3.371,same,same,1,0,0,gk,Y,0.0,,,,,
2,female,0.0,0.974,different,different,1,0,0,gk,Y,0.0,,,,,
2,female,100.0,2.432,same,same,1,0,0,gk,Y,0.0,,,,,
2,female,150.0,2.607,different,different,1,0,0,gk,Y,0.0,,,,,
2,female,50.0,1.318,different,different,1,0,0,gk,Y,0.0,,,,,
2,female,100.0,1.78,different,different,1,0,0,gk,Y,0.0,,,,,
2,female,0.0,0.797,same,same,1,0,0,gk,Y,0.0,,,,,
2,female,50.0,1.354,same,same,1,0,0,gk,Y,0.0,,,,,
2,female,100.0,1.548,different,different,1,0,0,gk,Y,0.0,,,,,
2,female,150.0,2.029,different,different,1,0,0,gk,Y,0.0,,,,,
2,female,0.0,0.849,same,same,1,0,0,gk,Y,0.0,,,,,
2,female,0.0,1.199,different,different,1,0,0,gk,Y,0.0,,,,,
2,female,100.0,2.35,same,same,1,0,0,gk,Y,0.0,,,,,
2,female,50.0,1.248,different,different,1,0,0,gk,Y,0.0,,,,,
2,female,150.0,2.216,same,same,1,0,0,gk,Y,0.0,,,,,
2,female,50.0,1.602,same,same,1,0,0,gk,Y,0.0,,,,,
2,female,150.0,1.711,different,different,1,0,0,gk,Y,0.0,,,,,
2,female,100.0,2.365,different,different,1,0,0,gk,Y,0.0,,,,,
2,female,150.0,1.202,same,same,1,0,0,gk,Y,0.0,,,,,
2,female,100.0,2.124,same,same,1,0,0,gk,Y,0.0,,,,,
2,female,0.0,0.96,same,same,1,0,0,gk,Y,0.0,,,,,
2,female,0.0,0.919,different,different,1,0,0,gk,Y,0.0,,,,,
2,female,50.0,1.212,different,different,1,0,0,gk,Y,0.0,,,,,
2,female,50.0,1.421,same,same,1,0,0,gk,Y,0.0,,,,,
2,female,150.0,2.326,different,different,1,0,0,gk,Y,0.0,,,,,
2,female,0.0,1.229,same,same,1,0,0,gk,Y,0.0,,,,,
2,female,150.0,2.415,same,same,1,0,0,gk,Y,0.0,,,,,
2,female,0.0,1.164,different,different,1,0,0,gk,Y,0.0,,,,,
2,female,50.0,1.72,different,different,1,0,0,gk,Y,0.0,,,,,
2,female,50.0,1.098,same,same,1,0,0,gk,Y,0.0,,,,,
2,female,100.0,1.695,same,same,1,0,0,gk,Y,0.0,,,,,
2,female,100.0,1.937,different,different,1,0,0,gk,Y,0.0,,,,,
2,female,100.0,1.869,same,same,1,0,0,gk,Y,0.0,,,,,
2,female,100.0,3.374,different,different,1,0,0,gk,Y,0.0,,,,,
2,female,150.0,2.371,same,same,1,0,0,gk,Y,0.0,,,,,
2,female,0.0,1.177,different,different,1,0,0,gk,Y,0.0,,,,,
2,female,0.0,0.807,same,same,1,0,0,gk,Y,0.0,,,,,
2,female,50.0,0.823,same,same,1,0,0,gk,Y,0.0,,,,,
2,female,50.0,0.883,different,different,1,0,0,gk,Y,0.0,,,,,
2,female,150.0,3.303,same,different,0,1,0,gk,Y,0.0,,,,,
2,female,50.0,3.484,different,different,1,0,0,gk,Y,0.0,,,,,
2,female,0.0,0.748,same,same,1,0,0,gk,Y,0.0,,,,,
2,female,150.0,2.266,different,different,1,0,0,gk,Y,0.0,,,,,
2,female,50.0,1.665,same,same,1,0,0,gk,Y,0.0,,,,,
2,female,100.0,1.856,same,same,1,0,0,gk,Y,0.0,,,,,
2,female,0.0,1.615,different,different,1,0,0,gk,Y,0.0,,,,,
2,female,150.0,1.811,same,same,1,0,0,gk,Y,0.0,,,,,
2,female,100.0,1.693,different,different,1,0,0,gk,Y,0.0,,,,,
2,female,100.0,2.172,different,different,1,0,0,gk,Y,0.0,,,,,
2,female,50.0,1.023,same,same,1,0,0,gk,Y,0.0,,,,,
2,female,0.0,0.642,same,same,1,0,0,gk,Y,0.0,,,,,
2,female,150.0,3.224,same,same,1,0,0,gk,Y,0.0,,,,,
2,female,150.0,5.521,different,different,1,0,0,gk,Y,0.0,,,,,
2,female,50.0,1.543,different,different,1,0,0,gk,Y,0.0,,,,,
2,female,100.0,1.103,different,same,0,0,1,gk,Y,0.0,,,,,
2,female,0.0,1.81,different,different,1,0,0,gk,Y,0.0,,,,,
3,male,0.0,1.394,different,different,1,0,0,gk,Y,0.0,,,,,
3,male,150.0,2.499,different,different,1,0,0,gk,Y,0.0,,,,,
3,male,150.0,2.026,same,same,1,0,0,gk,Y,0.0,,,,,
3,male,100.0,3.996,same,same,1,0,0,gk,Y,0.0,,,,,
3,male,50.0,2.062,same,same,1,0,0,gk,Y,0.0,,,,,
3,male,50.0,1.598,different,different,1,0,0,gk,Y,0.0,,,,,
3,male,100.0,4.838,same,different,0,1,0,gk,Y,0.0,,,,,
3,male,0.0,1.378,same,same,1,0,0,gk,Y,0.0,,,,,
3,male,150.0,2.814,different,different,1,0,0,gk,Y,0.0,,,,,
3,male,150.0,2.601,same,same,1,0,0,gk,Y,0.0,,,,,
3,male,50.0,2.099,different,different,1,0,0,gk,Y,0.0,,,,,
3,male,0.0,1.78,different,different,1,0,0,gk,Y,0.0,,,,,
3,male,0.0,1.102,same,same,1,0,0,gk,Y,0.0,,,,,
3,male,100.0,2.908,different,different,1,0,0,gk,Y,0.0,,,,,
3,male,100.0,1.73,same,same,1,0,0,gk,Y,0.0,,,,,
3,male,50.0,2.425,same,same,1,0,0,gk,Y,0.0,,,,,
3,male,100.0,1.987,different,different,1,0,0,gk,Y,0.0,,,,,
3,male,150.0,2.006,same,same,1,0,0,gk,Y,0.0,,,,,
3,male,50.0,1.513,different,different,1,0,0,gk,Y,0.0,,,,,
3,male,50.0,1.391,same,same,1,0,0,gk,Y,0.0,,,,,
3,male,100.0,2.161,different,different,1,0,0,gk,Y,0.0,,,,,
3,male,0.0,1.238,same,different,0,1,0,gk,Y,0.0,,,,,
3,male,0.0,1.085,same,same,1,0,0,gk,Y,0.0,,,,,
3,male,150.0,4.456,different,different,1,0,0,gk,Y,0.0,,,,,
3,male,150.0,4.213,different,different,1,0,0,gk,Y,0.0,,,,,
3,male,50.0,2.338,different,different,1,0,0,gk,Y,0.0,,,,,
3,male,50.0,2.246,same,same,1,0,0,gk,Y,0.0,,,,,
3,male,100.0,6.278,different,same,0,0,1,gk,Y,0.0,,,,,
3,male,0.0,1.172,same,same,1,0,0,gk,Y,0.0,,,,,
3,male,0.0,2.101,different,different,1,0,0,gk,Y,0.0,,,,,
3,male,150.0,4.12,same,same,1,0,0,gk,Y,0.0,,,,,
3,male,100.0,4.239,different,different,1,0,0,gk,Y,0.0,,,,,
3,male,50.0,1.374,same,same,1,0,0,gk,Y,0.0,,,,,
3,male,100.0,3.811,different,same,0,0,1,gk,Y,0.0,,,,,
3,male,0.0,0.061,same,different,0,1,0,gk,Y,0.0,,,,,
3,male,100.0,3.664,different,same,0,0,1,gk,Y,0.0,,,,,
3,male,150.0,1.987,different,different,1,0,0,gk,Y,0.0,,,,,
3,male,0.0,1.114,same,same,1,0,0,gk,Y,0.0,,,,,
3,male,50.0,3.161,different,different,1,0,0,gk,Y,0.0,,,,,
3,male,150.0,2.274,same,same,1,0,0,gk,Y,0.0,,,,,
3,male,0.0,1.415,different,different,1,0,0,gk,Y,0.0,,,,,
3,male,100.0,3.012,same,same,1,0,0,gk,Y,0.0,,,,,
3,male,150.0,1.653,different,different,1,0,0,gk,Y,0.0,,,,,
3,male,50.0,1.776,different,different,1,0,0,gk,Y,0.0,,,,,
3,male,100.0,2.653,same,different,0,1,0,gk,Y,0.0,,,,,
3,male,0.0,1.273,same,same,1,0,0,gk,Y,0.0,,,,,
3,male,50.0,1.668,same,same,1,0,0,gk,Y,0.0,,,,,
3,male,100.0,1.404,different,different,1,0,0,gk,Y,0.0,,,,,
3,male,150.0,2.425,different,different,1,0,0,gk,Y,0.0,,,,,
3,male,0.0,1.192,same,same,1,0,0,gk,Y,0.0,,,,,
3,male,0.0,2.017,different,different,1,0,0,gk,Y,0.0,,,,,
3,male,100.0,3.413,same,same,1,0,0,gk,Y,0.0,,,,,
3,male,50.0,1.507,different,different,1,0,0,gk,Y,0.0,,,,,
3,male,150.0,2.686,different,same,0,0,1,gk,Y,0.0,,,,,
3,male,50.0,1.133,same,same,1,0,0,gk,Y,0.0,,,,,
3,male,150.0,1.635,different,different,1,0,0,gk,Y,0.0,,,,,
3,male,100.0,2.908,different,different,1,0,0,gk,Y,0.0,,,,,
3,male,150.0,1.802,same,same,1,0,0,gk,Y,0.0,,,,,
3,male,100.0,3.373,same,same,1,0,0,gk,Y,0.0,,,,,
3,male,0.0,0.894,same,same,1,0,0,gk,Y,0.0,,,,,
3,male,0.0,2.735,different,different,1,0,0,gk,Y,0.0,,,,,
3,male,50.0,1.724,different,different,1,0,0,gk,Y,0.0,,,,,
3,male,50.0,1.216,same,same,1,0,0,gk,Y,0.0,,,,,
3,male,150.0,2.052,different,different,1,0,0,gk,Y,0.0,,,,,
3,male,0.0,1.781,same,same,1,0,0,gk,Y,0.0,,,,,
3,male,150.0,3.215,different,same,0,0,1,gk,Y,0.0,,,,,
3,male,0.0,3.247,different,different,1,0,0,gk,Y,0.0,,,,,
3,male,50.0,1.997,different,different,1,0,0,gk,Y,0.0,,,,,
3,male,50.0,1.325,same,same,1,0,0,gk,Y,0.0,,,,,
3,male,100.0,1.394,same,same,1,0,0,gk,Y,0.0,,,,,
3,male,100.0,2.97,different,different,1,0,0,gk,Y,0.0,,,,,
3,male,100.0,1.604,same,same,1,0,0,gk,Y,0.0,,,,,
3,male,100.0,2.364,different,different,1,0,0,gk,Y,0.0,,,,,
3,male,150.0,3.273,same,same,1,0,0,gk,Y,0.0,,,,,
3,male,0.0,2.243,different,different,1,0,0,gk,Y,0.0,,,,,
3,male,0.0,1.283,same,same,1,0,0,gk,Y,0.0,,,,,
3,male,50.0,2.769,same,same,1,0,0,gk,Y,0.0,,,,,
3,male,50.0,2.052,different,different,1,0,0,gk,Y,0.0,,,,,
3,male,150.0,2.67,same,different,0,1,0,gk,Y,0.0,,,,,
3,male,50.0,1.598,different,different,1,0,0,gk,Y,0.0,,,,,
3,male,0.0,0.985,same,same,1,0,0,gk,Y,0.0,,,,,
3,male,150.0,2.374,different,different,1,0,0,gk,Y,0.0,,,,,
3,male,50.0,2.597,same,same,1,0,0,gk,Y,0.0,,,,,
3,male,100.0,2.977,same,same,1,0,0,gk,Y,0.0,,,,,
3,male,0.0,2.644,different,different,1,0,0,gk,Y,0.0,,,,,
3,male,150.0,1.845,same,same,1,0,0,gk,Y,0.0,,,,,
3,male,100.0,2.583,different,different,1,0,0,gk,Y,0.0,,,,,
3,male,100.0,1.915,different,different,1,0,0,gk,Y,0.0,,,,,
3,male,50.0,1.175,same,same,1,0,0,gk,Y,0.0,,,,,
3,male,0.0,0.918,same,same,1,0,0,gk,Y,0.0,,,,,
3,male,150.0,2.73,different,same,0,0,1,gk,Y,0.0,,,,,
3,male,150.0,2.196,different,different,1,0,0,gk,Y,0.0,,,,,
3,male,50.0,1.953,different,different,1,0,0,gk,Y,0.0,,,,,
3,male,100.0,1.336,same,same,1,0,0,gk,Y,0.0,,,,,
3,male,0.0,3.396,different,different,1,0,0,gk,Y,0.0,,,,,
4,female,0.0,1.985,different,different,1,0,0,gk,Y,0.0,,,,,
4,female,150.0,6.425,different,different,1,0,0,gk,Y,0.0,,,,,
4,female,150.0,1.81,same,same,1,0,0,gk,Y,0.0,,,,,
4,female,100.0,2.543,same,same,1,0,0,gk,Y,0.0,,,,,
4,female,50.0,2.553,same,same,1,0,0,gk,Y,0.0,,,,,
4,female,50.0,1.812,same,different,0,1,0,gk,Y,0.0,,,,,
4,female,100.0,2.824,different,different,1,0,0,gk,Y,0.0,,,,,
4,female,0.0,1.064,same,same,1,0,0,gk,Y,0.0,,,,,
4,female,150.0,4.954,different,different,1,0,0,gk,Y,0.0,,,,,
4,female,150.0,2.043,same,same,1,0,0,gk,Y,0.0,,,,,
4,female,50.0,2.637,different,different,1,0,0,gk,Y,0.0,,,,,
4,female,0.0,1.293,different,different,1,0,0,gk,Y,0.0,,,,,
4,female,0.0,1.03,same,same,1,0,0,gk,Y,0.0,,,,,
4,female,100.0,2.937,different,different,1,0,0,gk,Y,0.0,,,,,
4,female,100.0,1.402,same,same,1,0,0,gk,Y,0.0,,,,,
4,female,50.0,3.012,same,same,1,0,0,gk,Y,0.0,,,,,
4,female,100.0,1.971,different,different,1,0,0,gk,Y,0.0,,,,,
4,female,150.0,1.743,same,same,1,0,0,gk,Y,0.0,,,,,
4,female,50.0,1.332,different,different,1,0,0,gk,Y,0.0,,,,,
4,female,50.0,1.003,same,same,1,0,0,gk,Y,0.0,,,,,
4,female,100.0,1.971,different,different,1,0,0,gk,Y,0.0,,,,,
4,female,0.0,1.702,different,different,1,0,0,gk,Y,0.0,,,,,
4,female,0.0,1.347,same,same,1,0,0,gk,Y,0.0,,,,,
4,female,150.0,2.973,different,different,1,0,0,gk,Y,0.0,,,,,
4,female,150.0,3.518,same,different,0,1,0,gk,Y,0.0,,,,,
4,female,50.0,1.64,different,different,1,0,0,gk,Y,0.0,,,,,
4,female,50.0,3.254,same,same,1,0,0,gk,Y,0.0,,,,,
4,female,100.0,2.284,different,same,0,0,1,gk,Y,0.0,,,,,
4,female,0.0,1.205,same,same,1,0,0,gk,Y,0.0,,,,,
4,female,0.0,2.502,different,different,1,0,0,gk,Y,0.0,,,,,
4,female,150.0,2.094,same,same,1,0,0,gk,Y,0.0,,,,,
4,female,100.0,2.852,different,different,1,0,0,gk,Y,0.0,,,,,
4,female,50.0,1.751,same,same,1,0,0,gk,Y,0.0,,,,,
4,female,100.0,2.402,same,same,1,0,0,gk,Y,0.0,,,,,
4,female,150.0,2.576,same,same,1,0,0,gk,Y,0.0,,,,,
4,female,0.0,2.254,different,different,1,0,0,gk,Y,0.0,,,,,
4,female,100.0,3.047,same,same,1,0,0,gk,Y,0.0,,,,,
4,female,150.0,2.354,different,different,1,0,0,gk,Y,0.0,,,,,
4,female,0.0,2.61,same,same,1,0,0,gk,Y,0.0,,,,,
4,female,50.0,1.109,different,different,1,0,0,gk,Y,0.0,,,,,
4,female,150.0,2.322,same,same,1,0,0,gk,Y,0.0,,,,,
4,female,0.0,1.355,different,different,1,0,0,gk,Y,0.0,,,,,
4,female,100.0,1.68,same,same,1,0,0,gk,Y,0.0,,,,,
4,female,150.0,1.778,different,different,1,0,0,gk,Y,0.0,,,,,
4,female,50.0,1.512,different,different,1,0,0,gk,Y,0.0,,,,,
4,female,100.0,1.08,different,different,1,0,0,gk,Y,0.0,,,,,
4,female,0.0,1.093,same,same,1,0,0,gk,Y,0.0,,,,,
4,female,50.0,1.622,same,same,1,0,0,gk,Y,0.0,,,,,
4,female,100.0,3.156,different,different,1,0,0,gk,Y,0.0,,,,,
4,female,150.0,1.341,different,different,1,0,0,gk,Y,0.0,,,,,
4,female,0.0,1.451,same,same,1,0,0,gk,Y,0.0,,,,,
4,female,0.0,1.842,different,different,1,0,0,gk,Y,0.0,,,,,
4,female,100.0,1.399,same,same,1,0,0,gk,Y,0.0,,,,,
4,female,50.0,0.901,different,different,1,0,0,gk,Y,0.0,,,,,
4,female,150.0,4.307,same,same,1,0,0,gk,Y,0.0,,,,,
4,female,50.0,1.958,same,same,1,0,0,gk,Y,0.0,,,,,
4,female,150.0,2.51,different,different,1,0,0,gk,Y,0.0,,,,,
4,female,100.0,2.717,different,different,1,0,0,gk,Y,0.0,,,,,
4,female,150.0,1.274,same,same,1,0,0,gk,Y,0.0,,,,,
4,female,100.0,3.171,same,same,1,0,0,gk,Y,0.0,,,,,
4,female,0.0,0.982,same,same,1,0,0,gk,Y,0.0,,,,,
4,female,0.0,1.684,different,different,1,0,0,gk,Y,0.0,,,,,
4,female,50.0,3.823,different,different,1,0,0,gk,Y,0.0,,,,,
4,female,50.0,1.37,same,same,1,0,0,gk,Y,0.0,,,,,
4,female,150.0,1.565,different,different,1,0,0,gk,Y,0.0,,,,,
4,female,0.0,1.192,same,same,1,0,0,gk,Y,0.0,,,,,
4,female,150.0,1.668,same,same,1,0,0,gk,Y,0.0,,,,,
4,female,0.0,1.538,different,different,1,0,0,gk,Y,0.0,,,,,
4,female,50.0,1.71,different,different,1,0,0,gk,Y,0.0,,,,,
4,female,50.0,2.027,same,same,1,0,0,gk,Y,0.0,,,,,
4,female,100.0,1.197,same,same,1,0,0,gk,Y,0.0,,,,,
4,female,100.0,6.484,different,different,1,0,0,gk,Y,0.0,,,,,
4,female,100.0,1.167,same,same,1,0,0,gk,Y,0.0,,,,,
4,female,100.0,1.829,different,different,1,0,0,gk,Y,0.0,,,,,
4,female,150.0,2.12,different,same,0,0,1,gk,Y,0.0,,,,,
4,female,0.0,2.594,different,different,1,0,0,gk,Y,0.0,,,,,
4,female,0.0,1.064,same,same,1,0,0,gk,Y,0.0,,,,,
4,female,50.0,2.826,same,same,1,0,0,gk,Y,0.0,,,,,
4,female,50.0,1.097,different,different,1,0,0,gk,Y,0.0,,,,,
4,female,150.0,1.326,different,different,1,0,0,gk,Y,0.0,,,,,
4,female,50.0,3.614,different,different,1,0,0,gk,Y,0.0,,,,,
4,female,0.0,0.892,same,same,1,0,0,gk,Y,0.0,,,,,
4,female,150.0,1.096,different,different,1,0,0,gk,Y,0.0,,,,,
4,female,50.0,1.967,same,same,1,0,0,gk,Y,0.0,,,,,
4,female,100.0,1.585,same,same,1,0,0,gk,Y,0.0,,,,,
4,female,0.0,1.588,different,different,1,0,0,gk,Y,0.0,,,,,
4,female,150.0,2.856,same,same,1,0,0,gk,Y,0.0,,,,,
4,female,100.0,1.27,different,different,1,0,0,gk,Y,0.0,,,,,
4,female,100.0,1.939,different,different,1,0,0,gk,Y,0.0,,,,,
4,female,50.0,1.276,same,same,1,0,0,gk,Y,0.0,,,,,
4,female,0.0,0.669,same,same,1,0,0,gk,Y,0.0,,,,,
4,female,150.0,1.423,same,same,1,0,0,gk,Y,0.0,,,,,
4,female,150.0,1.33,different,different,1,0,0,gk,Y,0.0,,,,,
4,female,50.0,2.752,different,different,1,0,0,gk,Y,0.0,,,,,
4,female,100.0,1.331,same,same,1,0,0,gk,Y,0.0,,,,,
4,female,0.0,1.078,different,different,1,0,0,gk,Y,0.0,,,,,
5,male,0.0,1.247,different,different,1,0,0,gk,Y,0.0,,,,,
5,male,150.0,1.902,different,different,1,0,0,gk,Y,0.0,,,,,
5,male,150.0,1.461,same,same,1,0,0,gk,Y,0.0,,,,,
5,male,100.0,5.196,same,same,1,0,0,gk,Y,0.0,,,,,
5,male,50.0,1.583,same,same,1,0,0,gk,Y,0.0,,,,,
5,male,50.0,2.641,different,different,1,0,0,gk,Y,0.0,,,,,
5,male,100.0,3.124,same,different,0,1,0,gk,Y,0.0,,,,,
5,male,0.0,2.649,same,same,1,0,0,gk,Y,0.0,,,,,
5,male,150.0,3.44,different,different,1,0,0,gk,Y,0.0,,,,,
5,male,150.0,4.657,same,same,1,0,0,gk,Y,0.0,,,,,
5,male,50.0,6.251,different,different,1,0,0,gk,Y,0.0,,,,,
5,male,0.0,5.385,different,different,1,0,0,gk,Y,0.0,,,,,
5,male,0.0,1.493,same,same,1,0,0,gk,Y,0.0,,,,,
5,male,100.0,3.361,different,different,1,0,0,gk,Y,0.0,,,,,
5,male,100.0,6.16,same,same,1,0,0,gk,Y,0.0,,,,,
5,male,50.0,1.658,same,same,1,0,0,gk,Y,0.0,,,,,
5,male,100.0,3.514,different,different,1,0,0,gk,Y,0.0,,,,,
5,male,150.0,2.205,same,same,1,0,0,gk,Y,0.0,,,,,
5,male,50.0,6.278,different,different,1,0,0,gk,Y,0.0,,,,,
5,male,50.0,1.573,same,same,1,0,0,gk,Y,0.0,,,,,
5,male,100.0,2.195,different,different,1,0,0,gk,Y,0.0,,,,,
5,male,0.0,1.782,different,different,1,0,0,gk,Y,0.0,,,,,
5,male,0.0,1.465,same,same,1,0,0,gk,Y,0.0,,,,,
5,male,150.0,5.533,different,different,1,0,0,gk,Y,0.0,,,,,
5,male,150.0,2.412,different,different,1,0,0,gk,Y,0.0,,,,,
5,male,50.0,5.006,different,different,1,0,0,gk,Y,0.0,,,,,
5,male,50.0,2.132,same,same,1,0,0,gk,Y,0.0,,,,,
5,male,100.0,1.808,same,same,1,0,0,gk,Y,0.0,,,,,
5,male,0.0,2.096,same,same,1,0,0,gk,Y,0.0,,,,,
5,male,0.0,2.876,different,different,1,0,0,gk,Y,0.0,,,,,
5,male,150.0,5.656,same,same,1,0,0,gk,Y,0.0,,,,,
5,male,50.0,1.981,same,same,1,0,0,gk,Y,0.0,,,,,
5,male,100.0,2.002,same,same,1,0,0,gk,Y,0.0,,,,,
5,male,150.0,2.607,same,same,1,0,0,gk,Y,0.0,,,,,
5,male,0.0,3.609,different,different,1,0,0,gk,Y,0.0,,,,,
5,male,100.0,2.542,same,same,1,0,0,gk,Y,0.0,,,,,
5,male,150.0,2.383,different,different,1,0,0,gk,Y,0.0,,,,,
5,male,0.0,1.289,same,same,1,0,0,gk,Y,0.0,,,,,
5,male,50.0,2.555,same,different,0,1,0,gk,Y,0.0,,,,,
5,male,150.0,1.932,same,same,1,0,0,gk,Y,0.0,,,,,
5,male,0.0,4.086,different,different,1,0,0,gk,Y,0.0,,,,,
5,male,100.0,2.093,same,same,1,0,0,gk,Y,0.0,,,,,
5,male,150.0,3.534,different,different,1,0,0,gk,Y,0.0,,,,,
5,male,50.0,2.197,different,different,1,0,0,gk,Y,0.0,,,,,
5,male,100.0,2.531,same,different,0,1,0,gk,Y,0.0,,,,,
5,male,0.0,1.189,same,same,1,0,0,gk,Y,0.0,,,,,
5,male,50.0,1.314,same,same,1,0,0,gk,Y,0.0,,,,,
5,male,100.0,1.918,different,different,1,0,0,gk,Y,0.0,,,,,
5,male,150.0,2.733,different,different,1,0,0,gk,Y,0.0,,,,,
5,male,0.0,1.102,same,same,1,0,0,gk,Y,0.0,,,,,
5,male,0.0,1.312,different,different,1,0,0,gk,Y,0.0,,,,,
5,male,100.0,2.1,same,same,1,0,0,gk,Y,0.0,,,,,
5,male,50.0,1.4,different,different,1,0,0,gk,Y,0.0,,,,,
5,male,150.0,1.74,same,same,1,0,0,gk,Y,0.0,,,,,
5,male,50.0,1.303,same,same,1,0,0,gk,Y,0.0,,,,,
5,male,150.0,1.506,different,different,1,0,0,gk,Y,0.0,,,,,
5,male,100.0,2.197,different,different,1,0,0,gk,Y,0.0,,,,,
5,male,150.0,1.351,same,same,1,0,0,gk,Y,0.0,,,,,
5,male,100.0,1.384,same,same,1,0,0,gk,Y,0.0,,,,,
5,male,0.0,1.258,same,same,1,0,0,gk,Y,0.0,,,,,
5,male,0.0,1.793,different,different,1,0,0,gk,Y,0.0,,,,,
5,male,50.0,2.429,different,different,1,0,0,gk,Y,0.0,,,,,
5,male,50.0,1.408,same,same,1,0,0,gk,Y,0.0,,,,,
5,male,150.0,3.266,different,different,1,0,0,gk,Y,0.0,,,,,
5,male,0.0,1.375,same,same,1,0,0,gk,Y,0.0,,,,,
5,male,150.0,1.939,same,same,1,0,0,gk,Y,0.0,,,,,
5,male,0.0,2.988,same,different,0,1,0,gk,Y,0.0,,,,,
5,male,50.0,3.498,different,different,1,0,0,gk,Y,0.0,,,,,
5,male,50.0,1.231,same,same,1,0,0,gk,Y,0.0,,,,,
5,male,100.0,1.194,same,same,1,0,0,gk,Y,0.0,,,,,
5,male,100.0,4.025,different,different,1,0,0,gk,Y,0.0,,,,,
5,male,100.0,2.368,same,same,1,0,0,gk,Y,0.0,,,,,
5,male,100.0,1.784,different,different,1,0,0,gk,Y,0.0,,,,,
5,male,150.0,2.453,same,same,1,0,0,gk,Y,0.0,,,,,
5,male,0.0,3.399,different,different,1,0,0,gk,Y,0.0,,,,,
5,male,0.0,1.142,same,same,1,0,0,gk,Y,0.0,,,,,
5,male,50.0,1.325,same,same,1,0,0,gk,Y,0.0,,,,,
5,male,50.0,3.171,different,different,1,0,0,gk,Y,0.0,,,,,
5,male,150.0,2.092,same,different,0,1,0,gk,Y,0.0,,,,,
5,male,50.0,4.009,different,different,1,0,0,gk,Y,0.0,,,,,
5,male,0.0,1.246,same,same,1,0,0,gk,Y,0.0,,,,,
5,male,150.0,2.87,different,different,1,0,0,gk,Y,0.0,,,,,
5,male,50.0,1.838,same,same,1,0,0,gk,Y,0.0,,,,,
5,male,100.0,1.506,same,same,1,0,0,gk,Y,0.0,,,,,
5,male,0.0,3.106,different,different,1,0,0,gk,Y,0.0,,,,,
5,male,150.0,2.09,same,same,1,0,0,gk,Y,0.0,,,,,
5,male,100.0,1.977,different,different,1,0,0,gk,Y,0.0,,,,,
5,male,100.0,2.91,different,different,1,0,0,gk,Y,0.0,,,,,
5,male,50.0,1.069,same,same,1,0,0,gk,Y,0.0,,,,,
5,male,0.0,0.775,same,same,1,0,0,gk,Y,0.0,,,,,
5,male,150.0,1.366,same,same,1,0,0,gk,Y,0.0,,,,,
5,male,150.0,1.891,different,different,1,0,0,gk,Y,0.0,,,,,
5,male,50.0,2.445,same,different,0,1,0,gk,Y,0.0,,,,,
5,male,100.0,1.53,same,same,1,0,0,gk,Y,0.0,,,,,
5,male,0.0,3.407,different,different,1,0,0,gk,Y,0.0,,,,,
6,male,0.0,1.186,same,different,0,1,0,gk,Y,0.0,,,,,
6,male,150.0,1.415,different,different,1,0,0,gk,Y,0.0,,,,,
6,male,150.0,1.563,same,same,1,0,0,gk,Y,0.0,,,,,
6,male,100.0,2.832,same,same,1,0,0,gk,Y,0.0,,,,,
6,male,50.0,1.218,same,same,1,0,0,gk,Y,0.0,,,,,
6,male,50.0,1.794,different,different,1,0,0,gk,Y,0.0,,,,,
6,male,100.0,1.654,different,different,1,0,0,gk,Y,0.0,,,,,
6,male,0.0,0.998,same,same,1,0,0,gk,Y,0.0,,,,,
6,male,150.0,2.525,different,different,1,0,0,gk,Y,0.0,,,,,
6,male,150.0,1.512,different,same,0,0,1,gk,Y,0.0,,,,,
6,male,50.0,2.543,different,different,1,0,0,gk,Y,0.0,,,,,
6,male,0.0,1.347,different,different,1,0,0,gk,Y,0.0,,,,,
6,male,0.0,1.495,same,same,1,0,0,gk,Y,0.0,,,,,
6,male,100.0,1.878,different,different,1,0,0,gk,Y,0.0,,,,,
6,male,100.0,1.597,same,same,1,0,0,gk,Y,0.0,,,,,
6,male,50.0,1.192,same,same,1,0,0,gk,Y,0.0,,,,,
6,male,100.0,2.172,different,different,1,0,0,gk,Y,0.0,,,,,
6,male,150.0,1.583,same,same,1,0,0,gk,Y,0.0,,,,,
6,male,50.0,1.453,different,different,1,0,0,gk,Y,0.0,,,,,
6,male,50.0,1.501,same,same,1,0,0,gk,Y,0.0,,,,,
6,male,100.0,1.371,different,different,1,0,0,gk,Y,0.0,,,,,
6,male,0.0,1.991,different,different,1,0,0,gk,Y,0.0,,,,,
6,male,0.0,0.986,same,same,1,0,0,gk,Y,0.0,,,,,
6,male,150.0,2.561,different,different,1,0,0,gk,Y,0.0,,,,,
6,male,150.0,1.674,different,different,1,0,0,gk,Y,0.0,,,,,
6,male,50.0,1.666,different,different,1,0,0,gk,Y,0.0,,,,,
6,male,50.0,1.851,same,same,1,0,0,gk,Y,0.0,,,,,
6,male,100.0,1.675,same,same,1,0,0,gk,Y,0.0,,,,,
6,male,0.0,1.025,same,same,1,0,0,gk,Y,0.0,,,,,
6,male,0.0,1.269,different,different,1,0,0,gk,Y,0.0,,,,,
6,male,150.0,3.372,same,same,1,0,0,gk,Y,0.0,,,,,
6,male,100.0,2.056,different,different,1,0,0,gk,Y,0.0,,,,,
6,male,50.0,1.112,same,same,1,0,0,gk,Y,0.0,,,,,
6,male,100.0,1.775,different,same,0,0,1,gk,Y,0.0,,,,,
6,male,150.0,1.948,same,same,1,0,0,gk,Y,0.0,,,,,
6,male,0.0,1.231,different,different,1,0,0,gk,Y,0.0,,,,,
6,male,100.0,2.098,same,same,1,0,0,gk,Y,0.0,,,,,
6,male,150.0,1.432,different,different,1,0,0,gk,Y,0.0,,,,,
6,male,0.0,1.298,same,same,1,0,0,gk,Y,0.0,,,,,
6,male,50.0,1.104,different,different,1,0,0,gk,Y,0.0,,,,,
6,male,150.0,1.351,same,same,1,0,0,gk,Y,0.0,,,,,
6,male,0.0,3.357,different,different,1,0,0,gk,Y,0.0,,,,,
6,male,100.0,1.489,same,same,1,0,0,gk,Y,0.0,,,,,
6,male,150.0,1.952,different,different,1,0,0,gk,Y,0.0,,,,,
6,male,50.0,1.525,different,different,1,0,0,gk,Y,0.0,,,,,
6,male,100.0,1.606,different,different,1,0,0,gk,Y,0.0,,,,,
6,male,0.0,1.083,same,same,1,0,0,gk,Y,0.0,,,,,
6,male,50.0,1.076,same,same,1,0,0,gk,Y,0.0,,,,,
6,male,100.0,1.828,different,different,1,0,0,gk,Y,0.0,,,,,
6,male,150.0,1.691,different,different,1,0,0,gk,Y,0.0,,,,,
6,male,0.0,1.232,same,same,1,0,0,gk,Y,0.0,,,,,
6,male,0.0,1.217,different,different,1,0,0,gk,Y,0.0,,,,,
6,male,100.0,1.693,same,same,1,0,0,gk,Y,0.0,,,,,
6,male,50.0,1.234,different,different,1,0,0,gk,Y,0.0,,,,,
6,male,150.0,3.58,same,same,1,0,0,gk,Y,0.0,,,,,
6,male,50.0,1.288,same,same,1,0,0,gk,Y,0.0,,,,,
6,male,150.0,1.447,different,different,1,0,0,gk,Y,0.0,,,,,
6,male,100.0,1.145,different,different,1,0,0,gk,Y,0.0,,,,,
6,male,150.0,1.552,same,same,1,0,0,gk,Y,0.0,,,,,
6,male,100.0,1.604,same,same,1,0,0,gk,Y,0.0,,,,,
6,male,0.0,1.13,same,same,1,0,0,gk,Y,0.0,,,,,
6,male,0.0,1.064,different,different,1,0,0,gk,Y,0.0,,,,,
6,male,50.0,1.352,different,different,1,0,0,gk,Y,0.0,,,,,
6,male,50.0,1.228,same,same,1,0,0,gk,Y,0.0,,,,,
6,male,150.0,1.422,different,different,1,0,0,gk,Y,0.0,,,,,
6,male,0.0,1.03,same,same,1,0,0,gk,Y,0.0,,,,,
6,male,150.0,1.265,same,same,1,0,0,gk,Y,0.0,,,,,
6,male,0.0,1.112,different,different,1,0,0,gk,Y,0.0,,,,,
6,male,50.0,1.321,different,different,1,0,0,gk,Y,0.0,,,,,
6,male,50.0,1.085,same,same,1,0,0,gk,Y,0.0,,,,,
6,male,100.0,1.05,same,same,1,0,0,gk,Y,0.0,,,,,
6,male,100.0,1.177,different,different,1,0,0,gk,Y,0.0,,,,,
6,male,100.0,1.04,same,same,1,0,0,gk,Y,0.0,,,,,
6,male,100.0,1.042,different,different,1,0,0,gk,Y,0.0,,,,,
6,male,150.0,1.111,same,same,1,0,0,gk,Y,0.0,,,,,
6,male,0.0,1.363,different,different,1,0,0,gk,Y,0.0,,,,,
6,male,0.0,1.327,same,same,1,0,0,gk,Y,0.0,,,,,
6,male,50.0,1.516,different,same,0,0,1,gk,Y,0.0,,,,,
6,male,50.0,1.041,different,different,1,0,0,gk,Y,0.0,,,,,
6,male,150.0,1.035,different,different,1,0,0,gk,Y,0.0,,,,,
6,male,50.0,1.773,different,different,1,0,0,gk,Y,0.0,,,,,
6,male,0.0,0.927,same,same,1,0,0,gk,Y,0.0,,,,,
6,male,150.0,1.669,different,different,1,0,0,gk,Y,0.0,,,,,
6,male,50.0,1.07,same,same,1,0,0,gk,Y,0.0,,,,,
6,male,100.0,1.032,same,same,1,0,0,gk,Y,0.0,,,,,
6,male,0.0,1.299,different,different,1,0,0,gk,Y,0.0,,,,,
6,male,150.0,4.069,same,same,1,0,0,gk,Y,0.0,,,,,
6,male,100.0,2.142,same,different,0,1,0,gk,Y,0.0,,,,,
6,male,100.0,1.193,different,different,1,0,0,gk,Y,0.0,,,,,
6,male,50.0,1.295,same,same,1,0,0,gk,Y,0.0,,,,,
6,male,0.0,1.075,same,same,1,0,0,gk,Y,0.0,,,,,
6,male,150.0,1.342,same,same,1,0,0,gk,Y,0.0,,,,,
6,male,150.0,1.425,different,different,1,0,0,gk,Y,0.0,,,,,
6,male,50.0,0.937,different,different,1,0,0,gk,Y,0.0,,,,,
6,male,100.0,1.05,same,same,1,0,0,gk,Y,0.0,,,,,
6,male,0.0,1.217,different,different,1,0,0,gk,Y,0.0,,,,,
7,female,0.0,2.727,different,different,1,0,0,gk,Y,0.0,,,,,
7,female,150.0,2.556,different,different,1,0,0,gk,Y,0.0,,,,,
7,female,150.0,1.702,same,same,1,0,0,gk,Y,0.0,,,,,
7,female,100.0,4.219,same,same,1,0,0,gk,Y,0.0,,,,,
7,female,50.0,2.724,same,same,1,0,0,gk,Y,0.0,,,,,
7,female,50.0,4.181,different,different,1,0,0,gk,Y,0.0,,,,,
7,female,100.0,5.22,different,different,1,0,0,gk,Y,0.0,,,,,
7,female,0.0,1.777,same,same,1,0,0,gk,Y,0.0,,,,,
7,female,150.0,3.21,same,different,0,1,0,gk,Y,0.0,,,,,
7,female,150.0,5.298,same,same,1,0,0,gk,Y,0.0,,,,,
7,female,50.0,6.598,different,different,1,0,0,gk,Y,0.0,,,,,
7,female,0.0,2.941,different,different,1,0,0,gk,Y,0.0,,,,,
7,female,0.0,1.796,same,same,1,0,0,gk,Y,0.0,,,,,
7,female,100.0,3.564,different,different,1,0,0,gk,Y,0.0,,,,,
7,female,100.0,3.655,same,same,1,0,0,gk,Y,0.0,,,,,
7,female,50.0,3.061,same,same,1,0,0,gk,Y,0.0,,,,,
7,female,100.0,4.297,different,different,1,0,0,gk,Y,0.0,,,,,
7,female,150.0,2.535,same,same,1,0,0,gk,Y,0.0,,,,,
7,female,50.0,4.351,different,different,1,0,0,gk,Y,0.0,,,,,
7,female,50.0,2.556,same,same,1,0,0,gk,Y,0.0,,,,,
7,female,100.0,3.295,different,different,1,0,0,gk,Y,0.0,,,,,
7,female,0.0,2.902,different,different,1,0,0,gk,Y,0.0,,,,,
7,female,0.0,2.811,same,same,1,0,0,gk,Y,0.0,,,,,
7,female,150.0,3.424,different,different,1,0,0,gk,Y,0.0,,,,,
7,female,150.0,3.065,different,different,1,0,0,gk,Y,0.0,,,,,
7,female,50.0,3.778,different,different,1,0,0,gk,Y,0.0,,,,,
7,female,50.0,2.669,same,same,1,0,0,gk,Y,0.0,,,,,
7,female,100.0,2.99,same,same,1,0,0,gk,Y,0.0,,,,,
7,female,0.0,2.829,same,same,1,0,0,gk,Y,0.0,,,,,
7,female,0.0,2.161,different,different,1,0,0,gk,Y,0.0,,,,,
7,female,150.0,4.594,same,same,1,0,0,gk,Y,0.0,,,,,
7,female,100.0,2.593,different,different,1,0,0,gk,Y,0.0,,,,,
7,female,50.0,2.485,same,same,1,0,0,gk,Y,0.0,,,,,
7,female,100.0,2.189,same,same,1,0,0,gk,Y,0.0,,,,,
7,female,150.0,3.209,different,same,0,0,1,gk,Y,0.0,,,,,
7,female,0.0,2.368,different,different,1,0,0,gk,Y,0.0,,,,,
7,female,100.0,2.161,same,same,1,0,0,gk,Y,0.0,,,,,
7,female,150.0,3.113,different,different,1,0,0,gk,Y,0.0,,,,,
7,female,0.0,1.503,same,same,1,0,0,gk,Y,0.0,,,,,
7,female,50.0,2.104,different,different,1,0,0,gk,Y,0.0,,,,,
7,female,150.0,4.987,same,same,1,0,0,gk,Y,0.0,,,,,
7,female,0.0,1.448,different,different,1,0,0,gk,Y,0.0,,,,,
7,female,100.0,2.001,same,same,1,0,0,gk,Y,0.0,,,,,
7,female,150.0,1.804,different,different,1,0,0,gk,Y,0.0,,,,,
7,female,50.0,2.159,different,different,1,0,0,gk,Y,0.0,,,,,
7,female,100.0,1.819,different,different,1,0,0,gk,Y,0.0,,,,,
7,female,0.0,1.279,same,same,1,0,0,gk,Y,0.0,,,,,
7,female,50.0,3.961,same,same,1,0,0,gk,Y,0.0,,,,,
7,female,100.0,3.355,different,different,1,0,0,gk,Y,0.0,,,,,
7,female,150.0,2.116,different,different,1,0,0,gk,Y,0.0,,,,,
7,female,0.0,1.794,same,same,1,0,0,gk,Y,0.0,,,,,
7,female,0.0,1.555,different,different,1,0,0,gk,Y,0.0,,,,,
7,female,100.0,2.625,same,same,1,0,0,gk,Y,0.0,,,,,
7,female,50.0,1.816,different,different,1,0,0,gk,Y,0.0,,,,,
7,female,150.0,3.857,same,same,1,0,0,gk,Y,0.0,,,,,
7,female,50.0,2.093,same,same,1,0,0,gk,Y,0.0,,,,,
7,female,150.0,2.059,different,different,1,0,0,gk,Y,0.0,,,,,
7,female,100.0,2.707,different,different,1,0,0,gk,Y,0.0,,,,,
7,female,150.0,2.307,same,same,1,0,0,gk,Y,0.0,,,,,
7,female,100.0,2.272,same,same,1,0,0,gk,Y,0.0,,,,,
7,female,0.0,1.077,same,same,1,0,0,gk,Y,0.0,,,,,
7,female,0.0,3.104,different,different,1,0,0,gk,Y,0.0,,,,,
7,female,50.0,2.486,different,different,1,0,0,gk,Y,0.0,,,,,
7,female,50.0,2.484,same,same,1,0,0,gk,Y,0.0,,,,,
7,female,150.0,2.562,different,different,1,0,0,gk,Y,0.0,,,,,
7,female,0.0,1.248,same,same,1,0,0,gk,Y,0.0,,,,,
7,female,150.0,2.073,same,same,1,0,0,gk,Y,0.0,,,,,
7,female,0.0,1.857,different,different,1,0,0,gk,Y,0.0,,,,,
7,female,50.0,2.146,different,different,1,0,0,gk,Y,0.0,,,,,
7,female,50.0,1.372,same,same,1,0,0,gk,Y,0.0,,,,,
7,female,100.0,2.219,same,same,1,0,0,gk,Y,0.0,,,,,
7,female,100.0,2.924,different,different,1,0,0,gk,Y,0.0,,,,,
7,female,100.0,1.938,same,same,1,0,0,gk,Y,0.0,,,,,
7,female,100.0,2.062,different,different,1,0,0,gk,Y,0.0,,,,,
7,female,150.0,1.999,same,same,1,0,0,gk,Y,0.0,,,,,
7,female,0.0,2.81,different,different,1,0,0,gk,Y,0.0,,,,,
7,female,0.0,1.925,same,same,1,0,0,gk,Y,0.0,,,,,
7,female,50.0,4.436,different,same,0,0,1,gk,Y,0.0,,,,,
7,female,50.0,2.993,different,different,1,0,0,gk,Y,0.0,,,,,
7,female,150.0,4.629,different,different,1,0,0,gk,Y,0.0,,,,,
7,female,50.0,4.295,different,different,1,0,0,gk,Y,0.0,,,,,
7,female,0.0,1.457,same,same,1,0,0,gk,Y,0.0,,,,,
7,female,150.0,3.698,different,different,1,0,0,gk,Y,0.0,,,,,
7,female,50.0,3.472,same,same,1,0,0,gk,Y,0.0,,,,,
7,female,100.0,2.708,same,same,1,0,0,gk,Y,0.0,,,,,
7,female,0.0,1.766,different,different,1,0,0,gk,Y,0.0,,,,,
7,female,150.0,4.22,same,same,1,0,0,gk,Y,0.0,,,,,
7,female,100.0,4.068,different,different,1,0,0,gk,Y,0.0,,,,,
7,female,100.0,1.94,different,different,1,0,0,gk,Y,0.0,,,,,
7,female,50.0,2.138,same,same,1,0,0,gk,Y,0.0,,,,,
7,female,0.0,1.539,same,same,1,0,0,gk,Y,0.0,,,,,
7,female,150.0,3.116,same,same,1,0,0,gk,Y,0.0,,,,,
7,female,150.0,2.181,different,different,1,0,0,gk,Y,0.0,,,,,
7,female,50.0,1.981,different,different,1,0,0,gk,Y,0.0,,,,,
7,female,100.0,2.61,same,same,1,0,0,gk,Y,0.0,,,,,
7,female,0.0,6.419,same,different,0,1,0,gk,Y,0.0,,,,,
8,male,0.0,2.703,different,different,1,0,0,gk,Y,0.0,,,,,
8,male,150.0,2.556,different,different,1,0,0,gk,Y,0.0,,,,,
8,male,150.0,3.591,same,same,1,0,0,gk,Y,0.0,,,,,
8,male,100.0,4.128,same,same,1,0,0,gk,Y,0.0,,,,,
8,male,50.0,2.821,same,same,1,0,0,gk,Y,0.0,,,,,
8,male,50.0,2.448,different,different,1,0,0,gk,Y,0.0,,,,,
8,male,100.0,2.811,different,different,1,0,0,gk,Y,0.0,,,,,
8,male,0.0,2.012,same,same,1,0,0,gk,Y,0.0,,,,,
8,male,150.0,3.213,different,different,1,0,0,gk,Y,0.0,,,,,
8,male,150.0,2.719,same,same,1,0,0,gk,Y,0.0,,,,,
8,male,50.0,3.135,different,different,1,0,0,gk,Y,0.0,,,,,
8,male,0.0,1.385,different,different,1,0,0,gk,Y,0.0,,,,,
8,male,0.0,1.196,same,same,1,0,0,gk,Y,0.0,,,,,
8,male,100.0,4.444,different,different,1,0,0,gk,Y,0.0,,,,,
8,male,100.0,2.2,same,same,1,0,0,gk,Y,0.0,,,,,
8,male,50.0,1.684,same,same,1,0,0,gk,Y,0.0,,,,,
8,male,100.0,4.736,different,different,1,0,0,gk,Y,0.0,,,,,
8,male,150.0,1.876,same,same,1,0,0,gk,Y,0.0,,,,,
8,male,50.0,2.081,different,different,1,0,0,gk,Y,0.0,,,,,
8,male,50.0,1.341,same,same,1,0,0,gk,Y,0.0,,,,,
8,male,100.0,2.165,different,different,1,0,0,gk,Y,0.0,,,,,
8,male,0.0,1.824,different,different,1,0,0,gk,Y,0.0,,,,,
8,male,0.0,1.064,same,same,1,0,0,gk,Y,0.0,,,,,
8,male,150.0,4.871,different,different,1,0,0,gk,Y,0.0,,,,,
8,male,150.0,1.992,different,different,1,0,0,gk,Y,0.0,,,,,
8,male,50.0,2.544,different,different,1,0,0,gk,Y,0.0,,,,,
8,male,50.0,2.994,same,same,1,0,0,gk,Y,0.0,,,,,
8,male,100.0,2.822,same,same,1,0,0,gk,Y,0.0,,,,,
8,male,0.0,1.188,same,same,1,0,0,gk,Y,0.0,,,,,
8,male,0.0,1.5,different,different,1,0,0,gk,Y,0.0,,,,,
8,male,150.0,4.093,same,same,1,0,0,gk,Y,0.0,,,,,
8,male,100.0,3.82,different,different,1,0,0,gk,Y,0.0,,,,,
8,male,50.0,1.351,same,same,1,0,0,gk,Y,0.0,,,,,
8,male,100.0,2.692,same,same,1,0,0,gk,Y,0.0,,,,,
8,male,150.0,2.582,same,same,1,0,0,gk,Y,0.0,,,,,
8,male,0.0,2.586,different,different,1,0,0,gk,Y,0.0,,,,,
8,male,100.0,2.719,same,same,1,0,0,gk,Y,0.0,,,,,
8,male,150.0,2.57,different,different,1,0,0,gk,Y,0.0,,,,,
8,male,0.0,0.932,same,same,1,0,0,gk,Y,0.0,,,,,
8,male,50.0,1.06,different,different,1,0,0,gk,Y,0.0,,,,,
8,male,150.0,1.794,same,same,1,0,0,gk,Y,0.0,,,,,
8,male,0.0,1.431,same,different,0,1,0,gk,Y,0.0,,,,,
8,male,100.0,4.619,same,same,1,0,0,gk,Y,0.0,,,,,
8,male,150.0,2.575,different,different,1,0,0,gk,Y,0.0,,,,,
8,male,50.0,1.627,different,different,1,0,0,gk,Y,0.0,,,,,
8,male,100.0,4.16,different,different,1,0,0,gk,Y,0.0,,,,,
8,male,0.0,1.105,same,same,1,0,0,gk,Y,0.0,,,,,
8,male,50.0,1.676,same,same,1,0,0,gk,Y,0.0,,,,,
8,male,100.0,2.28,different,different,1,0,0,gk,Y,0.0,,,,,
8,male,150.0,2.408,different,different,1,0,0,gk,Y,0.0,,,,,
8,male,0.0,1.486,same,same,1,0,0,gk,Y,0.0,,,,,
8,male,0.0,1.065,different,different,1,0,0,gk,Y,0.0,,,,,
8,male,100.0,1.95,same,same,1,0,0,gk,Y,0.0,,,,,
8,male,50.0,0.872,different,different,1,0,0,gk,Y,0.0,,,,,
8,male,150.0,4.967,same,same,1,0,0,gk,Y,0.0,,,,,
8,male,50.0,1.474,same,same,1,0,0,gk,Y,0.0,,,,,
8,male,150.0,1.885,different,different,1,0,0,gk,Y,0.0,,,,,
8,male,100.0,2.387,different,different,1,0,0,gk,Y,0.0,,,,,
8,male,150.0,1.899,same,same,1,0,0,gk,Y,0.0,,,,,
8,male,100.0,3.074,same,same,1,0,0,gk,Y,0.0,,,,,
8,male,0.0,1.033,same,same,1,0,0,gk,Y,0.0,,,,,
8,male,0.0,0.976,different,different,1,0,0,gk,Y,0.0,,,,,
8,male,50.0,1.038,different,different,1,0,0,gk,Y,0.0,,,,,
8,male,50.0,1.416,same,same,1,0,0,gk,Y,0.0,,,,,
8,male,150.0,2.377,different,different,1,0,0,gk,Y,0.0,,,,,
8,male,0.0,1.417,same,same,1,0,0,gk,Y,0.0,,,,,
8,male,150.0,1.892,same,same,1,0,0,gk,Y,0.0,,,,,
8,male,0.0,1.241,different,different,1,0,0,gk,Y,0.0,,,,,
8,male,50.0,1.044,different,different,1,0,0,gk,Y,0.0,,,,,
8,male,50.0,1.017,same,same,1,0,0,gk,Y,0.0,,,,,
8,male,100.0,1.385,same,same,1,0,0,gk,Y,0.0,,,,,
8,male,100.0,3.012,different,different,1,0,0,gk,Y,0.0,,,,,
8,male,100.0,3.287,same,same,1,0,0,gk,Y,0.0,,,,,
8,male,100.0,1.65,different,different,1,0,0,gk,Y,0.0,,,,,
8,male,150.0,1.836,same,same,1,0,0,gk,Y,0.0,,,,,
8,male,0.0,1.414,different,different,1,0,0,gk,Y,0.0,,,,,
8,male,0.0,1.284,same,same,1,0,0,gk,Y,0.0,,,,,
8,male,50.0,1.362,same,same,1,0,0,gk,Y,0.0,,,,,
8,male,50.0,0.899,different,different,1,0,0,gk,Y,0.0,,,,,
8,male,150.0,3.608,different,different,1,0,0,gk,Y,0.0,,,,,
8,male,50.0,5.103,different,different,1,0,0,gk,Y,0.0,,,,,
8,male,0.0,1.159,same,same,1,0,0,gk,Y,0.0,,,,,
8,male,150.0,1.901,different,different,1,0,0,gk,Y,0.0,,,,,
8,male,50.0,1.986,same,same,1,0,0,gk,Y,0.0,,,,,
8,male,100.0,1.561,same,same,1,0,0,gk,Y,0.0,,,,,
8,male,0.0,1.261,different,different,1,0,0,gk,Y,0.0,,,,,
8,male,150.0,3.32,different,same,0,0,1,gk,Y,0.0,,,,,
8,male,100.0,3.435,different,different,1,0,0,gk,Y,0.0,,,,,
8,male,100.0,1.418,different,different,1,0,0,gk,Y,0.0,,,,,
8,male,50.0,1.389,same,same,1,0,0,gk,Y,0.0,,,,,
8,male,0.0,0.886,same,same,1,0,0,gk,Y,0.0,,,,,
8,male,150.0,3.873,same,same,1,0,0,gk,Y,0.0,,,,,
8,male,150.0,2.78,different,different,1,0,0,gk,Y,0.0,,,,,
8,male,50.0,1.417,different,different,1,0,0,gk,Y,0.0,,,,,
8,male,100.0,1.142,same,same,1,0,0,gk,Y,0.0,,,,,
8,male,0.0,2.706,different,different,1,0,0,gk,Y,0.0,,,,,
9,female,0.0,2.788,different,different,1,0,0,gk,Y,0.0,,,,,
9,female,150.0,4.118,different,different,1,0,0,gk,Y,0.0,,,,,
9,female,150.0,3.809,same,same,1,0,0,gk,Y,0.0,,,,,
9,female,100.0,4.317,same,same,1,0,0,gk,Y,0.0,,,,,
9,female,50.0,2.362,same,same,1,0,0,gk,Y,0.0,,,,,
9,female,50.0,2.102,different,different,1,0,0,gk,Y,0.0,,,,,
9,female,100.0,4.183,different,different,1,0,0,gk,Y,0.0,,,,,
9,female,0.0,2.021,same,same,1,0,0,gk,Y,0.0,,,,,
9,female,150.0,4.457,different,different,1,0,0,gk,Y,0.0,,,,,
9,female,50.0,5.709,different,different,1,0,0,gk,Y,0.0,,,,,
9,female,0.0,2.91,different,different,1,0,0,gk,Y,0.0,,,,,
9,female,0.0,0.955,same,same,1,0,0,gk,Y,0.0,,,,,
9,female,100.0,2.456,different,different,1,0,0,gk,Y,0.0,,,,,
9,female,100.0,2.898,same,same,1,0,0,gk,Y,0.0,,,,,
9,female,50.0,4.298,same,same,1,0,0,gk,Y,0.0,,,,,
9,female,100.0,4.397,different,different,1,0,0,gk,Y,0.0,,,,,
9,female,150.0,3.412,same,same,1,0,0,gk,Y,0.0,,,,,
9,female,50.0,1.699,different,different,1,0,0,gk,Y,0.0,,,,,
9,female,50.0,2.365,same,same,1,0,0,gk,Y,0.0,,,,,
9,female,100.0,1.74,different,different,1,0,0,gk,Y,0.0,,,,,
9,female,0.0,2.523,different,different,1,0,0,gk,Y,0.0,,,,,
9,female,0.0,2.5,same,same,1,0,0,gk,Y,0.0,,,,,
9,female,150.0,4.16,different,different,1,0,0,gk,Y,0.0,,,,,
9,female,150.0,3.144,different,different,1,0,0,gk,Y,0.0,,,,,
9,female,50.0,2.396,different,different,1,0,0,gk,Y,0.0,,,,,
9,female,50.0,2.449,same,same,1,0,0,gk,Y,0.0,,,,,
9,female,100.0,3.528,same,same,1,0,0,gk,Y,0.0,,,,,
9,female,0.0,2.02,same,same,1,0,0,gk,Y,0.0,,,,,
9,female,0.0,2.572,different,different,1,0,0,gk,Y,0.0,,,,,
9,female,150.0,4.316,same,same,1,0,0,gk,Y,0.0,,,,,
9,female,100.0,3.776,different,different,1,0,0,gk,Y,0.0,,,,,
9,female,50.0,3.268,same,same,1,0,0,gk,Y,0.0,,,,,
9,female,100.0,3.724,same,same,1,0,0,gk,Y,0.0,,,,,
9,female,150.0,5.406,same,same,1,0,0,gk,Y,0.0,,,,,
9,female,0.0,2.862,different,different,1,0,0,gk,Y,0.0,,,,,
9,female,100.0,2.849,same,same,1,0,0,gk,Y,0.0,,,,,
9,female,150.0,5.159,different,different,1,0,0,gk,Y,0.0,,,,,
9,female,0.0,1.611,same,same,1,0,0,gk,Y,0.0,,,,,
9,female,50.0,1.399,different,different,1,0,0,gk,Y,0.0,,,,,
9,female,150.0,2.821,same,same,1,0,0,gk,Y,0.0,,,,,
9,female,0.0,1.485,different,different,1,0,0,gk,Y,0.0,,,,,
9,female,100.0,3.905,same,same,1,0,0,gk,Y,0.0,,,,,
9,female,150.0,2.572,different,different,1,0,0,gk,Y,0.0,,,,,
9,female,50.0,1.853,different,different,1,0,0,gk,Y,0.0,,,,,
9,female,100.0,2.957,different,different,1,0,0,gk,Y,0.0,,,,,
9,female,0.0,1.613,same,same,1,0,0,gk,Y,0.0,,,,,
9,female,50.0,1.842,same,same,1,0,0,gk,Y,0.0,,,,,
9,female,100.0,3.435,same,different,0,1,0,gk,Y,0.0,,,,,
9,female,150.0,3.191,different,different,1,0,0,gk,Y,0.0,,,,,
9,female,0.0,1.822,same,same,1,0,0,gk,Y,0.0,,,,,
9,female,0.0,1.411,different,different,1,0,0,gk,Y,0.0,,,,,
9,female,100.0,2.475,same,same,1,0,0,gk,Y,0.0,,,,,
9,female,50.0,3.173,different,different,1,0,0,gk,Y,0.0,,,,,
9,female,150.0,3.954,same,same,1,0,0,gk,Y,0.0,,,,,
9,female,50.0,2.17,same,same,1,0,0,gk,Y,0.0,,,,,
9,female,150.0,1.644,different,different,1,0,0,gk,Y,0.0,,,,,
9,female,100.0,2.598,different,different,1,0,0,gk,Y,0.0,,,,,
9,female,150.0,2.845,same,same,1,0,0,gk,Y,0.0,,,,,
9,female,100.0,2.225,same,same,1,0,0,gk,Y,0.0,,,,,
9,female,0.0,1.468,same,same,1,0,0,gk,Y,0.0,,,,,
9,female,0.0,2.02,different,different,1,0,0,gk,Y,0.0,,,,,
9,female,50.0,1.743,different,different,1,0,0,gk,Y,0.0,,,,,
9,female,50.0,2.367,same,same,1,0,0,gk,Y,0.0,,,,,
9,female,150.0,3.537,different,different,1,0,0,gk,Y,0.0,,,,,
9,female,0.0,1.562,same,same,1,0,0,gk,Y,0.0,,,,,
9,female,150.0,2.182,same,same,1,0,0,gk,Y,0.0,,,,,
9,female,0.0,2.159,different,different,1,0,0,gk,Y,0.0,,,,,
9,female,50.0,3.183,different,different,1,0,0,gk,Y,0.0,,,,,
9,female,50.0,2.016,same,same,1,0,0,gk,Y,0.0,,,,,
9,female,100.0,2.131,same,same,1,0,0,gk,Y,0.0,,,,,
9,female,100.0,2.179,different,different,1,0,0,gk,Y,0.0,,,,,
9,female,100.0,2.335,same,same,1,0,0,gk,Y,0.0,,,,,
9,female,100.0,1.997,different,different,1,0,0,gk,Y,0.0,,,,,
9,female,150.0,2.925,different,same,0,0,1,gk,Y,0.0,,,,,
9,female,0.0,3.172,different,different,1,0,0,gk,Y,0.0,,,,,
9,female,0.0,2.833,same,same,1,0,0,gk,Y,0.0,,,,,
9,female,50.0,1.987,different,same,0,0,1,gk,Y,0.0,,,,,
9,female,50.0,1.714,different,different,1,0,0,gk,Y,0.0,,,,,
9,female,150.0,2.986,different,different,1,0,0,gk,Y,0.0,,,,,
9,female,50.0,3.59,different,different,1,0,0,gk,Y,0.0,,,,,
9,female,0.0,1.041,same,same,1,0,0,gk,Y,0.0,,,,,
9,female,150.0,2.204,different,different,1,0,0,gk,Y,0.0,,,,,
9,female,50.0,2.759,same,same,1,0,0,gk,Y,0.0,,,,,
9,female,100.0,2.641,same,same,1,0,0,gk,Y,0.0,,,,,
9,female,0.0,1.463,different,different,1,0,0,gk,Y,0.0,,,,,
9,female,150.0,6.107,same,same,1,0,0,gk,Y,0.0,,,,,
9,female,100.0,3.265,different,different,1,0,0,gk,Y,0.0,,,,,
9,female,100.0,3.083,different,different,1,0,0,gk,Y,0.0,,,,,
9,female,50.0,2.376,same,same,1,0,0,gk,Y,0.0,,,,,
9,female,0.0,1.323,same,same,1,0,0,gk,Y,0.0,,,,,
9,female,150.0,2.434,same,same,1,0,0,gk,Y,0.0,,,,,
9,female,150.0,3.341,same,different,0,1,0,gk,Y,0.0,,,,,
9,female,50.0,1.204,different,different,1,0,0,gk,Y,0.0,,,,,
9,female,100.0,2.084,same,same,1,0,0,gk,Y,0.0,,,,,
9,female,0.0,2.157,different,different,1,0,0,gk,Y,0.0,,,,,
10,female,0.0,4.593,different,different,1,0,0,gk,Y,0.0,,,,,
10,female,150.0,5.214,different,different,1,0,0,gk,Y,0.0,,,,,
10,female,150.0,3.745,same,same,1,0,0,gk,Y,0.0,,,,,
10,female,50.0,3.367,different,same,0,0,1,gk,Y,0.0,,,,,
10,female,50.0,3.203,different,different,1,0,0,gk,Y,0.0,,,,,
10,female,100.0,6.48,different,different,1,0,0,gk,Y,0.0,,,,,
10,female,0.0,1.331,same,same,1,0,0,gk,Y,0.0,,,,,
10,female,150.0,6.014,different,different,1,0,0,gk,Y,0.0,,,,,
10,female,150.0,3.622,different,same,0,0,1,gk,Y,0.0,,,,,
10,female,50.0,4.031,different,different,1,0,0,gk,Y,0.0,,,,,
10,female,0.0,1.379,different,different,1,0,0,gk,Y,0.0,,,,,
10,female,0.0,1.812,same,same,1,0,0,gk,Y,0.0,,,,,
10,female,100.0,3.465,different,different,1,0,0,gk,Y,0.0,,,,,
10,female,100.0,5.93,same,same,1,0,0,gk,Y,0.0,,,,,
10,female,100.0,0.117,same,different,0,1,0,gk,Y,0.0,,,,,
10,female,150.0,2.982,different,same,0,0,1,gk,Y,0.0,,,,,
10,female,50.0,1.994,different,different,1,0,0,gk,Y,0.0,,,,,
10,female,50.0,1.578,same,same,1,0,0,gk,Y,0.0,,,,,
10,female,100.0,4.534,different,different,1,0,0,gk,Y,0.0,,,,,
10,female,0.0,1.38,different,different,1,0,0,gk,Y,0.0,,,,,
10,female,0.0,1.687,same,same,1,0,0,gk,Y,0.0,,,,,
10,female,150.0,2.509,different,different,1,0,0,gk,Y,0.0,,,,,
10,female,150.0,2.556,different,different,1,0,0,gk,Y,0.0,,,,,
10,female,50.0,5.28,different,different,1,0,0,gk,Y,0.0,,,,,
10,female,100.0,3.946,different,same,0,0,1,gk,Y,0.0,,,,,
10,female,0.0,1.0,same,same,1,0,0,gk,Y,0.0,,,,,
10,female,0.0,1.686,different,different,1,0,0,gk,Y,0.0,,,,,
10,female,150.0,3.598,different,same,0,0,1,gk,Y,0.0,,,,,
10,female,100.0,4.577,different,different,1,0,0,gk,Y,0.0,,,,,
10,female,50.0,3.717,same,same,1,0,0,gk,Y,0.0,,,,,
10,female,100.0,6.542,different,same,0,0,1,gk,Y,0.0,,,,,
10,female,150.0,6.042,different,same,0,0,1,gk,Y,0.0,,,,,
10,female,0.0,1.827,different,different,1,0,0,gk,Y,0.0,,,,,
10,female,100.0,4.686,same,same,1,0,0,gk,Y,0.0,,,,,
10,female,150.0,5.282,same,different,0,1,0,gk,Y,0.0,,,,,
10,female,0.0,1.357,same,same,1,0,0,gk,Y,0.0,,,,,
10,female,50.0,4.601,different,different,1,0,0,gk,Y,0.0,,,,,
10,female,150.0,3.516,same,same,1,0,0,gk,Y,0.0,,,,,
10,female,0.0,3.22,different,different,1,0,0,gk,Y,0.0,,,,,
10,female,100.0,7.454,same,same,1,0,0,gk,Y,0.0,,,,,
10,female,150.0,5.791,same,different,0,1,0,gk,Y,0.0,,,,,
10,female,50.0,1.692,different,different,1,0,0,gk,Y,0.0,,,,,
10,female,100.0,4.066,different,different,1,0,0,gk,Y,0.0,,,,,
10,female,0.0,1.034,same,same,1,0,0,gk,Y,0.0,,,,,
10,female,50.0,2.836,same,same,1,0,0,gk,Y,0.0,,,,,
10,female,100.0,1.924,different,different,1,0,0,gk,Y,0.0,,,,,
10,female,150.0,4.835,different,different,1,0,0,gk,Y,0.0,,,,,
10,female,0.0,0.932,same,same,1,0,0,gk,Y,0.0,,,,,
10,female,0.0,1.762,different,different,1,0,0,gk,Y,0.0,,,,,
10,female,100.0,5.567,different,same,0,0,1,gk,Y,0.0,,,,,
10,female,50.0,1.586,different,different,1,0,0,gk,Y,0.0,,,,,
10,female,150.0,4.095,different,same,0,0,1,gk,Y,0.0,,,,,
10,female,50.0,1.718,same,same,1,0,0,gk,Y,0.0,,,,,
10,female,150.0,2.122,different,different,1,0,0,gk,Y,0.0,,,,,
10,female,100.0,6.337,different,different,1,0,0,gk,Y,0.0,,,,,
10,female,150.0,4.381,same,same,1,0,0,gk,Y,0.0,,,,,
10,female,100.0,6.98,different,same,0,0,1,gk,Y,0.0,,,,,
10,female,0.0,1.055,same,same,1,0,0,gk,Y,0.0,,,,,
10,female,0.0,1.632,different,different,1,0,0,gk,Y,0.0,,,,,
10,female,50.0,1.536,different,different,1,0,0,gk,Y,0.0,,,,,
10,female,50.0,1.836,same,same,1,0,0,gk,Y,0.0,,,,,
10,female,150.0,2.694,different,different,1,0,0,gk,Y,0.0,,,,,
10,female,0.0,1.539,same,same,1,0,0,gk,Y,0.0,,,,,
10,female,0.0,2.467,different,different,1,0,0,gk,Y,0.0,,,,,
10,female,50.0,3.979,different,different,1,0,0,gk,Y,0.0,,,,,
10,female,50.0,1.07,same,same,1,0,0,gk,Y,0.0,,,,,
10,female,100.0,3.614,same,same,1,0,0,gk,Y,0.0,,,,,
10,female,100.0,6.315,different,different,1,0,0,gk,Y,0.0,,,,,
10,female,100.0,4.025,same,same,1,0,0,gk,Y,0.0,,,,,
10,female,100.0,4.201,different,different,1,0,0,gk,Y,0.0,,,,,
10,female,150.0,5.124,same,same,1,0,0,gk,Y,0.0,,,,,
10,female,0.0,5.059,different,different,1,0,0,gk,Y,0.0,,,,,
10,female,0.0,1.253,same,same,1,0,0,gk,Y,0.0,,,,,
10,female,50.0,3.27,same,same,1,0,0,gk,Y,0.0,,,,,
10,female,50.0,4.659,different,different,1,0,0,gk,Y,0.0,,,,,
10,female,150.0,4.895,same,different,0,1,0,gk,Y,0.0,,,,,
10,female,50.0,3.899,different,different,1,0,0,gk,Y,0.0,,,,,
10,female,0.0,1.436,same,same,1,0,0,gk,Y,0.0,,,,,
10,female,150.0,2.965,different,different,1,0,0,gk,Y,0.0,,,,,
10,female,50.0,5.778,same,same,1,0,0,gk,Y,0.0,,,,,
10,female,100.0,6.069,different,same,0,0,1,gk,Y,0.0,,,,,
10,female,0.0,2.166,different,different,1,0,0,gk,Y,0.0,,,,,
10,female,150.0,5.106,different,same,0,0,1,gk,Y,0.0,,,,,
10,female,100.0,4.706,different,different,1,0,0,gk,Y,0.0,,,,,
10,female,100.0,5.033,different,different,1,0,0,gk,Y,0.0,,,,,
10,female,50.0,3.481,same,same,1,0,0,gk,Y,0.0,,,,,
10,female,0.0,0.929,same,same,1,0,0,gk,Y,0.0,,,,,
10,female,150.0,5.382,same,same,1,0,0,gk,Y,0.0,,,,,
10,female,150.0,6.668,same,different,0,1,0,gk,Y,0.0,,,,,
10,female,50.0,2.171,different,different,1,0,0,gk,Y,0.0,,,,,
10,female,100.0,3.234,same,same,1,0,0,gk,Y,0.0,,,,,
10,female,0.0,4.008,different,different,1,0,0,gk,Y,0.0,,,,,
11,male,0.0,2.924,different,different,1,0,0,gk,Y,0.0,,,,,
11,male,150.0,3.631,different,different,1,0,0,gk,Y,0.0,,,,,
11,male,150.0,2.993,same,same,1,0,0,gk,Y,0.0,,,,,
11,male,100.0,6.246,same,same,1,0,0,gk,Y,0.0,,,,,
11,male,50.0,2.941,same,same,1,0,0,gk,Y,0.0,,,,,
11,male,50.0,2.402,different,different,1,0,0,gk,Y,0.0,,,,,
11,male,100.0,3.12,different,different,1,0,0,gk,Y,0.0,,,,,
11,male,0.0,1.363,same,same,1,0,0,gk,Y,0.0,,,,,
11,male,150.0,4.43,different,different,1,0,0,gk,Y,0.0,,,,,
11,male,150.0,5.892,same,same,1,0,0,gk,Y,0.0,,,,,
11,male,50.0,4.427,different,different,1,0,0,gk,Y,0.0,,,,,
11,male,0.0,1.822,different,different,1,0,0,gk,Y,0.0,,,,,
11,male,0.0,1.334,same,same,1,0,0,gk,Y,0.0,,,,,
11,male,100.0,3.82,different,different,1,0,0,gk,Y,0.0,,,,,
11,male,100.0,2.778,same,same,1,0,0,gk,Y,0.0,,,,,
11,male,50.0,4.176,same,same,1,0,0,gk,Y,0.0,,,,,
11,male,100.0,5.035,different,different,1,0,0,gk,Y,0.0,,,,,
11,male,150.0,5.399,same,same,1,0,0,gk,Y,0.0,,,,,
11,male,50.0,2.93,different,different,1,0,0,gk,Y,0.0,,,,,
11,male,50.0,1.937,same,same,1,0,0,gk,Y,0.0,,,,,
11,male,100.0,3.236,different,different,1,0,0,gk,Y,0.0,,,,,
11,male,0.0,1.575,different,different,1,0,0,gk,Y,0.0,,,,,
11,male,0.0,1.176,same,same,1,0,0,gk,Y,0.0,,,,,
11,male,150.0,5.368,different,different,1,0,0,gk,Y,0.0,,,,,
11,male,150.0,2.647,different,different,1,0,0,gk,Y,0.0,,,,,
11,male,50.0,5.275,different,different,1,0,0,gk,Y,0.0,,,,,
11,male,50.0,2.859,same,same,1,0,0,gk,Y,0.0,,,,,
11,male,100.0,4.091,same,same,1,0,0,gk,Y,0.0,,,,,
11,male,0.0,1.345,same,same,1,0,0,gk,Y,0.0,,,,,
11,male,0.0,2.533,different,different,1,0,0,gk,Y,0.0,,,,,
11,male,150.0,3.325,different,same,0,0,1,gk,Y,0.0,,,,,
11,male,100.0,5.628,different,different,1,0,0,gk,Y,0.0,,,,,
11,male,50.0,7.356,same,same,1,0,0,gk,Y,0.0,,,,,
11,male,100.0,3.642,same,same,1,0,0,gk,Y,0.0,,,,,
11,male,150.0,4.797,different,same,0,0,1,gk,Y,0.0,,,,,
11,male,0.0,2.03,different,different,1,0,0,gk,Y,0.0,,,,,
11,male,100.0,4.417,same,same,1,0,0,gk,Y,0.0,,,,,
11,male,150.0,3.433,different,different,1,0,0,gk,Y,0.0,,,,,
11,male,0.0,1.342,same,same,1,0,0,gk,Y,0.0,,,,,
11,male,50.0,1.27,different,different,1,0,0,gk,Y,0.0,,,,,
11,male,150.0,6.527,same,same,1,0,0,gk,Y,0.0,,,,,
11,male,0.0,1.325,different,different,1,0,0,gk,Y,0.0,,,,,
11,male,100.0,5.396,same,same,1,0,0,gk,Y,0.0,,,,,
11,male,150.0,6.729,different,different,1,0,0,gk,Y,0.0,,,,,
11,male,50.0,1.616,different,different,1,0,0,gk,Y,0.0,,,,,
11,male,100.0,4.217,different,different,1,0,0,gk,Y,0.0,,,,,
11,male,0.0,1.609,same,same,1,0,0,gk,Y,0.0,,,,,
11,male,50.0,2.639,same,same,1,0,0,gk,Y,0.0,,,,,
11,male,100.0,3.049,different,different,1,0,0,gk,Y,0.0,,,,,
11,male,150.0,3.681,different,different,1,0,0,gk,Y,0.0,,,,,
11,male,0.0,2.711,same,same,1,0,0,gk,Y,0.0,,,,,
11,male,0.0,1.74,different,different,1,0,0,gk,Y,0.0,,,,,
11,male,100.0,3.372,same,same,1,0,0,gk,Y,0.0,,,,,
11,male,50.0,0.963,different,different,1,0,0,gk,Y,0.0,,,,,
11,male,150.0,2.054,same,same,1,0,0,gk,Y,0.0,,,,,
11,male,50.0,2.125,same,same,1,0,0,gk,Y,0.0,,,,,
11,male,150.0,1.76,different,different,1,0,0,gk,Y,0.0,,,,,
11,male,100.0,1.972,different,different,1,0,0,gk,Y,0.0,,,,,
11,male,150.0,5.673,same,same,1,0,0,gk,Y,0.0,,,,,
11,male,0.0,1.703,same,same,1,0,0,gk,Y,0.0,,,,,
11,male,0.0,1.295,different,different,1,0,0,gk,Y,0.0,,,,,
11,male,50.0,1.086,different,different,1,0,0,gk,Y,0.0,,,,,
11,male,50.0,2.183,same,same,1,0,0,gk,Y,0.0,,,,,
11,male,150.0,2.208,different,different,1,0,0,gk,Y,0.0,,,,,
11,male,0.0,1.347,same,same,1,0,0,gk,Y,0.0,,,,,
11,male,150.0,5.904,same,same,1,0,0,gk,Y,0.0,,,,,
11,male,0.0,2.773,different,different,1,0,0,gk,Y,0.0,,,,,
11,male,50.0,1.333,different,different,1,0,0,gk,Y,0.0,,,,,
11,male,50.0,1.726,same,same,1,0,0,gk,Y,0.0,,,,,
11,male,100.0,2.38,same,same,1,0,0,gk,Y,0.0,,,,,
11,male,100.0,5.672,different,different,1,0,0,gk,Y,0.0,,,,,
11,male,100.0,2.97,same,same,1,0,0,gk,Y,0.0,,,,,
11,male,100.0,3.307,different,different,1,0,0,gk,Y,0.0,,,,,
11,male,150.0,6.274,different,same,0,0,1,gk,Y,0.0,,,,,
11,male,0.0,2.292,different,different,1,0,0,gk,Y,0.0,,,,,
11,male,0.0,2.073,same,same,1,0,0,gk,Y,0.0,,,,,
11,male,50.0,1.528,same,same,1,0,0,gk,Y,0.0,,,,,
11,male,50.0,1.692,different,different,1,0,0,gk,Y,0.0,,,,,
11,male,150.0,6.458,different,different,1,0,0,gk,Y,0.0,,,,,
11,male,50.0,6.253,different,different,1,0,0,gk,Y,0.0,,,,,
11,male,0.0,0.95,same,same,1,0,0,gk,Y,0.0,,,,,
11,male,150.0,2.869,different,different,1,0,0,gk,Y,0.0,,,,,
11,male,50.0,2.005,same,same,1,0,0,gk,Y,0.0,,,,,
11,male,100.0,3.645,same,same,1,0,0,gk,Y,0.0,,,,,
11,male,0.0,2.607,different,different,1,0,0,gk,Y,0.0,,,,,
11,male,150.0,3.211,different,same,0,0,1,gk,Y,0.0,,,,,
11,male,100.0,4.031,different,different,1,0,0,gk,Y,0.0,,,,,
11,male,50.0,1.671,same,same,1,0,0,gk,Y,0.0,,,,,
11,male,0.0,1.404,same,same,1,0,0,gk,Y,0.0,,,,,
11,male,150.0,2.72,different,same,0,0,1,gk,Y,0.0,,,,,
11,male,150.0,2.62,different,different,1,0,0,gk,Y,0.0,,,,,
11,male,50.0,2.134,different,different,1,0,0,gk,Y,0.0,,,,,
11,male,100.0,2.399,same,same,1,0,0,gk,Y,0.0,,,,,
11,male,0.0,2.129,different,different,1,0,0,gk,Y,0.0,,,,,
12,female,0.0,1.818,different,different,1,0,0,gk,Y,0.0,,,,,
12,female,150.0,1.646,same,different,0,1,0,gk,Y,0.0,,,,,
12,female,150.0,1.527,same,same,1,0,0,gk,Y,0.0,,,,,
12,female,100.0,3.133,same,same,1,0,0,gk,Y,0.0,,,,,
12,female,50.0,2.435,same,same,1,0,0,gk,Y,0.0,,,,,
12,female,50.0,1.251,different,different,1,0,0,gk,Y,0.0,,,,,
12,female,100.0,2.718,same,different,0,1,0,gk,Y,0.0,,,,,
12,female,0.0,1.2,same,same,1,0,0,gk,Y,0.0,,,,,
12,female,150.0,3.312,different,different,1,0,0,gk,Y,0.0,,,,,
12,female,150.0,4.109,same,same,1,0,0,gk,Y,0.0,,,,,
12,female,50.0,2.292,different,different,1,0,0,gk,Y,0.0,,,,,
12,female,0.0,1.82,different,different,1,0,0,gk,Y,0.0,,,,,
12,female,0.0,1.133,same,same,1,0,0,gk,Y,0.0,,,,,
12,female,100.0,2.347,different,different,1,0,0,gk,Y,0.0,,,,,
12,female,100.0,2.967,same,same,1,0,0,gk,Y,0.0,,,,,
12,female,50.0,2.379,same,same,1,0,0,gk,Y,0.0,,,,,
12,female,100.0,1.921,different,different,1,0,0,gk,Y,0.0,,,,,
12,female,150.0,1.966,same,same,1,0,0,gk,Y,0.0,,,,,
12,female,50.0,3.052,different,different,1,0,0,gk,Y,0.0,,,,,
12,female,50.0,1.372,same,same,1,0,0,gk,Y,0.0,,,,,
12,female,100.0,2.839,different,different,1,0,0,gk,Y,0.0,,,,,
12,female,0.0,3.238,same,different,0,1,0,gk,Y,0.0,,,,,
12,female,0.0,1.429,same,same,1,0,0,gk,Y,0.0,,,,,
12,female,150.0,4.437,different,different,1,0,0,gk,Y,0.0,,,,,
12,female,150.0,2.585,different,different,1,0,0,gk,Y,0.0,,,,,
12,female,50.0,3.376,different,different,1,0,0,gk,Y,0.0,,,,,
12,female,50.0,1.669,same,same,1,0,0,gk,Y,0.0,,,,,
12,female,100.0,3.972,same,same,1,0,0,gk,Y,0.0,,,,,
12,female,0.0,0.982,same,same,1,0,0,gk,Y,0.0,,,,,
12,female,0.0,1.572,different,different,1,0,0,gk,Y,0.0,,,,,
12,female,150.0,2.311,different,same,0,0,1,gk,Y,0.0,,,,,
12,female,100.0,3.295,different,different,1,0,0,gk,Y,0.0,,,,,
12,female,50.0,1.676,same,same,1,0,0,gk,Y,0.0,,,,,
12,female,100.0,2.236,same,same,1,0,0,gk,Y,0.0,,,,,
12,female,150.0,2.927,different,same,0,0,1,gk,Y,0.0,,,,,
12,female,0.0,1.41,different,different,1,0,0,gk,Y,0.0,,,,,
12,female,100.0,2.582,same,same,1,0,0,gk,Y,0.0,,,,,
12,female,150.0,2.0,different,different,1,0,0,gk,Y,0.0,,,,,
12,female,0.0,1.077,same,same,1,0,0,gk,Y,0.0,,,,,
12,female,50.0,1.434,different,different,1,0,0,gk,Y,0.0,,,,,
12,female,150.0,1.949,same,same,1,0,0,gk,Y,0.0,,,,,
12,female,0.0,2.353,different,different,1,0,0,gk,Y,0.0,,,,,
12,female,100.0,3.343,same,same,1,0,0,gk,Y,0.0,,,,,
12,female,150.0,1.649,different,different,1,0,0,gk,Y,0.0,,,,,
12,female,50.0,1.228,different,different,1,0,0,gk,Y,0.0,,,,,
12,female,100.0,2.079,different,different,1,0,0,gk,Y,0.0,,,,,
12,female,0.0,1.283,same,same,1,0,0,gk,Y,0.0,,,,,
12,female,50.0,3.163,same,same,1,0,0,gk,Y,0.0,,,,,
12,female,100.0,2.124,different,different,1,0,0,gk,Y,0.0,,,,,
12,female,150.0,3.277,different,different,1,0,0,gk,Y,0.0,,,,,
12,female,0.0,0.908,same,same,1,0,0,gk,Y,0.0,,,,,
12,female,0.0,1.004,different,different,1,0,0,gk,Y,0.0,,,,,
12,female,100.0,2.104,same,same,1,0,0,gk,Y,0.0,,,,,
12,female,50.0,1.011,different,different,1,0,0,gk,Y,0.0,,,,,
12,female,150.0,1.569,different,same,0,0,1,gk,Y,0.0,,,,,
12,female,50.0,1.258,same,same,1,0,0,gk,Y,0.0,,,,,
12,female,150.0,2.8,different,different,1,0,0,gk,Y,0.0,,,,,
12,female,100.0,3.494,different,different,1,0,0,gk,Y,0.0,,,,,
12,female,150.0,2.989,same,same,1,0,0,gk,Y,0.0,,,,,
12,female,100.0,2.223,same,same,1,0,0,gk,Y,0.0,,,,,
12,female,0.0,0.945,same,same,1,0,0,gk,Y,0.0,,,,,
12,female,0.0,2.952,different,different,1,0,0,gk,Y,0.0,,,,,
12,female,50.0,1.514,different,different,1,0,0,gk,Y,0.0,,,,,
12,female,50.0,1.351,same,same,1,0,0,gk,Y,0.0,,,,,
12,female,150.0,2.95,different,different,1,0,0,gk,Y,0.0,,,,,
12,female,0.0,1.506,same,same,1,0,0,gk,Y,0.0,,,,,
12,female,150.0,1.977,same,same,1,0,0,gk,Y,0.0,,,,,
12,female,0.0,1.091,different,different,1,0,0,gk,Y,0.0,,,,,
12,female,50.0,0.925,different,different,1,0,0,gk,Y,0.0,,,,,
12,female,50.0,1.225,same,same,1,0,0,gk,Y,0.0,,,,,
12,female,100.0,5.81,same,same,1,0,0,gk,Y,0.0,,,,,
12,female,100.0,2.111,different,different,1,0,0,gk,Y,0.0,,,,,
12,female,100.0,1.874,same,same,1,0,0,gk,Y,0.0,,,,,
12,female,100.0,1.424,different,different,1,0,0,gk,Y,0.0,,,,,
12,female,150.0,3.255,same,same,1,0,0,gk,Y,0.0,,,,,
12,female,0.0,2.231,same,different,0,1,0,gk,Y,0.0,,,,,
12,female,0.0,2.633,same,same,1,0,0,gk,Y,0.0,,,,,
12,female,50.0,1.941,same,same,1,0,0,gk,Y,0.0,,,,,
12,female,50.0,1.064,different,different,1,0,0,gk,Y,0.0,,,,,
12,female,150.0,1.714,same,different,0,1,0,gk,Y,0.0,,,,,
12,female,50.0,3.032,different,different,1,0,0,gk,Y,0.0,,,,,
12,female,0.0,0.929,same,same,1,0,0,gk,Y,0.0,,,,,
12,female,150.0,2.776,different,different,1,0,0,gk,Y,0.0,,,,,
12,female,50.0,3.187,same,same,1,0,0,gk,Y,0.0,,,,,
12,female,100.0,2.653,same,same,1,0,0,gk,Y,0.0,,,,,
12,female,0.0,2.254,different,different,1,0,0,gk,Y,0.0,,,,,
12,female,100.0,0.519,different,different,1,0,0,gk,Y,0.0,,,,,
12,female,100.0,2.384,same,different,0,1,0,gk,Y,0.0,,,,,
12,female,50.0,1.984,same,same,1,0,0,gk,Y,0.0,,,,,
12,female,0.0,0.956,same,same,1,0,0,gk,Y,0.0,,,,,
12,female,150.0,3.489,different,same,0,0,1,gk,Y,0.0,,,,,
12,female,150.0,2.125,different,different,1,0,0,gk,Y,0.0,,,,,
12,female,50.0,1.107,different,different,1,0,0,gk,Y,0.0,,,,,
12,female,100.0,1.516,same,same,1,0,0,gk,Y,0.0,,,,,
12,female,0.0,2.657,different,different,1,0,0,gk,Y,0.0,,,,,
13,male,0.0,1.606,different,different,1,0,0,gk,Y,0.0,,,,,
13,male,150.0,2.427,different,different,1,0,0,gk,Y,0.0,,,,,
13,male,150.0,1.109,same,same,1,0,0,gk,Y,0.0,,,,,
13,male,100.0,1.9,same,same,1,0,0,gk,Y,0.0,,,,,
13,male,50.0,1.098,same,same,1,0,0,gk,Y,0.0,,,,,
13,male,50.0,1.496,different,different,1,0,0,gk,Y,0.0,,,,,
13,male,100.0,1.553,same,different,0,1,0,gk,Y,0.0,,,,,
13,male,0.0,0.97,same,same,1,0,0,gk,Y,0.0,,,,,
13,male,150.0,3.402,different,different,1,0,0,gk,Y,0.0,,,,,
13,male,150.0,2.196,different,same,0,0,1,gk,Y,0.0,,,,,
13,male,50.0,2.35,different,different,1,0,0,gk,Y,0.0,,,,,
13,male,0.0,0.996,different,different,1,0,0,gk,Y,0.0,,,,,
13,male,0.0,0.615,same,same,1,0,0,gk,Y,0.0,,,,,
13,male,100.0,4.115,different,different,1,0,0,gk,Y,0.0,,,,,
13,male,100.0,0.902,same,same,1,0,0,gk,Y,0.0,,,,,
13,male,50.0,1.734,same,same,1,0,0,gk,Y,0.0,,,,,
13,male,100.0,1.132,different,different,1,0,0,gk,Y,0.0,,,,,
13,male,150.0,1.108,same,same,1,0,0,gk,Y,0.0,,,,,
13,male,50.0,1.345,different,different,1,0,0,gk,Y,0.0,,,,,
13,male,50.0,1.092,same,same,1,0,0,gk,Y,0.0,,,,,
13,male,100.0,1.397,different,different,1,0,0,gk,Y,0.0,,,,,
13,male,0.0,1.224,different,different,1,0,0,gk,Y,0.0,,,,,
13,male,0.0,0.662,same,same,1,0,0,gk,Y,0.0,,,,,
13,male,150.0,4.073,different,different,1,0,0,gk,Y,0.0,,,,,
13,male,150.0,2.885,different,different,1,0,0,gk,Y,0.0,,,,,
13,male,50.0,1.212,different,different,1,0,0,gk,Y,0.0,,,,,
13,male,50.0,2.961,same,same,1,0,0,gk,Y,0.0,,,,,
13,male,100.0,1.941,same,same,1,0,0,gk,Y,0.0,,,,,
13,male,0.0,0.646,same,same,1,0,0,gk,Y,0.0,,,,,
13,male,0.0,0.705,different,different,1,0,0,gk,Y,0.0,,,,,
13,male,150.0,4.399,different,same,0,0,1,gk,Y,0.0,,,,,
13,male,100.0,1.939,different,different,1,0,0,gk,Y,0.0,,,,,
13,male,50.0,1.655,same,same,1,0,0,gk,Y,0.0,,,,,
13,male,100.0,1.648,same,same,1,0,0,gk,Y,0.0,,,,,
13,male,150.0,3.991,same,same,1,0,0,gk,Y,0.0,,,,,
13,male,0.0,0.709,different,different,1,0,0,gk,Y,0.0,,,,,
13,male,100.0,1.906,same,same,1,0,0,gk,Y,0.0,,,,,
13,male,150.0,1.776,different,different,1,0,0,gk,Y,0.0,,,,,
13,male,0.0,0.66,same,same,1,0,0,gk,Y,0.0,,,,,
13,male,50.0,0.769,different,different,1,0,0,gk,Y,0.0,,,,,
13,male,150.0,1.545,same,same,1,0,0,gk,Y,0.0,,,,,
13,male,0.0,0.909,different,different,1,0,0,gk,Y,0.0,,,,,
13,male,100.0,1.026,same,same,1,0,0,gk,Y,0.0,,,,,
13,male,150.0,1.645,different,different,1,0,0,gk,Y,0.0,,,,,
13,male,50.0,0.942,different,different,1,0,0,gk,Y,0.0,,,,,
13,male,100.0,0.981,different,different,1,0,0,gk,Y,0.0,,,,,
13,male,0.0,0.753,same,same,1,0,0,gk,Y,0.0,,,,,
13,male,50.0,0.633,same,same,1,0,0,gk,Y,0.0,,,,,
13,male,100.0,1.367,different,different,1,0,0,gk,Y,0.0,,,,,
13,male,150.0,1.444,different,different,1,0,0,gk,Y,0.0,,,,,
13,male,0.0,1.772,same,same,1,0,0,gk,Y,0.0,,,,,
13,male,0.0,0.743,different,different,1,0,0,gk,Y,0.0,,,,,
13,male,100.0,3.296,same,same,1,0,0,gk,Y,0.0,,,,,
13,male,50.0,0.714,different,different,1,0,0,gk,Y,0.0,,,,,
13,male,150.0,2.869,same,same,1,0,0,gk,Y,0.0,,,,,
13,male,50.0,0.674,same,same,1,0,0,gk,Y,0.0,,,,,
13,male,150.0,2.146,same,different,0,1,0,gk,Y,0.0,,,,,
13,male,100.0,1.469,different,different,1,0,0,gk,Y,0.0,,,,,
13,male,150.0,1.296,same,same,1,0,0,gk,Y,0.0,,,,,
13,male,100.0,1.606,same,same,1,0,0,gk,Y,0.0,,,,,
13,male,0.0,0.767,same,same,1,0,0,gk,Y,0.0,,,,,
13,male,0.0,0.707,different,different,1,0,0,gk,Y,0.0,,,,,
13,male,50.0,1.074,different,different,1,0,0,gk,Y,0.0,,,,,
13,male,50.0,1.209,same,same,1,0,0,gk,Y,0.0,,,,,
13,male,150.0,1.421,different,different,1,0,0,gk,Y,0.0,,,,,
13,male,0.0,0.733,same,same,1,0,0,gk,Y,0.0,,,,,
13,male,150.0,1.875,same,same,1,0,0,gk,Y,0.0,,,,,
13,male,0.0,0.64,different,different,1,0,0,gk,Y,0.0,,,,,
13,male,50.0,1.166,different,different,1,0,0,gk,Y,0.0,,,,,
13,male,50.0,0.808,same,same,1,0,0,gk,Y,0.0,,,,,
13,male,100.0,1.058,same,same,1,0,0,gk,Y,0.0,,,,,
13,male,100.0,2.337,different,different,1,0,0,gk,Y,0.0,,,,,
13,male,100.0,1.087,same,same,1,0,0,gk,Y,0.0,,,,,
13,male,100.0,0.957,different,different,1,0,0,gk,Y,0.0,,,,,
13,male,150.0,0.96,same,same,1,0,0,gk,Y,0.0,,,,,
13,male,0.0,1.168,different,different,1,0,0,gk,Y,0.0,,,,,
13,male,0.0,0.837,same,same,1,0,0,gk,Y,0.0,,,,,
13,male,50.0,1.107,same,same,1,0,0,gk,Y,0.0,,,,,
13,male,50.0,0.616,different,different,1,0,0,gk,Y,0.0,,,,,
13,male,150.0,1.451,different,different,1,0,0,gk,Y,0.0,,,,,
13,male,50.0,2.138,same,different,0,1,0,gk,Y,0.0,,,,,
13,male,0.0,0.895,same,same,1,0,0,gk,Y,0.0,,,,,
13,male,150.0,2.249,different,different,1,0,0,gk,Y,0.0,,,,,
13,male,50.0,1.129,same,same,1,0,0,gk,Y,0.0,,,,,
13,male,100.0,1.349,same,same,1,0,0,gk,Y,0.0,,,,,
13,male,0.0,0.872,different,different,1,0,0,gk,Y,0.0,,,,,
13,male,150.0,2.23,same,same,1,0,0,gk,Y,0.0,,,,,
13,male,100.0,2.347,different,different,1,0,0,gk,Y,0.0,,,,,
13,male,100.0,1.077,different,different,1,0,0,gk,Y,0.0,,,,,
13,male,50.0,0.77,same,same,1,0,0,gk,Y,0.0,,,,,
13,male,0.0,0.962,same,same,1,0,0,gk,Y,0.0,,,,,
13,male,150.0,1.242,same,same,1,0,0,gk,Y,0.0,,,,,
13,male,150.0,1.352,different,different,1,0,0,gk,Y,0.0,,,,,
13,male,50.0,0.965,different,different,1,0,0,gk,Y,0.0,,,,,
13,male,100.0,1.129,same,same,1,0,0,gk,Y,0.0,,,,,
13,male,0.0,1.541,different,different,1,0,0,gk,Y,0.0,,,,,
14,male,0.0,1.182,different,different,1,0,0,gk,Y,0.0,,,,,
14,male,150.0,1.976,different,different,1,0,0,gk,Y,0.0,,,,,
14,male,150.0,1.523,same,same,1,0,0,gk,Y,0.0,,,,,
14,male,100.0,1.523,same,same,1,0,0,gk,Y,0.0,,,,,
14,male,50.0,2.232,same,same,1,0,0,gk,Y,0.0,,,,,
14,male,50.0,1.993,different,different,1,0,0,gk,Y,0.0,,,,,
14,male,100.0,1.861,different,different,1,0,0,gk,Y,0.0,,,,,
14,male,0.0,1.067,same,same,1,0,0,gk,Y,0.0,,,,,
14,male,150.0,2.498,different,different,1,0,0,gk,Y,0.0,,,,,
14,male,150.0,1.655,same,same,1,0,0,gk,Y,0.0,,,,,
14,male,50.0,2.424,different,different,1,0,0,gk,Y,0.0,,,,,
14,male,0.0,1.597,different,different,1,0,0,gk,Y,0.0,,,,,
14,male,0.0,1.021,same,same,1,0,0,gk,Y,0.0,,,,,
14,male,100.0,2.553,different,different,1,0,0,gk,Y,0.0,,,,,
14,male,100.0,1.75,same,same,1,0,0,gk,Y,0.0,,,,,
14,male,50.0,1.97,same,same,1,0,0,gk,Y,0.0,,,,,
14,male,100.0,1.79,different,different,1,0,0,gk,Y,0.0,,,,,
14,male,150.0,1.986,same,same,1,0,0,gk,Y,0.0,,,,,
14,male,50.0,1.614,different,different,1,0,0,gk,Y,0.0,,,,,
14,male,50.0,1.678,same,same,1,0,0,gk,Y,0.0,,,,,
14,male,100.0,1.958,different,different,1,0,0,gk,Y,0.0,,,,,
14,male,0.0,1.681,different,different,1,0,0,gk,Y,0.0,,,,,
14,male,0.0,1.46,same,same,1,0,0,gk,Y,0.0,,,,,
14,male,150.0,2.462,different,different,1,0,0,gk,Y,0.0,,,,,
14,male,150.0,1.857,different,different,1,0,0,gk,Y,0.0,,,,,
14,male,50.0,1.81,different,different,1,0,0,gk,Y,0.0,,,,,
14,male,50.0,1.149,same,same,1,0,0,gk,Y,0.0,,,,,
14,male,100.0,2.049,same,same,1,0,0,gk,Y,0.0,,,,,
14,male,0.0,1.234,same,same,1,0,0,gk,Y,0.0,,,,,
14,male,0.0,1.204,different,different,1,0,0,gk,Y,0.0,,,,,
14,male,150.0,2.535,different,same,0,0,1,gk,Y,0.0,,,,,
14,male,100.0,2.757,different,different,1,0,0,gk,Y,0.0,,,,,
14,male,50.0,1.306,same,same,1,0,0,gk,Y,0.0,,,,,
14,male,100.0,2.674,same,same,1,0,0,gk,Y,0.0,,,,,
14,male,150.0,1.705,same,same,1,0,0,gk,Y,0.0,,,,,
14,male,0.0,1.359,different,different,1,0,0,gk,Y,0.0,,,,,
14,male,100.0,3.827,same,same,1,0,0,gk,Y,0.0,,,,,
14,male,150.0,1.426,different,different,1,0,0,gk,Y,0.0,,,,,
14,male,0.0,1.468,same,same,1,0,0,gk,Y,0.0,,,,,
14,male,50.0,1.157,different,different,1,0,0,gk,Y,0.0,,,,,
14,male,150.0,1.578,same,same,1,0,0,gk,Y,0.0,,,,,
14,male,0.0,1.117,different,different,1,0,0,gk,Y,0.0,,,,,
14,male,100.0,1.678,same,same,1,0,0,gk,Y,0.0,,,,,
14,male,150.0,1.612,same,different,0,1,0,gk,Y,0.0,,,,,
14,male,50.0,1.032,different,different,1,0,0,gk,Y,0.0,,,,,
14,male,100.0,1.487,different,different,1,0,0,gk,Y,0.0,,,,,
14,male,0.0,1.127,same,same,1,0,0,gk,Y,0.0,,,,,
14,male,50.0,1.878,same,same,1,0,0,gk,Y,0.0,,,,,
14,male,100.0,1.516,different,different,1,0,0,gk,Y,0.0,,,,,
14,male,150.0,1.359,different,different,1,0,0,gk,Y,0.0,,,,,
14,male,0.0,1.041,same,same,1,0,0,gk,Y,0.0,,,,,
14,male,0.0,1.099,different,different,1,0,0,gk,Y,0.0,,,,,
14,male,100.0,1.594,same,same,1,0,0,gk,Y,0.0,,,,,
14,male,50.0,1.234,different,different,1,0,0,gk,Y,0.0,,,,,
14,male,150.0,1.958,same,same,1,0,0,gk,Y,0.0,,,,,
14,male,50.0,1.498,same,same,1,0,0,gk,Y,0.0,,,,,
14,male,150.0,1.36,different,different,1,0,0,gk,Y,0.0,,,,,
14,male,100.0,2.405,same,different,0,1,0,gk,Y,0.0,,,,,
14,male,150.0,1.928,same,same,1,0,0,gk,Y,0.0,,,,,
14,male,100.0,1.493,different,same,0,0,1,gk,Y,0.0,,,,,
14,male,0.0,0.906,same,same,1,0,0,gk,Y,0.0,,,,,
14,male,0.0,1.907,different,different,1,0,0,gk,Y,0.0,,,,,
14,male,50.0,1.27,different,different,1,0,0,gk,Y,0.0,,,,,
14,male,50.0,1.078,same,same,1,0,0,gk,Y,0.0,,,,,
14,male,150.0,1.488,different,different,1,0,0,gk,Y,0.0,,,,,
14,male,0.0,1.016,same,same,1,0,0,gk,Y,0.0,,,,,
14,male,150.0,1.272,same,same,1,0,0,gk,Y,0.0,,,,,
14,male,0.0,0.936,different,different,1,0,0,gk,Y,0.0,,,,,
14,male,50.0,1.471,different,different,1,0,0,gk,Y,0.0,,,,,
14,male,50.0,1.086,same,same,1,0,0,gk,Y,0.0,,,,,
14,male,100.0,1.415,same,same,1,0,0,gk,Y,0.0,,,,,
14,male,100.0,2.472,same,different,0,1,0,gk,Y,0.0,,,,,
14,male,100.0,1.047,same,same,1,0,0,gk,Y,0.0,,,,,
14,male,100.0,1.089,different,different,1,0,0,gk,Y,0.0,,,,,
14,male,150.0,2.343,same,same,1,0,0,gk,Y,0.0,,,,,
14,male,0.0,1.734,different,different,1,0,0,gk,Y,0.0,,,,,
14,male,0.0,1.435,same,same,1,0,0,gk,Y,0.0,,,,,
14,male,50.0,1.845,different,same,0,0,1,gk,Y,0.0,,,,,
14,male,50.0,1.051,different,different,1,0,0,gk,Y,0.0,,,,,
14,male,150.0,2.309,different,different,1,0,0,gk,Y,0.0,,,,,
14,male,50.0,1.838,different,different,1,0,0,gk,Y,0.0,,,,,
14,male,0.0,0.845,same,same,1,0,0,gk,Y,0.0,,,,,
14,male,150.0,1.296,different,different,1,0,0,gk,Y,0.0,,,,,
14,male,50.0,2.126,same,same,1,0,0,gk,Y,0.0,,,,,
14,male,100.0,1.476,same,same,1,0,0,gk,Y,0.0,,,,,
14,male,0.0,1.291,different,different,1,0,0,gk,Y,0.0,,,,,
14,male,150.0,2.337,same,same,1,0,0,gk,Y,0.0,,,,,
14,male,100.0,1.207,different,different,1,0,0,gk,Y,0.0,,,,,
14,male,100.0,2.235,different,different,1,0,0,gk,Y,0.0,,,,,
14,male,50.0,1.06,same,same,1,0,0,gk,Y,0.0,,,,,
14,male,0.0,0.852,same,same,1,0,0,gk,Y,0.0,,,,,
14,male,150.0,1.403,same,same,1,0,0,gk,Y,0.0,,,,,
14,male,150.0,0.894,different,different,1,0,0,gk,Y,0.0,,,,,
14,male,50.0,1.061,different,different,1,0,0,gk,Y,0.0,,,,,
14,male,100.0,1.168,same,same,1,0,0,gk,Y,0.0,,,,,
14,male,0.0,1.354,different,different,1,0,0,gk,Y,0.0,,,,,
15,male,0.0,1.764,different,different,1,0,0,gk,Y,0.0,,,,,
15,male,150.0,1.998,different,different,1,0,0,gk,Y,0.0,,,,,
15,male,150.0,2.377,same,same,1,0,0,gk,Y,0.0,,,,,
15,male,100.0,4.865,same,same,1,0,0,gk,Y,0.0,,,,,
15,male,50.0,3.612,same,same,1,0,0,gk,Y,0.0,,,,,
15,male,50.0,1.884,different,different,1,0,0,gk,Y,0.0,,,,,
15,male,100.0,2.83,same,different,0,1,0,gk,Y,0.0,,,,,
15,male,0.0,1.526,same,same,1,0,0,gk,Y,0.0,,,,,
15,male,150.0,2.94,different,different,1,0,0,gk,Y,0.0,,,,,
15,male,150.0,3.888,same,same,1,0,0,gk,Y,0.0,,,,,
15,male,0.0,2.554,different,different,1,0,0,gk,Y,0.0,,,,,
15,male,0.0,1.524,same,same,1,0,0,gk,Y,0.0,,,,,
15,male,100.0,3.677,different,different,1,0,0,gk,Y,0.0,,,,,
15,male,100.0,1.771,same,same,1,0,0,gk,Y,0.0,,,,,
15,male,50.0,2.375,same,same,1,0,0,gk,Y,0.0,,,,,
15,male,100.0,2.115,different,different,1,0,0,gk,Y,0.0,,,,,
15,male,150.0,2.472,same,same,1,0,0,gk,Y,0.0,,,,,
15,male,50.0,2.234,different,different,1,0,0,gk,Y,0.0,,,,,
15,male,50.0,1.884,same,same,1,0,0,gk,Y,0.0,,,,,
15,male,100.0,2.323,different,different,1,0,0,gk,Y,0.0,,,,,
15,male,0.0,3.417,different,different,1,0,0,gk,Y,0.0,,,,,
15,male,0.0,1.44,same,same,1,0,0,gk,Y,0.0,,,,,
15,male,150.0,3.749,different,different,1,0,0,gk,Y,0.0,,,,,
15,male,150.0,2.527,different,different,1,0,0,gk,Y,0.0,,,,,
15,male,50.0,2.445,different,different,1,0,0,gk,Y,0.0,,,,,
15,male,50.0,1.971,same,same,1,0,0,gk,Y,0.0,,,,,
15,male,100.0,3.757,same,same,1,0,0,gk,Y,0.0,,,,,
15,male,0.0,1.498,same,same,1,0,0,gk,Y,0.0,,,,,
15,male,0.0,1.735,different,different,1,0,0,gk,Y,0.0,,,,,
15,male,150.0,4.407,same,same,1,0,0,gk,Y,0.0,,,,,
15,male,100.0,1.651,different,different,1,0,0,gk,Y,0.0,,,,,
15,male,50.0,1.858,same,same,1,0,0,gk,Y,0.0,,,,,
15,male,100.0,2.339,same,same,1,0,0,gk,Y,0.0,,,,,
15,male,150.0,3.37,same,same,1,0,0,gk,Y,0.0,,,,,
15,male,0.0,1.431,different,different,1,0,0,gk,Y,0.0,,,,,
15,male,100.0,2.127,same,same,1,0,0,gk,Y,0.0,,,,,
15,male,150.0,2.539,different,different,1,0,0,gk,Y,0.0,,,,,
15,male,0.0,1.408,same,same,1,0,0,gk,Y,0.0,,,,,
15,male,50.0,1.956,different,different,1,0,0,gk,Y,0.0,,,,,
15,male,150.0,2.28,same,same,1,0,0,gk,Y,0.0,,,,,
15,male,0.0,3.423,different,different,1,0,0,gk,Y,0.0,,,,,
15,male,100.0,3.05,same,same,1,0,0,gk,Y,0.0,,,,,
15,male,150.0,1.517,same,different,0,1,0,gk,Y,0.0,,,,,
15,male,50.0,1.595,different,different,1,0,0,gk,Y,0.0,,,,,
15,male,100.0,4.173,different,different,1,0,0,gk,Y,0.0,,,,,
15,male,0.0,1.04,same,same,1,0,0,gk,Y,0.0,,,,,
15,male,50.0,1.802,same,same,1,0,0,gk,Y,0.0,,,,,
15,male,100.0,1.716,different,different,1,0,0,gk,Y,0.0,,,,,
15,male,150.0,3.007,different,different,1,0,0,gk,Y,0.0,,,,,
15,male,0.0,1.263,same,same,1,0,0,gk,Y,0.0,,,,,
15,male,0.0,1.16,different,different,1,0,0,gk,Y,0.0,,,,,
15,male,100.0,1.68,different,same,0,0,1,gk,Y,0.0,,,,,
15,male,50.0,1.339,different,different,1,0,0,gk,Y,0.0,,,,,
15,male,150.0,4.146,same,same,1,0,0,gk,Y,0.0,,,,,
15,male,50.0,1.07,same,same,1,0,0,gk,Y,0.0,,,,,
15,male,150.0,2.062,different,different,1,0,0,gk,Y,0.0,,,,,
15,male,100.0,2.919,different,different,1,0,0,gk,Y,0.0,,,,,
15,male,150.0,1.477,same,same,1,0,0,gk,Y,0.0,,,,,
15,male,100.0,3.437,same,same,1,0,0,gk,Y,0.0,,,,,
15,male,0.0,1.037,same,same,1,0,0,gk,Y,0.0,,,,,
15,male,0.0,2.047,different,different,1,0,0,gk,Y,0.0,,,,,
15,male,50.0,1.791,different,different,1,0,0,gk,Y,0.0,,,,,
15,male,50.0,1.363,same,same,1,0,0,gk,Y,0.0,,,,,
15,male,150.0,2.064,different,different,1,0,0,gk,Y,0.0,,,,,
15,male,0.0,1.2,same,same,1,0,0,gk,Y,0.0,,,,,
15,male,150.0,2.026,same,same,1,0,0,gk,Y,0.0,,,,,
15,male,0.0,1.667,different,different,1,0,0,gk,Y,0.0,,,,,
15,male,50.0,1.446,different,different,1,0,0,gk,Y,0.0,,,,,
15,male,50.0,0.901,same,same,1,0,0,gk,Y,0.0,,,,,
15,male,100.0,1.46,same,same,1,0,0,gk,Y,0.0,,,,,
15,male,100.0,4.853,different,different,1,0,0,gk,Y,0.0,,,,,
15,male,100.0,1.752,same,same,1,0,0,gk,Y,0.0,,,,,
15,male,100.0,1.561,different,different,1,0,0,gk,Y,0.0,,,,,
15,male,150.0,2.841,same,same,1,0,0,gk,Y,0.0,,,,,
15,male,0.0,3.062,different,different,1,0,0,gk,Y,0.0,,,,,
15,male,0.0,1.577,same,same,1,0,0,gk,Y,0.0,,,,,
15,male,50.0,5.429,same,same,1,0,0,gk,Y,0.0,,,,,
15,male,50.0,1.493,different,different,1,0,0,gk,Y,0.0,,,,,
15,male,150.0,2.324,same,different,0,1,0,gk,Y,0.0,,,,,
15,male,50.0,2.37,same,different,0,1,0,gk,Y,0.0,,,,,
15,male,0.0,1.727,same,same,1,0,0,gk,Y,0.0,,,,,
15,male,150.0,2.525,different,different,1,0,0,gk,Y,0.0,,,,,
15,male,50.0,1.305,same,same,1,0,0,gk,Y,0.0,,,,,
15,male,100.0,1.767,same,same,1,0,0,gk,Y,0.0,,,,,
15,male,0.0,4.213,different,different,1,0,0,gk,Y,0.0,,,,,
15,male,150.0,3.191,same,same,1,0,0,gk,Y,0.0,,,,,
15,male,100.0,3.115,different,different,1,0,0,gk,Y,0.0,,,,,
15,male,100.0,3.291,different,different,1,0,0,gk,Y,0.0,,,,,
15,male,50.0,1.296,same,same,1,0,0,gk,Y,0.0,,,,,
15,male,0.0,0.839,same,same,1,0,0,gk,Y,0.0,,,,,
15,male,150.0,3.512,different,same,0,0,1,gk,Y,0.0,,,,,
15,male,150.0,4.78,different,different,1,0,0,gk,Y,0.0,,,,,
15,male,50.0,1.233,different,different,1,0,0,gk,Y,0.0,,,,,
15,male,100.0,1.318,same,same,1,0,0,gk,Y,0.0,,,,,
15,male,0.0,3.019,different,different,1,0,0,gk,Y,0.0,,,,,
16,female,0.0,2.652,different,different,1,0,0,gk,Y,0.0,,,,,
16,female,150.0,5.529,different,different,1,0,0,gk,Y,0.0,,,,,
16,female,150.0,3.081,same,same,1,0,0,gk,Y,0.0,,,,,
16,female,100.0,5.655,same,same,1,0,0,gk,Y,0.0,,,,,
16,female,50.0,3.225,same,same,1,0,0,gk,Y,0.0,,,,,
16,female,50.0,2.634,different,different,1,0,0,gk,Y,0.0,,,,,
16,female,100.0,6.214,different,different,1,0,0,gk,Y,0.0,,,,,
16,female,0.0,2.234,same,same,1,0,0,gk,Y,0.0,,,,,
16,female,150.0,2.865,same,same,1,0,0,gk,Y,0.0,,,,,
16,female,50.0,3.664,different,different,1,0,0,gk,Y,0.0,,,,,
16,female,0.0,2.1,different,different,1,0,0,gk,Y,0.0,,,,,
16,female,0.0,1.374,same,same,1,0,0,gk,Y,0.0,,,,,
16,female,100.0,6.694,same,different,0,1,0,gk,Y,0.0,,,,,
16,female,100.0,4.362,same,same,1,0,0,gk,Y,0.0,,,,,
16,female,50.0,2.928,same,same,1,0,0,gk,Y,0.0,,,,,
16,female,100.0,2.527,different,different,1,0,0,gk,Y,0.0,,,,,
16,female,150.0,2.067,same,same,1,0,0,gk,Y,0.0,,,,,
16,female,50.0,2.182,different,different,1,0,0,gk,Y,0.0,,,,,
16,female,50.0,2.095,same,same,1,0,0,gk,Y,0.0,,,,,
16,female,100.0,2.592,different,different,1,0,0,gk,Y,0.0,,,,,
16,female,0.0,1.999,different,different,1,0,0,gk,Y,0.0,,,,,
16,female,0.0,1.786,same,same,1,0,0,gk,Y,0.0,,,,,
16,female,150.0,5.088,different,different,1,0,0,gk,Y,0.0,,,,,
16,female,150.0,2.269,different,different,1,0,0,gk,Y,0.0,,,,,
16,female,50.0,3.333,different,different,1,0,0,gk,Y,0.0,,,,,
16,female,50.0,1.798,same,same,1,0,0,gk,Y,0.0,,,,,
16,female,100.0,5.351,same,same,1,0,0,gk,Y,0.0,,,,,
16,female,0.0,3.111,same,same,1,0,0,gk,Y,0.0,,,,,
16,female,0.0,2.233,different,different,1,0,0,gk,Y,0.0,,,,,
16,female,150.0,4.083,same,same,1,0,0,gk,Y,0.0,,,,,
16,female,100.0,2.052,different,different,1,0,0,gk,Y,0.0,,,,,
16,female,50.0,2.5,same,same,1,0,0,gk,Y,0.0,,,,,
16,female,100.0,2.931,same,same,1,0,0,gk,Y,0.0,,,,,
16,female,150.0,4.05,same,same,1,0,0,gk,Y,0.0,,,,,
16,female,0.0,1.436,different,different,1,0,0,gk,Y,0.0,,,,,
16,female,100.0,5.165,same,same,1,0,0,gk,Y,0.0,,,,,
16,female,150.0,2.662,different,different,1,0,0,gk,Y,0.0,,,,,
16,female,0.0,1.369,same,same,1,0,0,gk,Y,0.0,,,,,
16,female,50.0,2.498,different,different,1,0,0,gk,Y,0.0,,,,,
16,female,150.0,4.047,same,same,1,0,0,gk,Y,0.0,,,,,
16,female,0.0,1.41,different,different,1,0,0,gk,Y,0.0,,,,,
16,female,100.0,2.915,same,same,1,0,0,gk,Y,0.0,,,,,
16,female,150.0,1.81,different,different,1,0,0,gk,Y,0.0,,,,,
16,female,50.0,2.461,different,different,1,0,0,gk,Y,0.0,,,,,
16,female,100.0,2.031,different,different,1,0,0,gk,Y,0.0,,,,,
16,female,0.0,1.975,same,same,1,0,0,gk,Y,0.0,,,,,
16,female,50.0,2.585,different,same,0,0,1,gk,Y,0.0,,,,,
16,female,100.0,2.33,same,different,0,1,0,gk,Y,0.0,,,,,
16,female,150.0,2.552,different,different,1,0,0,gk,Y,0.0,,,,,
16,female,0.0,1.321,same,same,1,0,0,gk,Y,0.0,,,,,
16,female,0.0,2.991,different,different,1,0,0,gk,Y,0.0,,,,,
16,female,100.0,3.386,same,same,1,0,0,gk,Y,0.0,,,,,
16,female,50.0,1.237,different,different,1,0,0,gk,Y,0.0,,,,,
16,female,150.0,6.64,same,same,1,0,0,gk,Y,0.0,,,,,
16,female,50.0,1.939,same,same,1,0,0,gk,Y,0.0,,,,,
16,female,150.0,2.291,different,different,1,0,0,gk,Y,0.0,,,,,
16,female,100.0,2.499,different,different,1,0,0,gk,Y,0.0,,,,,
16,female,150.0,2.898,same,same,1,0,0,gk,Y,0.0,,,,,
16,female,100.0,1.909,different,same,0,0,1,gk,Y,0.0,,,,,
16,female,0.0,2.231,same,same,1,0,0,gk,Y,0.0,,,,,
16,female,0.0,1.416,different,different,1,0,0,gk,Y,0.0,,,,,
16,female,50.0,1.993,different,different,1,0,0,gk,Y,0.0,,,,,
16,female,50.0,2.077,same,same,1,0,0,gk,Y,0.0,,,,,
16,female,150.0,3.281,different,different,1,0,0,gk,Y,0.0,,,,,
16,female,0.0,2.198,same,same,1,0,0,gk,Y,0.0,,,,,
16,female,150.0,3.183,same,same,1,0,0,gk,Y,0.0,,,,,
16,female,0.0,1.499,different,different,1,0,0,gk,Y,0.0,,,,,
16,female,50.0,5.749,same,different,0,1,0,gk,Y,0.0,,,,,
16,female,50.0,2.647,same,same,1,0,0,gk,Y,0.0,,,,,
16,female,100.0,2.52,same,same,1,0,0,gk,Y,0.0,,,,,
16,female,100.0,3.248,different,different,1,0,0,gk,Y,0.0,,,,,
16,female,100.0,2.5,same,same,1,0,0,gk,Y,0.0,,,,,
16,female,100.0,2.199,different,different,1,0,0,gk,Y,0.0,,,,,
16,female,150.0,3.289,same,same,1,0,0,gk,Y,0.0,,,,,
16,female,0.0,3.831,different,different,1,0,0,gk,Y,0.0,,,,,
16,female,0.0,2.938,same,same,1,0,0,gk,Y,0.0,,,,,
16,female,50.0,3.333,same,same,1,0,0,gk,Y,0.0,,,,,
16,female,50.0,1.074,different,different,1,0,0,gk,Y,0.0,,,,,
16,female,150.0,2.66,different,different,1,0,0,gk,Y,0.0,,,,,
16,female,50.0,3.772,different,different,1,0,0,gk,Y,0.0,,,,,
16,female,0.0,1.51,same,same,1,0,0,gk,Y,0.0,,,,,
16,female,150.0,3.478,different,different,1,0,0,gk,Y,0.0,,,,,
16,female,50.0,1.861,same,same,1,0,0,gk,Y,0.0,,,,,
16,female,100.0,2.999,same,same,1,0,0,gk,Y,0.0,,,,,
16,female,0.0,2.133,different,different,1,0,0,gk,Y,0.0,,,,,
16,female,150.0,3.396,same,same,1,0,0,gk,Y,0.0,,,,,
16,female,100.0,3.232,different,different,1,0,0,gk,Y,0.0,,,,,
16,female,100.0,1.756,different,different,1,0,0,gk,Y,0.0,,,,,
16,female,50.0,2.76,same,same,1,0,0,gk,Y,0.0,,,,,
16,female,0.0,1.291,same,same,1,0,0,gk,Y,0.0,,,,,
16,female,150.0,3.674,same,same,1,0,0,gk,Y,0.0,,,,,
16,female,150.0,2.017,different,different,1,0,0,gk,Y,0.0,,,,,
16,female,50.0,2.607,different,different,1,0,0,gk,Y,0.0,,,,,
16,female,100.0,1.983,same,same,1,0,0,gk,Y,0.0,,,,,
16,female,0.0,2.225,different,different,1,0,0,gk,Y,0.0,,,,,
17,female,0.0,1.757,different,different,1,0,0,gk,Y,0.0,,,,,
17,female,150.0,3.883,same,different,0,1,0,gk,Y,0.0,,,,,
17,female,150.0,3.018,same,same,1,0,0,gk,Y,0.0,,,,,
17,female,100.0,3.122,same,same,1,0,0,gk,Y,0.0,,,,,
17,female,50.0,4.211,same,same,1,0,0,gk,Y,0.0,,,,,
17,female,50.0,2.005,different,different,1,0,0,gk,Y,0.0,,,,,
17,female,100.0,4.07,different,different,1,0,0,gk,Y,0.0,,,,,
17,female,0.0,2.414,same,same,1,0,0,gk,Y,0.0,,,,,
17,female,150.0,7.29,same,different,0,1,0,gk,Y,0.0,,,,,
17,female,50.0,3.079,different,different,1,0,0,gk,Y,0.0,,,,,
17,female,0.0,1.368,different,different,1,0,0,gk,Y,0.0,,,,,
17,female,0.0,1.018,same,same,1,0,0,gk,Y,0.0,,,,,
17,female,100.0,3.807,different,different,1,0,0,gk,Y,0.0,,,,,
17,female,100.0,4.663,same,same,1,0,0,gk,Y,0.0,,,,,
17,female,50.0,2.793,same,same,1,0,0,gk,Y,0.0,,,,,
17,female,100.0,3.725,same,different,0,1,0,gk,Y,0.0,,,,,
17,female,150.0,3.145,different,same,0,0,1,gk,Y,0.0,,,,,
17,female,50.0,3.0,same,different,0,1,0,gk,Y,0.0,,,,,
17,female,50.0,2.755,same,same,1,0,0,gk,Y,0.0,,,,,
17,female,100.0,2.126,different,different,1,0,0,gk,Y,0.0,,,,,
17,female,0.0,1.922,different,different,1,0,0,gk,Y,0.0,,,,,
17,female,0.0,3.23,same,same,1,0,0,gk,Y,0.0,,,,,
17,female,150.0,3.82,different,different,1,0,0,gk,Y,0.0,,,,,
17,female,150.0,1.981,different,different,1,0,0,gk,Y,0.0,,,,,
17,female,50.0,1.574,different,different,1,0,0,gk,Y,0.0,,,,,
17,female,50.0,2.866,same,same,1,0,0,gk,Y,0.0,,,,,
17,female,100.0,3.838,same,same,1,0,0,gk,Y,0.0,,,,,
17,female,0.0,1.436,same,same,1,0,0,gk,Y,0.0,,,,,
17,female,0.0,1.142,different,different,1,0,0,gk,Y,0.0,,,,,
17,female,150.0,6.863,same,same,1,0,0,gk,Y,0.0,,,,,
17,female,100.0,2.586,different,different,1,0,0,gk,Y,0.0,,,,,
17,female,50.0,2.621,same,same,1,0,0,gk,Y,0.0,,,,,
17,female,100.0,4.058,different,same,0,0,1,gk,Y,0.0,,,,,
17,female,150.0,5.018,same,same,1,0,0,gk,Y,0.0,,,,,
17,female,0.0,1.329,different,different,1,0,0,gk,Y,0.0,,,,,
17,female,100.0,5.083,same,same,1,0,0,gk,Y,0.0,,,,,
17,female,150.0,1.55,different,different,1,0,0,gk,Y,0.0,,,,,
17,female,0.0,1.341,same,same,1,0,0,gk,Y,0.0,,,,,
17,female,50.0,1.17,different,different,1,0,0,gk,Y,0.0,,,,,
17,female,150.0,6.241,same,same,1,0,0,gk,Y,0.0,,,,,
17,female,0.0,1.736,different,different,1,0,0,gk,Y,0.0,,,,,
17,female,100.0,4.651,same,same,1,0,0,gk,Y,0.0,,,,,
17,female,150.0,3.15,different,different,1,0,0,gk,Y,0.0,,,,,
17,female,50.0,1.9,different,different,1,0,0,gk,Y,0.0,,,,,
17,female,100.0,3.081,different,different,1,0,0,gk,Y,0.0,,,,,
17,female,0.0,1.449,same,same,1,0,0,gk,Y,0.0,,,,,
17,female,50.0,2.009,same,same,1,0,0,gk,Y,0.0,,,,,
17,female,100.0,2.21,different,different,1,0,0,gk,Y,0.0,,,,,
17,female,150.0,1.833,same,different,0,1,0,gk,Y,0.0,,,,,
17,female,0.0,1.745,same,same,1,0,0,gk,Y,0.0,,,,,
17,female,0.0,1.406,different,different,1,0,0,gk,Y,0.0,,,,,
17,female,100.0,2.155,same,same,1,0,0,gk,Y,0.0,,,,,
17,female,50.0,0.805,different,different,1,0,0,gk,Y,0.0,,,,,
17,female,150.0,2.459,different,same,0,0,1,gk,Y,0.0,,,,,
17,female,50.0,1.033,same,same,1,0,0,gk,Y,0.0,,,,,
17,female,150.0,1.028,different,different,1,0,0,gk,Y,0.0,,,,,
17,female,100.0,2.308,different,different,1,0,0,gk,Y,0.0,,,,,
17,female,150.0,1.624,same,same,1,0,0,gk,Y,0.0,,,,,
17,female,100.0,2.323,same,same,1,0,0,gk,Y,0.0,,,,,
17,female,0.0,0.854,different,same,0,0,1,gk,Y,0.0,,,,,
17,female,0.0,0.929,different,different,1,0,0,gk,Y,0.0,,,,,
17,female,50.0,1.912,different,different,1,0,0,gk,Y,0.0,,,,,
17,female,50.0,1.171,same,same,1,0,0,gk,Y,0.0,,,,,
17,female,150.0,1.921,different,different,1,0,0,gk,Y,0.0,,,,,
17,female,0.0,1.613,same,same,1,0,0,gk,Y,0.0,,,,,
17,female,150.0,2.665,same,same,1,0,0,gk,Y,0.0,,,,,
17,female,0.0,1.258,different,different,1,0,0,gk,Y,0.0,,,,,
17,female,50.0,1.499,different,different,1,0,0,gk,Y,0.0,,,,,
17,female,50.0,1.341,same,same,1,0,0,gk,Y,0.0,,,,,
17,female,100.0,1.38,same,same,1,0,0,gk,Y,0.0,,,,,
17,female,100.0,2.025,different,different,1,0,0,gk,Y,0.0,,,,,
17,female,100.0,1.571,same,same,1,0,0,gk,Y,0.0,,,,,
17,female,100.0,2.007,different,different,1,0,0,gk,Y,0.0,,,,,
17,female,150.0,3.809,same,same,1,0,0,gk,Y,0.0,,,,,
17,female,0.0,2.051,different,different,1,0,0,gk,Y,0.0,,,,,
17,female,0.0,1.289,same,same,1,0,0,gk,Y,0.0,,,,,
17,female,50.0,3.338,same,same,1,0,0,gk,Y,0.0,,,,,
17,female,50.0,0.88,different,different,1,0,0,gk,Y,0.0,,,,,
17,female,150.0,2.622,same,different,0,1,0,gk,Y,0.0,,,,,
17,female,50.0,3.782,different,different,1,0,0,gk,Y,0.0,,,,,
17,female,0.0,0.875,same,same,1,0,0,gk,Y,0.0,,,,,
17,female,150.0,2.205,different,different,1,0,0,gk,Y,0.0,,,,,
17,female,50.0,3.078,same,same,1,0,0,gk,Y,0.0,,,,,
17,female,100.0,2.909,same,same,1,0,0,gk,Y,0.0,,,,,
17,female,0.0,3.41,different,different,1,0,0,gk,Y,0.0,,,,,
17,female,150.0,3.039,different,same,0,0,1,gk,Y,0.0,,,,,
17,female,100.0,1.8,different,different,1,0,0,gk,Y,0.0,,,,,
17,female,100.0,3.788,different,different,1,0,0,gk,Y,0.0,,,,,
17,female,50.0,1.268,same,same,1,0,0,gk,Y,0.0,,,,,
17,female,0.0,0.892,same,same,1,0,0,gk,Y,0.0,,,,,
17,female,150.0,4.926,same,same,1,0,0,gk,Y,0.0,,,,,
17,female,150.0,4.513,different,different,1,0,0,gk,Y,0.0,,,,,
17,female,50.0,0.95,different,different,1,0,0,gk,Y,0.0,,,,,
17,female,100.0,2.16,same,same,1,0,0,gk,Y,0.0,,,,,
17,female,0.0,1.288,different,different,1,0,0,gk,Y,0.0,,,,,
18,female,0.0,4.567,different,different,1,0,0,gk,Y,0.0,,,,,
18,female,150.0,5.246,different,different,1,0,0,gk,Y,0.0,,,,,
18,female,150.0,4.245,same,same,1,0,0,gk,Y,0.0,,,,,
18,female,50.0,3.33,same,same,1,0,0,gk,Y,0.0,,,,,
18,female,50.0,4.149,different,different,1,0,0,gk,Y,0.0,,,,,
18,female,100.0,5.204,different,different,1,0,0,gk,Y,0.0,,,,,
18,female,0.0,2.053,same,same,1,0,0,gk,Y,0.0,,,,,
18,female,150.0,6.096,different,different,1,0,0,gk,Y,0.0,,,,,
18,female,150.0,4.04,same,same,1,0,0,gk,Y,0.0,,,,,
18,female,50.0,6.2,different,different,1,0,0,gk,Y,0.0,,,,,
18,female,0.0,3.39,different,different,1,0,0,gk,Y,0.0,,,,,
18,female,0.0,1.526,same,same,1,0,0,gk,Y,0.0,,,,,
18,female,100.0,6.317,different,different,1,0,0,gk,Y,0.0,,,,,
18,female,100.0,6.7,different,same,0,0,1,gk,Y,0.0,,,,,
18,female,50.0,2.691,different,same,0,0,1,gk,Y,0.0,,,,,
18,female,100.0,5.274,different,different,1,0,0,gk,Y,0.0,,,,,
18,female,150.0,5.795,same,same,1,0,0,gk,Y,0.0,,,,,
18,female,50.0,6.656,different,different,1,0,0,gk,Y,0.0,,,,,
18,female,50.0,4.448,same,same,1,0,0,gk,Y,0.0,,,,,
18,female,100.0,3.902,different,different,1,0,0,gk,Y,0.0,,,,,
18,female,0.0,2.653,same,different,0,1,0,gk,Y,0.0,,,,,
18,female,0.0,2.451,same,same,1,0,0,gk,Y,0.0,,,,,
18,female,150.0,5.696,same,different,0,1,0,gk,Y,0.0,,,,,
18,female,150.0,3.757,different,different,1,0,0,gk,Y,0.0,,,,,
18,female,50.0,3.41,different,different,1,0,0,gk,Y,0.0,,,,,
18,female,50.0,3.877,same,same,1,0,0,gk,Y,0.0,,,,,
18,female,100.0,5.754,same,same,1,0,0,gk,Y,0.0,,,,,
18,female,0.0,1.855,same,same,1,0,0,gk,Y,0.0,,,,,
18,female,0.0,7.201,different,different,1,0,0,gk,Y,0.0,,,,,
18,female,150.0,4.812,same,same,1,0,0,gk,Y,0.0,,,,,
18,female,100.0,4.817,different,different,1,0,0,gk,Y,0.0,,,,,
18,female,50.0,6.411,same,same,1,0,0,gk,Y,0.0,,,,,
18,female,100.0,4.83,different,same,0,0,1,gk,Y,0.0,,,,,
18,female,150.0,5.208,same,same,1,0,0,gk,Y,0.0,,,,,
18,female,0.0,2.202,different,different,1,0,0,gk,Y,0.0,,,,,
18,female,100.0,4.678,different,same,0,0,1,gk,Y,0.0,,,,,
18,female,0.0,1.998,same,same,1,0,0,gk,Y,0.0,,,,,
18,female,50.0,1.966,different,different,1,0,0,gk,Y,0.0,,,,,
18,female,150.0,5.667,same,same,1,0,0,gk,Y,0.0,,,,,
18,female,0.0,3.485,different,different,1,0,0,gk,Y,0.0,,,,,
18,female,100.0,4.498,same,same,1,0,0,gk,Y,0.0,,,,,
18,female,50.0,0.018,same,different,0,1,0,gk,Y,0.0,,,,,
18,female,100.0,3.352,different,different,1,0,0,gk,Y,0.0,,,,,
18,female,0.0,1.69,same,same,1,0,0,gk,Y,0.0,,,,,
18,female,50.0,4.015,same,same,1,0,0,gk,Y,0.0,,,,,
18,female,100.0,5.102,different,different,1,0,0,gk,Y,0.0,,,,,
18,female,150.0,6.096,same,different,0,1,0,gk,Y,0.0,,,,,
18,female,0.0,1.725,same,same,1,0,0,gk,Y,0.0,,,,,
18,female,0.0,2.443,different,different,1,0,0,gk,Y,0.0,,,,,
18,female,100.0,5.549,same,same,1,0,0,gk,Y,0.0,,,,,
18,female,50.0,2.69,different,different,1,0,0,gk,Y,0.0,,,,,
18,female,50.0,2.601,same,same,1,0,0,gk,Y,0.0,,,,,
18,female,150.0,1.268,different,different,1,0,0,gk,Y,0.0,,,,,
18,female,100.0,4.229,different,different,1,0,0,gk,Y,0.0,,,,,
18,female,150.0,4.593,same,same,1,0,0,gk,Y,0.0,,,,,
18,female,100.0,6.09,same,same,1,0,0,gk,Y,0.0,,,,,
18,female,0.0,1.231,same,same,1,0,0,gk,Y,0.0,,,,,
18,female,0.0,2.186,different,different,1,0,0,gk,Y,0.0,,,,,
18,female,50.0,2.276,different,different,1,0,0,gk,Y,0.0,,,,,
18,female,50.0,2.387,same,same,1,0,0,gk,Y,0.0,,,,,
18,female,150.0,4.073,different,different,1,0,0,gk,Y,0.0,,,,,
18,female,0.0,2.629,same,same,1,0,0,gk,Y,0.0,,,,,
18,female,150.0,1.438,different,same,0,0,1,gk,Y,0.0,,,,,
18,female,0.0,3.075,different,different,1,0,0,gk,Y,0.0,,,,,
18,female,50.0,5.308,different,different,1,0,0,gk,Y,0.0,,,,,
18,female,50.0,1.887,same,same,1,0,0,gk,Y,0.0,,,,,
18,female,100.0,4.852,same,same,1,0,0,gk,Y,0.0,,,,,
18,female,100.0,5.353,different,different,1,0,0,gk,Y,0.0,,,,,
18,female,100.0,4.65,same,same,1,0,0,gk,Y,0.0,,,,,
18,female,100.0,2.43,different,different,1,0,0,gk,Y,0.0,,,,,
18,female,150.0,6.696,same,same,1,0,0,gk,Y,0.0,,,,,
18,female,0.0,2.682,same,same,1,0,0,gk,Y,0.0,,,,,
18,female,50.0,3.641,same,same,1,0,0,gk,Y,0.0,,,,,
18,female,50.0,4.637,different,different,1,0,0,gk,Y,0.0,,,,,
18,female,150.0,7.465,different,different,1,0,0,gk,Y,0.0,,,,,
18,female,50.0,6.556,same,different,0,1,0,gk,Y,0.0,,,,,
18,female,0.0,1.569,same,same,1,0,0,gk,Y,0.0,,,,,
18,female,150.0,6.205,same,different,0,1,0,gk,Y,0.0,,,,,
18,female,50.0,2.91,same,same,1,0,0,gk,Y,0.0,,,,,
18,female,100.0,3.878,different,same,0,0,1,gk,Y,0.0,,,,,
18,female,0.0,4.397,different,different,1,0,0,gk,Y,0.0,,,,,
18,female,150.0,4.298,different,same,0,0,1,gk,Y,0.0,,,,,
18,female,100.0,1.638,different,different,1,0,0,gk,Y,0.0,,,,,
18,female,100.0,4.594,different,different,1,0,0,gk,Y,0.0,,,,,
18,female,50.0,4.117,same,same,1,0,0,gk,Y,0.0,,,,,
18,female,0.0,1.275,same,same,1,0,0,gk,Y,0.0,,,,,
18,female,150.0,4.888,same,same,1,0,0,gk,Y,0.0,,,,,
18,female,50.0,4.217,different,different,1,0,0,gk,Y,0.0,,,,,
18,female,100.0,6.014,different,same,0,0,1,gk,Y,0.0,,,,,
18,female,0.0,5.758,different,different,1,0,0,gk,Y,0.0,,,,,
19,female,150.0,4.796,different,different,1,0,0,gk,Y,0.0,,,,,
19,female,150.0,5.909,different,same,0,0,1,gk,Y,0.0,,,,,
19,female,100.0,7.448,same,same,1,0,0,gk,Y,0.0,,,,,
19,female,100.0,4.236,same,different,0,1,0,gk,Y,0.0,,,,,
19,female,0.0,2.351,same,same,1,0,0,gk,Y,0.0,,,,,
19,female,150.0,3.185,different,different,1,0,0,gk,Y,0.0,,,,,
19,female,0.0,6.642,different,different,1,0,0,gk,Y,0.0,,,,,
19,female,0.0,2.028,same,same,1,0,0,gk,Y,0.0,,,,,
19,female,100.0,7.049,different,different,1,0,0,gk,Y,0.0,,,,,
19,female,50.0,5.241,same,same,1,0,0,gk,Y,0.0,,,,,
19,female,150.0,5.347,same,same,1,0,0,gk,Y,0.0,,,,,
19,female,50.0,7.366,different,different,1,0,0,gk,Y,0.0,,,,,
19,female,50.0,3.909,same,same,1,0,0,gk,Y,0.0,,,,,
19,female,100.0,5.312,different,different,1,0,0,gk,Y,0.0,,,,,
19,female,0.0,2.79,different,different,1,0,0,gk,Y,0.0,,,,,
19,female,0.0,4.633,same,same,1,0,0,gk,Y,0.0,,,,,
19,female,150.0,4.996,different,different,1,0,0,gk,Y,0.0,,,,,
19,female,150.0,4.607,different,different,1,0,0,gk,Y,0.0,,,,,
19,female,50.0,6.325,same,same,1,0,0,gk,Y,0.0,,,,,
19,female,100.0,5.672,different,same,0,0,1,gk,Y,0.0,,,,,
19,female,0.0,1.83,same,same,1,0,0,gk,Y,0.0,,,,,
19,female,0.0,6.673,different,different,1,0,0,gk,Y,0.0,,,,,
19,female,150.0,7.128,different,same,0,0,1,gk,Y,0.0,,,,,
19,female,150.0,6.354,same,same,1,0,0,gk,Y,0.0,,,,,
19,female,0.0,5.211,different,different,1,0,0,gk,Y,0.0,,,,,
19,female,100.0,6.319,same,same,1,0,0,gk,Y,0.0,,,,,
19,female,150.0,3.228,different,different,1,0,0,gk,Y,0.0,,,,,
19,female,0.0,2.632,same,same,1,0,0,gk,Y,0.0,,,,,
19,female,50.0,2.65,same,different,0,1,0,gk,Y,0.0,,,,,
19,female,150.0,3.038,different,same,0,0,1,gk,Y,0.0,,,,,
19,female,0.0,6.116,different,different,1,0,0,gk,Y,0.0,,,,,
19,female,100.0,3.232,different,same,0,0,1,gk,Y,0.0,,,,,
19,female,150.0,4.245,different,different,1,0,0,gk,Y,0.0,,,,,
19,female,50.0,6.151,different,different,1,0,0,gk,Y,0.0,,,,,
19,female,100.0,4.996,different,different,1,0,0,gk,Y,0.0,,,,,
19,female,0.0,1.707,same,same,1,0,0,gk,Y,0.0,,,,,
19,female,50.0,3.805,same,same,1,0,0,gk,Y,0.0,,,,,
19,female,100.0,3.521,different,different,1,0,0,gk,Y,0.0,,,,,
19,female,150.0,3.061,different,different,1,0,0,gk,Y,0.0,,,,,
19,female,0.0,1.314,same,same,1,0,0,gk,Y,0.0,,,,,
19,female,0.0,3.463,different,different,1,0,0,gk,Y,0.0,,,,,
19,female,100.0,4.02,same,same,1,0,0,gk,Y,0.0,,,,,
19,female,50.0,3.545,different,different,1,0,0,gk,Y,0.0,,,,,
19,female,150.0,5.563,same,same,1,0,0,gk,Y,0.0,,,,,
19,female,50.0,1.975,same,same,1,0,0,gk,Y,0.0,,,,,
19,female,150.0,4.354,different,different,1,0,0,gk,Y,0.0,,,,,
19,female,100.0,5.063,same,different,0,1,0,gk,Y,0.0,,,,,
19,female,150.0,3.393,same,same,1,0,0,gk,Y,0.0,,,,,
19,female,100.0,5.322,same,same,1,0,0,gk,Y,0.0,,,,,
19,female,0.0,2.199,same,same,1,0,0,gk,Y,0.0,,,,,
19,female,0.0,6.133,different,different,1,0,0,gk,Y,0.0,,,,,
19,female,50.0,6.36,different,different,1,0,0,gk,Y,0.0,,,,,
19,female,50.0,4.189,same,same,1,0,0,gk,Y,0.0,,,,,
19,female,150.0,5.593,different,different,1,0,0,gk,Y,0.0,,,,,
19,female,0.0,1.436,same,same,1,0,0,gk,Y,0.0,,,,,
19,female,150.0,4.597,different,same,0,0,1,gk,Y,0.0,,,,,
19,female,0.0,5.605,different,different,1,0,0,gk,Y,0.0,,,,,
19,female,50.0,5.358,same,different,0,1,0,gk,Y,0.0,,,,,
19,female,50.0,3.232,same,same,1,0,0,gk,Y,0.0,,,,,
19,female,100.0,2.946,same,same,1,0,0,gk,Y,0.0,,,,,
19,female,100.0,5.199,different,different,1,0,0,gk,Y,0.0,,,,,
19,female,100.0,4.348,same,same,1,0,0,gk,Y,0.0,,,,,
19,female,100.0,4.528,different,different,1,0,0,gk,Y,0.0,,,,,
19,female,150.0,4.198,different,same,0,0,1,gk,Y,0.0,,,,,
19,female,0.0,5.753,different,different,1,0,0,gk,Y,0.0,,,,,
19,female,0.0,3.854,same,same,1,0,0,gk,Y,0.0,,,,,
19,female,50.0,4.181,same,same,1,0,0,gk,Y,0.0,,,,,
19,female,50.0,5.574,different,different,1,0,0,gk,Y,0.0,,,,,
19,female,150.0,6.655,same,different,0,1,0,gk,Y,0.0,,,,,
19,female,50.0,4.933,different,different,1,0,0,gk,Y,0.0,,,,,
19,female,0.0,1.59,same,same,1,0,0,gk,Y,0.0,,,,,
19,female,150.0,5.103,different,different,1,0,0,gk,Y,0.0,,,,,
19,female,50.0,5.254,same,same,1,0,0,gk,Y,0.0,,,,,
19,female,100.0,4.24,same,same,1,0,0,gk,Y,0.0,,,,,
19,female,0.0,2.409,different,different,1,0,0,gk,Y,0.0,,,,,
19,female,150.0,3.98,different,same,0,0,1,gk,Y,0.0,,,,,
19,female,100.0,2.952,same,different,0,1,0,gk,Y,0.0,,,,,
19,female,100.0,5.197,different,different,1,0,0,gk,Y,0.0,,,,,
19,female,50.0,4.078,same,same,1,0,0,gk,Y,0.0,,,,,
19,female,0.0,1.176,same,same,1,0,0,gk,Y,0.0,,,,,
19,female,150.0,5.654,different,same,0,0,1,gk,Y,0.0,,,,,
19,female,150.0,4.643,different,different,1,0,0,gk,Y,0.0,,,,,
19,female,50.0,4.031,different,different,1,0,0,gk,Y,0.0,,,,,
19,female,100.0,3.328,same,same,1,0,0,gk,Y,0.0,,,,,
19,female,0.0,4.02,different,different,1,0,0,gk,Y,0.0,,,,,
20,male,0.0,2.045,different,different,1,0,0,gk,Y,0.0,,,,,
20,male,150.0,2.964,different,different,1,0,0,gk,Y,0.0,,,,,
20,male,150.0,1.985,same,same,1,0,0,gk,Y,0.0,,,,,
20,male,100.0,2.701,same,same,1,0,0,gk,Y,0.0,,,,,
20,male,50.0,2.771,same,same,1,0,0,gk,Y,0.0,,,,,
20,male,50.0,1.743,different,different,1,0,0,gk,Y,0.0,,,,,
20,male,100.0,2.318,same,different,0,1,0,gk,Y,0.0,,,,,
20,male,0.0,1.199,same,same,1,0,0,gk,Y,0.0,,,,,
20,male,150.0,3.23,different,different,1,0,0,gk,Y,0.0,,,,,
20,male,150.0,3.615,same,same,1,0,0,gk,Y,0.0,,,,,
20,male,50.0,2.954,different,different,1,0,0,gk,Y,0.0,,,,,
20,male,0.0,1.249,different,different,1,0,0,gk,Y,0.0,,,,,
20,male,0.0,1.351,same,same,1,0,0,gk,Y,0.0,,,,,
20,male,100.0,4.693,different,different,1,0,0,gk,Y,0.0,,,,,
20,male,100.0,4.354,same,same,1,0,0,gk,Y,0.0,,,,,
20,male,50.0,2.799,same,same,1,0,0,gk,Y,0.0,,,,,
20,male,100.0,1.909,different,different,1,0,0,gk,Y,0.0,,,,,
20,male,150.0,2.252,same,same,1,0,0,gk,Y,0.0,,,,,
20,male,50.0,2.077,different,different,1,0,0,gk,Y,0.0,,,,,
20,male,50.0,2.016,same,same,1,0,0,gk,Y,0.0,,,,,
20,male,100.0,2.164,different,different,1,0,0,gk,Y,0.0,,,,,
20,male,0.0,1.088,same,different,0,1,0,gk,Y,0.0,,,,,
20,male,0.0,2.585,same,same,1,0,0,gk,Y,0.0,,,,,
20,male,150.0,2.229,different,different,1,0,0,gk,Y,0.0,,,,,
20,male,150.0,4.013,different,different,1,0,0,gk,Y,0.0,,,,,
20,male,50.0,4.88,different,different,1,0,0,gk,Y,0.0,,,,,
20,male,50.0,2.664,same,same,1,0,0,gk,Y,0.0,,,,,
20,male,100.0,2.674,same,same,1,0,0,gk,Y,0.0,,,,,
20,male,0.0,1.31,same,same,1,0,0,gk,Y,0.0,,,,,
20,male,0.0,1.301,different,different,1,0,0,gk,Y,0.0,,,,,
20,male,150.0,4.461,same,same,1,0,0,gk,Y,0.0,,,,,
20,male,100.0,4.564,different,different,1,0,0,gk,Y,0.0,,,,,
20,male,50.0,1.848,same,same,1,0,0,gk,Y,0.0,,,,,
20,male,100.0,3.556,same,same,1,0,0,gk,Y,0.0,,,,,
20,male,150.0,3.159,same,same,1,0,0,gk,Y,0.0,,,,,
20,male,0.0,1.482,different,different,1,0,0,gk,Y,0.0,,,,,
20,male,100.0,2.469,different,same,0,0,1,gk,Y,0.0,,,,,
20,male,150.0,5.339,different,different,1,0,0,gk,Y,0.0,,,,,
20,male,0.0,1.401,same,same,1,0,0,gk,Y,0.0,,,,,
20,male,50.0,1.865,different,different,1,0,0,gk,Y,0.0,,,,,
20,male,150.0,1.954,same,same,1,0,0,gk,Y,0.0,,,,,
20,male,0.0,1.366,different,different,1,0,0,gk,Y,0.0,,,,,
20,male,100.0,1.67,same,same,1,0,0,gk,Y,0.0,,,,,
20,male,150.0,1.541,same,different,0,1,0,gk,Y,0.0,,,,,
20,male,50.0,1.403,different,different,1,0,0,gk,Y,0.0,,,,,
20,male,100.0,2.926,different,different,1,0,0,gk,Y,0.0,,,,,
20,male,0.0,1.562,same,same,1,0,0,gk,Y,0.0,,,,,
20,male,50.0,2.406,same,same,1,0,0,gk,Y,0.0,,,,,
20,male,100.0,1.706,different,different,1,0,0,gk,Y,0.0,,,,,
20,male,150.0,1.716,different,different,1,0,0,gk,Y,0.0,,,,,
20,male,0.0,1.104,same,same,1,0,0,gk,Y,0.0,,,,,
20,male,0.0,1.406,different,different,1,0,0,gk,Y,0.0,,,,,
20,male,100.0,2.073,same,same,1,0,0,gk,Y,0.0,,,,,
20,male,50.0,1.56,different,different,1,0,0,gk,Y,0.0,,,,,
20,male,150.0,1.861,different,same,0,0,1,gk,Y,0.0,,,,,
20,male,50.0,1.014,same,same,1,0,0,gk,Y,0.0,,,,,
20,male,150.0,2.038,different,different,1,0,0,gk,Y,0.0,,,,,
20,male,100.0,1.327,different,different,1,0,0,gk,Y,0.0,,,,,
20,male,150.0,2.725,same,same,1,0,0,gk,Y,0.0,,,,,
20,male,100.0,1.884,same,same,1,0,0,gk,Y,0.0,,,,,
20,male,0.0,2.171,same,same,1,0,0,gk,Y,0.0,,,,,
20,male,0.0,0.779,different,different,1,0,0,gk,Y,0.0,,,,,
20,male,50.0,2.106,different,different,1,0,0,gk,Y,0.0,,,,,
20,male,50.0,1.7,same,same,1,0,0,gk,Y,0.0,,,,,
20,male,150.0,1.413,different,different,1,0,0,gk,Y,0.0,,,,,
20,male,0.0,1.239,same,same,1,0,0,gk,Y,0.0,,,,,
20,male,150.0,2.069,same,same,1,0,0,gk,Y,0.0,,,,,
20,male,0.0,0.935,different,different,1,0,0,gk,Y,0.0,,,,,
20,male,50.0,1.192,different,different,1,0,0,gk,Y,0.0,,,,,
20,male,50.0,1.334,same,same,1,0,0,gk,Y,0.0,,,,,
20,male,100.0,2.14,same,same,1,0,0,gk,Y,0.0,,,,,
20,male,100.0,2.842,different,different,1,0,0,gk,Y,0.0,,,,,
20,male,100.0,2.444,same,same,1,0,0,gk,Y,0.0,,,,,
20,male,100.0,1.724,different,different,1,0,0,gk,Y,0.0,,,,,
20,male,150.0,3.178,same,same,1,0,0,gk,Y,0.0,,,,,
20,male,0.0,1.58,different,different,1,0,0,gk,Y,0.0,,,,,
20,male,0.0,0.842,same,same,1,0,0,gk,Y,0.0,,,,,
20,male,50.0,2.052,same,same,1,0,0,gk,Y,0.0,,,,,
20,male,50.0,0.898,different,different,1,0,0,gk,Y,0.0,,,,,
20,male,150.0,1.649,same,different,0,1,0,gk,Y,0.0,,,,,
20,male,50.0,2.09,different,different,1,0,0,gk,Y,0.0,,,,,
20,male,0.0,1.106,same,same,1,0,0,gk,Y,0.0,,,,,
20,male,150.0,1.946,different,different,1,0,0,gk,Y,0.0,,,,,
20,male,50.0,2.308,same,same,1,0,0,gk,Y,0.0,,,,,
20,male,100.0,1.54,same,same,1,0,0,gk,Y,0.0,,,,,
20,male,0.0,1.288,different,different,1,0,0,gk,Y,0.0,,,,,
20,male,150.0,3.4,same,same,1,0,0,gk,Y,0.0,,,,,
20,male,100.0,1.884,different,different,1,0,0,gk,Y,0.0,,,,,
20,male,100.0,2.661,different,different,1,0,0,gk,Y,0.0,,,,,
20,male,50.0,1.73,same,same,1,0,0,gk,Y,0.0,,,,,
20,male,0.0,0.885,same,same,1,0,0,gk,Y,0.0,,,,,
20,male,150.0,2.919,same,same,1,0,0,gk,Y,0.0,,,,,
20,male,150.0,2.844,different,different,1,0,0,gk,Y,0.0,,,,,
20,male,50.0,1.494,different,different,1,0,0,gk,Y,0.0,,,,,
20,male,100.0,1.343,same,same,1,0,0,gk,Y,0.0,,,,,
20,male,0.0,1.667,different,different,1,0,0,gk,Y,0.0,,,,,
21,male,0.0,2.463,different,different,1,0,0,gk,Y,0.0,,,,,
21,male,150.0,2.221,same,different,0,1,0,gk,Y,0.0,,,,,
21,male,150.0,1.269,same,same,1,0,0,gk,Y,0.0,,,,,
21,male,100.0,4.574,different,same,0,0,1,gk,Y,0.0,,,,,
21,male,50.0,3.313,same,same,1,0,0,gk,Y,0.0,,,,,
21,male,50.0,1.958,different,different,1,0,0,gk,Y,0.0,,,,,
21,male,100.0,1.941,same,different,0,1,0,gk,Y,0.0,,,,,
21,male,0.0,1.025,same,same,1,0,0,gk,Y,0.0,,,,,
21,male,150.0,1.828,same,different,0,1,0,gk,Y,0.0,,,,,
21,male,150.0,1.764,same,same,1,0,0,gk,Y,0.0,,,,,
21,male,50.0,1.857,different,different,1,0,0,gk,Y,0.0,,,,,
21,male,0.0,1.229,different,different,1,0,0,gk,Y,0.0,,,,,
21,male,0.0,1.216,same,same,1,0,0,gk,Y,0.0,,,,,
21,male,100.0,1.766,same,different,0,1,0,gk,Y,0.0,,,,,
21,male,100.0,1.527,same,same,1,0,0,gk,Y,0.0,,,,,
21,male,50.0,2.082,same,same,1,0,0,gk,Y,0.0,,,,,
21,male,100.0,1.813,same,different,0,1,0,gk,Y,0.0,,,,,
21,male,150.0,1.849,same,same,1,0,0,gk,Y,0.0,,,,,
21,male,50.0,1.619,same,different,0,1,0,gk,Y,0.0,,,,,
21,male,50.0,2.363,different,same,0,0,1,gk,Y,0.0,,,,,
21,male,100.0,1.959,different,different,1,0,0,gk,Y,0.0,,,,,
21,male,0.0,1.482,different,different,1,0,0,gk,Y,0.0,,,,,
21,male,0.0,1.218,same,same,1,0,0,gk,Y,0.0,,,,,
21,male,150.0,1.605,same,different,0,1,0,gk,Y,0.0,,,,,
21,male,150.0,1.445,different,different,1,0,0,gk,Y,0.0,,,,,
21,male,50.0,1.76,different,different,1,0,0,gk,Y,0.0,,,,,
21,male,50.0,2.003,different,same,0,0,1,gk,Y,0.0,,,,,
21,male,100.0,2.182,different,same,0,0,1,gk,Y,0.0,,,,,
21,male,0.0,1.353,same,same,1,0,0,gk,Y,0.0,,,,,
21,male,0.0,1.357,different,different,1,0,0,gk,Y,0.0,,,,,
21,male,150.0,2.082,same,same,1,0,0,gk,Y,0.0,,,,,
21,male,100.0,2.227,same,different,0,1,0,gk,Y,0.0,,,,,
21,male,50.0,1.901,same,same,1,0,0,gk,Y,0.0,,,,,
21,male,100.0,2.362,different,same,0,0,1,gk,Y,0.0,,,,,
21,male,150.0,1.465,different,same,0,0,1,gk,Y,0.0,,,,,
21,male,0.0,1.711,different,different,1,0,0,gk,Y,0.0,,,,,
21,male,100.0,1.861,different,same,0,0,1,gk,Y,0.0,,,,,
21,male,150.0,2.311,same,different,0,1,0,gk,Y,0.0,,,,,
21,male,0.0,1.118,same,same,1,0,0,gk,Y,0.0,,,,,
21,male,50.0,0.875,different,different,1,0,0,gk,Y,0.0,,,,,
21,male,150.0,1.123,same,same,1,0,0,gk,Y,0.0,,,,,
21,male,0.0,1.031,different,different,1,0,0,gk,Y,0.0,,,,,
21,male,100.0,1.491,same,same,1,0,0,gk,Y,0.0,,,,,
21,male,150.0,1.242,same,different,0,1,0,gk,Y,0.0,,,,,
21,male,50.0,0.906,different,different,1,0,0,gk,Y,0.0,,,,,
21,male,100.0,1.206,same,different,0,1,0,gk,Y,0.0,,,,,
21,male,0.0,1.009,same,same,1,0,0,gk,Y,0.0,,,,,
21,male,50.0,1.634,same,same,1,0,0,gk,Y,0.0,,,,,
21,male,100.0,1.564,same,different,0,1,0,gk,Y,0.0,,,,,
21,male,150.0,1.541,same,different,0,1,0,gk,Y,0.0,,,,,
21,male,0.0,1.528,same,same,1,0,0,gk,Y,0.0,,,,,
21,male,0.0,1.182,different,different,1,0,0,gk,Y,0.0,,,,,
21,male,100.0,1.469,same,same,1,0,0,gk,Y,0.0,,,,,
21,male,50.0,0.984,different,different,1,0,0,gk,Y,0.0,,,,,
21,male,150.0,1.583,different,same,0,0,1,gk,Y,0.0,,,,,
21,male,50.0,1.519,same,same,1,0,0,gk,Y,0.0,,,,,
21,male,150.0,0.805,different,different,1,0,0,gk,Y,0.0,,,,,
21,male,100.0,1.265,same,different,0,1,0,gk,Y,0.0,,,,,
21,male,150.0,1.386,same,same,1,0,0,gk,Y,0.0,,,,,
21,male,100.0,1.256,same,same,1,0,0,gk,Y,0.0,,,,,
21,male,0.0,0.811,same,same,1,0,0,gk,Y,0.0,,,,,
21,male,0.0,0.613,different,different,1,0,0,gk,Y,0.0,,,,,
21,male,50.0,0.769,different,different,1,0,0,gk,Y,0.0,,,,,
21,male,50.0,1.644,same,same,1,0,0,gk,Y,0.0,,,,,
21,male,150.0,2.092,different,different,1,0,0,gk,Y,0.0,,,,,
21,male,0.0,1.004,same,same,1,0,0,gk,Y,0.0,,,,,
21,male,150.0,1.623,same,same,1,0,0,gk,Y,0.0,,,,,
21,male,0.0,1.448,different,different,1,0,0,gk,Y,0.0,,,,,
21,male,50.0,1.17,different,different,1,0,0,gk,Y,0.0,,,,,
21,male,50.0,1.277,same,same,1,0,0,gk,Y,0.0,,,,,
21,male,100.0,1.579,same,same,1,0,0,gk,Y,0.0,,,,,
21,male,100.0,2.306,different,different,1,0,0,gk,Y,0.0,,,,,
21,male,100.0,1.46,same,same,1,0,0,gk,Y,0.0,,,,,
21,male,100.0,2.511,different,different,1,0,0,gk,Y,0.0,,,,,
21,male,150.0,1.67,different,same,0,0,1,gk,Y,0.0,,,,,
21,male,0.0,1.908,different,different,1,0,0,gk,Y,0.0,,,,,
21,male,0.0,0.856,same,same,1,0,0,gk,Y,0.0,,,,,
21,male,50.0,2.949,different,same,0,0,1,gk,Y,0.0,,,,,
21,male,50.0,1.526,different,different,1,0,0,gk,Y,0.0,,,,,
21,male,150.0,2.38,same,different,0,1,0,gk,Y,0.0,,,,,
21,male,50.0,1.449,same,different,0,1,0,gk,Y,0.0,,,,,
21,male,0.0,0.672,same,same,1,0,0,gk,Y,0.0,,,,,
21,male,150.0,2.108,different,different,1,0,0,gk,Y,0.0,,,,,
21,male,50.0,1.914,same,same,1,0,0,gk,Y,0.0,,,,,
21,male,100.0,1.751,same,same,1,0,0,gk,Y,0.0,,,,,
21,male,0.0,1.347,different,different,1,0,0,gk,Y,0.0,,,,,
21,male,150.0,1.554,same,same,1,0,0,gk,Y,0.0,,,,,
21,male,100.0,2.495,different,different,1,0,0,gk,Y,0.0,,,,,
21,male,100.0,1.606,same,different,0,1,0,gk,Y,0.0,,,,,
21,male,50.0,1.03,same,same,1,0,0,gk,Y,0.0,,,,,
21,male,0.0,0.737,same,same,1,0,0,gk,Y,0.0,,,,,
21,male,150.0,2.87,same,same,1,0,0,gk,Y,0.0,,,,,
21,male,150.0,1.754,different,different,1,0,0,gk,Y,0.0,,,,,
21,male,50.0,1.488,different,different,1,0,0,gk,Y,0.0,,,,,
21,male,100.0,1.049,same,same,1,0,0,gk,Y,0.0,,,,,
21,male,0.0,1.248,same,different,0,1,0,gk,Y,0.0,,,,,
22,female,0.0,5.886,different,different,1,0,0,gk,Y,0.0,,,,,
22,female,150.0,3.587,same,same,1,0,0,gk,Y,0.0,,,,,
22,female,100.0,4.741,same,same,1,0,0,gk,Y,0.0,,,,,
22,female,50.0,4.308,same,same,1,0,0,gk,Y,0.0,,,,,
22,female,50.0,4.6,different,different,1,0,0,gk,Y,0.0,,,,,
22,female,100.0,4.659,different,different,1,0,0,gk,Y,0.0,,,,,
22,female,0.0,2.168,same,same,1,0,0,gk,Y,0.0,,,,,
22,female,150.0,6.136,different,different,1,0,0,gk,Y,0.0,,,,,
22,female,150.0,4.123,same,same,1,0,0,gk,Y,0.0,,,,,
22,female,50.0,4.668,different,different,1,0,0,gk,Y,0.0,,,,,
22,female,0.0,3.544,different,different,1,0,0,gk,Y,0.0,,,,,
22,female,0.0,1.58,same,same,1,0,0,gk,Y,0.0,,,,,
22,female,100.0,4.001,different,different,1,0,0,gk,Y,0.0,,,,,
22,female,100.0,3.693,same,same,1,0,0,gk,Y,0.0,,,,,
22,female,50.0,3.868,same,same,1,0,0,gk,Y,0.0,,,,,
22,female,100.0,5.792,different,different,1,0,0,gk,Y,0.0,,,,,
22,female,150.0,3.972,same,same,1,0,0,gk,Y,0.0,,,,,
22,female,50.0,4.433,different,different,1,0,0,gk,Y,0.0,,,,,
22,female,50.0,1.939,same,same,1,0,0,gk,Y,0.0,,,,,
22,female,100.0,6.419,different,different,1,0,0,gk,Y,0.0,,,,,
22,female,0.0,1.827,different,different,1,0,0,gk,Y,0.0,,,,,
22,female,0.0,2.284,same,same,1,0,0,gk,Y,0.0,,,,,
22,female,150.0,6.483,different,different,1,0,0,gk,Y,0.0,,,,,
22,female,50.0,4.656,different,different,1,0,0,gk,Y,0.0,,,,,
22,female,50.0,3.65,same,same,1,0,0,gk,Y,0.0,,,,,
22,female,100.0,2.933,same,same,1,0,0,gk,Y,0.0,,,,,
22,female,0.0,1.605,same,same,1,0,0,gk,Y,0.0,,,,,
22,female,0.0,4.389,different,different,1,0,0,gk,Y,0.0,,,,,
22,female,150.0,5.614,same,same,1,0,0,gk,Y,0.0,,,,,
22,female,100.0,4.03,different,different,1,0,0,gk,Y,0.0,,,,,
22,female,50.0,4.792,same,same,1,0,0,gk,Y,0.0,,,,,
22,female,100.0,3.618,same,same,1,0,0,gk,Y,0.0,,,,,
22,female,150.0,4.231,same,same,1,0,0,gk,Y,0.0,,,,,
22,female,0.0,2.944,different,different,1,0,0,gk,Y,0.0,,,,,
22,female,100.0,5.376,same,same,1,0,0,gk,Y,0.0,,,,,
22,female,150.0,2.321,different,different,1,0,0,gk,Y,0.0,,,,,
22,female,0.0,1.961,same,same,1,0,0,gk,Y,0.0,,,,,
22,female,50.0,5.148,different,different,1,0,0,gk,Y,0.0,,,,,
22,female,150.0,3.643,same,same,1,0,0,gk,Y,0.0,,,,,
22,female,0.0,2.922,different,different,1,0,0,gk,Y,0.0,,,,,
22,female,100.0,5.417,different,same,0,0,1,gk,Y,0.0,,,,,
22,female,150.0,6.4,different,different,1,0,0,gk,Y,0.0,,,,,
22,female,50.0,5.763,different,different,1,0,0,gk,Y,0.0,,,,,
22,female,0.0,1.618,same,same,1,0,0,gk,Y,0.0,,,,,
22,female,50.0,2.488,same,same,1,0,0,gk,Y,0.0,,,,,
22,female,100.0,2.156,different,different,1,0,0,gk,Y,0.0,,,,,
22,female,150.0,3.138,different,different,1,0,0,gk,Y,0.0,,,,,
22,female,0.0,1.533,same,same,1,0,0,gk,Y,0.0,,,,,
22,female,0.0,3.359,different,different,1,0,0,gk,Y,0.0,,,,,
22,female,100.0,4.526,same,same,1,0,0,gk,Y,0.0,,,,,
22,female,50.0,2.28,different,different,1,0,0,gk,Y,0.0,,,,,
22,female,150.0,5.223,same,same,1,0,0,gk,Y,0.0,,,,,
22,female,50.0,2.71,same,same,1,0,0,gk,Y,0.0,,,,,
22,female,150.0,3.109,different,different,1,0,0,gk,Y,0.0,,,,,
22,female,100.0,3.676,different,different,1,0,0,gk,Y,0.0,,,,,
22,female,150.0,2.491,same,same,1,0,0,gk,Y,0.0,,,,,
22,female,100.0,3.689,same,same,1,0,0,gk,Y,0.0,,,,,
22,female,0.0,1.253,same,same,1,0,0,gk,Y,0.0,,,,,
22,female,0.0,2.246,different,different,1,0,0,gk,Y,0.0,,,,,
22,female,50.0,2.633,different,different,1,0,0,gk,Y,0.0,,,,,
22,female,50.0,1.746,same,same,1,0,0,gk,Y,0.0,,,,,
22,female,150.0,1.992,different,different,1,0,0,gk,Y,0.0,,,,,
22,female,0.0,2.135,same,same,1,0,0,gk,Y,0.0,,,,,
22,female,0.0,1.888,different,different,1,0,0,gk,Y,0.0,,,,,
22,female,50.0,6.146,different,different,1,0,0,gk,Y,0.0,,,,,
22,female,50.0,2.516,same,same,1,0,0,gk,Y,0.0,,,,,
22,female,100.0,5.021,same,same,1,0,0,gk,Y,0.0,,,,,
22,female,100.0,3.84,different,different,1,0,0,gk,Y,0.0,,,,,
22,female,100.0,2.673,same,same,1,0,0,gk,Y,0.0,,,,,
22,female,100.0,3.743,different,different,1,0,0,gk,Y,0.0,,,,,
22,female,150.0,4.433,different,same,0,0,1,gk,Y,0.0,,,,,
22,female,0.0,2.68,different,different,1,0,0,gk,Y,0.0,,,,,
22,female,0.0,1.815,same,same,1,0,0,gk,Y,0.0,,,,,
22,female,50.0,4.45,different,same,0,0,1,gk,Y,0.0,,,,,
22,female,50.0,2.617,different,different,1,0,0,gk,Y,0.0,,,,,
22,female,150.0,5.508,different,different,1,0,0,gk,Y,0.0,,,,,
22,female,50.0,5.317,different,different,1,0,0,gk,Y,0.0,,,,,
22,female,0.0,1.318,same,same,1,0,0,gk,Y,0.0,,,,,
22,female,150.0,7.011,different,different,1,0,0,gk,Y,0.0,,,,,
22,female,50.0,3.34,same,same,1,0,0,gk,Y,0.0,,,,,
22,female,100.0,3.838,same,same,1,0,0,gk,Y,0.0,,,,,
22,female,0.0,2.366,different,different,1,0,0,gk,Y,0.0,,,,,
22,female,150.0,5.941,same,same,1,0,0,gk,Y,0.0,,,,,
22,female,100.0,3.87,different,different,1,0,0,gk,Y,0.0,,,,,
22,female,100.0,6.052,different,different,1,0,0,gk,Y,0.0,,,,,
22,female,50.0,1.654,same,same,1,0,0,gk,Y,0.0,,,,,
22,female,0.0,0.987,same,same,1,0,0,gk,Y,0.0,,,,,
22,female,150.0,6.955,same,same,1,0,0,gk,Y,0.0,,,,,
22,female,150.0,4.56,different,different,1,0,0,gk,Y,0.0,,,,,
22,female,50.0,3.625,different,different,1,0,0,gk,Y,0.0,,,,,
22,female,100.0,1.651,same,same,1,0,0,gk,Y,0.0,,,,,
22,female,0.0,6.216,same,different,0,1,0,gk,Y,0.0,,,,,
23,male,0.0,1.683,different,different,1,0,0,gk,Y,0.0,,,,,
23,male,150.0,1.719,different,different,1,0,0,gk,Y,0.0,,,,,
23,male,150.0,2.02,same,same,1,0,0,gk,Y,0.0,,,,,
23,male,100.0,1.888,same,same,1,0,0,gk,Y,0.0,,,,,
23,male,50.0,1.518,same,same,1,0,0,gk,Y,0.0,,,,,
23,male,50.0,1.723,different,different,1,0,0,gk,Y,0.0,,,,,
23,male,100.0,2.488,different,different,1,0,0,gk,Y,0.0,,,,,
23,male,0.0,1.245,same,same,1,0,0,gk,Y,0.0,,,,,
23,male,150.0,1.895,different,different,1,0,0,gk,Y,0.0,,,,,
23,male,150.0,2.022,different,same,0,0,1,gk,Y,0.0,,,,,
23,male,50.0,3.031,different,different,1,0,0,gk,Y,0.0,,,,,
23,male,0.0,1.675,different,different,1,0,0,gk,Y,0.0,,,,,
23,male,0.0,1.024,same,same,1,0,0,gk,Y,0.0,,,,,
23,male,100.0,3.068,different,different,1,0,0,gk,Y,0.0,,,,,
23,male,100.0,1.827,same,same,1,0,0,gk,Y,0.0,,,,,
23,male,50.0,1.468,same,same,1,0,0,gk,Y,0.0,,,,,
23,male,100.0,1.918,different,different,1,0,0,gk,Y,0.0,,,,,
23,male,150.0,3.701,same,same,1,0,0,gk,Y,0.0,,,,,
23,male,50.0,2.197,different,different,1,0,0,gk,Y,0.0,,,,,
23,male,50.0,1.655,same,same,1,0,0,gk,Y,0.0,,,,,
23,male,100.0,3.158,different,different,1,0,0,gk,Y,0.0,,,,,
23,male,0.0,2.706,different,different,1,0,0,gk,Y,0.0,,,,,
23,male,0.0,1.0,same,same,1,0,0,gk,Y,0.0,,,,,
23,male,150.0,1.918,different,different,1,0,0,gk,Y,0.0,,,,,
23,male,150.0,2.969,same,different,0,1,0,gk,Y,0.0,,,,,
23,male,50.0,2.115,different,different,1,0,0,gk,Y,0.0,,,,,
23,male,50.0,2.46,different,same,0,0,1,gk,Y,0.0,,,,,
23,male,100.0,2.35,different,same,0,0,1,gk,Y,0.0,,,,,
23,male,0.0,0.983,same,same,1,0,0,gk,Y,0.0,,,,,
23,male,0.0,1.342,different,different,1,0,0,gk,Y,0.0,,,,,
23,male,150.0,3.769,different,same,0,0,1,gk,Y,0.0,,,,,
23,male,100.0,1.723,different,different,1,0,0,gk,Y,0.0,,,,,
23,male,50.0,1.99,different,same,0,0,1,gk,Y,0.0,,,,,
23,male,100.0,2.81,same,same,1,0,0,gk,Y,0.0,,,,,
23,male,150.0,2.35,different,same,0,0,1,gk,Y,0.0,,,,,
23,male,0.0,2.055,same,different,0,1,0,gk,Y,0.0,,,,,
23,male,100.0,2.844,different,same,0,0,1,gk,Y,0.0,,,,,
23,male,150.0,2.714,different,different,1,0,0,gk,Y,0.0,,,,,
23,male,0.0,1.084,same,same,1,0,0,gk,Y,0.0,,,,,
23,male,50.0,1.058,different,different,1,0,0,gk,Y,0.0,,,,,
23,male,150.0,2.713,same,same,1,0,0,gk,Y,0.0,,,,,
23,male,0.0,1.023,different,different,1,0,0,gk,Y,0.0,,,,,
23,male,100.0,2.77,same,same,1,0,0,gk,Y,0.0,,,,,
23,male,150.0,2.413,different,different,1,0,0,gk,Y,0.0,,,,,
23,male,50.0,1.506,different,different,1,0,0,gk,Y,0.0,,,,,
23,male,100.0,2.622,same,different,0,1,0,gk,Y,0.0,,,,,
23,male,0.0,1.159,same,same,1,0,0,gk,Y,0.0,,,,,
23,male,50.0,1.901,same,same,1,0,0,gk,Y,0.0,,,,,
23,male,100.0,1.61,different,different,1,0,0,gk,Y,0.0,,,,,
23,male,150.0,1.973,different,different,1,0,0,gk,Y,0.0,,,,,
23,male,0.0,1.078,same,same,1,0,0,gk,Y,0.0,,,,,
23,male,0.0,1.024,different,different,1,0,0,gk,Y,0.0,,,,,
23,male,100.0,3.017,different,same,0,0,1,gk,Y,0.0,,,,,
23,male,50.0,1.553,different,different,1,0,0,gk,Y,0.0,,,,,
23,male,150.0,2.951,same,same,1,0,0,gk,Y,0.0,,,,,
23,male,50.0,1.729,same,same,1,0,0,gk,Y,0.0,,,,,
23,male,150.0,0.994,different,different,1,0,0,gk,Y,0.0,,,,,
23,male,100.0,3.067,different,different,1,0,0,gk,Y,0.0,,,,,
23,male,150.0,2.131,same,same,1,0,0,gk,Y,0.0,,,,,
23,male,100.0,2.617,same,same,1,0,0,gk,Y,0.0,,,,,
23,male,0.0,1.692,same,same,1,0,0,gk,Y,0.0,,,,,
23,male,0.0,0.738,different,different,1,0,0,gk,Y,0.0,,,,,
23,male,50.0,0.984,different,different,1,0,0,gk,Y,0.0,,,,,
23,male,50.0,1.461,same,same,1,0,0,gk,Y,0.0,,,,,
23,male,150.0,2.092,different,different,1,0,0,gk,Y,0.0,,,,,
23,male,0.0,1.314,same,same,1,0,0,gk,Y,0.0,,,,,
23,male,150.0,3.407,same,same,1,0,0,gk,Y,0.0,,,,,
23,male,0.0,1.092,different,different,1,0,0,gk,Y,0.0,,,,,
23,male,50.0,2.532,different,different,1,0,0,gk,Y,0.0,,,,,
23,male,50.0,2.288,same,same,1,0,0,gk,Y,0.0,,,,,
23,male,100.0,2.798,same,same,1,0,0,gk,Y,0.0,,,,,
23,male,100.0,1.515,different,different,1,0,0,gk,Y,0.0,,,,,
23,male,100.0,1.993,same,same,1,0,0,gk,Y,0.0,,,,,
23,male,100.0,2.475,different,different,1,0,0,gk,Y,0.0,,,,,
23,male,150.0,2.058,same,same,1,0,0,gk,Y,0.0,,,,,
23,male,0.0,2.435,different,different,1,0,0,gk,Y,0.0,,,,,
23,male,0.0,1.248,same,same,1,0,0,gk,Y,0.0,,,,,
23,male,50.0,3.893,different,same,0,0,1,gk,Y,0.0,,,,,
23,male,50.0,1.624,same,different,0,1,0,gk,Y,0.0,,,,,
23,male,150.0,3.827,different,different,1,0,0,gk,Y,0.0,,,,,
23,male,50.0,3.595,same,different,0,1,0,gk,Y,0.0,,,,,
23,male,0.0,0.928,same,same,1,0,0,gk,Y,0.0,,,,,
23,male,150.0,2.735,different,different,1,0,0,gk,Y,0.0,,,,,
23,male,50.0,2.269,same,same,1,0,0,gk,Y,0.0,,,,,
23,male,100.0,2.677,different,same,0,0,1,gk,Y,0.0,,,,,
23,male,0.0,4.197,different,different,1,0,0,gk,Y,0.0,,,,,
23,male,150.0,2.393,same,same,1,0,0,gk,Y,0.0,,,,,
23,male,100.0,2.492,different,different,1,0,0,gk,Y,0.0,,,,,
23,male,100.0,2.21,different,different,1,0,0,gk,Y,0.0,,,,,
23,male,50.0,3.307,same,same,1,0,0,gk,Y,0.0,,,,,
23,male,0.0,1.041,same,same,1,0,0,gk,Y,0.0,,,,,
23,male,150.0,1.62,same,same,1,0,0,gk,Y,0.0,,,,,
23,male,150.0,4.554,different,different,1,0,0,gk,Y,0.0,,,,,
23,male,50.0,1.665,different,different,1,0,0,gk,Y,0.0,,,,,
23,male,100.0,2.781,same,same,1,0,0,gk,Y,0.0,,,,,
23,male,0.0,4.134,different,different,1,0,0,gk,Y,0.0,,,,,
24,female,0.0,2.443,different,different,1,0,0,gk,Y,0.0,,,,,
24,female,150.0,5.888,different,different,1,0,0,gk,Y,0.0,,,,,
24,female,150.0,3.67,same,same,1,0,0,gk,Y,0.0,,,,,
24,female,100.0,4.012,different,same,0,0,1,gk,Y,0.0,,,,,
24,female,50.0,2.902,same,same,1,0,0,gk,Y,0.0,,,,,
24,female,50.0,3.12,different,different,1,0,0,gk,Y,0.0,,,,,
24,female,100.0,5.431,different,different,1,0,0,gk,Y,0.0,,,,,
24,female,0.0,1.226,same,same,1,0,0,gk,Y,0.0,,,,,
24,female,150.0,5.48,different,different,1,0,0,gk,Y,0.0,,,,,
24,female,150.0,4.745,same,same,1,0,0,gk,Y,0.0,,,,,
24,female,50.0,4.69,different,different,1,0,0,gk,Y,0.0,,,,,
24,female,0.0,2.772,different,different,1,0,0,gk,Y,0.0,,,,,
24,female,0.0,1.265,same,same,1,0,0,gk,Y,0.0,,,,,
24,female,100.0,2.392,different,different,1,0,0,gk,Y,0.0,,,,,
24,female,100.0,4.716,same,same,1,0,0,gk,Y,0.0,,,,,
24,female,50.0,3.418,same,same,1,0,0,gk,Y,0.0,,,,,
24,female,100.0,2.654,different,different,1,0,0,gk,Y,0.0,,,,,
24,female,150.0,2.112,same,same,1,0,0,gk,Y,0.0,,,,,
24,female,50.0,2.702,different,different,1,0,0,gk,Y,0.0,,,,,
24,female,50.0,1.637,same,same,1,0,0,gk,Y,0.0,,,,,
24,female,100.0,2.109,different,different,1,0,0,gk,Y,0.0,,,,,
24,female,0.0,0.884,same,different,0,1,0,gk,Y,0.0,,,,,
24,female,0.0,1.795,same,same,1,0,0,gk,Y,0.0,,,,,
24,female,150.0,4.023,different,different,1,0,0,gk,Y,0.0,,,,,
24,female,150.0,5.98,different,different,1,0,0,gk,Y,0.0,,,,,
24,female,50.0,2.026,different,different,1,0,0,gk,Y,0.0,,,,,
24,female,50.0,3.076,same,same,1,0,0,gk,Y,0.0,,,,,
24,female,100.0,3.157,same,same,1,0,0,gk,Y,0.0,,,,,
24,female,0.0,1.617,same,same,1,0,0,gk,Y,0.0,,,,,
24,female,0.0,2.367,different,different,1,0,0,gk,Y,0.0,,,,,
24,female,100.0,0.33,same,different,0,1,0,gk,Y,0.0,,,,,
24,female,50.0,2.687,different,same,0,0,1,gk,Y,0.0,,,,,
24,female,100.0,4.855,same,same,1,0,0,gk,Y,0.0,,,,,
24,female,150.0,2.719,different,same,0,0,1,gk,Y,0.0,,,,,
24,female,0.0,1.253,different,different,1,0,0,gk,Y,0.0,,,,,
24,female,100.0,2.855,same,same,1,0,0,gk,Y,0.0,,,,,
24,female,150.0,4.301,different,different,1,0,0,gk,Y,0.0,,,,,
24,female,0.0,1.565,same,same,1,0,0,gk,Y,0.0,,,,,
24,female,50.0,1.128,different,different,1,0,0,gk,Y,0.0,,,,,
24,female,150.0,4.087,same,same,1,0,0,gk,Y,0.0,,,,,
24,female,0.0,1.191,different,different,1,0,0,gk,Y,0.0,,,,,
24,female,100.0,2.115,same,same,1,0,0,gk,Y,0.0,,,,,
24,female,150.0,2.101,same,different,0,1,0,gk,Y,0.0,,,,,
24,female,50.0,1.218,different,different,1,0,0,gk,Y,0.0,,,,,
24,female,100.0,1.599,same,different,0,1,0,gk,Y,0.0,,,,,
24,female,0.0,1.632,same,same,1,0,0,gk,Y,0.0,,,,,
24,female,50.0,2.747,same,same,1,0,0,gk,Y,0.0,,,,,
24,female,100.0,2.427,different,different,1,0,0,gk,Y,0.0,,,,,
24,female,150.0,2.595,different,different,1,0,0,gk,Y,0.0,,,,,
24,female,0.0,2.486,same,same,1,0,0,gk,Y,0.0,,,,,
24,female,0.0,2.602,different,different,1,0,0,gk,Y,0.0,,,,,
24,female,100.0,3.139,same,same,1,0,0,gk,Y,0.0,,,,,
24,female,50.0,1.513,different,different,1,0,0,gk,Y,0.0,,,,,
24,female,150.0,4.106,same,same,1,0,0,gk,Y,0.0,,,,,
24,female,50.0,1.815,same,same,1,0,0,gk,Y,0.0,,,,,
24,female,150.0,2.761,different,different,1,0,0,gk,Y,0.0,,,,,
24,female,100.0,2.637,different,different,1,0,0,gk,Y,0.0,,,,,
24,female,150.0,1.784,same,same,1,0,0,gk,Y,0.0,,,,,
24,female,100.0,2.227,same,same,1,0,0,gk,Y,0.0,,,,,
24,female,0.0,1.338,same,same,1,0,0,gk,Y,0.0,,,,,
24,female,0.0,1.145,different,different,1,0,0,gk,Y,0.0,,,,,
24,female,50.0,1.854,different,different,1,0,0,gk,Y,0.0,,,,,
24,female,50.0,1.862,same,same,1,0,0,gk,Y,0.0,,,,,
24,female,150.0,2.316,same,different,0,1,0,gk,Y,0.0,,,,,
24,female,0.0,1.268,same,same,1,0,0,gk,Y,0.0,,,,,
24,female,150.0,2.322,same,same,1,0,0,gk,Y,0.0,,,,,
24,female,0.0,1.377,different,different,1,0,0,gk,Y,0.0,,,,,
24,female,50.0,1.748,different,different,1,0,0,gk,Y,0.0,,,,,
24,female,50.0,1.542,same,same,1,0,0,gk,Y,0.0,,,,,
24,female,100.0,1.46,same,same,1,0,0,gk,Y,0.0,,,,,
24,female,100.0,2.511,different,different,1,0,0,gk,Y,0.0,,,,,
24,female,100.0,1.409,same,same,1,0,0,gk,Y,0.0,,,,,
24,female,100.0,2.863,different,different,1,0,0,gk,Y,0.0,,,,,
24,female,150.0,2.104,same,same,1,0,0,gk,Y,0.0,,,,,
24,female,0.0,2.637,different,different,1,0,0,gk,Y,0.0,,,,,
24,female,0.0,1.727,same,same,1,0,0,gk,Y,0.0,,,,,
24,female,50.0,1.292,different,same,0,0,1,gk,Y,0.0,,,,,
24,female,50.0,1.26,different,different,1,0,0,gk,Y,0.0,,,,,
24,female,150.0,1.411,same,different,0,1,0,gk,Y,0.0,,,,,
24,female,50.0,2.582,same,different,0,1,0,gk,Y,0.0,,,,,
24,female,0.0,1.033,same,same,1,0,0,gk,Y,0.0,,,,,
24,female,150.0,3.028,different,different,1,0,0,gk,Y,0.0,,,,,
24,female,50.0,2.307,different,same,0,0,1,gk,Y,0.0,,,,,
24,female,100.0,2.191,same,same,1,0,0,gk,Y,0.0,,,,,
24,female,0.0,2.083,different,different,1,0,0,gk,Y,0.0,,,,,
24,female,150.0,2.745,same,same,1,0,0,gk,Y,0.0,,,,,
24,female,100.0,2.784,different,different,1,0,0,gk,Y,0.0,,,,,
24,female,100.0,1.781,different,different,1,0,0,gk,Y,0.0,,,,,
24,female,50.0,1.85,same,same,1,0,0,gk,Y,0.0,,,,,
24,female,0.0,1.14,same,same,1,0,0,gk,Y,0.0,,,,,
24,female,150.0,1.949,same,same,1,0,0,gk,Y,0.0,,,,,
24,female,150.0,2.432,different,different,1,0,0,gk,Y,0.0,,,,,
24,female,50.0,1.777,different,different,1,0,0,gk,Y,0.0,,,,,
24,female,100.0,1.287,same,same,1,0,0,gk,Y,0.0,,,,,
24,female,0.0,3.197,different,different,1,0,0,gk,Y,0.0,,,,,
25,male,0.0,1.557,same,different,0,1,0,gk,Y,0.0,,,,,
25,male,150.0,0.942,different,different,1,0,0,gk,Y,0.0,,,,,
25,male,150.0,1.925,same,same,1,0,0,gk,Y,0.0,,,,,
25,male,100.0,1.738,different,same,0,0,1,gk,Y,0.0,,,,,
25,male,50.0,1.803,same,same,1,0,0,gk,Y,0.0,,,,,
25,male,50.0,1.452,different,different,1,0,0,gk,Y,0.0,,,,,
25,male,100.0,2.638,same,different,0,1,0,gk,Y,0.0,,,,,
25,male,0.0,1.057,same,same,1,0,0,gk,Y,0.0,,,,,
25,male,150.0,2.889,same,different,0,1,0,gk,Y,0.0,,,,,
25,male,150.0,1.751,same,same,1,0,0,gk,Y,0.0,,,,,
25,male,50.0,2.089,different,different,1,0,0,gk,Y,0.0,,,,,
25,male,0.0,1.307,different,different,1,0,0,gk,Y,0.0,,,,,
25,male,0.0,0.78,same,same,1,0,0,gk,Y,0.0,,,,,
25,male,100.0,1.334,different,different,1,0,0,gk,Y,0.0,,,,,
25,male,100.0,2.008,same,same,1,0,0,gk,Y,0.0,,,,,
25,male,50.0,0.96,same,same,1,0,0,gk,Y,0.0,,,,,
25,male,100.0,2.617,different,different,1,0,0,gk,Y,0.0,,,,,
25,male,150.0,1.576,same,same,1,0,0,gk,Y,0.0,,,,,
25,male,50.0,1.096,different,different,1,0,0,gk,Y,0.0,,,,,
25,male,50.0,0.753,same,same,1,0,0,gk,Y,0.0,,,,,
25,male,100.0,1.376,different,different,1,0,0,gk,Y,0.0,,,,,
25,male,0.0,0.727,same,different,0,1,0,gk,Y,0.0,,,,,
25,male,0.0,1.101,same,same,1,0,0,gk,Y,0.0,,,,,
25,male,150.0,2.024,same,different,0,1,0,gk,Y,0.0,,,,,
25,male,150.0,3.342,different,different,1,0,0,gk,Y,0.0,,,,,
25,male,50.0,2.179,different,different,1,0,0,gk,Y,0.0,,,,,
25,male,50.0,2.593,different,same,0,0,1,gk,Y,0.0,,,,,
25,male,100.0,1.385,different,same,0,0,1,gk,Y,0.0,,,,,
25,male,0.0,0.858,same,same,1,0,0,gk,Y,0.0,,,,,
25,male,0.0,1.377,different,different,1,0,0,gk,Y,0.0,,,,,
25,male,150.0,2.191,different,same,0,0,1,gk,Y,0.0,,,,,
25,male,100.0,2.176,different,different,1,0,0,gk,Y,0.0,,,,,
25,male,50.0,1.62,same,same,1,0,0,gk,Y,0.0,,,,,
25,male,100.0,3.741,same,same,1,0,0,gk,Y,0.0,,,,,
25,male,150.0,1.636,same,same,1,0,0,gk,Y,0.0,,,,,
25,male,0.0,1.498,different,different,1,0,0,gk,Y,0.0,,,,,
25,male,100.0,2.515,same,same,1,0,0,gk,Y,0.0,,,,,
25,male,150.0,2.625,same,different,0,1,0,gk,Y,0.0,,,,,
25,male,0.0,1.122,same,same,1,0,0,gk,Y,0.0,,,,,
25,male,50.0,1.121,different,different,1,0,0,gk,Y,0.0,,,,,
25,male,150.0,2.887,same,same,1,0,0,gk,Y,0.0,,,,,
25,male,0.0,1.141,different,different,1,0,0,gk,Y,0.0,,,,,
25,male,100.0,1.797,different,same,0,0,1,gk,Y,0.0,,,,,
25,male,150.0,2.008,different,different,1,0,0,gk,Y,0.0,,,,,
25,male,50.0,1.265,different,different,1,0,0,gk,Y,0.0,,,,,
25,male,100.0,1.765,different,different,1,0,0,gk,Y,0.0,,,,,
25,male,0.0,0.791,same,same,1,0,0,gk,Y,0.0,,,,,
25,male,50.0,1.806,same,same,1,0,0,gk,Y,0.0,,,,,
25,male,100.0,2.403,different,different,1,0,0,gk,Y,0.0,,,,,
25,male,150.0,2.147,different,different,1,0,0,gk,Y,0.0,,,,,
25,male,0.0,1.312,same,same,1,0,0,gk,Y,0.0,,,,,
25,male,0.0,1.077,different,different,1,0,0,gk,Y,0.0,,,,,
25,male,100.0,2.701,same,same,1,0,0,gk,Y,0.0,,,,,
25,male,50.0,1.395,different,different,1,0,0,gk,Y,0.0,,,,,
25,male,150.0,1.694,different,same,0,0,1,gk,Y,0.0,,,,,
25,male,50.0,1.22,same,same,1,0,0,gk,Y,0.0,,,,,
25,male,150.0,0.791,different,different,1,0,0,gk,Y,0.0,,,,,
25,male,100.0,1.663,different,different,1,0,0,gk,Y,0.0,,,,,
25,male,150.0,1.883,same,same,1,0,0,gk,Y,0.0,,,,,
25,male,100.0,1.367,different,same,0,0,1,gk,Y,0.0,,,,,
25,male,0.0,0.884,same,same,1,0,0,gk,Y,0.0,,,,,
25,male,0.0,1.41,different,different,1,0,0,gk,Y,0.0,,,,,
25,male,50.0,1.05,different,different,1,0,0,gk,Y,0.0,,,,,
25,male,50.0,0.867,same,same,1,0,0,gk,Y,0.0,,,,,
25,male,150.0,1.748,different,different,1,0,0,gk,Y,0.0,,,,,
25,male,0.0,0.936,same,same,1,0,0,gk,Y,0.0,,,,,
25,male,150.0,1.879,same,same,1,0,0,gk,Y,0.0,,,,,
25,male,0.0,0.921,different,different,1,0,0,gk,Y,0.0,,,,,
25,male,50.0,1.681,different,different,1,0,0,gk,Y,0.0,,,,,
25,male,50.0,1.305,same,same,1,0,0,gk,Y,0.0,,,,,
25,male,100.0,1.749,same,same,1,0,0,gk,Y,0.0,,,,,
25,male,100.0,2.947,different,different,1,0,0,gk,Y,0.0,,,,,
25,male,100.0,1.51,same,same,1,0,0,gk,Y,0.0,,,,,
25,male,100.0,1.885,different,different,1,0,0,gk,Y,0.0,,,,,
25,male,150.0,2.437,different,same,0,0,1,gk,Y,0.0,,,,,
25,male,0.0,2.471,different,different,1,0,0,gk,Y,0.0,,,,,
25,male,0.0,1.886,same,same,1,0,0,gk,Y,0.0,,,,,
25,male,50.0,1.454,same,same,1,0,0,gk,Y,0.0,,,,,
25,male,50.0,0.955,different,different,1,0,0,gk,Y,0.0,,,,,
25,male,150.0,2.196,different,different,1,0,0,gk,Y,0.0,,,,,
25,male,50.0,1.52,different,different,1,0,0,gk,Y,0.0,,,,,
25,male,0.0,0.641,same,same,1,0,0,gk,Y,0.0,,,,,
25,male,150.0,3.003,different,different,1,0,0,gk,Y,0.0,,,,,
25,male,50.0,2.171,same,same,1,0,0,gk,Y,0.0,,,,,
25,male,100.0,2.085,same,same,1,0,0,gk,Y,0.0,,,,,
25,male,0.0,0.923,same,different,0,1,0,gk,Y,0.0,,,,,
25,male,150.0,2.995,different,same,0,0,1,gk,Y,0.0,,,,,
25,male,100.0,3.119,different,different,1,0,0,gk,Y,0.0,,,,,
25,male,100.0,1.817,different,different,1,0,0,gk,Y,0.0,,,,,
25,male,50.0,1.42,same,same,1,0,0,gk,Y,0.0,,,,,
25,male,0.0,0.66,same,same,1,0,0,gk,Y,0.0,,,,,
25,male,150.0,1.601,different,same,0,0,1,gk,Y,0.0,,,,,
25,male,150.0,2.926,different,different,1,0,0,gk,Y,0.0,,,,,
25,male,50.0,1.216,different,different,1,0,0,gk,Y,0.0,,,,,
25,male,100.0,2.064,same,same,1,0,0,gk,Y,0.0,,,,,
25,male,0.0,1.73,different,different,1,0,0,gk,Y,0.0,,,,,
26,female,0.0,2.775,different,different,1,0,0,gk,Y,0.0,,,,,
26,female,150.0,2.129,different,different,1,0,0,gk,Y,0.0,,,,,
26,female,150.0,1.548,same,same,1,0,0,gk,Y,0.0,,,,,
26,female,100.0,4.776,same,same,1,0,0,gk,Y,0.0,,,,,
26,female,50.0,2.467,same,same,1,0,0,gk,Y,0.0,,,,,
26,female,50.0,3.523,different,different,1,0,0,gk,Y,0.0,,,,,
26,female,100.0,4.751,different,different,1,0,0,gk,Y,0.0,,,,,
26,female,0.0,1.177,same,same,1,0,0,gk,Y,0.0,,,,,
26,female,150.0,2.698,different,different,1,0,0,gk,Y,0.0,,,,,
26,female,150.0,4.729,same,same,1,0,0,gk,Y,0.0,,,,,
26,female,50.0,3.871,different,different,1,0,0,gk,Y,0.0,,,,,
26,female,0.0,1.516,different,different,1,0,0,gk,Y,0.0,,,,,
26,female,0.0,1.507,same,same,1,0,0,gk,Y,0.0,,,,,
26,female,100.0,2.007,different,different,1,0,0,gk,Y,0.0,,,,,
26,female,100.0,2.156,same,same,1,0,0,gk,Y,0.0,,,,,
26,female,50.0,1.658,same,same,1,0,0,gk,Y,0.0,,,,,
26,female,100.0,3.726,different,different,1,0,0,gk,Y,0.0,,,,,
26,female,150.0,2.106,same,same,1,0,0,gk,Y,0.0,,,,,
26,female,50.0,2.255,different,different,1,0,0,gk,Y,0.0,,,,,
26,female,50.0,2.031,same,same,1,0,0,gk,Y,0.0,,,,,
26,female,100.0,2.178,different,different,1,0,0,gk,Y,0.0,,,,,
26,female,0.0,1.375,same,different,0,1,0,gk,Y,0.0,,,,,
26,female,0.0,1.225,same,same,1,0,0,gk,Y,0.0,,,,,
26,female,150.0,2.612,same,different,0,1,0,gk,Y,0.0,,,,,
26,female,150.0,1.004,different,different,1,0,0,gk,Y,0.0,,,,,
26,female,50.0,1.845,different,different,1,0,0,gk,Y,0.0,,,,,
26,female,50.0,1.545,same,same,1,0,0,gk,Y,0.0,,,,,
26,female,100.0,1.919,same,same,1,0,0,gk,Y,0.0,,,,,
26,female,0.0,1.098,same,same,1,0,0,gk,Y,0.0,,,,,
26,female,0.0,1.27,different,different,1,0,0,gk,Y,0.0,,,,,
26,female,150.0,5.922,same,same,1,0,0,gk,Y,0.0,,,,,
26,female,100.0,2.646,different,different,1,0,0,gk,Y,0.0,,,,,
26,female,50.0,1.991,same,same,1,0,0,gk,Y,0.0,,,,,
26,female,100.0,2.531,same,same,1,0,0,gk,Y,0.0,,,,,
26,female,150.0,5.373,same,same,1,0,0,gk,Y,0.0,,,,,
26,female,0.0,1.135,different,different,1,0,0,gk,Y,0.0,,,,,
26,female,150.0,3.467,different,different,1,0,0,gk,Y,0.0,,,,,
26,female,0.0,1.002,same,same,1,0,0,gk,Y,0.0,,,,,
26,female,50.0,1.19,different,different,1,0,0,gk,Y,0.0,,,,,
26,female,150.0,2.782,same,same,1,0,0,gk,Y,0.0,,,,,
26,female,0.0,1.142,different,different,1,0,0,gk,Y,0.0,,,,,
26,female,100.0,3.661,different,same,0,0,1,gk,Y,0.0,,,,,
26,female,150.0,2.262,different,different,1,0,0,gk,Y,0.0,,,,,
26,female,50.0,1.345,different,different,1,0,0,gk,Y,0.0,,,,,
26,female,100.0,2.639,different,different,1,0,0,gk,Y,0.0,,,,,
26,female,0.0,1.259,same,same,1,0,0,gk,Y,0.0,,,,,
26,female,50.0,1.359,same,same,1,0,0,gk,Y,0.0,,,,,
26,female,100.0,2.689,different,different,1,0,0,gk,Y,0.0,,,,,
26,female,150.0,1.417,different,different,1,0,0,gk,Y,0.0,,,,,
26,female,0.0,1.144,same,same,1,0,0,gk,Y,0.0,,,,,
26,female,0.0,1.087,different,different,1,0,0,gk,Y,0.0,,,,,
26,female,100.0,2.62,same,same,1,0,0,gk,Y,0.0,,,,,
26,female,50.0,1.046,different,different,1,0,0,gk,Y,0.0,,,,,
26,female,150.0,3.141,same,same,1,0,0,gk,Y,0.0,,,,,
26,female,50.0,1.153,same,same,1,0,0,gk,Y,0.0,,,,,
26,female,150.0,2.143,different,different,1,0,0,gk,Y,0.0,,,,,
26,female,100.0,1.324,different,different,1,0,0,gk,Y,0.0,,,,,
26,female,150.0,1.536,same,same,1,0,0,gk,Y,0.0,,,,,
26,female,100.0,2.958,same,same,1,0,0,gk,Y,0.0,,,,,
26,female,0.0,1.143,same,same,1,0,0,gk,Y,0.0,,,,,
26,female,0.0,1.637,different,different,1,0,0,gk,Y,0.0,,,,,
26,female,50.0,1.783,different,different,1,0,0,gk,Y,0.0,,,,,
26,female,50.0,2.652,same,same,1,0,0,gk,Y,0.0,,,,,
26,female,150.0,3.243,different,different,1,0,0,gk,Y,0.0,,,,,
26,female,0.0,1.135,same,same,1,0,0,gk,Y,0.0,,,,,
26,female,150.0,4.616,same,same,1,0,0,gk,Y,0.0,,,,,
26,female,0.0,0.918,different,different,1,0,0,gk,Y,0.0,,,,,
26,female,50.0,1.878,different,different,1,0,0,gk,Y,0.0,,,,,
26,female,50.0,1.621,same,same,1,0,0,gk,Y,0.0,,,,,
26,female,100.0,1.296,same,same,1,0,0,gk,Y,0.0,,,,,
26,female,100.0,2.889,different,different,1,0,0,gk,Y,0.0,,,,,
26,female,100.0,1.843,same,same,1,0,0,gk,Y,0.0,,,,,
26,female,100.0,1.91,different,different,1,0,0,gk,Y,0.0,,,,,
26,female,150.0,3.006,same,same,1,0,0,gk,Y,0.0,,,,,
26,female,0.0,2.883,different,different,1,0,0,gk,Y,0.0,,,,,
26,female,0.0,2.266,same,same,1,0,0,gk,Y,0.0,,,,,
26,female,50.0,1.857,same,same,1,0,0,gk,Y,0.0,,,,,
26,female,50.0,1.112,different,different,1,0,0,gk,Y,0.0,,,,,
26,female,150.0,3.257,same,different,0,1,0,gk,Y,0.0,,,,,
26,female,50.0,3.586,different,different,1,0,0,gk,Y,0.0,,,,,
26,female,0.0,0.91,same,same,1,0,0,gk,Y,0.0,,,,,
26,female,150.0,2.143,different,different,1,0,0,gk,Y,0.0,,,,,
26,female,50.0,1.883,same,same,1,0,0,gk,Y,0.0,,,,,
26,female,100.0,2.35,same,same,1,0,0,gk,Y,0.0,,,,,
26,female,0.0,2.164,different,different,1,0,0,gk,Y,0.0,,,,,
26,female,150.0,2.962,same,same,1,0,0,gk,Y,0.0,,,,,
26,female,100.0,2.992,different,different,1,0,0,gk,Y,0.0,,,,,
26,female,100.0,2.776,different,different,1,0,0,gk,Y,0.0,,,,,
26,female,50.0,1.129,same,same,1,0,0,gk,Y,0.0,,,,,
26,female,0.0,0.923,same,same,1,0,0,gk,Y,0.0,,,,,
26,female,150.0,5.046,same,same,1,0,0,gk,Y,0.0,,,,,
26,female,150.0,1.785,different,different,1,0,0,gk,Y,0.0,,,,,
26,female,50.0,1.071,different,different,1,0,0,gk,Y,0.0,,,,,
26,female,100.0,1.154,same,same,1,0,0,gk,Y,0.0,,,,,
26,female,0.0,3.52,different,different,1,0,0,gk,Y,0.0,,,,,
27,male,0.0,2.823,same,different,0,1,0,gk,Y,0.0,,,,,
27,male,150.0,4.421,same,different,0,1,0,gk,Y,0.0,,,,,
27,male,100.0,3.352,same,same,1,0,0,gk,Y,0.0,,,,,
27,male,50.0,2.924,same,same,1,0,0,gk,Y,0.0,,,,,
27,male,50.0,2.554,different,different,1,0,0,gk,Y,0.0,,,,,
27,male,100.0,3.72,same,different,0,1,0,gk,Y,0.0,,,,,
27,male,0.0,1.636,same,same,1,0,0,gk,Y,0.0,,,,,
27,male,150.0,3.279,different,different,1,0,0,gk,Y,0.0,,,,,
27,male,150.0,2.454,same,same,1,0,0,gk,Y,0.0,,,,,
27,male,50.0,2.192,different,different,1,0,0,gk,Y,0.0,,,,,
27,male,0.0,2.157,different,different,1,0,0,gk,Y,0.0,,,,,
27,male,0.0,1.655,same,same,1,0,0,gk,Y,0.0,,,,,
27,male,100.0,2.831,different,different,1,0,0,gk,Y,0.0,,,,,
27,male,100.0,2.906,same,same,1,0,0,gk,Y,0.0,,,,,
27,male,50.0,2.042,same,same,1,0,0,gk,Y,0.0,,,,,
27,male,100.0,2.314,same,different,0,1,0,gk,Y,0.0,,,,,
27,male,150.0,2.026,same,same,1,0,0,gk,Y,0.0,,,,,
27,male,50.0,2.635,different,different,1,0,0,gk,Y,0.0,,,,,
27,male,50.0,2.094,same,same,1,0,0,gk,Y,0.0,,,,,
27,male,100.0,1.9,same,different,0,1,0,gk,Y,0.0,,,,,
27,male,0.0,1.89,different,different,1,0,0,gk,Y,0.0,,,,,
27,male,0.0,2.232,same,same,1,0,0,gk,Y,0.0,,,,,
27,male,150.0,2.141,same,different,0,1,0,gk,Y,0.0,,,,,
27,male,150.0,4.082,different,different,1,0,0,gk,Y,0.0,,,,,
27,male,50.0,4.081,different,different,1,0,0,gk,Y,0.0,,,,,
27,male,50.0,3.277,same,same,1,0,0,gk,Y,0.0,,,,,
27,male,100.0,3.553,same,same,1,0,0,gk,Y,0.0,,,,,
27,male,0.0,1.597,same,same,1,0,0,gk,Y,0.0,,,,,
27,male,0.0,1.991,different,different,1,0,0,gk,Y,0.0,,,,,
27,male,150.0,3.211,different,same,0,0,1,gk,Y,0.0,,,,,
27,male,100.0,2.614,different,different,1,0,0,gk,Y,0.0,,,,,
27,male,50.0,2.808,same,same,1,0,0,gk,Y,0.0,,,,,
27,male,100.0,2.947,same,same,1,0,0,gk,Y,0.0,,,,,
27,male,150.0,3.672,same,same,1,0,0,gk,Y,0.0,,,,,
27,male,0.0,2.385,different,different,1,0,0,gk,Y,0.0,,,,,
27,male,100.0,2.62,different,same,0,0,1,gk,Y,0.0,,,,,
27,male,150.0,2.477,same,different,0,1,0,gk,Y,0.0,,,,,
27,male,0.0,1.335,same,same,1,0,0,gk,Y,0.0,,,,,
27,male,50.0,2.004,different,different,1,0,0,gk,Y,0.0,,,,,
27,male,150.0,2.67,different,same,0,0,1,gk,Y,0.0,,,,,
27,male,0.0,1.719,different,different,1,0,0,gk,Y,0.0,,,,,
27,male,100.0,2.51,same,same,1,0,0,gk,Y,0.0,,,,,
27,male,150.0,3.084,same,different,0,1,0,gk,Y,0.0,,,,,
27,male,50.0,2.66,different,different,1,0,0,gk,Y,0.0,,,,,
27,male,100.0,2.332,same,different,0,1,0,gk,Y,0.0,,,,,
27,male,0.0,1.339,same,same,1,0,0,gk,Y,0.0,,,,,
27,male,50.0,3.543,same,same,1,0,0,gk,Y,0.0,,,,,
27,male,100.0,2.486,different,different,1,0,0,gk,Y,0.0,,,,,
27,male,150.0,3.121,same,different,0,1,0,gk,Y,0.0,,,,,
27,male,0.0,2.576,same,same,1,0,0,gk,Y,0.0,,,,,
27,male,0.0,2.043,different,different,1,0,0,gk,Y,0.0,,,,,
27,male,100.0,2.597,same,same,1,0,0,gk,Y,0.0,,,,,
27,male,50.0,2.214,different,different,1,0,0,gk,Y,0.0,,,,,
27,male,150.0,4.538,different,same,0,0,1,gk,Y,0.0,,,,,
27,male,50.0,1.743,same,same,1,0,0,gk,Y,0.0,,,,,
27,male,150.0,2.492,different,different,1,0,0,gk,Y,0.0,,,,,
27,male,100.0,2.987,different,different,1,0,0,gk,Y,0.0,,,,,
27,male,150.0,3.888,same,same,1,0,0,gk,Y,0.0,,,,,
27,male,100.0,1.863,same,same,1,0,0,gk,Y,0.0,,,,,
27,male,0.0,1.958,same,same,1,0,0,gk,Y,0.0,,,,,
27,male,0.0,1.93,different,different,1,0,0,gk,Y,0.0,,,,,
27,male,50.0,2.752,different,different,1,0,0,gk,Y,0.0,,,,,
27,male,50.0,2.765,same,same,1,0,0,gk,Y,0.0,,,,,
27,male,150.0,2.73,different,different,1,0,0,gk,Y,0.0,,,,,
27,male,0.0,2.033,same,same,1,0,0,gk,Y,0.0,,,,,
27,male,150.0,2.257,same,same,1,0,0,gk,Y,0.0,,,,,
27,male,0.0,1.61,different,different,1,0,0,gk,Y,0.0,,,,,
27,male,50.0,2.237,different,different,1,0,0,gk,Y,0.0,,,,,
27,male,50.0,1.382,same,same,1,0,0,gk,Y,0.0,,,,,
27,male,100.0,1.88,same,same,1,0,0,gk,Y,0.0,,,,,
27,male,100.0,2.608,different,different,1,0,0,gk,Y,0.0,,,,,
27,male,100.0,2.237,same,same,1,0,0,gk,Y,0.0,,,,,
27,male,100.0,2.55,different,different,1,0,0,gk,Y,0.0,,,,,
27,male,150.0,1.836,same,same,1,0,0,gk,Y,0.0,,,,,
27,male,0.0,4.357,same,different,0,1,0,gk,Y,0.0,,,,,
27,male,0.0,4.009,same,same,1,0,0,gk,Y,0.0,,,,,
27,male,50.0,3.052,different,same,0,0,1,gk,Y,0.0,,,,,
27,male,50.0,3.036,different,different,1,0,0,gk,Y,0.0,,,,,
27,male,150.0,3.67,same,different,0,1,0,gk,Y,0.0,,,,,
27,male,50.0,3.559,different,different,1,0,0,gk,Y,0.0,,,,,
27,male,0.0,1.932,same,same,1,0,0,gk,Y,0.0,,,,,
27,male,150.0,3.145,different,different,1,0,0,gk,Y,0.0,,,,,
27,male,50.0,3.11,different,same,0,0,1,gk,Y,0.0,,,,,
27,male,100.0,2.46,same,same,1,0,0,gk,Y,0.0,,,,,
27,male,0.0,1.749,different,different,1,0,0,gk,Y,0.0,,,,,
27,male,150.0,3.555,same,same,1,0,0,gk,Y,0.0,,,,,
27,male,100.0,2.776,different,different,1,0,0,gk,Y,0.0,,,,,
27,male,100.0,3.262,same,different,0,1,0,gk,Y,0.0,,,,,
27,male,50.0,2.5,same,same,1,0,0,gk,Y,0.0,,,,,
27,male,0.0,1.745,same,same,1,0,0,gk,Y,0.0,,,,,
27,male,150.0,4.526,different,same,0,0,1,gk,Y,0.0,,,,,
27,male,150.0,2.773,same,different,0,1,0,gk,Y,0.0,,,,,
27,male,50.0,2.008,different,different,1,0,0,gk,Y,0.0,,,,,
27,male,100.0,2.477,same,same,1,0,0,gk,Y,0.0,,,,,
27,male,0.0,2.083,different,different,1,0,0,gk,Y,0.0,,,,,
28,female,0.0,1.894,different,different,1,0,0,gk,Y,0.0,,,,,
28,female,150.0,3.015,different,different,1,0,0,gk,Y,0.0,,,,,
28,female,150.0,2.359,same,same,1,0,0,gk,Y,0.0,,,,,
28,female,100.0,1.638,different,same,0,0,1,gk,Y,0.0,,,,,
28,female,50.0,2.807,same,same,1,0,0,gk,Y,0.0,,,,,
28,female,50.0,3.106,different,different,1,0,0,gk,Y,0.0,,,,,
28,female,100.0,2.361,different,different,1,0,0,gk,Y,0.0,,,,,
28,female,0.0,1.2,same,same,1,0,0,gk,Y,0.0,,,,,
28,female,150.0,4.306,different,different,1,0,0,gk,Y,0.0,,,,,
28,female,150.0,3.367,same,same,1,0,0,gk,Y,0.0,,,,,
28,female,50.0,1.996,same,different,0,1,0,gk,Y,0.0,,,,,
28,female,0.0,1.177,different,different,1,0,0,gk,Y,0.0,,,,,
28,female,0.0,1.342,same,same,1,0,0,gk,Y,0.0,,,,,
28,female,100.0,4.265,different,different,1,0,0,gk,Y,0.0,,,,,
28,female,100.0,2.96,same,same,1,0,0,gk,Y,0.0,,,,,
28,female,50.0,2.364,same,same,1,0,0,gk,Y,0.0,,,,,
28,female,100.0,3.866,different,different,1,0,0,gk,Y,0.0,,,,,
28,female,150.0,2.771,same,same,1,0,0,gk,Y,0.0,,,,,
28,female,50.0,2.055,different,different,1,0,0,gk,Y,0.0,,,,,
28,female,50.0,1.912,same,same,1,0,0,gk,Y,0.0,,,,,
28,female,100.0,2.077,different,different,1,0,0,gk,Y,0.0,,,,,
28,female,0.0,1.908,different,different,1,0,0,gk,Y,0.0,,,,,
28,female,0.0,1.01,same,same,1,0,0,gk,Y,0.0,,,,,
28,female,150.0,6.103,different,different,1,0,0,gk,Y,0.0,,,,,
28,female,150.0,2.188,different,different,1,0,0,gk,Y,0.0,,,,,
28,female,50.0,4.082,different,different,1,0,0,gk,Y,0.0,,,,,
28,female,50.0,5.328,different,same,0,0,1,gk,Y,0.0,,,,,
28,female,100.0,2.839,same,same,1,0,0,gk,Y,0.0,,,,,
28,female,0.0,1.367,same,same,1,0,0,gk,Y,0.0,,,,,
28,female,0.0,2.381,different,different,1,0,0,gk,Y,0.0,,,,,
28,female,150.0,3.16,same,same,1,0,0,gk,Y,0.0,,,,,
28,female,100.0,6.668,different,different,1,0,0,gk,Y,0.0,,,,,
28,female,50.0,2.813,same,same,1,0,0,gk,Y,0.0,,,,,
28,female,100.0,6.993,same,same,1,0,0,gk,Y,0.0,,,,,
28,female,150.0,4.764,same,same,1,0,0,gk,Y,0.0,,,,,
28,female,0.0,2.296,different,different,1,0,0,gk,Y,0.0,,,,,
28,female,100.0,2.84,same,same,1,0,0,gk,Y,0.0,,,,,
28,female,150.0,3.265,different,different,1,0,0,gk,Y,0.0,,,,,
28,female,0.0,1.578,same,same,1,0,0,gk,Y,0.0,,,,,
28,female,50.0,1.789,different,different,1,0,0,gk,Y,0.0,,,,,
28,female,150.0,2.976,same,same,1,0,0,gk,Y,0.0,,,,,
28,female,0.0,2.221,different,different,1,0,0,gk,Y,0.0,,,,,
28,female,100.0,3.607,same,same,1,0,0,gk,Y,0.0,,,,,
28,female,150.0,2.818,different,different,1,0,0,gk,Y,0.0,,,,,
28,female,50.0,2.246,different,different,1,0,0,gk,Y,0.0,,,,,
28,female,100.0,2.182,different,different,1,0,0,gk,Y,0.0,,,,,
28,female,0.0,1.088,same,same,1,0,0,gk,Y,0.0,,,,,
28,female,50.0,1.89,same,same,1,0,0,gk,Y,0.0,,,,,
28,female,100.0,2.124,different,different,1,0,0,gk,Y,0.0,,,,,
28,female,150.0,1.914,different,different,1,0,0,gk,Y,0.0,,,,,
28,female,0.0,0.888,same,same,1,0,0,gk,Y,0.0,,,,,
28,female,0.0,1.152,different,different,1,0,0,gk,Y,0.0,,,,,
28,female,100.0,2.558,same,same,1,0,0,gk,Y,0.0,,,,,
28,female,50.0,1.08,different,different,1,0,0,gk,Y,0.0,,,,,
28,female,150.0,4.682,different,same,0,0,1,gk,Y,0.0,,,,,
28,female,50.0,1.176,same,same,1,0,0,gk,Y,0.0,,,,,
28,female,150.0,1.097,different,different,1,0,0,gk,Y,0.0,,,,,
28,female,100.0,3.443,different,different,1,0,0,gk,Y,0.0,,,,,
28,female,150.0,1.972,same,same,1,0,0,gk,Y,0.0,,,,,
28,female,100.0,2.72,same,same,1,0,0,gk,Y,0.0,,,,,
28,female,0.0,0.885,same,same,1,0,0,gk,Y,0.0,,,,,
28,female,0.0,2.565,different,different,1,0,0,gk,Y,0.0,,,,,
28,female,50.0,1.177,different,different,1,0,0,gk,Y,0.0,,,,,
28,female,50.0,1.6,same,same,1,0,0,gk,Y,0.0,,,,,
28,female,150.0,1.992,same,different,0,1,0,gk,Y,0.0,,,,,
28,female,0.0,1.019,same,same,1,0,0,gk,Y,0.0,,,,,
28,female,150.0,1.767,same,same,1,0,0,gk,Y,0.0,,,,,
28,female,0.0,0.843,different,different,1,0,0,gk,Y,0.0,,,,,
28,female,50.0,1.638,different,different,1,0,0,gk,Y,0.0,,,,,
28,female,50.0,0.989,same,same,1,0,0,gk,Y,0.0,,,,,
28,female,100.0,1.304,same,same,1,0,0,gk,Y,0.0,,,,,
28,female,100.0,1.713,different,different,1,0,0,gk,Y,0.0,,,,,
28,female,100.0,1.262,same,same,1,0,0,gk,Y,0.0,,,,,
28,female,100.0,1.262,different,different,1,0,0,gk,Y,0.0,,,,,
28,female,150.0,1.51,same,same,1,0,0,gk,Y,0.0,,,,,
28,female,0.0,2.372,different,different,1,0,0,gk,Y,0.0,,,,,
28,female,0.0,2.399,same,same,1,0,0,gk,Y,0.0,,,,,
28,female,50.0,3.835,same,same,1,0,0,gk,Y,0.0,,,,,
28,female,50.0,1.236,different,different,1,0,0,gk,Y,0.0,,,,,
28,female,150.0,2.814,different,different,1,0,0,gk,Y,0.0,,,,,
28,female,50.0,3.954,different,different,1,0,0,gk,Y,0.0,,,,,
28,female,0.0,0.784,same,same,1,0,0,gk,Y,0.0,,,,,
28,female,150.0,3.212,different,different,1,0,0,gk,Y,0.0,,,,,
28,female,50.0,6.181,same,same,1,0,0,gk,Y,0.0,,,,,
28,female,100.0,3.873,same,same,1,0,0,gk,Y,0.0,,,,,
28,female,0.0,3.169,different,different,1,0,0,gk,Y,0.0,,,,,
28,female,150.0,3.204,same,same,1,0,0,gk,Y,0.0,,,,,
28,female,100.0,2.84,different,different,1,0,0,gk,Y,0.0,,,,,
28,female,100.0,1.667,different,different,1,0,0,gk,Y,0.0,,,,,
28,female,50.0,1.338,same,same,1,0,0,gk,Y,0.0,,,,,
28,female,0.0,0.733,same,same,1,0,0,gk,Y,0.0,,,,,
28,female,150.0,2.541,same,same,1,0,0,gk,Y,0.0,,,,,
28,female,150.0,3.392,same,different,0,1,0,gk,Y,0.0,,,,,
28,female,50.0,1.94,different,different,1,0,0,gk,Y,0.0,,,,,
28,female,100.0,1.74,same,same,1,0,0,gk,Y,0.0,,,,,
28,female,0.0,4.048,different,different,1,0,0,gk,Y,0.0,,,,,
29,male,0.0,1.184,same,different,0,1,0,gk,Y,0.0,,,,,
29,male,150.0,3.699,different,different,1,0,0,gk,Y,0.0,,,,,
29,male,150.0,2.08,same,same,1,0,0,gk,Y,0.0,,,,,
29,male,100.0,2.437,same,same,1,0,0,gk,Y,0.0,,,,,
29,male,50.0,1.744,same,same,1,0,0,gk,Y,0.0,,,,,
29,male,50.0,5.516,different,different,1,0,0,gk,Y,0.0,,,,,
29,male,100.0,2.919,different,different,1,0,0,gk,Y,0.0,,,,,
29,male,0.0,1.161,same,same,1,0,0,gk,Y,0.0,,,,,
29,male,150.0,2.892,same,different,0,1,0,gk,Y,0.0,,,,,
29,male,150.0,3.1,same,same,1,0,0,gk,Y,0.0,,,,,
29,male,0.0,2.464,same,different,0,1,0,gk,Y,0.0,,,,,
29,male,0.0,1.591,same,same,1,0,0,gk,Y,0.0,,,,,
29,male,100.0,2.04,different,different,1,0,0,gk,Y,0.0,,,,,
29,male,100.0,3.884,different,same,0,0,1,gk,Y,0.0,,,,,
29,male,50.0,3.092,same,same,1,0,0,gk,Y,0.0,,,,,
29,male,150.0,2.211,same,same,1,0,0,gk,Y,0.0,,,,,
29,male,50.0,2.573,different,different,1,0,0,gk,Y,0.0,,,,,
29,male,50.0,1.678,same,same,1,0,0,gk,Y,0.0,,,,,
29,male,100.0,2.202,different,different,1,0,0,gk,Y,0.0,,,,,
29,male,0.0,0.035,different,same,0,0,1,gk,Y,0.0,,,,,
29,male,150.0,6.246,different,different,1,0,0,gk,Y,0.0,,,,,
29,male,150.0,7.099,different,different,1,0,0,gk,Y,0.0,,,,,
29,male,50.0,2.288,different,different,1,0,0,gk,Y,0.0,,,,,
29,male,50.0,2.742,same,same,1,0,0,gk,Y,0.0,,,,,
29,male,100.0,4.906,same,same,1,0,0,gk,Y,0.0,,,,,
29,male,0.0,1.364,same,same,1,0,0,gk,Y,0.0,,,,,
29,male,0.0,6.054,different,different,1,0,0,gk,Y,0.0,,,,,
29,male,150.0,5.458,same,same,1,0,0,gk,Y,0.0,,,,,
29,male,100.0,3.912,different,different,1,0,0,gk,Y,0.0,,,,,
29,male,50.0,5.208,same,same,1,0,0,gk,Y,0.0,,,,,
29,male,100.0,4.483,same,same,1,0,0,gk,Y,0.0,,,,,
29,male,150.0,2.828,different,same,0,0,1,gk,Y,0.0,,,,,
29,male,0.0,5.711,different,different,1,0,0,gk,Y,0.0,,,,,
29,male,100.0,4.133,different,same,0,0,1,gk,Y,0.0,,,,,
29,male,150.0,4.201,different,different,1,0,0,gk,Y,0.0,,,,,
29,male,0.0,1.956,same,same,1,0,0,gk,Y,0.0,,,,,
29,male,50.0,1.458,different,different,1,0,0,gk,Y,0.0,,,,,
29,male,0.0,2.707,different,different,1,0,0,gk,Y,0.0,,,,,
29,male,150.0,4.129,different,different,1,0,0,gk,Y,0.0,,,,,
29,male,50.0,1.464,different,different,1,0,0,gk,Y,0.0,,,,,
29,male,100.0,3.237,same,different,0,1,0,gk,Y,0.0,,,,,
29,male,0.0,1.057,same,same,1,0,0,gk,Y,0.0,,,,,
29,male,50.0,2.522,same,same,1,0,0,gk,Y,0.0,,,,,
29,male,100.0,2.743,different,different,1,0,0,gk,Y,0.0,,,,,
29,male,150.0,3.251,different,different,1,0,0,gk,Y,0.0,,,,,
29,male,0.0,2.2,same,same,1,0,0,gk,Y,0.0,,,,,
29,male,0.0,1.877,different,different,1,0,0,gk,Y,0.0,,,,,
29,male,100.0,5.355,same,same,1,0,0,gk,Y,0.0,,,,,
29,male,50.0,1.396,different,different,1,0,0,gk,Y,0.0,,,,,
29,male,150.0,4.718,same,same,1,0,0,gk,Y,0.0,,,,,
29,male,50.0,1.163,same,same,1,0,0,gk,Y,0.0,,,,,
29,male,150.0,1.34,different,different,1,0,0,gk,Y,0.0,,,,,
29,male,100.0,4.645,different,different,1,0,0,gk,Y,0.0,,,,,
29,male,150.0,1.693,same,same,1,0,0,gk,Y,0.0,,,,,
29,male,100.0,5.268,same,same,1,0,0,gk,Y,0.0,,,,,
29,male,0.0,0.943,same,same,1,0,0,gk,Y,0.0,,,,,
29,male,0.0,2.188,different,different,1,0,0,gk,Y,0.0,,,,,
29,male,50.0,2.449,different,different,1,0,0,gk,Y,0.0,,,,,
29,male,50.0,2.996,same,same,1,0,0,gk,Y,0.0,,,,,
29,male,150.0,2.23,different,different,1,0,0,gk,Y,0.0,,,,,
29,male,0.0,1.288,same,same,1,0,0,gk,Y,0.0,,,,,
29,male,150.0,3.581,same,same,1,0,0,gk,Y,0.0,,,,,
29,male,0.0,1.682,different,different,1,0,0,gk,Y,0.0,,,,,
29,male,50.0,1.735,different,different,1,0,0,gk,Y,0.0,,,,,
29,male,50.0,2.746,same,same,1,0,0,gk,Y,0.0,,,,,
29,male,100.0,4.088,same,same,1,0,0,gk,Y,0.0,,,,,
29,male,100.0,3.223,different,different,1,0,0,gk,Y,0.0,,,,,
29,male,100.0,3.245,same,same,1,0,0,gk,Y,0.0,,,,,
29,male,100.0,2.159,different,different,1,0,0,gk,Y,0.0,,,,,
29,male,150.0,1.822,same,same,1,0,0,gk,Y,0.0,,,,,
29,male,0.0,3.993,same,different,0,1,0,gk,Y,0.0,,,,,
29,male,0.0,1.651,same,same,1,0,0,gk,Y,0.0,,,,,
29,male,50.0,4.132,same,same,1,0,0,gk,Y,0.0,,,,,
29,male,50.0,3.978,different,different,1,0,0,gk,Y,0.0,,,,,
29,male,150.0,2.647,different,different,1,0,0,gk,Y,0.0,,,,,
29,male,50.0,5.009,same,different,0,1,0,gk,Y,0.0,,,,,
29,male,0.0,1.11,same,same,1,0,0,gk,Y,0.0,,,,,
29,male,150.0,3.957,different,different,1,0,0,gk,Y,0.0,,,,,
29,male,50.0,2.993,same,same,1,0,0,gk,Y,0.0,,,,,
29,male,100.0,1.983,same,same,1,0,0,gk,Y,0.0,,,,,
29,male,0.0,2.146,different,different,1,0,0,gk,Y,0.0,,,,,
29,male,150.0,1.681,same,same,1,0,0,gk,Y,0.0,,,,,
29,male,100.0,3.754,different,different,1,0,0,gk,Y,0.0,,,,,
29,male,100.0,3.568,different,different,1,0,0,gk,Y,0.0,,,,,
29,male,50.0,1.052,same,same,1,0,0,gk,Y,0.0,,,,,
29,male,0.0,1.229,same,same,1,0,0,gk,Y,0.0,,,,,
29,male,150.0,1.418,same,same,1,0,0,gk,Y,0.0,,,,,
29,male,150.0,1.925,different,different,1,0,0,gk,Y,0.0,,,,,
29,male,50.0,1.655,different,different,1,0,0,gk,Y,0.0,,,,,
29,male,100.0,2.08,same,same,1,0,0,gk,Y,0.0,,,,,
29,male,0.0,1.407,same,different,0,1,0,gk,Y,0.0,,,,,
30,female,0.0,4.032,different,different,1,0,0,gk,Y,0.0,,,,,
30,female,150.0,7.398,different,different,1,0,0,gk,Y,0.0,,,,,
30,female,150.0,4.936,same,same,1,0,0,gk,Y,0.0,,,,,
30,female,100.0,6.965,same,same,1,0,0,gk,Y,0.0,,,,,
30,female,50.0,2.697,same,same,1,0,0,gk,Y,0.0,,,,,
30,female,50.0,5.159,different,different,1,0,0,gk,Y,0.0,,,,,
30,female,0.0,1.531,same,same,1,0,0,gk,Y,0.0,,,,,
30,female,150.0,6.92,different,different,1,0,0,gk,Y,0.0,,,,,
30,female,150.0,2.878,different,same,0,0,1,gk,Y,0.0,,,,,
30,female,50.0,4.503,different,different,1,0,0,gk,Y,0.0,,,,,
30,female,0.0,1.626,same,different,0,1,0,gk,Y,0.0,,,,,
30,female,0.0,1.612,same,same,1,0,0,gk,Y,0.0,,,,,
30,female,100.0,3.052,different,different,1,0,0,gk,Y,0.0,,,,,
30,female,100.0,2.775,same,same,1,0,0,gk,Y,0.0,,,,,
30,female,50.0,2.035,same,same,1,0,0,gk,Y,0.0,,,,,
30,female,150.0,2.959,same,same,1,0,0,gk,Y,0.0,,,,,
30,female,50.0,4.585,different,different,1,0,0,gk,Y,0.0,,,,,
30,female,50.0,1.508,same,same,1,0,0,gk,Y,0.0,,,,,
30,female,100.0,5.709,different,different,1,0,0,gk,Y,0.0,,,,,
30,female,0.0,1.857,different,different,1,0,0,gk,Y,0.0,,,,,
30,female,0.0,1.202,same,same,1,0,0,gk,Y,0.0,,,,,
30,female,150.0,2.932,different,different,1,0,0,gk,Y,0.0,,,,,
30,female,50.0,1.774,different,different,1,0,0,gk,Y,0.0,,,,,
30,female,50.0,2.656,different,same,0,0,1,gk,Y,0.0,,,,,
30,female,100.0,5.12,same,same,1,0,0,gk,Y,0.0,,,,,
30,female,0.0,1.585,same,same,1,0,0,gk,Y,0.0,,,,,
30,female,0.0,1.682,different,different,1,0,0,gk,Y,0.0,,,,,
30,female,150.0,2.661,different,same,0,0,1,gk,Y,0.0,,,,,
30,female,100.0,6.347,different,different,1,0,0,gk,Y,0.0,,,,,
30,female,50.0,1.776,same,same,1,0,0,gk,Y,0.0,,,,,
30,female,100.0,3.108,same,same,1,0,0,gk,Y,0.0,,,,,
30,female,0.0,1.341,different,different,1,0,0,gk,Y,0.0,,,,,
30,female,100.0,1.787,same,same,1,0,0,gk,Y,0.0,,,,,
30,female,150.0,4.508,different,different,1,0,0,gk,Y,0.0,,,,,
30,female,0.0,1.21,same,same,1,0,0,gk,Y,0.0,,,,,
30,female,50.0,1.455,different,different,1,0,0,gk,Y,0.0,,,,,
30,female,150.0,4.86,same,same,1,0,0,gk,Y,0.0,,,,,
30,female,0.0,1.792,different,different,1,0,0,gk,Y,0.0,,,,,
30,female,100.0,2.276,same,same,1,0,0,gk,Y,0.0,,,,,
30,female,150.0,4.142,different,different,1,0,0,gk,Y,0.0,,,,,
30,female,50.0,2.645,different,different,1,0,0,gk,Y,0.0,,,,,
30,female,100.0,4.938,different,different,1,0,0,gk,Y,0.0,,,,,
30,female,0.0,1.018,same,same,1,0,0,gk,Y,0.0,,,,,
30,female,50.0,1.362,same,same,1,0,0,gk,Y,0.0,,,,,
30,female,100.0,2.057,different,different,1,0,0,gk,Y,0.0,,,,,
30,female,150.0,2.642,different,different,1,0,0,gk,Y,0.0,,,,,
30,female,0.0,1.304,same,same,1,0,0,gk,Y,0.0,,,,,
30,female,0.0,1.875,different,different,1,0,0,gk,Y,0.0,,,,,
30,female,100.0,6.751,same,same,1,0,0,gk,Y,0.0,,,,,
30,female,50.0,1.338,different,different,1,0,0,gk,Y,0.0,,,,,
30,female,50.0,1.491,same,same,1,0,0,gk,Y,0.0,,,,,
30,female,150.0,4.117,different,different,1,0,0,gk,Y,0.0,,,,,
30,female,100.0,3.418,different,different,1,0,0,gk,Y,0.0,,,,,
30,female,150.0,2.459,same,same,1,0,0,gk,Y,0.0,,,,,
30,female,100.0,2.372,same,same,1,0,0,gk,Y,0.0,,,,,
30,female,0.0,1.293,same,same,1,0,0,gk,Y,0.0,,,,,
30,female,0.0,1.098,different,different,1,0,0,gk,Y,0.0,,,,,
30,female,50.0,7.027,different,different,1,0,0,gk,Y,0.0,,,,,
30,female,50.0,1.595,same,same,1,0,0,gk,Y,0.0,,,,,
30,female,150.0,3.319,different,different,1,0,0,gk,Y,0.0,,,,,
30,female,0.0,0.971,same,same,1,0,0,gk,Y,0.0,,,,,
30,female,150.0,3.854,same,same,1,0,0,gk,Y,0.0,,,,,
30,female,0.0,1.257,different,different,1,0,0,gk,Y,0.0,,,,,
30,female,50.0,1.381,different,different,1,0,0,gk,Y,0.0,,,,,
30,female,50.0,1.118,same,same,1,0,0,gk,Y,0.0,,,,,
30,female,100.0,2.399,same,same,1,0,0,gk,Y,0.0,,,,,
30,female,100.0,5.052,different,different,1,0,0,gk,Y,0.0,,,,,
30,female,100.0,2.526,same,same,1,0,0,gk,Y,0.0,,,,,
30,female,100.0,6.902,different,different,1,0,0,gk,Y,0.0,,,,,
30,female,150.0,6.613,same,same,1,0,0,gk,Y,0.0,,,,,
30,female,0.0,2.57,different,different,1,0,0,gk,Y,0.0,,,,,
30,female,0.0,2.942,same,same,1,0,0,gk,Y,0.0,,,,,
30,female,50.0,5.172,same,same,1,0,0,gk,Y,0.0,,,,,
30,female,50.0,1.184,different,different,1,0,0,gk,Y,0.0,,,,,
30,female,150.0,6.067,different,different,1,0,0,gk,Y,0.0,,,,,
30,female,50.0,4.803,different,different,1,0,0,gk,Y,0.0,,,,,
30,female,0.0,0.952,same,same,1,0,0,gk,Y,0.0,,,,,
30,female,150.0,4.471,different,different,1,0,0,gk,Y,0.0,,,,,
30,female,50.0,2.133,same,same,1,0,0,gk,Y,0.0,,,,,
30,female,100.0,3.389,same,same,1,0,0,gk,Y,0.0,,,,,
30,female,0.0,6.41,different,different,1,0,0,gk,Y,0.0,,,,,
30,female,150.0,2.95,same,same,1,0,0,gk,Y,0.0,,,,,
30,female,100.0,5.319,different,different,1,0,0,gk,Y,0.0,,,,,
30,female,100.0,3.553,different,different,1,0,0,gk,Y,0.0,,,,,
30,female,50.0,2.7,same,same,1,0,0,gk,Y,0.0,,,,,
30,female,0.0,1.319,same,same,1,0,0,gk,Y,0.0,,,,,
30,female,150.0,3.37,same,same,1,0,0,gk,Y,0.0,,,,,
30,female,150.0,5.478,different,different,1,0,0,gk,Y,0.0,,,,,
30,female,50.0,1.41,different,different,1,0,0,gk,Y,0.0,,,,,
30,female,100.0,2.024,same,same,1,0,0,gk,Y,0.0,,,,,
30,female,0.0,4.951,different,different,1,0,0,gk,Y,0.0,,,,,
31,male,0.0,1.55,different,different,1,0,0,gk,Y,0.0,,,,,
31,male,150.0,2.543,same,different,0,1,0,gk,Y,0.0,,,,,
31,male,150.0,3.691,same,same,1,0,0,gk,Y,0.0,,,,,
31,male,100.0,5.219,same,same,1,0,0,gk,Y,0.0,,,,,
31,male,50.0,2.847,same,same,1,0,0,gk,Y,0.0,,,,,
31,male,50.0,3.319,different,different,1,0,0,gk,Y,0.0,,,,,
31,male,100.0,5.294,different,different,1,0,0,gk,Y,0.0,,,,,
31,male,0.0,1.291,same,same,1,0,0,gk,Y,0.0,,,,,
31,male,150.0,6.158,different,different,1,0,0,gk,Y,0.0,,,,,
31,male,150.0,4.976,same,same,1,0,0,gk,Y,0.0,,,,,
31,male,50.0,5.118,different,different,1,0,0,gk,Y,0.0,,,,,
31,male,0.0,3.166,different,different,1,0,0,gk,Y,0.0,,,,,
31,male,0.0,1.256,same,same,1,0,0,gk,Y,0.0,,,,,
31,male,100.0,4.41,different,different,1,0,0,gk,Y,0.0,,,,,
31,male,50.0,2.442,same,same,1,0,0,gk,Y,0.0,,,,,
31,male,100.0,7.294,different,different,1,0,0,gk,Y,0.0,,,,,
31,male,150.0,7.374,same,same,1,0,0,gk,Y,0.0,,,,,
31,male,50.0,4.346,same,same,1,0,0,gk,Y,0.0,,,,,
31,male,100.0,3.773,different,different,1,0,0,gk,Y,0.0,,,,,
31,male,0.0,2.607,different,different,1,0,0,gk,Y,0.0,,,,,
31,male,0.0,1.211,same,same,1,0,0,gk,Y,0.0,,,,,
31,male,150.0,4.169,same,different,0,1,0,gk,Y,0.0,,,,,
31,male,150.0,4.291,different,different,1,0,0,gk,Y,0.0,,,,,
31,male,50.0,2.969,different,different,1,0,0,gk,Y,0.0,,,,,
31,male,50.0,6.448,different,same,0,0,1,gk,Y,0.0,,,,,
31,male,100.0,2.913,same,same,1,0,0,gk,Y,0.0,,,,,
31,male,0.0,1.429,same,same,1,0,0,gk,Y,0.0,,,,,
31,male,0.0,3.336,different,different,1,0,0,gk,Y,0.0,,,,,
31,male,150.0,4.685,same,same,1,0,0,gk,Y,0.0,,,,,
31,male,100.0,5.126,different,different,1,0,0,gk,Y,0.0,,,,,
31,male,50.0,3.5,same,same,1,0,0,gk,Y,0.0,,,,,
31,male,100.0,2.916,same,same,1,0,0,gk,Y,0.0,,,,,
31,male,150.0,5.787,different,same,0,0,1,gk,Y,0.0,,,,,
31,male,0.0,1.894,different,different,1,0,0,gk,Y,0.0,,,,,
31,male,100.0,2.494,same,same,1,0,0,gk,Y,0.0,,,,,
31,male,150.0,5.402,same,different,0,1,0,gk,Y,0.0,,,,,
31,male,0.0,1.504,same,same,1,0,0,gk,Y,0.0,,,,,
31,male,50.0,1.518,different,different,1,0,0,gk,Y,0.0,,,,,
31,male,150.0,3.58,same,same,1,0,0,gk,Y,0.0,,,,,
31,male,0.0,1.848,different,different,1,0,0,gk,Y,0.0,,,,,
31,male,100.0,4.499,same,same,1,0,0,gk,Y,0.0,,,,,
31,male,150.0,4.698,different,different,1,0,0,gk,Y,0.0,,,,,
31,male,50.0,1.61,different,different,1,0,0,gk,Y,0.0,,,,,
31,male,0.0,1.442,same,same,1,0,0,gk,Y,0.0,,,,,
31,male,50.0,2.603,same,same,1,0,0,gk,Y,0.0,,,,,
31,male,100.0,2.779,different,different,1,0,0,gk,Y,0.0,,,,,
31,male,150.0,3.532,different,different,1,0,0,gk,Y,0.0,,,,,
31,male,0.0,1.248,same,same,1,0,0,gk,Y,0.0,,,,,
31,male,0.0,2.111,different,different,1,0,0,gk,Y,0.0,,,,,
31,male,100.0,4.562,same,same,1,0,0,gk,Y,0.0,,,,,
31,male,50.0,1.459,different,different,1,0,0,gk,Y,0.0,,,,,
31,male,150.0,5.263,same,same,1,0,0,gk,Y,0.0,,,,,
31,male,50.0,3.996,same,same,1,0,0,gk,Y,0.0,,,,,
31,male,150.0,3.937,different,different,1,0,0,gk,Y,0.0,,,,,
31,male,100.0,3.879,different,different,1,0,0,gk,Y,0.0,,,,,
31,male,150.0,5.681,same,same,1,0,0,gk,Y,0.0,,,,,
31,male,100.0,4.022,same,same,1,0,0,gk,Y,0.0,,,,,
31,male,0.0,1.368,same,same,1,0,0,gk,Y,0.0,,,,,
31,male,0.0,3.966,different,different,1,0,0,gk,Y,0.0,,,,,
31,male,50.0,1.617,different,different,1,0,0,gk,Y,0.0,,,,,
31,male,50.0,2.876,same,same,1,0,0,gk,Y,0.0,,,,,
31,male,150.0,4.212,different,different,1,0,0,gk,Y,0.0,,,,,
31,male,0.0,1.004,same,same,1,0,0,gk,Y,0.0,,,,,
31,male,150.0,4.978,different,same,0,0,1,gk,Y,0.0,,,,,
31,male,0.0,3.877,different,different,1,0,0,gk,Y,0.0,,,,,
31,male,50.0,1.59,different,different,1,0,0,gk,Y,0.0,,,,,
31,male,50.0,2.986,same,same,1,0,0,gk,Y,0.0,,,,,
31,male,100.0,7.299,different,same,0,0,1,gk,Y,0.0,,,,,
31,male,100.0,3.338,different,different,1,0,0,gk,Y,0.0,,,,,
31,male,100.0,2.945,different,different,1,0,0,gk,Y,0.0,,,,,
31,male,150.0,3.743,same,same,1,0,0,gk,Y,0.0,,,,,
31,male,0.0,2.354,different,different,1,0,0,gk,Y,0.0,,,,,
31,male,0.0,1.687,same,same,1,0,0,gk,Y,0.0,,,,,
31,male,50.0,6.769,same,same,1,0,0,gk,Y,0.0,,,,,
31,male,50.0,2.139,different,different,1,0,0,gk,Y,0.0,,,,,
31,male,150.0,2.609,same,different,0,1,0,gk,Y,0.0,,,,,
31,male,50.0,5.357,same,different,0,1,0,gk,Y,0.0,,,,,
31,male,0.0,1.081,same,same,1,0,0,gk,Y,0.0,,,,,
31,male,150.0,4.818,different,different,1,0,0,gk,Y,0.0,,,,,
31,male,50.0,2.922,same,same,1,0,0,gk,Y,0.0,,,,,
31,male,100.0,5.705,same,same,1,0,0,gk,Y,0.0,,,,,
31,male,0.0,3.559,different,different,1,0,0,gk,Y,0.0,,,,,
31,male,150.0,5.294,different,same,0,0,1,gk,Y,0.0,,,,,
31,male,100.0,6.204,different,different,1,0,0,gk,Y,0.0,,,,,
31,male,100.0,4.347,same,different,0,1,0,gk,Y,0.0,,,,,
31,male,50.0,4.469,same,same,1,0,0,gk,Y,0.0,,,,,
31,male,0.0,0.884,same,same,1,0,0,gk,Y,0.0,,,,,
31,male,150.0,3.982,same,same,1,0,0,gk,Y,0.0,,,,,
31,male,150.0,4.601,different,different,1,0,0,gk,Y,0.0,,,,,
31,male,50.0,1.596,different,different,1,0,0,gk,Y,0.0,,,,,
31,male,100.0,5.137,different,same,0,0,1,gk,Y,0.0,,,,,
31,male,0.0,2.07,different,different,1,0,0,gk,Y,0.0,,,,,
32,female,0.0,6.15,different,different,1,0,0,gk,Y,0.0,,,,,
32,female,150.0,4.895,different,different,1,0,0,gk,Y,0.0,,,,,
32,female,150.0,2.134,same,same,1,0,0,gk,Y,0.0,,,,,
32,female,100.0,4.117,same,same,1,0,0,gk,Y,0.0,,,,,
32,female,50.0,3.01,same,same,1,0,0,gk,Y,0.0,,,,,
32,female,50.0,4.412,different,different,1,0,0,gk,Y,0.0,,,,,
32,female,0.0,1.782,same,same,1,0,0,gk,Y,0.0,,,,,
32,female,150.0,3.708,different,different,1,0,0,gk,Y,0.0,,,,,
32,female,150.0,3.272,same,same,1,0,0,gk,Y,0.0,,,,,
32,female,50.0,3.692,different,different,1,0,0,gk,Y,0.0,,,,,
32,female,0.0,2.915,different,different,1,0,0,gk,Y,0.0,,,,,
32,female,0.0,1.47,same,same,1,0,0,gk,Y,0.0,,,,,
32,female,100.0,2.417,different,different,1,0,0,gk,Y,0.0,,,,,
32,female,100.0,4.307,same,same,1,0,0,gk,Y,0.0,,,,,
32,female,50.0,2.744,same,same,1,0,0,gk,Y,0.0,,,,,
32,female,100.0,3.646,different,different,1,0,0,gk,Y,0.0,,,,,
32,female,150.0,2.289,same,same,1,0,0,gk,Y,0.0,,,,,
32,female,50.0,2.609,different,different,1,0,0,gk,Y,0.0,,,,,
32,female,50.0,1.947,same,same,1,0,0,gk,Y,0.0,,,,,
32,female,100.0,3.525,different,different,1,0,0,gk,Y,0.0,,,,,
32,female,0.0,1.747,different,different,1,0,0,gk,Y,0.0,,,,,
32,female,0.0,2.135,same,same,1,0,0,gk,Y,0.0,,,,,
32,female,150.0,2.745,different,different,1,0,0,gk,Y,0.0,,,,,
32,female,150.0,4.276,different,different,1,0,0,gk,Y,0.0,,,,,
32,female,50.0,2.154,different,different,1,0,0,gk,Y,0.0,,,,,
32,female,50.0,1.736,same,same,1,0,0,gk,Y,0.0,,,,,
32,female,100.0,3.319,same,same,1,0,0,gk,Y,0.0,,,,,
32,female,0.0,1.588,same,same,1,0,0,gk,Y,0.0,,,,,
32,female,0.0,2.327,different,different,1,0,0,gk,Y,0.0,,,,,
32,female,150.0,2.682,different,same,0,0,1,gk,Y,0.0,,,,,
32,female,100.0,2.687,different,different,1,0,0,gk,Y,0.0,,,,,
32,female,50.0,1.622,same,same,1,0,0,gk,Y,0.0,,,,,
32,female,100.0,1.951,same,same,1,0,0,gk,Y,0.0,,,,,
32,female,150.0,3.053,same,same,1,0,0,gk,Y,0.0,,,,,
32,female,0.0,2.423,different,different,1,0,0,gk,Y,0.0,,,,,
32,female,100.0,3.256,same,same,1,0,0,gk,Y,0.0,,,,,
32,female,150.0,2.985,different,different,1,0,0,gk,Y,0.0,,,,,
32,female,0.0,1.285,same,same,1,0,0,gk,Y,0.0,,,,,
32,female,50.0,2.589,same,different,0,1,0,gk,Y,0.0,,,,,
32,female,150.0,3.976,different,same,0,0,1,gk,Y,0.0,,,,,
32,female,0.0,2.18,different,different,1,0,0,gk,Y,0.0,,,,,
32,female,100.0,2.368,same,same,1,0,0,gk,Y,0.0,,,,,
32,female,150.0,3.292,different,different,1,0,0,gk,Y,0.0,,,,,
32,female,50.0,3.158,different,different,1,0,0,gk,Y,0.0,,,,,
32,female,100.0,3.417,different,different,1,0,0,gk,Y,0.0,,,,,
32,female,0.0,1.132,same,same,1,0,0,gk,Y,0.0,,,,,
32,female,50.0,1.289,same,same,1,0,0,gk,Y,0.0,,,,,
32,female,100.0,4.102,different,different,1,0,0,gk,Y,0.0,,,,,
32,female,150.0,2.171,different,different,1,0,0,gk,Y,0.0,,,,,
32,female,0.0,1.15,same,same,1,0,0,gk,Y,0.0,,,,,
32,female,0.0,2.124,different,different,1,0,0,gk,Y,0.0,,,,,
32,female,100.0,3.386,same,same,1,0,0,gk,Y,0.0,,,,,
32,female,50.0,1.451,different,different,1,0,0,gk,Y,0.0,,,,,
32,female,150.0,2.214,same,same,1,0,0,gk,Y,0.0,,,,,
32,female,50.0,1.255,same,same,1,0,0,gk,Y,0.0,,,,,
32,female,150.0,1.336,different,different,1,0,0,gk,Y,0.0,,,,,
32,female,100.0,2.982,different,different,1,0,0,gk,Y,0.0,,,,,
32,female,150.0,2.122,same,same,1,0,0,gk,Y,0.0,,,,,
32,female,100.0,2.192,same,same,1,0,0,gk,Y,0.0,,,,,
32,female,0.0,0.946,same,same,1,0,0,gk,Y,0.0,,,,,
32,female,0.0,2.16,different,different,1,0,0,gk,Y,0.0,,,,,
32,female,50.0,2.25,different,different,1,0,0,gk,Y,0.0,,,,,
32,female,50.0,1.644,same,same,1,0,0,gk,Y,0.0,,,,,
32,female,150.0,3.303,different,different,1,0,0,gk,Y,0.0,,,,,
32,female,0.0,1.636,same,same,1,0,0,gk,Y,0.0,,,,,
32,female,150.0,2.631,same,same,1,0,0,gk,Y,0.0,,,,,
32,female,0.0,4.49,different,different,1,0,0,gk,Y,0.0,,,,,
32,female,50.0,3.394,different,different,1,0,0,gk,Y,0.0,,,,,
32,female,50.0,1.25,same,same,1,0,0,gk,Y,0.0,,,,,
32,female,100.0,2.107,same,same,1,0,0,gk,Y,0.0,,,,,
32,female,100.0,4.02,different,different,1,0,0,gk,Y,0.0,,,,,
32,female,100.0,2.055,same,same,1,0,0,gk,Y,0.0,,,,,
32,female,100.0,3.038,different,different,1,0,0,gk,Y,0.0,,,,,
32,female,150.0,3.376,same,same,1,0,0,gk,Y,0.0,,,,,
32,female,0.0,6.773,different,different,1,0,0,gk,Y,0.0,,,,,
32,female,0.0,1.113,same,same,1,0,0,gk,Y,0.0,,,,,
32,female,50.0,1.673,same,same,1,0,0,gk,Y,0.0,,,,,
32,female,50.0,3.582,different,different,1,0,0,gk,Y,0.0,,,,,
32,female,150.0,3.363,same,different,0,1,0,gk,Y,0.0,,,,,
32,female,50.0,2.4,different,different,1,0,0,gk,Y,0.0,,,,,
32,female,0.0,0.899,same,same,1,0,0,gk,Y,0.0,,,,,
32,female,150.0,2.05,different,different,1,0,0,gk,Y,0.0,,,,,
32,female,50.0,3.074,different,same,0,0,1,gk,Y,0.0,,,,,
32,female,100.0,1.762,same,same,1,0,0,gk,Y,0.0,,,,,
32,female,0.0,2.014,different,different,1,0,0,gk,Y,0.0,,,,,
32,female,150.0,2.498,same,same,1,0,0,gk,Y,0.0,,,,,
32,female,100.0,1.88,different,different,1,0,0,gk,Y,0.0,,,,,
32,female,100.0,3.001,different,different,1,0,0,gk,Y,0.0,,,,,
32,female,50.0,1.612,same,same,1,0,0,gk,Y,0.0,,,,,
32,female,0.0,0.947,same,same,1,0,0,gk,Y,0.0,,,,,
32,female,150.0,2.162,same,same,1,0,0,gk,Y,0.0,,,,,
32,female,150.0,2.853,different,different,1,0,0,gk,Y,0.0,,,,,
32,female,50.0,2.398,different,different,1,0,0,gk,Y,0.0,,,,,
32,female,100.0,2.268,same,same,1,0,0,gk,Y,0.0,,,,,
32,female,0.0,2.283,different,different,1,0,0,gk,Y,0.0,,,,,
33,female,0.0,2.933,different,different,1,0,0,gk,Y,0.0,,,,,
33,female,150.0,2.232,different,different,1,0,0,gk,Y,0.0,,,,,
33,female,150.0,1.396,same,same,1,0,0,gk,Y,0.0,,,,,
33,female,100.0,2.302,different,same,0,0,1,gk,Y,0.0,,,,,
33,female,50.0,2.837,same,same,1,0,0,gk,Y,0.0,,,,,
33,female,50.0,2.975,different,different,1,0,0,gk,Y,0.0,,,,,
33,female,100.0,2.451,different,different,1,0,0,gk,Y,0.0,,,,,
33,female,0.0,1.331,same,same,1,0,0,gk,Y,0.0,,,,,
33,female,150.0,5.97,different,different,1,0,0,gk,Y,0.0,,,,,
33,female,150.0,2.71,same,same,1,0,0,gk,Y,0.0,,,,,
33,female,50.0,3.157,different,different,1,0,0,gk,Y,0.0,,,,,
33,female,0.0,1.682,different,different,1,0,0,gk,Y,0.0,,,,,
33,female,0.0,1.112,same,same,1,0,0,gk,Y,0.0,,,,,
33,female,100.0,3.048,different,different,1,0,0,gk,Y,0.0,,,,,
33,female,100.0,2.295,same,same,1,0,0,gk,Y,0.0,,,,,
33,female,50.0,1.768,different,same,0,0,1,gk,Y,0.0,,,,,
33,female,100.0,1.236,different,different,1,0,0,gk,Y,0.0,,,,,
33,female,150.0,3.23,same,same,1,0,0,gk,Y,0.0,,,,,
33,female,50.0,3.376,different,different,1,0,0,gk,Y,0.0,,,,,
33,female,50.0,1.076,same,same,1,0,0,gk,Y,0.0,,,,,
33,female,100.0,1.524,different,different,1,0,0,gk,Y,0.0,,,,,
33,female,0.0,0.966,same,different,0,1,0,gk,Y,0.0,,,,,
33,female,0.0,2.172,same,same,1,0,0,gk,Y,0.0,,,,,
33,female,150.0,3.618,different,different,1,0,0,gk,Y,0.0,,,,,
33,female,150.0,4.434,different,different,1,0,0,gk,Y,0.0,,,,,
33,female,50.0,3.124,different,different,1,0,0,gk,Y,0.0,,,,,
33,female,50.0,2.636,same,same,1,0,0,gk,Y,0.0,,,,,
33,female,100.0,2.453,same,same,1,0,0,gk,Y,0.0,,,,,
33,female,0.0,2.028,same,same,1,0,0,gk,Y,0.0,,,,,
33,female,0.0,1.607,different,different,1,0,0,gk,Y,0.0,,,,,
33,female,150.0,1.466,different,same,0,0,1,gk,Y,0.0,,,,,
33,female,50.0,2.624,same,same,1,0,0,gk,Y,0.0,,,,,
33,female,100.0,2.46,different,same,0,0,1,gk,Y,0.0,,,,,
33,female,150.0,2.499,same,same,1,0,0,gk,Y,0.0,,,,,
33,female,0.0,1.394,different,different,1,0,0,gk,Y,0.0,,,,,
33,female,100.0,2.022,same,same,1,0,0,gk,Y,0.0,,,,,
33,female,150.0,2.52,different,different,1,0,0,gk,Y,0.0,,,,,
33,female,0.0,1.039,same,same,1,0,0,gk,Y,0.0,,,,,
33,female,50.0,1.6,different,different,1,0,0,gk,Y,0.0,,,,,
33,female,150.0,1.545,same,same,1,0,0,gk,Y,0.0,,,,,
33,female,0.0,2.432,different,different,1,0,0,gk,Y,0.0,,,,,
33,female,100.0,2.186,same,same,1,0,0,gk,Y,0.0,,,,,
33,female,150.0,1.46,different,different,1,0,0,gk,Y,0.0,,,,,
33,female,50.0,1.678,different,different,1,0,0,gk,Y,0.0,,,,,
33,female,100.0,1.606,different,different,1,0,0,gk,Y,0.0,,,,,
33,female,0.0,1.127,same,same,1,0,0,gk,Y,0.0,,,,,
33,female,50.0,1.15,same,same,1,0,0,gk,Y,0.0,,,,,
33,female,100.0,1.164,same,different,0,1,0,gk,Y,0.0,,,,,
33,female,150.0,1.165,different,different,1,0,0,gk,Y,0.0,,,,,
33,female,0.0,1.304,same,same,1,0,0,gk,Y,0.0,,,,,
33,female,0.0,0.997,different,different,1,0,0,gk,Y,0.0,,,,,
33,female,100.0,1.897,same,same,1,0,0,gk,Y,0.0,,,,,
33,female,50.0,0.926,different,different,1,0,0,gk,Y,0.0,,,,,
33,female,150.0,2.175,same,same,1,0,0,gk,Y,0.0,,,,,
33,female,50.0,0.928,same,same,1,0,0,gk,Y,0.0,,,,,
33,female,150.0,1.527,same,different,0,1,0,gk,Y,0.0,,,,,
33,female,100.0,1.1,different,different,1,0,0,gk,Y,0.0,,,,,
33,female,150.0,1.549,same,same,1,0,0,gk,Y,0.0,,,,,
33,female,100.0,1.456,different,same,0,0,1,gk,Y,0.0,,,,,
33,female,0.0,0.816,same,same,1,0,0,gk,Y,0.0,,,,,
33,female,0.0,0.884,different,different,1,0,0,gk,Y,0.0,,,,,
33,female,50.0,1.122,different,different,1,0,0,gk,Y,0.0,,,,,
33,female,50.0,1.063,same,same,1,0,0,gk,Y,0.0,,,,,
33,female,150.0,1.706,different,different,1,0,0,gk,Y,0.0,,,,,
33,female,0.0,1.248,same,same,1,0,0,gk,Y,0.0,,,,,
33,female,150.0,1.552,same,same,1,0,0,gk,Y,0.0,,,,,
33,female,0.0,0.803,different,different,1,0,0,gk,Y,0.0,,,,,
33,female,50.0,2.346,different,different,1,0,0,gk,Y,0.0,,,,,
33,female,50.0,1.192,same,same,1,0,0,gk,Y,0.0,,,,,
33,female,100.0,1.063,same,same,1,0,0,gk,Y,0.0,,,,,
33,female,100.0,2.202,different,different,1,0,0,gk,Y,0.0,,,,,
33,female,100.0,1.196,same,same,1,0,0,gk,Y,0.0,,,,,
33,female,100.0,1.535,different,different,1,0,0,gk,Y,0.0,,,,,
33,female,150.0,2.659,same,same,1,0,0,gk,Y,0.0,,,,,
33,female,0.0,2.403,same,different,0,1,0,gk,Y,0.0,,,,,
33,female,0.0,1.503,same,same,1,0,0,gk,Y,0.0,,,,,
33,female,50.0,1.423,different,same,0,0,1,gk,Y,0.0,,,,,
33,female,50.0,1.959,different,different,1,0,0,gk,Y,0.0,,,,,
33,female,150.0,1.923,same,different,0,1,0,gk,Y,0.0,,,,,
33,female,50.0,1.699,different,different,1,0,0,gk,Y,0.0,,,,,
33,female,0.0,1.073,same,same,1,0,0,gk,Y,0.0,,,,,
33,female,150.0,5.513,different,different,1,0,0,gk,Y,0.0,,,,,
33,female,50.0,1.718,same,same,1,0,0,gk,Y,0.0,,,,,
33,female,100.0,1.51,same,same,1,0,0,gk,Y,0.0,,,,,
33,female,0.0,2.651,different,different,1,0,0,gk,Y,0.0,,,,,
33,female,150.0,3.366,same,same,1,0,0,gk,Y,0.0,,,,,
33,female,100.0,2.793,different,different,1,0,0,gk,Y,0.0,,,,,
33,female,100.0,1.597,different,different,1,0,0,gk,Y,0.0,,,,,
33,female,50.0,1.328,same,same,1,0,0,gk,Y,0.0,,,,,
33,female,0.0,0.828,same,same,1,0,0,gk,Y,0.0,,,,,
33,female,150.0,2.095,same,same,1,0,0,gk,Y,0.0,,,,,
33,female,150.0,2.125,different,different,1,0,0,gk,Y,0.0,,,,,
33,female,50.0,1.226,different,different,1,0,0,gk,Y,0.0,,,,,
33,female,100.0,2.783,same,same,1,0,0,gk,Y,0.0,,,,,
33,female,0.0,1.017,different,different,1,0,0,gk,Y,0.0,,,,,
34,male,0.0,3.855,different,different,1,0,0,gk,Y,0.0,,,,,
34,male,150.0,6.735,same,different,0,1,0,gk,Y,0.0,,,,,
34,male,150.0,6.563,same,same,1,0,0,gk,Y,0.0,,,,,
34,male,50.0,4.259,same,same,1,0,0,gk,Y,0.0,,,,,
34,male,50.0,4.506,different,different,1,0,0,gk,Y,0.0,,,,,
34,male,100.0,5.17,different,different,1,0,0,gk,Y,0.0,,,,,
34,male,0.0,1.661,same,same,1,0,0,gk,Y,0.0,,,,,
34,male,150.0,3.55,different,different,1,0,0,gk,Y,0.0,,,,,
34,male,150.0,3.355,same,same,1,0,0,gk,Y,0.0,,,,,
34,male,50.0,7.113,different,different,1,0,0,gk,Y,0.0,,,,,
34,male,0.0,1.817,different,different,1,0,0,gk,Y,0.0,,,,,
34,male,0.0,1.96,same,same,1,0,0,gk,Y,0.0,,,,,
34,male,100.0,2.663,different,different,1,0,0,gk,Y,0.0,,,,,
34,male,100.0,3.598,same,same,1,0,0,gk,Y,0.0,,,,,
34,male,50.0,2.498,same,same,1,0,0,gk,Y,0.0,,,,,
34,male,100.0,5.498,different,different,1,0,0,gk,Y,0.0,,,,,
34,male,150.0,3.745,same,same,1,0,0,gk,Y,0.0,,,,,
34,male,50.0,3.911,different,different,1,0,0,gk,Y,0.0,,,,,
34,male,50.0,2.917,same,same,1,0,0,gk,Y,0.0,,,,,
34,male,100.0,2.97,different,different,1,0,0,gk,Y,0.0,,,,,
34,male,0.0,2.599,different,different,1,0,0,gk,Y,0.0,,,,,
34,male,0.0,2.896,same,same,1,0,0,gk,Y,0.0,,,,,
34,male,150.0,6.058,different,different,1,0,0,gk,Y,0.0,,,,,
34,male,150.0,2.106,different,different,1,0,0,gk,Y,0.0,,,,,
34,male,50.0,2.303,different,different,1,0,0,gk,Y,0.0,,,,,
34,male,50.0,3.463,same,same,1,0,0,gk,Y,0.0,,,,,
34,male,100.0,5.825,same,same,1,0,0,gk,Y,0.0,,,,,
34,male,0.0,1.489,same,same,1,0,0,gk,Y,0.0,,,,,
34,male,0.0,1.271,different,different,1,0,0,gk,Y,0.0,,,,,
34,male,150.0,7.249,same,same,1,0,0,gk,Y,0.0,,,,,
34,male,100.0,6.091,different,different,1,0,0,gk,Y,0.0,,,,,
34,male,50.0,4.416,same,same,1,0,0,gk,Y,0.0,,,,,
34,male,100.0,4.685,different,same,0,0,1,gk,Y,0.0,,,,,
34,male,150.0,6.293,same,same,1,0,0,gk,Y,0.0,,,,,
34,male,0.0,2.548,different,different,1,0,0,gk,Y,0.0,,,,,
34,male,100.0,3.225,same,same,1,0,0,gk,Y,0.0,,,,,
34,male,150.0,1.858,different,different,1,0,0,gk,Y,0.0,,,,,
34,male,0.0,1.995,same,same,1,0,0,gk,Y,0.0,,,,,
34,male,50.0,1.278,different,different,1,0,0,gk,Y,0.0,,,,,
34,male,150.0,3.58,same,same,1,0,0,gk,Y,0.0,,,,,
34,male,0.0,1.881,different,different,1,0,0,gk,Y,0.0,,,,,
34,male,100.0,3.753,same,same,1,0,0,gk,Y,0.0,,,,,
34,male,150.0,5.375,different,different,1,0,0,gk,Y,0.0,,,,,
34,male,50.0,3.02,different,different,1,0,0,gk,Y,0.0,,,,,
34,male,100.0,4.565,different,different,1,0,0,gk,Y,0.0,,,,,
34,male,0.0,1.442,same,same,1,0,0,gk,Y,0.0,,,,,
34,male,50.0,2.699,same,same,1,0,0,gk,Y,0.0,,,,,
34,male,100.0,2.492,different,different,1,0,0,gk,Y,0.0,,,,,
34,male,150.0,3.164,same,different,0,1,0,gk,Y,0.0,,,,,
34,male,0.0,1.832,same,same,1,0,0,gk,Y,0.0,,,,,
34,male,0.0,1.608,different,different,1,0,0,gk,Y,0.0,,,,,
34,male,100.0,2.564,same,same,1,0,0,gk,Y,0.0,,,,,
34,male,50.0,1.911,different,different,1,0,0,gk,Y,0.0,,,,,
34,male,150.0,4.023,different,same,0,0,1,gk,Y,0.0,,,,,
34,male,50.0,1.415,same,same,1,0,0,gk,Y,0.0,,,,,
34,male,150.0,1.843,different,different,1,0,0,gk,Y,0.0,,,,,
34,male,100.0,3.666,different,different,1,0,0,gk,Y,0.0,,,,,
34,male,150.0,3.124,same,same,1,0,0,gk,Y,0.0,,,,,
34,male,100.0,3.312,same,same,1,0,0,gk,Y,0.0,,,,,
34,male,0.0,1.686,same,same,1,0,0,gk,Y,0.0,,,,,
34,male,0.0,1.285,different,different,1,0,0,gk,Y,0.0,,,,,
34,male,50.0,2.053,different,different,1,0,0,gk,Y,0.0,,,,,
34,male,50.0,2.134,same,same,1,0,0,gk,Y,0.0,,,,,
34,male,150.0,2.909,different,different,1,0,0,gk,Y,0.0,,,,,
34,male,0.0,1.812,same,same,1,0,0,gk,Y,0.0,,,,,
34,male,150.0,3.7,same,same,1,0,0,gk,Y,0.0,,,,,
34,male,0.0,1.181,different,different,1,0,0,gk,Y,0.0,,,,,
34,male,50.0,2.373,different,different,1,0,0,gk,Y,0.0,,,,,
34,male,50.0,1.722,same,same,1,0,0,gk,Y,0.0,,,,,
34,male,100.0,1.513,same,same,1,0,0,gk,Y,0.0,,,,,
34,male,100.0,4.528,different,different,1,0,0,gk,Y,0.0,,,,,
34,male,100.0,1.575,same,same,1,0,0,gk,Y,0.0,,,,,
34,male,100.0,3.658,different,different,1,0,0,gk,Y,0.0,,,,,
34,male,150.0,2.139,same,same,1,0,0,gk,Y,0.0,,,,,
34,male,0.0,5.103,different,different,1,0,0,gk,Y,0.0,,,,,
34,male,0.0,1.887,same,same,1,0,0,gk,Y,0.0,,,,,
34,male,50.0,2.679,same,same,1,0,0,gk,Y,0.0,,,,,
34,male,50.0,1.884,different,different,1,0,0,gk,Y,0.0,,,,,
34,male,150.0,4.413,different,different,1,0,0,gk,Y,0.0,,,,,
34,male,50.0,3.975,different,different,1,0,0,gk,Y,0.0,,,,,
34,male,0.0,0.987,same,same,1,0,0,gk,Y,0.0,,,,,
34,male,150.0,2.753,different,different,1,0,0,gk,Y,0.0,,,,,
34,male,50.0,4.1,same,same,1,0,0,gk,Y,0.0,,,,,
34,male,100.0,1.955,same,same,1,0,0,gk,Y,0.0,,,,,
34,male,0.0,3.154,same,different,0,1,0,gk,Y,0.0,,,,,
34,male,150.0,4.062,same,same,1,0,0,gk,Y,0.0,,,,,
34,male,100.0,2.792,different,different,1,0,0,gk,Y,0.0,,,,,
34,male,100.0,6.5,different,different,1,0,0,gk,Y,0.0,,,,,
34,male,50.0,2.849,same,same,1,0,0,gk,Y,0.0,,,,,
34,male,0.0,1.2,same,same,1,0,0,gk,Y,0.0,,,,,
34,male,150.0,2.612,same,same,1,0,0,gk,Y,0.0,,,,,
34,male,150.0,4.527,different,different,1,0,0,gk,Y,0.0,,,,,
34,male,50.0,2.858,different,different,1,0,0,gk,Y,0.0,,,,,
34,male,100.0,1.759,same,same,1,0,0,gk,Y,0.0,,,,,
34,male,0.0,2.899,different,different,1,0,0,gk,Y,0.0,,,,,
35,female,0.0,5.076,different,different,1,0,0,gk,Y,0.0,,,,,
35,female,150.0,3.696,different,different,1,0,0,gk,Y,0.0,,,,,
35,female,150.0,3.384,same,same,1,0,0,gk,Y,0.0,,,,,
35,female,100.0,5.059,same,same,1,0,0,gk,Y,0.0,,,,,
35,female,50.0,3.252,same,same,1,0,0,gk,Y,0.0,,,,,
35,female,50.0,4.557,different,different,1,0,0,gk,Y,0.0,,,,,
35,female,0.0,1.712,same,same,1,0,0,gk,Y,0.0,,,,,
35,female,150.0,6.402,different,different,1,0,0,gk,Y,0.0,,,,,
35,female,150.0,4.571,same,same,1,0,0,gk,Y,0.0,,,,,
35,female,50.0,5.753,different,different,1,0,0,gk,Y,0.0,,,,,
35,female,0.0,2.062,different,different,1,0,0,gk,Y,0.0,,,,,
35,female,0.0,1.659,same,same,1,0,0,gk,Y,0.0,,,,,
35,female,100.0,3.863,different,different,1,0,0,gk,Y,0.0,,,,,
35,female,100.0,2.727,same,same,1,0,0,gk,Y,0.0,,,,,
35,female,50.0,3.684,same,same,1,0,0,gk,Y,0.0,,,,,
35,female,100.0,3.684,different,different,1,0,0,gk,Y,0.0,,,,,
35,female,150.0,3.749,same,same,1,0,0,gk,Y,0.0,,,,,
35,female,50.0,3.483,different,different,1,0,0,gk,Y,0.0,,,,,
35,female,50.0,3.458,same,same,1,0,0,gk,Y,0.0,,,,,
35,female,100.0,3.243,different,different,1,0,0,gk,Y,0.0,,,,,
35,female,0.0,2.985,different,different,1,0,0,gk,Y,0.0,,,,,
35,female,0.0,2.124,same,same,1,0,0,gk,Y,0.0,,,,,
35,female,150.0,4.359,different,different,1,0,0,gk,Y,0.0,,,,,
35,female,150.0,3.561,different,different,1,0,0,gk,Y,0.0,,,,,
35,female,50.0,4.413,different,different,1,0,0,gk,Y,0.0,,,,,
35,female,50.0,5.264,same,same,1,0,0,gk,Y,0.0,,,,,
35,female,100.0,4.626,same,same,1,0,0,gk,Y,0.0,,,,,
35,female,0.0,1.233,same,same,1,0,0,gk,Y,0.0,,,,,
35,female,0.0,2.636,different,different,1,0,0,gk,Y,0.0,,,,,
35,female,150.0,3.087,same,same,1,0,0,gk,Y,0.0,,,,,
35,female,100.0,5.358,different,different,1,0,0,gk,Y,0.0,,,,,
35,female,50.0,2.561,same,same,1,0,0,gk,Y,0.0,,,,,
35,female,100.0,3.8,same,same,1,0,0,gk,Y,0.0,,,,,
35,female,150.0,4.707,different,same,0,0,1,gk,Y,0.0,,,,,
35,female,0.0,1.32,different,different,1,0,0,gk,Y,0.0,,,,,
35,female,100.0,4.622,same,same,1,0,0,gk,Y,0.0,,,,,
35,female,150.0,2.56,different,different,1,0,0,gk,Y,0.0,,,,,
35,female,0.0,1.926,same,same,1,0,0,gk,Y,0.0,,,,,
35,female,50.0,2.307,different,different,1,0,0,gk,Y,0.0,,,,,
35,female,150.0,3.298,same,same,1,0,0,gk,Y,0.0,,,,,
35,female,0.0,1.617,different,different,1,0,0,gk,Y,0.0,,,,,
35,female,100.0,5.73,same,same,1,0,0,gk,Y,0.0,,,,,
35,female,150.0,3.011,different,different,1,0,0,gk,Y,0.0,,,,,
35,female,50.0,2.661,different,different,1,0,0,gk,Y,0.0,,,,,
35,female,100.0,3.813,different,different,1,0,0,gk,Y,0.0,,,,,
35,female,0.0,1.495,same,same,1,0,0,gk,Y,0.0,,,,,
35,female,50.0,2.093,same,same,1,0,0,gk,Y,0.0,,,,,
35,female,100.0,2.774,different,different,1,0,0,gk,Y,0.0,,,,,
35,female,150.0,3.036,different,different,1,0,0,gk,Y,0.0,,,,,
35,female,0.0,1.316,same,same,1,0,0,gk,Y,0.0,,,,,
35,female,0.0,2.371,different,different,1,0,0,gk,Y,0.0,,,,,
35,female,100.0,2.489,same,same,1,0,0,gk,Y,0.0,,,,,
35,female,50.0,1.35,different,different,1,0,0,gk,Y,0.0,,,,,
35,female,150.0,4.596,same,same,1,0,0,gk,Y,0.0,,,,,
35,female,50.0,1.2,same,same,1,0,0,gk,Y,0.0,,,,,
35,female,150.0,3.85,different,different,1,0,0,gk,Y,0.0,,,,,
35,female,100.0,3.82,different,different,1,0,0,gk,Y,0.0,,,,,
35,female,150.0,1.494,same,same,1,0,0,gk,Y,0.0,,,,,
35,female,100.0,2.26,same,same,1,0,0,gk,Y,0.0,,,,,
35,female,0.0,0.957,same,same,1,0,0,gk,Y,0.0,,,,,
35,female,0.0,1.386,different,different,1,0,0,gk,Y,0.0,,,,,
35,female,50.0,3.78,different,different,1,0,0,gk,Y,0.0,,,,,
35,female,50.0,1.695,same,same,1,0,0,gk,Y,0.0,,,,,
35,female,150.0,2.4,different,different,1,0,0,gk,Y,0.0,,,,,
35,female,0.0,2.242,same,same,1,0,0,gk,Y,0.0,,,,,
35,female,150.0,1.651,different,same,0,0,1,gk,Y,0.0,,,,,
35,female,0.0,1.789,different,different,1,0,0,gk,Y,0.0,,,,,
35,female,50.0,2.945,different,different,1,0,0,gk,Y,0.0,,,,,
35,female,50.0,1.211,same,same,1,0,0,gk,Y,0.0,,,,,
35,female,100.0,1.35,same,same,1,0,0,gk,Y,0.0,,,,,
35,female,100.0,3.468,different,different,1,0,0,gk,Y,0.0,,,,,
35,female,100.0,2.693,same,same,1,0,0,gk,Y,0.0,,,,,
35,female,100.0,1.852,different,different,1,0,0,gk,Y,0.0,,,,,
35,female,150.0,1.452,same,same,1,0,0,gk,Y,0.0,,,,,
35,female,0.0,3.551,different,different,1,0,0,gk,Y,0.0,,,,,
35,female,0.0,1.828,same,same,1,0,0,gk,Y,0.0,,,,,
35,female,50.0,3.211,same,same,1,0,0,gk,Y,0.0,,,,,
35,female,50.0,1.734,different,different,1,0,0,gk,Y,0.0,,,,,
35,female,150.0,4.243,different,different,1,0,0,gk,Y,0.0,,,,,
35,female,50.0,3.023,different,different,1,0,0,gk,Y,0.0,,,,,
35,female,0.0,0.97,same,same,1,0,0,gk,Y,0.0,,,,,
35,female,150.0,2.501,different,different,1,0,0,gk,Y,0.0,,,,,
35,female,50.0,3.01,same,same,1,0,0,gk,Y,0.0,,,,,
35,female,100.0,2.821,same,same,1,0,0,gk,Y,0.0,,,,,
35,female,0.0,1.961,different,different,1,0,0,gk,Y,0.0,,,,,
35,female,150.0,5.621,same,same,1,0,0,gk,Y,0.0,,,,,
35,female,100.0,2.176,different,different,1,0,0,gk,Y,0.0,,,,,
35,female,100.0,1.819,different,different,1,0,0,gk,Y,0.0,,,,,
35,female,50.0,1.598,same,same,1,0,0,gk,Y,0.0,,,,,
35,female,0.0,1.072,same,same,1,0,0,gk,Y,0.0,,,,,
35,female,150.0,3.952,same,same,1,0,0,gk,Y,0.0,,,,,
35,female,150.0,2.381,different,different,1,0,0,gk,Y,0.0,,,,,
35,female,50.0,4.743,different,different,1,0,0,gk,Y,0.0,,,,,
35,female,100.0,1.567,same,same,1,0,0,gk,Y,0.0,,,,,
35,female,0.0,5.018,different,different,1,0,0,gk,Y,0.0,,,,,
36,female,0.0,2.733,different,different,1,0,0,gk,Y,0.0,,,,,
36,female,150.0,2.313,different,different,1,0,0,gk,Y,0.0,,,,,
36,female,150.0,2.248,different,same,0,0,1,gk,Y,0.0,,,,,
36,female,100.0,3.64,same,same,1,0,0,gk,Y,0.0,,,,,
36,female,50.0,2.674,different,same,0,0,1,gk,Y,0.0,,,,,
36,female,50.0,1.859,different,different,1,0,0,gk,Y,0.0,,,,,
36,female,100.0,2.614,different,different,1,0,0,gk,Y,0.0,,,,,
36,female,0.0,1.587,same,same,1,0,0,gk,Y,0.0,,,,,
36,female,150.0,4.48,different,different,1,0,0,gk,Y,0.0,,,,,
36,female,150.0,2.446,same,same,1,0,0,gk,Y,0.0,,,,,
36,female,50.0,2.562,different,different,1,0,0,gk,Y,0.0,,,,,
36,female,0.0,1.446,different,different,1,0,0,gk,Y,0.0,,,,,
36,female,0.0,1.301,same,same,1,0,0,gk,Y,0.0,,,,,
36,female,100.0,2.7,different,different,1,0,0,gk,Y,0.0,,,,,
36,female,100.0,2.296,same,same,1,0,0,gk,Y,0.0,,,,,
36,female,50.0,1.941,different,same,0,0,1,gk,Y,0.0,,,,,
36,female,100.0,1.775,different,different,1,0,0,gk,Y,0.0,,,,,
36,female,150.0,1.687,same,same,1,0,0,gk,Y,0.0,,,,,
36,female,50.0,2.429,different,different,1,0,0,gk,Y,0.0,,,,,
36,female,50.0,1.644,same,same,1,0,0,gk,Y,0.0,,,,,
36,female,100.0,2.325,different,different,1,0,0,gk,Y,0.0,,,,,
36,female,0.0,1.761,different,different,1,0,0,gk,Y,0.0,,,,,
36,female,0.0,1.109,same,same,1,0,0,gk,Y,0.0,,,,,
36,female,150.0,3.535,different,different,1,0,0,gk,Y,0.0,,,,,
36,female,150.0,3.553,different,different,1,0,0,gk,Y,0.0,,,,,
36,female,50.0,2.18,different,different,1,0,0,gk,Y,0.0,,,,,
36,female,50.0,1.458,same,same,1,0,0,gk,Y,0.0,,,,,
36,female,100.0,2.001,same,same,1,0,0,gk,Y,0.0,,,,,
36,female,0.0,1.081,same,same,1,0,0,gk,Y,0.0,,,,,
36,female,0.0,2.343,different,different,1,0,0,gk,Y,0.0,,,,,
36,female,150.0,4.065,same,same,1,0,0,gk,Y,0.0,,,,,
36,female,100.0,3.188,different,different,1,0,0,gk,Y,0.0,,,,,
36,female,50.0,2.673,same,same,1,0,0,gk,Y,0.0,,,,,
36,female,100.0,2.572,same,same,1,0,0,gk,Y,0.0,,,,,
36,female,150.0,4.624,same,same,1,0,0,gk,Y,0.0,,,,,
36,female,0.0,1.719,different,different,1,0,0,gk,Y,0.0,,,,,
36,female,100.0,4.689,same,same,1,0,0,gk,Y,0.0,,,,,
36,female,150.0,4.391,same,different,0,1,0,gk,Y,0.0,,,,,
36,female,0.0,1.162,same,same,1,0,0,gk,Y,0.0,,,,,
36,female,50.0,1.47,different,different,1,0,0,gk,Y,0.0,,,,,
36,female,150.0,4.128,same,same,1,0,0,gk,Y,0.0,,,,,
36,female,0.0,1.204,different,different,1,0,0,gk,Y,0.0,,,,,
36,female,100.0,4.111,same,same,1,0,0,gk,Y,0.0,,,,,
36,female,150.0,2.728,same,different,0,1,0,gk,Y,0.0,,,,,
36,female,50.0,1.245,different,different,1,0,0,gk,Y,0.0,,,,,
36,female,100.0,2.071,different,different,1,0,0,gk,Y,0.0,,,,,
36,female,0.0,1.39,same,same,1,0,0,gk,Y,0.0,,,,,
36,female,50.0,3.024,same,same,1,0,0,gk,Y,0.0,,,,,
36,female,100.0,1.828,different,different,1,0,0,gk,Y,0.0,,,,,
36,female,150.0,2.453,different,different,1,0,0,gk,Y,0.0,,,,,
36,female,0.0,1.255,same,same,1,0,0,gk,Y,0.0,,,,,
36,female,0.0,1.125,different,different,1,0,0,gk,Y,0.0,,,,,
36,female,100.0,2.9,same,same,1,0,0,gk,Y,0.0,,,,,
36,female,50.0,1.705,different,different,1,0,0,gk,Y,0.0,,,,,
36,female,150.0,6.553,same,same,1,0,0,gk,Y,0.0,,,,,
36,female,50.0,1.206,same,same,1,0,0,gk,Y,0.0,,,,,
36,female,150.0,2.896,different,different,1,0,0,gk,Y,0.0,,,,,
36,female,100.0,3.775,different,different,1,0,0,gk,Y,0.0,,,,,
36,female,150.0,2.108,same,same,1,0,0,gk,Y,0.0,,,,,
36,female,100.0,2.369,same,same,1,0,0,gk,Y,0.0,,,,,
36,female,0.0,0.973,same,same,1,0,0,gk,Y,0.0,,,,,
36,female,0.0,1.168,different,different,1,0,0,gk,Y,0.0,,,,,
36,female,50.0,3.365,different,different,1,0,0,gk,Y,0.0,,,,,
36,female,50.0,1.488,same,same,1,0,0,gk,Y,0.0,,,,,
36,female,150.0,2.887,different,different,1,0,0,gk,Y,0.0,,,,,
36,female,0.0,0.974,same,same,1,0,0,gk,Y,0.0,,,,,
36,female,150.0,3.651,same,same,1,0,0,gk,Y,0.0,,,,,
36,female,0.0,1.205,different,different,1,0,0,gk,Y,0.0,,,,,
36,female,50.0,1.957,different,different,1,0,0,gk,Y,0.0,,,,,
36,female,50.0,1.725,same,same,1,0,0,gk,Y,0.0,,,,,
36,female,100.0,2.036,same,same,1,0,0,gk,Y,0.0,,,,,
36,female,100.0,4.041,different,different,1,0,0,gk,Y,0.0,,,,,
36,female,100.0,1.553,same,same,1,0,0,gk,Y,0.0,,,,,
36,female,100.0,2.091,different,different,1,0,0,gk,Y,0.0,,,,,
36,female,150.0,3.225,same,same,1,0,0,gk,Y,0.0,,,,,
36,female,0.0,2.023,different,different,1,0,0,gk,Y,0.0,,,,,
36,female,0.0,1.608,same,same,1,0,0,gk,Y,0.0,,,,,
36,female,50.0,3.799,same,same,1,0,0,gk,Y,0.0,,,,,
36,female,50.0,1.087,different,different,1,0,0,gk,Y,0.0,,,,,
36,female,150.0,1.701,different,different,1,0,0,gk,Y,0.0,,,,,
36,female,50.0,2.352,different,different,1,0,0,gk,Y,0.0,,,,,
36,female,0.0,1.046,same,same,1,0,0,gk,Y,0.0,,,,,
36,female,150.0,2.609,different,different,1,0,0,gk,Y,0.0,,,,,
36,female,50.0,2.242,same,same,1,0,0,gk,Y,0.0,,,,,
36,female,100.0,3.251,same,same,1,0,0,gk,Y,0.0,,,,,
36,female,0.0,1.766,different,different,1,0,0,gk,Y,0.0,,,,,
36,female,150.0,3.944,same,same,1,0,0,gk,Y,0.0,,,,,
36,female,100.0,3.521,different,different,1,0,0,gk,Y,0.0,,,,,
36,female,100.0,3.428,different,different,1,0,0,gk,Y,0.0,,,,,
36,female,50.0,1.599,same,same,1,0,0,gk,Y,0.0,,,,,
36,female,0.0,1.176,same,same,1,0,0,gk,Y,0.0,,,,,
36,female,150.0,3.449,same,same,1,0,0,gk,Y,0.0,,,,,
36,female,150.0,1.579,different,different,1,0,0,gk,Y,0.0,,,,,
36,female,50.0,1.417,different,different,1,0,0,gk,Y,0.0,,,,,
36,female,100.0,1.38,same,same,1,0,0,gk,Y,0.0,,,,,
36,female,0.0,4.526,different,different,1,0,0,gk,Y,0.0,,,,,
37,male,0.0,1.78,different,different,1,0,0,gk,Y,0.0,,,,,
37,male,150.0,3.019,different,different,1,0,0,gk,Y,0.0,,,,,
37,male,150.0,2.061,same,same,1,0,0,gk,Y,0.0,,,,,
37,male,100.0,2.472,same,same,1,0,0,gk,Y,0.0,,,,,
37,male,50.0,2.281,different,same,0,0,1,gk,Y,0.0,,,,,
37,male,50.0,1.967,different,different,1,0,0,gk,Y,0.0,,,,,
37,male,100.0,2.233,different,different,1,0,0,gk,Y,0.0,,,,,
37,male,0.0,1.242,same,same,1,0,0,gk,Y,0.0,,,,,
37,male,150.0,3.319,different,different,1,0,0,gk,Y,0.0,,,,,
37,male,150.0,3.403,same,same,1,0,0,gk,Y,0.0,,,,,
37,male,50.0,2.464,different,different,1,0,0,gk,Y,0.0,,,,,
37,male,0.0,1.922,different,different,1,0,0,gk,Y,0.0,,,,,
37,male,0.0,1.271,same,same,1,0,0,gk,Y,0.0,,,,,
37,male,100.0,2.64,different,different,1,0,0,gk,Y,0.0,,,,,
37,male,100.0,1.869,same,same,1,0,0,gk,Y,0.0,,,,,
37,male,50.0,3.312,same,same,1,0,0,gk,Y,0.0,,,,,
37,male,100.0,3.062,different,different,1,0,0,gk,Y,0.0,,,,,
37,male,150.0,2.782,same,same,1,0,0,gk,Y,0.0,,,,,
37,male,50.0,1.699,different,different,1,0,0,gk,Y,0.0,,,,,
37,male,50.0,3.068,same,same,1,0,0,gk,Y,0.0,,,,,
37,male,100.0,3.128,different,different,1,0,0,gk,Y,0.0,,,,,
37,male,0.0,1.918,different,different,1,0,0,gk,Y,0.0,,,,,
37,male,0.0,1.382,same,same,1,0,0,gk,Y,0.0,,,,,
37,male,150.0,2.212,different,different,1,0,0,gk,Y,0.0,,,,,
37,male,150.0,3.149,different,different,1,0,0,gk,Y,0.0,,,,,
37,male,50.0,4.162,different,different,1,0,0,gk,Y,0.0,,,,,
37,male,50.0,2.744,same,same,1,0,0,gk,Y,0.0,,,,,
37,male,100.0,3.885,different,same,0,0,1,gk,Y,0.0,,,,,
37,male,0.0,1.432,same,same,1,0,0,gk,Y,0.0,,,,,
37,male,0.0,2.136,different,different,1,0,0,gk,Y,0.0,,,,,
37,male,150.0,2.992,different,same,0,0,1,gk,Y,0.0,,,,,
37,male,100.0,3.35,different,different,1,0,0,gk,Y,0.0,,,,,
37,male,50.0,2.817,same,same,1,0,0,gk,Y,0.0,,,,,
37,male,100.0,3.58,different,same,0,0,1,gk,Y,0.0,,,,,
37,male,150.0,2.968,same,same,1,0,0,gk,Y,0.0,,,,,
37,male,0.0,2.155,different,different,1,0,0,gk,Y,0.0,,,,,
37,male,100.0,3.163,same,same,1,0,0,gk,Y,0.0,,,,,
37,male,150.0,3.146,different,different,1,0,0,gk,Y,0.0,,,,,
37,male,0.0,1.538,same,same,1,0,0,gk,Y,0.0,,,,,
37,male,50.0,2.24,different,different,1,0,0,gk,Y,0.0,,,,,
37,male,150.0,2.225,same,same,1,0,0,gk,Y,0.0,,,,,
37,male,0.0,1.627,different,different,1,0,0,gk,Y,0.0,,,,,
37,male,100.0,2.452,same,same,1,0,0,gk,Y,0.0,,,,,
37,male,150.0,2.688,same,different,0,1,0,gk,Y,0.0,,,,,
37,male,50.0,1.726,different,different,1,0,0,gk,Y,0.0,,,,,
37,male,100.0,1.82,same,different,0,1,0,gk,Y,0.0,,,,,
37,male,0.0,2.206,same,same,1,0,0,gk,Y,0.0,,,,,
37,male,50.0,2.759,different,same,0,0,1,gk,Y,0.0,,,,,
37,male,100.0,2.132,different,different,1,0,0,gk,Y,0.0,,,,,
37,male,150.0,2.41,different,different,1,0,0,gk,Y,0.0,,,,,
37,male,0.0,1.45,same,same,1,0,0,gk,Y,0.0,,,,,
37,male,0.0,1.533,different,different,1,0,0,gk,Y,0.0,,,,,
37,male,100.0,2.905,same,same,1,0,0,gk,Y,0.0,,,,,
37,male,50.0,1.745,different,different,1,0,0,gk,Y,0.0,,,,,
37,male,150.0,2.855,different,same,0,0,1,gk,Y,0.0,,,,,
37,male,50.0,2.087,same,same,1,0,0,gk,Y,0.0,,,,,
37,male,150.0,1.806,different,different,1,0,0,gk,Y,0.0,,,,,
37,male,100.0,2.815,different,different,1,0,0,gk,Y,0.0,,,,,
37,male,150.0,2.339,same,same,1,0,0,gk,Y,0.0,,,,,
37,male,100.0,2.705,same,same,1,0,0,gk,Y,0.0,,,,,
37,male,0.0,1.288,same,same,1,0,0,gk,Y,0.0,,,,,
37,male,0.0,1.657,different,different,1,0,0,gk,Y,0.0,,,,,
37,male,50.0,3.446,different,different,1,0,0,gk,Y,0.0,,,,,
37,male,50.0,2.511,same,same,1,0,0,gk,Y,0.0,,,,,
37,male,150.0,2.758,different,different,1,0,0,gk,Y,0.0,,,,,
37,male,0.0,1.387,same,same,1,0,0,gk,Y,0.0,,,,,
37,male,150.0,3.149,same,same,1,0,0,gk,Y,0.0,,,,,
37,male,0.0,2.066,different,different,1,0,0,gk,Y,0.0,,,,,
37,male,50.0,3.107,different,different,1,0,0,gk,Y,0.0,,,,,
37,male,50.0,2.078,same,same,1,0,0,gk,Y,0.0,,,,,
37,male,100.0,2.577,same,same,1,0,0,gk,Y,0.0,,,,,
37,male,100.0,4.334,same,different,0,1,0,gk,Y,0.0,,,,,
37,male,100.0,2.051,same,same,1,0,0,gk,Y,0.0,,,,,
37,male,100.0,2.334,different,different,1,0,0,gk,Y,0.0,,,,,
37,male,150.0,3.927,same,same,1,0,0,gk,Y,0.0,,,,,
37,male,0.0,2.656,different,different,1,0,0,gk,Y,0.0,,,,,
37,male,0.0,2.048,same,same,1,0,0,gk,Y,0.0,,,,,
37,male,50.0,2.617,same,same,1,0,0,gk,Y,0.0,,,,,
37,male,50.0,2.088,different,different,1,0,0,gk,Y,0.0,,,,,
37,male,150.0,2.649,different,different,1,0,0,gk,Y,0.0,,,,,
37,male,50.0,3.132,different,different,1,0,0,gk,Y,0.0,,,,,
37,male,0.0,1.288,same,same,1,0,0,gk,Y,0.0,,,,,
37,male,150.0,2.583,different,different,1,0,0,gk,Y,0.0,,,,,
37,male,50.0,2.781,same,same,1,0,0,gk,Y,0.0,,,,,
37,male,100.0,1.984,same,same,1,0,0,gk,Y,0.0,,,,,
37,male,0.0,2.163,different,different,1,0,0,gk,Y,0.0,,,,,
37,male,150.0,4.167,same,same,1,0,0,gk,Y,0.0,,,,,
37,male,100.0,2.507,same,different,0,1,0,gk,Y,0.0,,,,,
37,male,100.0,2.285,different,different,1,0,0,gk,Y,0.0,,,,,
37,male,50.0,2.289,same,same,1,0,0,gk,Y,0.0,,,,,
37,male,0.0,1.215,same,same,1,0,0,gk,Y,0.0,,,,,
37,male,150.0,2.339,same,same,1,0,0,gk,Y,0.0,,,,,
37,male,150.0,3.758,different,different,1,0,0,gk,Y,0.0,,,,,
37,male,50.0,1.873,different,different,1,0,0,gk,Y,0.0,,,,,
37,male,100.0,2.03,same,same,1,0,0,gk,Y,0.0,,,,,
37,male,0.0,2.102,different,different,1,0,0,gk,Y,0.0,,,,,
38,female,0.0,5.814,different,different,1,0,0,gk,Y,0.0,,,,,
38,female,150.0,5.351,different,different,1,0,0,gk,Y,0.0,,,,,
38,female,150.0,4.852,same,same,1,0,0,gk,Y,0.0,,,,,
38,female,100.0,6.869,different,same,0,0,1,gk,Y,0.0,,,,,
38,female,50.0,3.681,same,same,1,0,0,gk,Y,0.0,,,,,
38,female,50.0,4.445,different,different,1,0,0,gk,Y,0.0,,,,,
38,female,100.0,5.543,different,different,1,0,0,gk,Y,0.0,,,,,
38,female,0.0,1.777,same,same,1,0,0,gk,Y,0.0,,,,,
38,female,150.0,5.481,different,different,1,0,0,gk,Y,0.0,,,,,
38,female,50.0,5.27,different,different,1,0,0,gk,Y,0.0,,,,,
38,female,0.0,3.679,different,different,1,0,0,gk,Y,0.0,,,,,
38,female,0.0,1.741,same,same,1,0,0,gk,Y,0.0,,,,,
38,female,100.0,4.772,different,different,1,0,0,gk,Y,0.0,,,,,
38,female,100.0,4.231,same,same,1,0,0,gk,Y,0.0,,,,,
38,female,50.0,3.961,same,same,1,0,0,gk,Y,0.0,,,,,
38,female,100.0,5.735,different,different,1,0,0,gk,Y,0.0,,,,,
38,female,150.0,3.276,same,same,1,0,0,gk,Y,0.0,,,,,
38,female,50.0,4.374,different,different,1,0,0,gk,Y,0.0,,,,,
38,female,50.0,2.258,same,same,1,0,0,gk,Y,0.0,,,,,
38,female,100.0,4.61,different,different,1,0,0,gk,Y,0.0,,,,,
38,female,0.0,1.988,different,different,1,0,0,gk,Y,0.0,,,,,
38,female,0.0,1.749,same,same,1,0,0,gk,Y,0.0,,,,,
38,female,150.0,4.943,different,different,1,0,0,gk,Y,0.0,,,,,
38,female,150.0,4.529,different,different,1,0,0,gk,Y,0.0,,,,,
38,female,50.0,5.816,different,different,1,0,0,gk,Y,0.0,,,,,
38,female,50.0,3.954,same,same,1,0,0,gk,Y,0.0,,,,,
38,female,100.0,3.608,same,same,1,0,0,gk,Y,0.0,,,,,
38,female,0.0,1.232,same,same,1,0,0,gk,Y,0.0,,,,,
38,female,0.0,3.805,different,different,1,0,0,gk,Y,0.0,,,,,
38,female,150.0,4.914,same,same,1,0,0,gk,Y,0.0,,,,,
38,female,100.0,4.181,different,different,1,0,0,gk,Y,0.0,,,,,
38,female,50.0,4.069,same,same,1,0,0,gk,Y,0.0,,,,,
38,female,100.0,5.593,same,same,1,0,0,gk,Y,0.0,,,,,
38,female,150.0,6.309,same,same,1,0,0,gk,Y,0.0,,,,,
38,female,0.0,4.177,different,different,1,0,0,gk,Y,0.0,,,,,
38,female,100.0,4.81,different,same,0,0,1,gk,Y,0.0,,,,,
38,female,150.0,3.902,different,different,1,0,0,gk,Y,0.0,,,,,
38,female,0.0,1.27,same,same,1,0,0,gk,Y,0.0,,,,,
38,female,50.0,3.336,different,different,1,0,0,gk,Y,0.0,,,,,
38,female,150.0,4.068,same,same,1,0,0,gk,Y,0.0,,,,,
38,female,0.0,2.885,different,different,1,0,0,gk,Y,0.0,,,,,
38,female,100.0,6.108,same,same,1,0,0,gk,Y,0.0,,,,,
38,female,150.0,2.916,different,different,1,0,0,gk,Y,0.0,,,,,
38,female,50.0,3.73,different,different,1,0,0,gk,Y,0.0,,,,,
38,female,100.0,3.618,different,different,1,0,0,gk,Y,0.0,,,,,
38,female,0.0,1.489,same,same,1,0,0,gk,Y,0.0,,,,,
38,female,50.0,2.137,same,same,1,0,0,gk,Y,0.0,,,,,
38,female,100.0,3.385,different,different,1,0,0,gk,Y,0.0,,,,,
38,female,150.0,3.22,different,different,1,0,0,gk,Y,0.0,,,,,
38,female,0.0,1.235,same,same,1,0,0,gk,Y,0.0,,,,,
38,female,0.0,2.685,different,different,1,0,0,gk,Y,0.0,,,,,
38,female,100.0,2.935,same,same,1,0,0,gk,Y,0.0,,,,,
38,female,50.0,1.827,different,different,1,0,0,gk,Y,0.0,,,,,
38,female,150.0,3.11,same,same,1,0,0,gk,Y,0.0,,,,,
38,female,50.0,2.859,same,same,1,0,0,gk,Y,0.0,,,,,
38,female,150.0,2.588,different,different,1,0,0,gk,Y,0.0,,,,,
38,female,100.0,3.632,different,different,1,0,0,gk,Y,0.0,,,,,
38,female,150.0,2.77,same,same,1,0,0,gk,Y,0.0,,,,,
38,female,100.0,4.151,same,same,1,0,0,gk,Y,0.0,,,,,
38,female,0.0,1.562,same,same,1,0,0,gk,Y,0.0,,,,,
38,female,0.0,2.4,different,different,1,0,0,gk,Y,0.0,,,,,
38,female,50.0,1.874,different,different,1,0,0,gk,Y,0.0,,,,,
38,female,50.0,2.241,same,same,1,0,0,gk,Y,0.0,,,,,
38,female,150.0,3.21,different,different,1,0,0,gk,Y,0.0,,,,,
38,female,0.0,1.549,same,same,1,0,0,gk,Y,0.0,,,,,
38,female,150.0,3.147,same,same,1,0,0,gk,Y,0.0,,,,,
38,female,0.0,2.207,different,different,1,0,0,gk,Y,0.0,,,,,
38,female,50.0,4.027,different,different,1,0,0,gk,Y,0.0,,,,,
38,female,50.0,1.619,same,same,1,0,0,gk,Y,0.0,,,,,
38,female,100.0,2.045,same,same,1,0,0,gk,Y,0.0,,,,,
38,female,100.0,3.593,different,different,1,0,0,gk,Y,0.0,,,,,
38,female,100.0,1.611,same,same,1,0,0,gk,Y,0.0,,,,,
38,female,100.0,3.588,different,different,1,0,0,gk,Y,0.0,,,,,
38,female,150.0,3.326,different,same,0,0,1,gk,Y,0.0,,,,,
38,female,0.0,3.118,different,different,1,0,0,gk,Y,0.0,,,,,
38,female,0.0,2.004,same,same,1,0,0,gk,Y,0.0,,,,,
38,female,50.0,2.622,same,same,1,0,0,gk,Y,0.0,,,,,
38,female,50.0,1.725,different,different,1,0,0,gk,Y,0.0,,,,,
38,female,150.0,2.743,same,different,0,1,0,gk,Y,0.0,,,,,
38,female,50.0,2.052,different,different,1,0,0,gk,Y,0.0,,,,,
38,female,0.0,1.22,same,same,1,0,0,gk,Y,0.0,,,,,
38,female,150.0,2.862,different,different,1,0,0,gk,Y,0.0,,,,,
38,female,50.0,2.839,same,same,1,0,0,gk,Y,0.0,,,,,
38,female,100.0,2.992,same,same,1,0,0,gk,Y,0.0,,,,,
38,female,0.0,2.417,different,different,1,0,0,gk,Y,0.0,,,,,
38,female,150.0,3.942,same,same,1,0,0,gk,Y,0.0,,,,,
38,female,100.0,4.498,different,different,1,0,0,gk,Y,0.0,,,,,
38,female,100.0,4.884,different,different,1,0,0,gk,Y,0.0,,,,,
38,female,50.0,1.985,same,same,1,0,0,gk,Y,0.0,,,,,
38,female,0.0,1.197,same,same,1,0,0,gk,Y,0.0,,,,,
38,female,150.0,2.43,same,same,1,0,0,gk,Y,0.0,,,,,
38,female,150.0,2.561,same,different,0,1,0,gk,Y,0.0,,,,,
38,female,50.0,2.523,different,different,1,0,0,gk,Y,0.0,,,,,
38,female,100.0,2.172,same,same,1,0,0,gk,Y,0.0,,,,,
38,female,0.0,3.999,different,different,1,0,0,gk,Y,0.0,,,,,
39,male,0.0,1.518,different,different,1,0,0,gk,Y,0.0,,,,,
39,male,150.0,3.277,different,different,1,0,0,gk,Y,0.0,,,,,
39,male,150.0,2.526,same,same,1,0,0,gk,Y,0.0,,,,,
39,male,100.0,2.413,same,same,1,0,0,gk,Y,0.0,,,,,
39,male,50.0,3.305,same,same,1,0,0,gk,Y,0.0,,,,,
39,male,50.0,2.493,different,different,1,0,0,gk,Y,0.0,,,,,
39,male,100.0,3.07,different,different,1,0,0,gk,Y,0.0,,,,,
39,male,0.0,1.446,same,same,1,0,0,gk,Y,0.0,,,,,
39,male,150.0,3.001,different,different,1,0,0,gk,Y,0.0,,,,,
39,male,150.0,2.866,same,same,1,0,0,gk,Y,0.0,,,,,
39,male,50.0,2.372,same,different,0,1,0,gk,Y,0.0,,,,,
39,male,0.0,2.625,different,different,1,0,0,gk,Y,0.0,,,,,
39,male,0.0,1.71,same,same,1,0,0,gk,Y,0.0,,,,,
39,male,100.0,1.673,different,different,1,0,0,gk,Y,0.0,,,,,
39,male,100.0,3.256,different,same,0,0,1,gk,Y,0.0,,,,,
39,male,50.0,2.64,different,same,0,0,1,gk,Y,0.0,,,,,
39,male,100.0,2.787,different,different,1,0,0,gk,Y,0.0,,,,,
39,male,150.0,2.558,different,same,0,0,1,gk,Y,0.0,,,,,
39,male,50.0,3.356,different,different,1,0,0,gk,Y,0.0,,,,,
39,male,50.0,4.112,different,same,0,0,1,gk,Y,0.0,,,,,
39,male,100.0,3.435,different,different,1,0,0,gk,Y,0.0,,,,,
39,male,0.0,1.998,different,different,1,0,0,gk,Y,0.0,,,,,
39,male,0.0,1.889,same,same,1,0,0,gk,Y,0.0,,,,,
39,male,150.0,2.058,same,different,0,1,0,gk,Y,0.0,,,,,
39,male,150.0,2.657,different,different,1,0,0,gk,Y,0.0,,,,,
39,male,50.0,2.481,different,different,1,0,0,gk,Y,0.0,,,,,
39,male,50.0,2.531,same,same,1,0,0,gk,Y,0.0,,,,,
39,male,100.0,3.736,same,same,1,0,0,gk,Y,0.0,,,,,
39,male,0.0,2.325,same,same,1,0,0,gk,Y,0.0,,,,,
39,male,0.0,2.67,different,different,1,0,0,gk,Y,0.0,,,,,
39,male,150.0,3.753,different,same,0,0,1,gk,Y,0.0,,,,,
39,male,100.0,2.375,different,different,1,0,0,gk,Y,0.0,,,,,
39,male,50.0,2.338,same,same,1,0,0,gk,Y,0.0,,,,,
39,male,100.0,2.345,different,same,0,0,1,gk,Y,0.0,,,,,
39,male,150.0,5.263,same,same,1,0,0,gk,Y,0.0,,,,,
39,male,0.0,3.854,different,different,1,0,0,gk,Y,0.0,,,,,
39,male,100.0,2.553,same,same,1,0,0,gk,Y,0.0,,,,,
39,male,150.0,2.42,different,different,1,0,0,gk,Y,0.0,,,,,
39,male,0.0,2.563,same,same,1,0,0,gk,Y,0.0,,,,,
39,male,50.0,2.825,different,different,1,0,0,gk,Y,0.0,,,,,
39,male,150.0,3.019,different,same,0,0,1,gk,Y,0.0,,,,,
39,male,0.0,2.686,different,different,1,0,0,gk,Y,0.0,,,,,
39,male,100.0,2.095,same,same,1,0,0,gk,Y,0.0,,,,,
39,male,150.0,2.741,different,different,1,0,0,gk,Y,0.0,,,,,
39,male,50.0,2.075,different,different,1,0,0,gk,Y,0.0,,,,,
39,male,100.0,4.1,different,different,1,0,0,gk,Y,0.0,,,,,
39,male,0.0,1.474,same,same,1,0,0,gk,Y,0.0,,,,,
39,male,50.0,1.929,same,same,1,0,0,gk,Y,0.0,,,,,
39,male,100.0,2.172,different,different,1,0,0,gk,Y,0.0,,,,,
39,male,150.0,2.154,different,different,1,0,0,gk,Y,0.0,,,,,
39,male,0.0,1.254,same,same,1,0,0,gk,Y,0.0,,,,,
39,male,0.0,1.853,different,different,1,0,0,gk,Y,0.0,,,,,
39,male,100.0,2.559,same,same,1,0,0,gk,Y,0.0,,,,,
39,male,50.0,1.915,different,different,1,0,0,gk,Y,0.0,,,,,
39,male,150.0,3.262,different,same,0,0,1,gk,Y,0.0,,,,,
39,male,50.0,4.375,same,same,1,0,0,gk,Y,0.0,,,,,
39,male,150.0,3.061,same,different,0,1,0,gk,Y,0.0,,,,,
39,male,100.0,2.852,same,different,0,1,0,gk,Y,0.0,,,,,
39,male,150.0,2.71,different,same,0,0,1,gk,Y,0.0,,,,,
39,male,100.0,2.044,same,same,1,0,0,gk,Y,0.0,,,,,
39,male,0.0,1.31,same,same,1,0,0,gk,Y,0.0,,,,,
39,male,0.0,1.842,different,different,1,0,0,gk,Y,0.0,,,,,
39,male,50.0,3.324,different,different,1,0,0,gk,Y,0.0,,,,,
39,male,50.0,1.496,different,same,0,0,1,gk,Y,0.0,,,,,
39,male,150.0,2.416,different,different,1,0,0,gk,Y,0.0,,,,,
39,male,0.0,1.193,same,same,1,0,0,gk,Y,0.0,,,,,
39,male,150.0,2.204,different,same,0,0,1,gk,Y,0.0,,,,,
39,male,0.0,2.905,different,different,1,0,0,gk,Y,0.0,,,,,
39,male,50.0,2.856,different,different,1,0,0,gk,Y,0.0,,,,,
39,male,50.0,1.246,same,same,1,0,0,gk,Y,0.0,,,,,
39,male,100.0,1.978,same,same,1,0,0,gk,Y,0.0,,,,,
39,male,100.0,3.901,different,different,1,0,0,gk,Y,0.0,,,,,
39,male,100.0,2.444,same,same,1,0,0,gk,Y,0.0,,,,,
39,male,100.0,2.629,different,different,1,0,0,gk,Y,0.0,,,,,
39,male,150.0,4.068,different,same,0,0,1,gk,Y,0.0,,,,,
39,male,0.0,3.02,different,different,1,0,0,gk,Y,0.0,,,,,
39,male,0.0,1.152,same,same,1,0,0,gk,Y,0.0,,,,,
39,male,50.0,2.743,different,same,0,0,1,gk,Y,0.0,,,,,
39,male,50.0,2.058,different,different,1,0,0,gk,Y,0.0,,,,,
39,male,150.0,3.299,different,different,1,0,0,gk,Y,0.0,,,,,
39,male,50.0,3.362,different,different,1,0,0,gk,Y,0.0,,,,,
39,male,0.0,3.975,same,same,1,0,0,gk,Y,0.0,,,,,
39,male,150.0,1.906,different,different,1,0,0,gk,Y,0.0,,,,,
39,male,50.0,2.704,same,same,1,0,0,gk,Y,0.0,,,,,
39,male,100.0,3.216,same,same,1,0,0,gk,Y,0.0,,,,,
39,male,0.0,1.634,different,different,1,0,0,gk,Y,0.0,,,,,
39,male,150.0,4.06,different,same,0,0,1,gk,Y,0.0,,,,,
39,male,100.0,1.95,same,different,0,1,0,gk,Y,0.0,,,,,
39,male,100.0,4.228,different,different,1,0,0,gk,Y,0.0,,,,,
39,male,50.0,1.715,same,same,1,0,0,gk,Y,0.0,,,,,
39,male,0.0,1.154,same,same,1,0,0,gk,Y,0.0,,,,,
39,male,150.0,3.342,different,same,0,0,1,gk,Y,0.0,,,,,
39,male,150.0,3.347,different,different,1,0,0,gk,Y,0.0,,,,,
39,male,50.0,2.411,different,different,1,0,0,gk,Y,0.0,,,,,
39,male,100.0,2.749,same,same,1,0,0,gk,Y,0.0,,,,,
39,male,0.0,1.183,same,different,0,1,0,gk,Y,0.0,,,,,
40,female,0.0,2.165,different,different,1,0,0,gk,Y,0.0,,,,,
40,female,150.0,4.028,different,different,1,0,0,gk,Y,0.0,,,,,
40,female,150.0,3.911,same,same,1,0,0,gk,Y,0.0,,,,,
40,female,100.0,6.65,same,same,1,0,0,gk,Y,0.0,,,,,
40,female,50.0,3.081,same,same,1,0,0,gk,Y,0.0,,,,,
40,female,50.0,4.584,different,different,1,0,0,gk,Y,0.0,,,,,
40,female,100.0,4.118,different,different,1,0,0,gk,Y,0.0,,,,,
40,female,0.0,2.539,same,same,1,0,0,gk,Y,0.0,,,,,
40,female,150.0,4.424,different,different,1,0,0,gk,Y,0.0,,,,,
40,female,50.0,3.083,different,different,1,0,0,gk,Y,0.0,,,,,
40,female,0.0,1.852,different,different,1,0,0,gk,Y,0.0,,,,,
40,female,0.0,2.004,same,same,1,0,0,gk,Y,0.0,,,,,
40,female,100.0,2.063,different,different,1,0,0,gk,Y,0.0,,,,,
40,female,100.0,3.558,same,same,1,0,0,gk,Y,0.0,,,,,
40,female,50.0,2.348,same,same,1,0,0,gk,Y,0.0,,,,,
40,female,100.0,3.89,different,different,1,0,0,gk,Y,0.0,,,,,
40,female,150.0,3.21,same,same,1,0,0,gk,Y,0.0,,,,,
40,female,50.0,2.124,different,different,1,0,0,gk,Y,0.0,,,,,
40,female,50.0,2.514,same,same,1,0,0,gk,Y,0.0,,,,,
40,female,100.0,2.015,different,different,1,0,0,gk,Y,0.0,,,,,
40,female,0.0,2.553,different,different,1,0,0,gk,Y,0.0,,,,,
40,female,0.0,3.188,same,same,1,0,0,gk,Y,0.0,,,,,
40,female,150.0,3.009,different,different,1,0,0,gk,Y,0.0,,,,,
40,female,150.0,3.257,different,different,1,0,0,gk,Y,0.0,,,,,
40,female,50.0,2.797,different,different,1,0,0,gk,Y,0.0,,,,,
40,female,50.0,4.32,same,same,1,0,0,gk,Y,0.0,,,,,
40,female,100.0,4.888,same,same,1,0,0,gk,Y,0.0,,,,,
40,female,0.0,2.037,same,same,1,0,0,gk,Y,0.0,,,,,
40,female,0.0,3.99,different,different,1,0,0,gk,Y,0.0,,,,,
40,female,150.0,4.549,different,same,0,0,1,gk,Y,0.0,,,,,
40,female,100.0,4.848,different,different,1,0,0,gk,Y,0.0,,,,,
40,female,50.0,2.966,same,same,1,0,0,gk,Y,0.0,,,,,
40,female,100.0,6.631,same,same,1,0,0,gk,Y,0.0,,,,,
40,female,150.0,6.713,same,same,1,0,0,gk,Y,0.0,,,,,
40,female,0.0,2.182,different,different,1,0,0,gk,Y,0.0,,,,,
40,female,100.0,3.812,same,same,1,0,0,gk,Y,0.0,,,,,
40,female,150.0,5.613,different,different,1,0,0,gk,Y,0.0,,,,,
40,female,0.0,1.68,same,same,1,0,0,gk,Y,0.0,,,,,
40,female,50.0,3.701,different,different,1,0,0,gk,Y,0.0,,,,,
40,female,150.0,5.292,same,same,1,0,0,gk,Y,0.0,,,,,
40,female,0.0,2.3,different,different,1,0,0,gk,Y,0.0,,,,,
40,female,100.0,2.413,same,same,1,0,0,gk,Y,0.0,,,,,
40,female,150.0,4.696,different,different,1,0,0,gk,Y,0.0,,,,,
40,female,50.0,2.264,different,different,1,0,0,gk,Y,0.0,,,,,
40,female,100.0,3.255,different,different,1,0,0,gk,Y,0.0,,,,,
40,female,0.0,1.095,same,same,1,0,0,gk,Y,0.0,,,,,
40,female,50.0,3.656,same,same,1,0,0,gk,Y,0.0,,,,,
40,female,100.0,2.982,different,different,1,0,0,gk,Y,0.0,,,,,
40,female,150.0,2.381,different,different,1,0,0,gk,Y,0.0,,,,,
40,female,0.0,1.351,same,same,1,0,0,gk,Y,0.0,,,,,
40,female,0.0,4.494,different,different,1,0,0,gk,Y,0.0,,,,,
40,female,100.0,3.108,same,same,1,0,0,gk,Y,0.0,,,,,
40,female,50.0,1.367,different,different,1,0,0,gk,Y,0.0,,,,,
40,female,150.0,6.816,different,same,0,0,1,gk,Y,0.0,,,,,
40,female,50.0,2.273,same,same,1,0,0,gk,Y,0.0,,,,,
40,female,150.0,2.385,different,different,1,0,0,gk,Y,0.0,,,,,
40,female,100.0,2.056,different,different,1,0,0,gk,Y,0.0,,,,,
40,female,150.0,2.741,same,same,1,0,0,gk,Y,0.0,,,,,
40,female,100.0,3.555,same,same,1,0,0,gk,Y,0.0,,,,,
40,female,0.0,1.213,same,same,1,0,0,gk,Y,0.0,,,,,
40,female,0.0,1.193,different,different,1,0,0,gk,Y,0.0,,,,,
40,female,50.0,2.308,different,different,1,0,0,gk,Y,0.0,,,,,
40,female,50.0,2.319,same,same,1,0,0,gk,Y,0.0,,,,,
40,female,150.0,5.089,different,different,1,0,0,gk,Y,0.0,,,,,
40,female,0.0,1.983,same,same,1,0,0,gk,Y,0.0,,,,,
40,female,150.0,3.05,same,same,1,0,0,gk,Y,0.0,,,,,
40,female,0.0,1.251,different,different,1,0,0,gk,Y,0.0,,,,,
40,female,50.0,3.149,different,different,1,0,0,gk,Y,0.0,,,,,
40,female,50.0,1.792,same,same,1,0,0,gk,Y,0.0,,,,,
40,female,100.0,2.465,same,same,1,0,0,gk,Y,0.0,,,,,
40,female,100.0,0.075,different,same,0,0,1,gk,Y,0.0,,,,,
40,female,100.0,3.259,different,different,1,0,0,gk,Y,0.0,,,,,
40,female,150.0,3.634,same,same,1,0,0,gk,Y,0.0,,,,,
40,female,0.0,2.987,different,different,1,0,0,gk,Y,0.0,,,,,
40,female,0.0,2.618,same,same,1,0,0,gk,Y,0.0,,,,,
40,female,50.0,3.796,different,same,0,0,1,gk,Y,0.0,,,,,
40,female,50.0,3.749,different,different,1,0,0,gk,Y,0.0,,,,,
40,female,150.0,3.219,different,different,1,0,0,gk,Y,0.0,,,,,
40,female,50.0,3.735,different,different,1,0,0,gk,Y,0.0,,,,,
40,female,0.0,1.034,same,same,1,0,0,gk,Y,0.0,,,,,
40,female,150.0,5.456,different,different,1,0,0,gk,Y,0.0,,,,,
40,female,50.0,5.269,same,same,1,0,0,gk,Y,0.0,,,,,
40,female,100.0,2.335,same,same,1,0,0,gk,Y,0.0,,,,,
40,female,0.0,2.038,different,different,1,0,0,gk,Y,0.0,,,,,
40,female,150.0,3.111,different,same,0,0,1,gk,Y,0.0,,,,,
40,female,100.0,1.8,different,different,1,0,0,gk,Y,0.0,,,,,
40,female,100.0,2.281,different,different,1,0,0,gk,Y,0.0,,,,,
40,female,50.0,1.685,same,same,1,0,0,gk,Y,0.0,,,,,
40,female,0.0,0.989,same,same,1,0,0,gk,Y,0.0,,,,,
40,female,150.0,6.498,different,same,0,0,1,gk,Y,0.0,,,,,
40,female,150.0,3.983,different,different,1,0,0,gk,Y,0.0,,,,,
40,female,50.0,4.361,different,different,1,0,0,gk,Y,0.0,,,,,
40,female,100.0,1.65,same,same,1,0,0,gk,Y,0.0,,,,,
40,female,0.0,1.97,different,different,1,0,0,gk,Y,0.0,,,,,
41,female,0.0,2.058,different,different,1,0,0,gk,Y,0.0,,,,,
41,female,150.0,4.156,different,different,1,0,0,gk,Y,0.0,,,,,
41,female,150.0,2.457,same,same,1,0,0,gk,Y,0.0,,,,,
41,female,100.0,5.33,same,same,1,0,0,gk,Y,0.0,,,,,
41,female,50.0,5.08,same,same,1,0,0,gk,Y,0.0,,,,,
41,female,50.0,3.782,different,different,1,0,0,gk,Y,0.0,,,,,
41,female,100.0,2.83,different,different,1,0,0,gk,Y,0.0,,,,,
41,female,0.0,1.979,same,same,1,0,0,gk,Y,0.0,,,,,
41,female,150.0,4.033,different,different,1,0,0,gk,Y,0.0,,,,,
41,female,150.0,7.45,same,same,1,0,0,gk,Y,0.0,,,,,
41,female,50.0,3.684,different,different,1,0,0,gk,Y,0.0,,,,,
41,female,0.0,1.626,different,different,1,0,0,gk,Y,0.0,,,,,
41,female,0.0,1.94,same,same,1,0,0,gk,Y,0.0,,,,,
41,female,100.0,4.023,different,different,1,0,0,gk,Y,0.0,,,,,
41,female,100.0,3.366,same,same,1,0,0,gk,Y,0.0,,,,,
41,female,50.0,3.297,same,same,1,0,0,gk,Y,0.0,,,,,
41,female,100.0,4.26,different,different,1,0,0,gk,Y,0.0,,,,,
41,female,150.0,5.97,same,same,1,0,0,gk,Y,0.0,,,,,
41,female,50.0,2.055,different,different,1,0,0,gk,Y,0.0,,,,,
41,female,50.0,1.75,same,same,1,0,0,gk,Y,0.0,,,,,
41,female,100.0,2.133,different,different,1,0,0,gk,Y,0.0,,,,,
41,female,0.0,1.295,different,different,1,0,0,gk,Y,0.0,,,,,
41,female,0.0,1.679,same,same,1,0,0,gk,Y,0.0,,,,,
41,female,150.0,4.49,different,different,1,0,0,gk,Y,0.0,,,,,
41,female,150.0,2.591,different,different,1,0,0,gk,Y,0.0,,,,,
41,female,50.0,1.447,different,different,1,0,0,gk,Y,0.0,,,,,
41,female,50.0,4.915,same,same,1,0,0,gk,Y,0.0,,,,,
41,female,100.0,3.802,same,same,1,0,0,gk,Y,0.0,,,,,
41,female,0.0,1.323,same,same,1,0,0,gk,Y,0.0,,,,,
41,female,0.0,1.448,different,different,1,0,0,gk,Y,0.0,,,,,
41,female,150.0,5.703,same,same,1,0,0,gk,Y,0.0,,,,,
41,female,100.0,3.401,different,different,1,0,0,gk,Y,0.0,,,,,
41,female,50.0,3.545,same,same,1,0,0,gk,Y,0.0,,,,,
41,female,100.0,4.563,same,same,1,0,0,gk,Y,0.0,,,,,
41,female,150.0,6.882,same,same,1,0,0,gk,Y,0.0,,,,,
41,female,0.0,2.589,different,different,1,0,0,gk,Y,0.0,,,,,
41,female,100.0,2.733,same,same,1,0,0,gk,Y,0.0,,,,,
41,female,150.0,3.992,different,different,1,0,0,gk,Y,0.0,,,,,
41,female,0.0,1.132,same,same,1,0,0,gk,Y,0.0,,,,,
41,female,50.0,1.163,different,different,1,0,0,gk,Y,0.0,,,,,
41,female,0.0,1.477,different,different,1,0,0,gk,Y,0.0,,,,,
41,female,100.0,2.487,different,same,0,0,1,gk,Y,0.0,,,,,
41,female,150.0,2.768,different,different,1,0,0,gk,Y,0.0,,,,,
41,female,50.0,1.1,different,different,1,0,0,gk,Y,0.0,,,,,
41,female,100.0,1.778,different,different,1,0,0,gk,Y,0.0,,,,,
41,female,0.0,1.259,same,same,1,0,0,gk,Y,0.0,,,,,
41,female,50.0,2.323,same,same,1,0,0,gk,Y,0.0,,,,,
41,female,100.0,1.816,different,different,1,0,0,gk,Y,0.0,,,,,
41,female,150.0,2.123,different,different,1,0,0,gk,Y,0.0,,,,,
41,female,0.0,1.065,same,same,1,0,0,gk,Y,0.0,,,,,
41,female,0.0,1.577,different,different,1,0,0,gk,Y,0.0,,,,,
41,female,100.0,3.189,same,same,1,0,0,gk,Y,0.0,,,,,
41,female,50.0,0.985,different,different,1,0,0,gk,Y,0.0,,,,,
41,female,150.0,1.749,different,same,0,0,1,gk,Y,0.0,,,,,
41,female,50.0,1.192,same,same,1,0,0,gk,Y,0.0,,,,,
41,female,150.0,1.559,different,different,1,0,0,gk,Y,0.0,,,,,
41,female,100.0,1.876,different,different,1,0,0,gk,Y,0.0,,,,,
41,female,150.0,2.071,same,same,1,0,0,gk,Y,0.0,,,,,
41,female,100.0,2.639,same,same,1,0,0,gk,Y,0.0,,,,,
41,female,0.0,1.132,same,same,1,0,0,gk,Y,0.0,,,,,
41,female,0.0,1.045,different,different,1,0,0,gk,Y,0.0,,,,,
41,female,50.0,1.286,different,different,1,0,0,gk,Y,0.0,,,,,
41,female,50.0,1.46,same,same,1,0,0,gk,Y,0.0,,,,,
41,female,150.0,1.299,different,different,1,0,0,gk,Y,0.0,,,,,
41,female,0.0,2.436,same,same,1,0,0,gk,Y,0.0,,,,,
41,female,150.0,3.428,same,same,1,0,0,gk,Y,0.0,,,,,
41,female,0.0,1.122,different,different,1,0,0,gk,Y,0.0,,,,,
41,female,50.0,1.291,different,different,1,0,0,gk,Y,0.0,,,,,
41,female,50.0,1.602,same,same,1,0,0,gk,Y,0.0,,,,,
41,female,100.0,1.836,same,same,1,0,0,gk,Y,0.0,,,,,
41,female,100.0,1.955,same,different,0,1,0,gk,Y,0.0,,,,,
41,female,100.0,1.507,same,same,1,0,0,gk,Y,0.0,,,,,
41,female,100.0,3.206,different,different,1,0,0,gk,Y,0.0,,,,,
41,female,150.0,2.553,different,same,0,0,1,gk,Y,0.0,,,,,
41,female,0.0,1.564,different,different,1,0,0,gk,Y,0.0,,,,,
41,female,0.0,1.068,same,same,1,0,0,gk,Y,0.0,,,,,
41,female,50.0,2.207,same,same,1,0,0,gk,Y,0.0,,,,,
41,female,50.0,0.973,different,different,1,0,0,gk,Y,0.0,,,,,
41,female,150.0,1.799,different,different,1,0,0,gk,Y,0.0,,,,,
41,female,50.0,3.949,different,different,1,0,0,gk,Y,0.0,,,,,
41,female,0.0,0.895,same,same,1,0,0,gk,Y,0.0,,,,,
41,female,150.0,3.684,different,different,1,0,0,gk,Y,0.0,,,,,
41,female,50.0,4.544,same,same,1,0,0,gk,Y,0.0,,,,,
41,female,100.0,2.132,same,same,1,0,0,gk,Y,0.0,,,,,
41,female,0.0,2.715,different,different,1,0,0,gk,Y,0.0,,,,,
41,female,150.0,3.498,same,same,1,0,0,gk,Y,0.0,,,,,
41,female,100.0,3.005,different,different,1,0,0,gk,Y,0.0,,,,,
41,female,100.0,2.301,different,different,1,0,0,gk,Y,0.0,,,,,
41,female,50.0,1.695,same,same,1,0,0,gk,Y,0.0,,,,,
41,female,0.0,1.0,same,same,1,0,0,gk,Y,0.0,,,,,
41,female,150.0,1.795,different,same,0,0,1,gk,Y,0.0,,,,,
41,female,150.0,2.525,different,different,1,0,0,gk,Y,0.0,,,,,
41,female,50.0,1.302,different,different,1,0,0,gk,Y,0.0,,,,,
41,female,100.0,1.427,same,same,1,0,0,gk,Y,0.0,,,,,
41,female,0.0,1.172,different,different,1,0,0,gk,Y,0.0,,,,,
42,male,0.0,2.205,different,different,1,0,0,gk,Y,0.0,,,,,
42,male,150.0,2.27,different,different,1,0,0,gk,Y,0.0,,,,,
42,male,150.0,1.757,same,same,1,0,0,gk,Y,0.0,,,,,
42,male,100.0,3.663,same,same,1,0,0,gk,Y,0.0,,,,,
42,male,50.0,2.197,same,same,1,0,0,gk,Y,0.0,,,,,
42,male,50.0,1.583,different,different,1,0,0,gk,Y,0.0,,,,,
42,male,100.0,1.901,same,different,0,1,0,gk,Y,0.0,,,,,
42,male,0.0,2.395,same,same,1,0,0,gk,Y,0.0,,,,,
42,male,150.0,7.257,different,different,1,0,0,gk,Y,0.0,,,,,
42,male,150.0,3.722,same,same,1,0,0,gk,Y,0.0,,,,,
42,male,50.0,1.965,different,different,1,0,0,gk,Y,0.0,,,,,
42,male,0.0,2.003,different,different,1,0,0,gk,Y,0.0,,,,,
42,male,0.0,1.649,same,same,1,0,0,gk,Y,0.0,,,,,
42,male,100.0,2.686,different,different,1,0,0,gk,Y,0.0,,,,,
42,male,100.0,2.611,different,same,0,0,1,gk,Y,0.0,,,,,
42,male,50.0,4.375,different,same,0,0,1,gk,Y,0.0,,,,,
42,male,100.0,2.444,different,different,1,0,0,gk,Y,0.0,,,,,
42,male,150.0,4.074,different,same,0,0,1,gk,Y,0.0,,,,,
42,male,50.0,3.211,different,different,1,0,0,gk,Y,0.0,,,,,
42,male,50.0,1.575,same,same,1,0,0,gk,Y,0.0,,,,,
42,male,100.0,1.953,different,different,1,0,0,gk,Y,0.0,,,,,
42,male,0.0,2.588,different,different,1,0,0,gk,Y,0.0,,,,,
42,male,0.0,4.327,same,same,1,0,0,gk,Y,0.0,,,,,
42,male,150.0,2.922,different,different,1,0,0,gk,Y,0.0,,,,,
42,male,150.0,4.404,different,different,1,0,0,gk,Y,0.0,,,,,
42,male,50.0,2.038,different,different,1,0,0,gk,Y,0.0,,,,,
42,male,50.0,2.104,same,same,1,0,0,gk,Y,0.0,,,,,
42,male,100.0,3.422,same,same,1,0,0,gk,Y,0.0,,,,,
42,male,0.0,1.448,same,same,1,0,0,gk,Y,0.0,,,,,
42,male,0.0,2.359,different,different,1,0,0,gk,Y,0.0,,,,,
42,male,150.0,4.509,same,same,1,0,0,gk,Y,0.0,,,,,
42,male,100.0,4.421,different,different,1,0,0,gk,Y,0.0,,,,,
42,male,50.0,1.469,same,same,1,0,0,gk,Y,0.0,,,,,
42,male,100.0,3.887,same,same,1,0,0,gk,Y,0.0,,,,,
42,male,150.0,6.079,same,same,1,0,0,gk,Y,0.0,,,,,
42,male,0.0,1.421,different,different,1,0,0,gk,Y,0.0,,,,,
42,male,100.0,4.345,same,same,1,0,0,gk,Y,0.0,,,,,
42,male,150.0,3.924,different,different,1,0,0,gk,Y,0.0,,,,,
42,male,0.0,2.386,same,same,1,0,0,gk,Y,0.0,,,,,
42,male,50.0,1.192,different,different,1,0,0,gk,Y,0.0,,,,,
42,male,150.0,3.168,same,same,1,0,0,gk,Y,0.0,,,,,
42,male,0.0,1.885,different,different,1,0,0,gk,Y,0.0,,,,,
42,male,100.0,3.126,same,same,1,0,0,gk,Y,0.0,,,,,
42,male,150.0,2.528,different,different,1,0,0,gk,Y,0.0,,,,,
42,male,50.0,1.417,different,different,1,0,0,gk,Y,0.0,,,,,
42,male,100.0,2.253,different,different,1,0,0,gk,Y,0.0,,,,,
42,male,0.0,1.444,same,same,1,0,0,gk,Y,0.0,,,,,
42,male,50.0,2.868,same,same,1,0,0,gk,Y,0.0,,,,,
42,male,100.0,1.499,different,different,1,0,0,gk,Y,0.0,,,,,
42,male,150.0,1.766,different,different,1,0,0,gk,Y,0.0,,,,,
42,male,0.0,1.45,same,same,1,0,0,gk,Y,0.0,,,,,
42,male,0.0,1.538,different,different,1,0,0,gk,Y,0.0,,,,,
42,male,100.0,3.575,same,same,1,0,0,gk,Y,0.0,,,,,
42,male,50.0,1.074,different,different,1,0,0,gk,Y,0.0,,,,,
42,male,150.0,3.933,same,same,1,0,0,gk,Y,0.0,,,,,
42,male,50.0,1.537,same,same,1,0,0,gk,Y,0.0,,,,,
42,male,150.0,1.215,different,different,1,0,0,gk,Y,0.0,,,,,
42,male,100.0,5.474,different,different,1,0,0,gk,Y,0.0,,,,,
42,male,150.0,2.103,same,same,1,0,0,gk,Y,0.0,,,,,
42,male,100.0,2.622,same,same,1,0,0,gk,Y,0.0,,,,,
42,male,0.0,1.269,same,same,1,0,0,gk,Y,0.0,,,,,
42,male,0.0,1.91,different,different,1,0,0,gk,Y,0.0,,,,,
42,male,50.0,2.203,different,different,1,0,0,gk,Y,0.0,,,,,
42,male,50.0,2.095,same,same,1,0,0,gk,Y,0.0,,,,,
42,male,150.0,1.774,different,different,1,0,0,gk,Y,0.0,,,,,
42,male,0.0,1.585,same,same,1,0,0,gk,Y,0.0,,,,,
42,male,150.0,3.076,same,same,1,0,0,gk,Y,0.0,,,,,
42,male,0.0,1.57,different,different,1,0,0,gk,Y,0.0,,,,,
42,male,50.0,1.99,different,different,1,0,0,gk,Y,0.0,,,,,
42,male,50.0,1.57,same,same,1,0,0,gk,Y,0.0,,,,,
42,male,100.0,2.271,same,same,1,0,0,gk,Y,0.0,,,,,
42,male,100.0,5.183,different,different,1,0,0,gk,Y,0.0,,,,,
42,male,100.0,2.283,same,same,1,0,0,gk,Y,0.0,,,,,
42,male,100.0,2.056,different,different,1,0,0,gk,Y,0.0,,,,,
42,male,150.0,4.546,same,same,1,0,0,gk,Y,0.0,,,,,
42,male,0.0,2.784,different,different,1,0,0,gk,Y,0.0,,,,,
42,male,0.0,4.371,same,same,1,0,0,gk,Y,0.0,,,,,
42,male,50.0,6.574,different,same,0,0,1,gk,Y,0.0,,,,,
42,male,50.0,1.258,different,different,1,0,0,gk,Y,0.0,,,,,
42,male,150.0,4.483,different,different,1,0,0,gk,Y,0.0,,,,,
42,male,50.0,3.224,different,different,1,0,0,gk,Y,0.0,,,,,
42,male,0.0,1.155,same,same,1,0,0,gk,Y,0.0,,,,,
42,male,150.0,1.474,different,different,1,0,0,gk,Y,0.0,,,,,
42,male,50.0,2.201,same,same,1,0,0,gk,Y,0.0,,,,,
42,male,100.0,1.46,same,same,1,0,0,gk,Y,0.0,,,,,
42,male,0.0,1.754,different,different,1,0,0,gk,Y,0.0,,,,,
42,male,150.0,1.561,different,same,0,0,1,gk,Y,0.0,,,,,
42,male,100.0,2.044,different,different,1,0,0,gk,Y,0.0,,,,,
42,male,100.0,1.741,different,different,1,0,0,gk,Y,0.0,,,,,
42,male,50.0,2.361,same,same,1,0,0,gk,Y,0.0,,,,,
42,male,0.0,1.173,same,same,1,0,0,gk,Y,0.0,,,,,
42,male,150.0,2.9,same,same,1,0,0,gk,Y,0.0,,,,,
42,male,150.0,4.222,different,different,1,0,0,gk,Y,0.0,,,,,
42,male,50.0,1.56,different,different,1,0,0,gk,Y,0.0,,,,,
42,male,100.0,1.847,same,same,1,0,0,gk,Y,0.0,,,,,
42,male,0.0,5.854,different,different,1,0,0,gk,Y,0.0,,,,,
43,female,0.0,2.069,same,different,0,1,0,gk,Y,0.0,,,,,
43,female,150.0,4.122,same,different,0,1,0,gk,Y,0.0,,,,,
43,female,150.0,2.749,different,same,0,0,1,gk,Y,0.0,,,,,
43,female,100.0,5.067,different,same,0,0,1,gk,Y,0.0,,,,,
43,female,50.0,4.021,same,same,1,0,0,gk,Y,0.0,,,,,
43,female,50.0,3.326,different,different,1,0,0,gk,Y,0.0,,,,,
43,female,100.0,3.774,same,different,0,1,0,gk,Y,0.0,,,,,
43,female,0.0,1.582,same,same,1,0,0,gk,Y,0.0,,,,,
43,female,150.0,4.107,same,same,1,0,0,gk,Y,0.0,,,,,
43,female,50.0,2.371,different,different,1,0,0,gk,Y,0.0,,,,,
43,female,0.0,2.15,different,different,1,0,0,gk,Y,0.0,,,,,
43,female,0.0,2.971,same,same,1,0,0,gk,Y,0.0,,,,,
43,female,100.0,3.444,same,different,0,1,0,gk,Y,0.0,,,,,
43,female,100.0,3.055,same,same,1,0,0,gk,Y,0.0,,,,,
43,female,50.0,5.31,same,same,1,0,0,gk,Y,0.0,,,,,
43,female,100.0,2.46,different,different,1,0,0,gk,Y,0.0,,,,,
43,female,150.0,2.976,same,same,1,0,0,gk,Y,0.0,,,,,
43,female,50.0,2.57,different,different,1,0,0,gk,Y,0.0,,,,,
43,female,50.0,1.727,same,same,1,0,0,gk,Y,0.0,,,,,
43,female,100.0,2.847,same,different,0,1,0,gk,Y,0.0,,,,,
43,female,0.0,1.042,same,different,0,1,0,gk,Y,0.0,,,,,
43,female,0.0,3.125,same,same,1,0,0,gk,Y,0.0,,,,,
43,female,150.0,4.046,different,different,1,0,0,gk,Y,0.0,,,,,
43,female,150.0,5.974,different,different,1,0,0,gk,Y,0.0,,,,,
43,female,50.0,3.8,different,different,1,0,0,gk,Y,0.0,,,,,
43,female,50.0,2.994,same,same,1,0,0,gk,Y,0.0,,,,,
43,female,100.0,6.24,same,same,1,0,0,gk,Y,0.0,,,,,
43,female,0.0,1.078,same,same,1,0,0,gk,Y,0.0,,,,,
43,female,0.0,1.381,different,different,1,0,0,gk,Y,0.0,,,,,
43,female,150.0,3.865,different,same,0,0,1,gk,Y,0.0,,,,,
43,female,50.0,3.994,same,same,1,0,0,gk,Y,0.0,,,,,
43,female,100.0,4.645,different,same,0,0,1,gk,Y,0.0,,,,,
43,female,150.0,4.054,different,same,0,0,1,gk,Y,0.0,,,,,
43,female,0.0,1.307,different,different,1,0,0,gk,Y,0.0,,,,,
43,female,100.0,3.51,same,same,1,0,0,gk,Y,0.0,,,,,
43,female,150.0,3.696,different,different,1,0,0,gk,Y,0.0,,,,,
43,female,0.0,1.378,same,same,1,0,0,gk,Y,0.0,,,,,
43,female,50.0,2.064,different,different,1,0,0,gk,Y,0.0,,,,,
43,female,150.0,3.109,same,same,1,0,0,gk,Y,0.0,,,,,
43,female,0.0,1.355,different,different,1,0,0,gk,Y,0.0,,,,,
43,female,100.0,5.535,same,same,1,0,0,gk,Y,0.0,,,,,
43,female,150.0,3.43,different,different,1,0,0,gk,Y,0.0,,,,,
43,female,50.0,1.624,different,different,1,0,0,gk,Y,0.0,,,,,
43,female,100.0,1.723,different,different,1,0,0,gk,Y,0.0,,,,,
43,female,0.0,1.159,same,same,1,0,0,gk,Y,0.0,,,,,
43,female,50.0,2.18,same,same,1,0,0,gk,Y,0.0,,,,,
43,female,100.0,3.876,same,different,0,1,0,gk,Y,0.0,,,,,
43,female,150.0,1.811,different,different,1,0,0,gk,Y,0.0,,,,,
43,female,0.0,1.239,same,same,1,0,0,gk,Y,0.0,,,,,
43,female,0.0,1.504,different,different,1,0,0,gk,Y,0.0,,,,,
43,female,100.0,3.593,same,same,1,0,0,gk,Y,0.0,,,,,
43,female,50.0,0.952,different,different,1,0,0,gk,Y,0.0,,,,,
43,female,150.0,3.84,different,same,0,0,1,gk,Y,0.0,,,,,
43,female,50.0,1.743,same,same,1,0,0,gk,Y,0.0,,,,,
43,female,150.0,0.948,different,different,1,0,0,gk,Y,0.0,,,,,
43,female,100.0,4.129,different,different,1,0,0,gk,Y,0.0,,,,,
43,female,150.0,3.669,same,same,1,0,0,gk,Y,0.0,,,,,
43,female,100.0,5.877,different,same,0,0,1,gk,Y,0.0,,,,,
43,female,0.0,0.972,same,same,1,0,0,gk,Y,0.0,,,,,
43,female,0.0,4.027,same,different,0,1,0,gk,Y,0.0,,,,,
43,female,50.0,4.92,same,different,0,1,0,gk,Y,0.0,,,,,
43,female,50.0,4.13,different,same,0,0,1,gk,Y,0.0,,,,,
43,female,150.0,6.886,different,different,1,0,0,gk,Y,0.0,,,,,
43,female,0.0,2.04,same,same,1,0,0,gk,Y,0.0,,,,,
43,female,150.0,4.565,same,same,1,0,0,gk,Y,0.0,,,,,
43,female,0.0,2.44,same,different,0,1,0,gk,Y,0.0,,,,,
43,female,50.0,1.525,different,different,1,0,0,gk,Y,0.0,,,,,
43,female,50.0,2.128,same,same,1,0,0,gk,Y,0.0,,,,,
43,female,100.0,4.916,same,same,1,0,0,gk,Y,0.0,,,,,
43,female,100.0,3.374,different,different,1,0,0,gk,Y,0.0,,,,,
43,female,100.0,2.504,same,same,1,0,0,gk,Y,0.0,,,,,
43,female,100.0,2.934,different,different,1,0,0,gk,Y,0.0,,,,,
43,female,150.0,7.139,different,same,0,0,1,gk,Y,0.0,,,,,
43,female,0.0,2.863,same,different,0,1,0,gk,Y,0.0,,,,,
43,female,0.0,4.746,same,same,1,0,0,gk,Y,0.0,,,,,
43,female,50.0,3.278,same,same,1,0,0,gk,Y,0.0,,,,,
43,female,50.0,2.389,different,different,1,0,0,gk,Y,0.0,,,,,
43,female,150.0,6.004,different,different,1,0,0,gk,Y,0.0,,,,,
43,female,50.0,3.578,different,different,1,0,0,gk,Y,0.0,,,,,
43,female,0.0,1.657,same,same,1,0,0,gk,Y,0.0,,,,,
43,female,150.0,3.288,different,different,1,0,0,gk,Y,0.0,,,,,
43,female,50.0,3.424,same,same,1,0,0,gk,Y,0.0,,,,,
43,female,100.0,3.155,same,same,1,0,0,gk,Y,0.0,,,,,
43,female,0.0,2.37,different,different,1,0,0,gk,Y,0.0,,,,,
43,female,150.0,5.336,different,same,0,0,1,gk,Y,0.0,,,,,
43,female,100.0,2.358,different,different,1,0,0,gk,Y,0.0,,,,,
43,female,100.0,4.43,different,different,1,0,0,gk,Y,0.0,,,,,
43,female,50.0,4.692,different,same,0,0,1,gk,Y,0.0,,,,,
43,female,0.0,2.453,same,same,1,0,0,gk,Y,0.0,,,,,
43,female,150.0,5.95,same,same,1,0,0,gk,Y,0.0,,,,,
43,female,150.0,5.898,same,different,0,1,0,gk,Y,0.0,,,,,
43,female,50.0,4.369,different,different,1,0,0,gk,Y,0.0,,,,,
43,female,100.0,2.745,same,same,1,0,0,gk,Y,0.0,,,,,
43,female,0.0,3.285,same,different,0,1,0,gk,Y,0.0,,,,,
44,male,0.0,4.159,different,different,1,0,0,gk,Y,0.0,,,,,
44,male,150.0,4.932,same,same,1,0,0,gk,Y,0.0,,,,,
44,male,100.0,6.622,same,same,1,0,0,gk,Y,0.0,,,,,
44,male,50.0,4.998,different,same,0,0,1,gk,Y,0.0,,,,,
44,male,50.0,6.562,different,different,1,0,0,gk,Y,0.0,,,,,
44,male,0.0,3.75,same,same,1,0,0,gk,Y,0.0,,,,,
44,male,150.0,5.316,different,different,1,0,0,gk,Y,0.0,,,,,
44,male,150.0,5.217,same,same,1,0,0,gk,Y,0.0,,,,,
44,male,50.0,5.579,different,different,1,0,0,gk,Y,0.0,,,,,
44,male,0.0,5.002,different,different,1,0,0,gk,Y,0.0,,,,,
44,male,0.0,3.856,same,same,1,0,0,gk,Y,0.0,,,,,
44,male,100.0,5.652,different,different,1,0,0,gk,Y,0.0,,,,,
44,male,100.0,4.642,same,same,1,0,0,gk,Y,0.0,,,,,
44,male,50.0,6.036,same,same,1,0,0,gk,Y,0.0,,,,,
44,male,100.0,7.041,different,different,1,0,0,gk,Y,0.0,,,,,
44,male,150.0,5.535,same,same,1,0,0,gk,Y,0.0,,,,,
44,male,50.0,3.314,different,different,1,0,0,gk,Y,0.0,,,,,
44,male,50.0,4.453,same,same,1,0,0,gk,Y,0.0,,,,,
44,male,100.0,5.443,different,different,1,0,0,gk,Y,0.0,,,,,
44,male,0.0,3.845,same,different,0,1,0,gk,Y,0.0,,,,,
44,male,0.0,5.173,same,same,1,0,0,gk,Y,0.0,,,,,
44,male,150.0,7.186,different,different,1,0,0,gk,Y,0.0,,,,,
44,male,50.0,6.914,different,different,1,0,0,gk,Y,0.0,,,,,
44,male,50.0,5.334,same,same,1,0,0,gk,Y,0.0,,,,,
44,male,100.0,6.676,same,same,1,0,0,gk,Y,0.0,,,,,
44,male,0.0,3.017,same,same,1,0,0,gk,Y,0.0,,,,,
44,male,0.0,1.957,different,different,1,0,0,gk,Y,0.0,,,,,
44,male,150.0,7.466,different,same,0,0,1,gk,Y,0.0,,,,,
44,male,100.0,3.732,different,different,1,0,0,gk,Y,0.0,,,,,
44,male,50.0,4.601,same,same,1,0,0,gk,Y,0.0,,,,,
44,male,100.0,5.389,same,same,1,0,0,gk,Y,0.0,,,,,
44,male,150.0,5.496,same,same,1,0,0,gk,Y,0.0,,,,,
44,male,0.0,1.995,different,different,1,0,0,gk,Y,0.0,,,,,
44,male,100.0,4.315,same,same,1,0,0,gk,Y,0.0,,,,,
44,male,150.0,5.216,same,different,0,1,0,gk,Y,0.0,,,,,
44,male,0.0,5.397,same,same,1,0,0,gk,Y,0.0,,,,,
44,male,50.0,4.877,different,different,1,0,0,gk,Y,0.0,,,,,
44,male,0.0,3.677,different,different,1,0,0,gk,Y,0.0,,,,,
44,male,100.0,3.613,same,same,1,0,0,gk,Y,0.0,,,,,
44,male,150.0,2.583,same,different,0,1,0,gk,Y,0.0,,,,,
44,male,50.0,4.205,different,different,1,0,0,gk,Y,0.0,,,,,
44,male,100.0,6.776,different,different,1,0,0,gk,Y,0.0,,,,,
44,male,0.0,3.05,same,same,1,0,0,gk,Y,0.0,,,,,
44,male,50.0,3.661,same,same,1,0,0,gk,Y,0.0,,,,,
44,male,100.0,6.597,different,different,1,0,0,gk,Y,0.0,,,,,
44,male,150.0,3.167,same,different,0,1,0,gk,Y,0.0,,,,,
44,male,0.0,2.331,same,same,1,0,0,gk,Y,0.0,,,,,
44,male,0.0,1.759,different,different,1,0,0,gk,Y,0.0,,,,,
44,male,100.0,6.476,same,same,1,0,0,gk,Y,0.0,,,,,
44,male,50.0,1.365,different,different,1,0,0,gk,Y,0.0,,,,,
44,male,150.0,5.136,same,same,1,0,0,gk,Y,0.0,,,,,
44,male,50.0,2.262,same,same,1,0,0,gk,Y,0.0,,,,,
44,male,150.0,5.479,different,different,1,0,0,gk,Y,0.0,,,,,
44,male,100.0,4.447,different,different,1,0,0,gk,Y,0.0,,,,,
44,male,150.0,3.624,same,same,1,0,0,gk,Y,0.0,,,,,
44,male,100.0,3.88,same,same,1,0,0,gk,Y,0.0,,,,,
44,male,0.0,1.449,same,same,1,0,0,gk,Y,0.0,,,,,
44,male,0.0,1.785,different,different,1,0,0,gk,Y,0.0,,,,,
44,male,50.0,5.555,different,different,1,0,0,gk,Y,0.0,,,,,
44,male,50.0,6.034,same,same,1,0,0,gk,Y,0.0,,,,,
44,male,150.0,6.723,different,different,1,0,0,gk,Y,0.0,,,,,
44,male,0.0,2.675,same,same,1,0,0,gk,Y,0.0,,,,,
44,male,150.0,2.537,same,same,1,0,0,gk,Y,0.0,,,,,
44,male,0.0,4.96,different,different,1,0,0,gk,Y,0.0,,,,,
44,male,50.0,5.17,same,same,1,0,0,gk,Y,0.0,,,,,
44,male,100.0,4.791,same,same,1,0,0,gk,Y,0.0,,,,,
44,male,100.0,5.42,different,different,1,0,0,gk,Y,0.0,,,,,
44,male,100.0,2.689,same,same,1,0,0,gk,Y,0.0,,,,,
44,male,100.0,3.553,different,different,1,0,0,gk,Y,0.0,,,,,
44,male,150.0,2.568,same,same,1,0,0,gk,Y,0.0,,,,,
44,male,0.0,3.293,different,different,1,0,0,gk,Y,0.0,,,,,
44,male,0.0,4.637,same,same,1,0,0,gk,Y,0.0,,,,,
44,male,50.0,5.66,same,same,1,0,0,gk,Y,0.0,,,,,
44,male,50.0,4.167,different,different,1,0,0,gk,Y,0.0,,,,,
44,male,150.0,6.722,same,different,0,1,0,gk,Y,0.0,,,,,
44,male,50.0,5.29,different,different,1,0,0,gk,Y,0.0,,,,,
44,male,0.0,1.15,same,same,1,0,0,gk,Y,0.0,,,,,
44,male,150.0,6.646,different,different,1,0,0,gk,Y,0.0,,,,,
44,male,50.0,1.83,same,same,1,0,0,gk,Y,0.0,,,,,
44,male,100.0,3.247,same,same,1,0,0,gk,Y,0.0,,,,,
44,male,0.0,2.305,different,different,1,0,0,gk,Y,0.0,,,,,
44,male,150.0,4.758,same,same,1,0,0,gk,Y,0.0,,,,,
44,male,100.0,4.876,different,different,1,0,0,gk,Y,0.0,,,,,
44,male,100.0,5.161,different,different,1,0,0,gk,Y,0.0,,,,,
44,male,50.0,1.39,same,same,1,0,0,gk,Y,0.0,,,,,
44,male,0.0,1.953,same,same,1,0,0,gk,Y,0.0,,,,,
44,male,150.0,3.245,same,same,1,0,0,gk,Y,0.0,,,,,
44,male,150.0,4.951,different,different,1,0,0,gk,Y,0.0,,,,,
44,male,50.0,3.251,different,different,1,0,0,gk,Y,0.0,,,,,
44,male,100.0,2.688,same,same,1,0,0,gk,Y,0.0,,,,,
44,male,0.0,4.735,same,different,0,1,0,gk,Y,0.0,,,,,
45,female,0.0,5.198,different,different,1,0,0,gk,Y,0.0,,,,,
45,female,150.0,3.703,different,different,1,0,0,gk,Y,0.0,,,,,
45,female,150.0,4.895,same,same,1,0,0,gk,Y,0.0,,,,,
45,female,100.0,5.536,same,same,1,0,0,gk,Y,0.0,,,,,
45,female,50.0,3.168,same,same,1,0,0,gk,Y,0.0,,,,,
45,female,50.0,3.126,different,different,1,0,0,gk,Y,0.0,,,,,
45,female,100.0,4.942,different,different,1,0,0,gk,Y,0.0,,,,,
45,female,0.0,1.28,same,same,1,0,0,gk,Y,0.0,,,,,
45,female,150.0,4.062,different,same,0,0,1,gk,Y,0.0,,,,,
45,female,50.0,5.499,different,different,1,0,0,gk,Y,0.0,,,,,
45,female,0.0,2.635,different,different,1,0,0,gk,Y,0.0,,,,,
45,female,0.0,1.202,same,same,1,0,0,gk,Y,0.0,,,,,
45,female,100.0,6.238,same,same,1,0,0,gk,Y,0.0,,,,,
45,female,50.0,4.655,same,same,1,0,0,gk,Y,0.0,,,,,
45,female,100.0,6.725,different,different,1,0,0,gk,Y,0.0,,,,,
45,female,50.0,6.283,same,different,0,1,0,gk,Y,0.0,,,,,
45,female,50.0,3.455,same,same,1,0,0,gk,Y,0.0,,,,,
45,female,100.0,4.449,different,different,1,0,0,gk,Y,0.0,,,,,
45,female,0.0,1.958,different,different,1,0,0,gk,Y,0.0,,,,,
45,female,0.0,1.41,same,same,1,0,0,gk,Y,0.0,,,,,
45,female,150.0,5.135,different,different,1,0,0,gk,Y,0.0,,,,,
45,female,150.0,3.766,different,different,1,0,0,gk,Y,0.0,,,,,
45,female,50.0,2.657,different,different,1,0,0,gk,Y,0.0,,,,,
45,female,50.0,4.546,same,same,1,0,0,gk,Y,0.0,,,,,
45,female,100.0,5.44,same,same,1,0,0,gk,Y,0.0,,,,,
45,female,0.0,1.061,same,same,1,0,0,gk,Y,0.0,,,,,
45,female,0.0,2.993,different,different,1,0,0,gk,Y,0.0,,,,,
45,female,150.0,5.763,same,same,1,0,0,gk,Y,0.0,,,,,
45,female,50.0,5.121,same,same,1,0,0,gk,Y,0.0,,,,,
45,female,100.0,3.672,same,same,1,0,0,gk,Y,0.0,,,,,
45,female,150.0,5.297,same,same,1,0,0,gk,Y,0.0,,,,,
45,female,0.0,1.124,different,different,1,0,0,gk,Y,0.0,,,,,
45,female,100.0,4.935,same,same,1,0,0,gk,Y,0.0,,,,,
45,female,150.0,3.73,different,different,1,0,0,gk,Y,0.0,,,,,
45,female,0.0,0.968,same,same,1,0,0,gk,Y,0.0,,,,,
45,female,50.0,1.836,different,different,1,0,0,gk,Y,0.0,,,,,
45,female,150.0,5.495,same,same,1,0,0,gk,Y,0.0,,,,,
45,female,0.0,1.893,different,different,1,0,0,gk,Y,0.0,,,,,
45,female,100.0,6.748,different,same,0,0,1,gk,Y,0.0,,,,,
45,female,150.0,3.666,different,different,1,0,0,gk,Y,0.0,,,,,
45,female,50.0,1.692,different,different,1,0,0,gk,Y,0.0,,,,,
45,female,100.0,5.498,different,different,1,0,0,gk,Y,0.0,,,,,
45,female,0.0,1.458,same,same,1,0,0,gk,Y,0.0,,,,,
45,female,50.0,1.849,same,same,1,0,0,gk,Y,0.0,,,,,
45,female,100.0,4.283,different,different,1,0,0,gk,Y,0.0,,,,,
45,female,150.0,2.76,same,different,0,1,0,gk,Y,0.0,,,,,
45,female,0.0,1.211,same,same,1,0,0,gk,Y,0.0,,,,,
45,female,0.0,1.379,different,different,1,0,0,gk,Y,0.0,,,,,
45,female,100.0,3.985,same,same,1,0,0,gk,Y,0.0,,,,,
45,female,50.0,0.923,different,different,1,0,0,gk,Y,0.0,,,,,
45,female,150.0,4.644,same,same,1,0,0,gk,Y,0.0,,,,,
45,female,50.0,1.01,same,same,1,0,0,gk,Y,0.0,,,,,
45,female,150.0,1.213,different,different,1,0,0,gk,Y,0.0,,,,,
45,female,100.0,2.735,different,different,1,0,0,gk,Y,0.0,,,,,
45,female,150.0,3.014,same,same,1,0,0,gk,Y,0.0,,,,,
45,female,100.0,3.535,same,same,1,0,0,gk,Y,0.0,,,,,
45,female,0.0,1.33,same,same,1,0,0,gk,Y,0.0,,,,,
45,female,0.0,1.569,different,different,1,0,0,gk,Y,0.0,,,,,
45,female,50.0,1.75,different,different,1,0,0,gk,Y,0.0,,,,,
45,female,50.0,2.24,same,same,1,0,0,gk,Y,0.0,,,,,
45,female,150.0,3.541,different,different,1,0,0,gk,Y,0.0,,,,,
45,female,0.0,0.944,same,same,1,0,0,gk,Y,0.0,,,,,
45,female,150.0,2.662,different,same,0,0,1,gk,Y,0.0,,,,,
45,female,0.0,2.166,different,different,1,0,0,gk,Y,0.0,,,,,
45,female,50.0,2.164,different,different,1,0,0,gk,Y,0.0,,,,,
45,female,50.0,2.325,same,same,1,0,0,gk,Y,0.0,,,,,
45,female,100.0,2.012,same,same,1,0,0,gk,Y,0.0,,,,,
45,female,100.0,5.041,different,different,1,0,0,gk,Y,0.0,,,,,
45,female,100.0,3.097,same,same,1,0,0,gk,Y,0.0,,,,,
45,female,100.0,3.519,different,different,1,0,0,gk,Y,0.0,,,,,
45,female,150.0,3.997,same,same,1,0,0,gk,Y,0.0,,,,,
45,female,0.0,3.071,different,different,1,0,0,gk,Y,0.0,,,,,
45,female,0.0,2.017,same,same,1,0,0,gk,Y,0.0,,,,,
45,female,50.0,1.773,same,same,1,0,0,gk,Y,0.0,,,,,
45,female,50.0,0.965,different,different,1,0,0,gk,Y,0.0,,,,,
45,female,150.0,3.228,same,different,0,1,0,gk,Y,0.0,,,,,
45,female,50.0,5.051,different,different,1,0,0,gk,Y,0.0,,,,,
45,female,0.0,1.056,same,same,1,0,0,gk,Y,0.0,,,,,
45,female,150.0,1.546,different,different,1,0,0,gk,Y,0.0,,,,,
45,female,50.0,1.533,same,same,1,0,0,gk,Y,0.0,,,,,
45,female,100.0,6.539,same,same,1,0,0,gk,Y,0.0,,,,,
45,female,0.0,2.645,different,different,1,0,0,gk,Y,0.0,,,,,
45,female,150.0,6.448,same,same,1,0,0,gk,Y,0.0,,,,,
45,female,100.0,2.052,different,different,1,0,0,gk,Y,0.0,,,,,
45,female,100.0,4.461,different,different,1,0,0,gk,Y,0.0,,,,,
45,female,50.0,1.604,same,same,1,0,0,gk,Y,0.0,,,,,
45,female,0.0,0.983,same,same,1,0,0,gk,Y,0.0,,,,,
45,female,150.0,3.138,same,same,1,0,0,gk,Y,0.0,,,,,
45,female,150.0,4.158,different,different,1,0,0,gk,Y,0.0,,,,,
45,female,50.0,1.243,different,different,1,0,0,gk,Y,0.0,,,,,
45,female,100.0,1.36,same,same,1,0,0,gk,Y,0.0,,,,,
45,female,0.0,4.008,different,different,1,0,0,gk,Y,0.0,,,,,
46,female,0.0,2.83,different,different,1,0,0,gk,Y,0.0,,,,,
46,female,150.0,4.63,different,different,1,0,0,gk,Y,0.0,,,,,
46,female,150.0,2.303,same,same,1,0,0,gk,Y,0.0,,,,,
46,female,100.0,2.312,different,same,0,0,1,gk,Y,0.0,,,,,
46,female,50.0,2.23,same,same,1,0,0,gk,Y,0.0,,,,,
46,female,50.0,3.936,different,different,1,0,0,gk,Y,0.0,,,,,
46,female,100.0,5.071,different,different,1,0,0,gk,Y,0.0,,,,,
46,female,0.0,1.75,same,same,1,0,0,gk,Y,0.0,,,,,
46,female,150.0,6.412,different,different,1,0,0,gk,Y,0.0,,,,,
46,female,150.0,2.948,same,same,1,0,0,gk,Y,0.0,,,,,
46,female,50.0,5.162,different,different,1,0,0,gk,Y,0.0,,,,,
46,female,0.0,2.241,same,different,0,1,0,gk,Y,0.0,,,,,
46,female,0.0,1.216,same,same,1,0,0,gk,Y,0.0,,,,,
46,female,100.0,3.978,different,different,1,0,0,gk,Y,0.0,,,,,
46,female,100.0,3.382,same,same,1,0,0,gk,Y,0.0,,,,,
46,female,50.0,3.426,same,same,1,0,0,gk,Y,0.0,,,,,
46,female,100.0,5.971,different,different,1,0,0,gk,Y,0.0,,,,,
46,female,150.0,2.969,same,same,1,0,0,gk,Y,0.0,,,,,
46,female,50.0,4.357,different,different,1,0,0,gk,Y,0.0,,,,,
46,female,50.0,2.21,same,same,1,0,0,gk,Y,0.0,,,,,
46,female,100.0,3.099,different,different,1,0,0,gk,Y,0.0,,,,,
46,female,0.0,3.497,different,different,1,0,0,gk,Y,0.0,,,,,
46,female,0.0,2.008,same,same,1,0,0,gk,Y,0.0,,,,,
46,female,150.0,6.34,different,different,1,0,0,gk,Y,0.0,,,,,
46,female,150.0,3.576,different,different,1,0,0,gk,Y,0.0,,,,,
46,female,50.0,6.765,different,different,1,0,0,gk,Y,0.0,,,,,
46,female,50.0,4.346,same,same,1,0,0,gk,Y,0.0,,,,,
46,female,100.0,4.281,same,same,1,0,0,gk,Y,0.0,,,,,
46,female,0.0,2.118,same,same,1,0,0,gk,Y,0.0,,,,,
46,female,0.0,4.673,different,different,1,0,0,gk,Y,0.0,,,,,
46,female,150.0,3.907,same,same,1,0,0,gk,Y,0.0,,,,,
46,female,100.0,4.444,different,different,1,0,0,gk,Y,0.0,,,,,
46,female,50.0,4.383,same,same,1,0,0,gk,Y,0.0,,,,,
46,female,100.0,3.2,same,same,1,0,0,gk,Y,0.0,,,,,
46,female,150.0,7.076,same,same,1,0,0,gk,Y,0.0,,,,,
46,female,0.0,4.134,different,different,1,0,0,gk,Y,0.0,,,,,
46,female,100.0,6.15,same,same,1,0,0,gk,Y,0.0,,,,,
46,female,0.0,1.67,same,same,1,0,0,gk,Y,0.0,,,,,
46,female,50.0,3.822,same,different,0,1,0,gk,Y,0.0,,,,,
46,female,150.0,5.863,same,same,1,0,0,gk,Y,0.0,,,,,
46,female,0.0,2.721,different,different,1,0,0,gk,Y,0.0,,,,,
46,female,100.0,4.317,same,same,1,0,0,gk,Y,0.0,,,,,
46,female,150.0,3.152,same,different,0,1,0,gk,Y,0.0,,,,,
46,female,50.0,3.285,different,different,1,0,0,gk,Y,0.0,,,,,
46,female,100.0,4.955,different,different,1,0,0,gk,Y,0.0,,,,,
46,female,0.0,1.288,same,same,1,0,0,gk,Y,0.0,,,,,
46,female,50.0,2.721,same,same,1,0,0,gk,Y,0.0,,,,,
46,female,100.0,3.946,different,different,1,0,0,gk,Y,0.0,,,,,
46,female,150.0,4.766,different,different,1,0,0,gk,Y,0.0,,,,,
46,female,0.0,1.393,same,same,1,0,0,gk,Y,0.0,,,,,
46,female,0.0,2.212,different,different,1,0,0,gk,Y,0.0,,,,,
46,female,100.0,2.999,different,same,0,0,1,gk,Y,0.0,,,,,
46,female,50.0,2.416,different,different,1,0,0,gk,Y,0.0,,,,,
46,female,50.0,2.083,same,same,1,0,0,gk,Y,0.0,,,,,
46,female,150.0,2.475,different,different,1,0,0,gk,Y,0.0,,,,,
46,female,100.0,4.1,different,different,1,0,0,gk,Y,0.0,,,,,
46,female,150.0,2.722,same,same,1,0,0,gk,Y,0.0,,,,,
46,female,100.0,4.495,same,same,1,0,0,gk,Y,0.0,,,,,
46,female,0.0,1.07,same,same,1,0,0,gk,Y,0.0,,,,,
46,female,0.0,2.399,different,different,1,0,0,gk,Y,0.0,,,,,
46,female,50.0,4.361,different,different,1,0,0,gk,Y,0.0,,,,,
46,female,50.0,4.877,same,same,1,0,0,gk,Y,0.0,,,,,
46,female,150.0,2.527,different,different,1,0,0,gk,Y,0.0,,,,,
46,female,0.0,1.292,same,same,1,0,0,gk,Y,0.0,,,,,
46,female,150.0,3.331,same,same,1,0,0,gk,Y,0.0,,,,,
46,female,50.0,5.96,different,different,1,0,0,gk,Y,0.0,,,,,
46,female,50.0,2.989,same,same,1,0,0,gk,Y,0.0,,,,,
46,female,100.0,1.992,same,same,1,0,0,gk,Y,0.0,,,,,
46,female,100.0,5.582,different,different,1,0,0,gk,Y,0.0,,,,,
46,female,100.0,2.137,same,same,1,0,0,gk,Y,0.0,,,,,
46,female,100.0,5.661,same,different,0,1,0,gk,Y,0.0,,,,,
46,female,150.0,3.215,same,same,1,0,0,gk,Y,0.0,,,,,
46,female,0.0,7.465,different,different,1,0,0,gk,Y,0.0,,,,,
46,female,0.0,2.043,same,same,1,0,0,gk,Y,0.0,,,,,
46,female,50.0,4.93,same,same,1,0,0,gk,Y,0.0,,,,,
46,female,50.0,4.288,different,different,1,0,0,gk,Y,0.0,,,,,
46,female,150.0,4.176,different,different,1,0,0,gk,Y,0.0,,,,,
46,female,50.0,3.685,different,different,1,0,0,gk,Y,0.0,,,,,
46,female,0.0,1.196,same,same,1,0,0,gk,Y,0.0,,,,,
46,female,150.0,4.728,different,different,1,0,0,gk,Y,0.0,,,,,
46,female,50.0,2.241,same,same,1,0,0,gk,Y,0.0,,,,,
46,female,100.0,2.779,same,same,1,0,0,gk,Y,0.0,,,,,
46,female,0.0,1.345,same,different,0,1,0,gk,Y,0.0,,,,,
46,female,150.0,7.184,same,same,1,0,0,gk,Y,0.0,,,,,
46,female,100.0,2.835,different,different,1,0,0,gk,Y,0.0,,,,,
46,female,100.0,4.582,same,different,0,1,0,gk,Y,0.0,,,,,
46,female,50.0,4.97,same,same,1,0,0,gk,Y,0.0,,,,,
46,female,0.0,0.866,same,same,1,0,0,gk,Y,0.0,,,,,
46,female,150.0,2.686,same,same,1,0,0,gk,Y,0.0,,,,,
46,female,150.0,2.426,different,different,1,0,0,gk,Y,0.0,,,,,
46,female,50.0,2.284,different,different,1,0,0,gk,Y,0.0,,,,,
46,female,100.0,1.872,same,same,1,0,0,gk,Y,0.0,,,,,
46,female,0.0,3.432,different,different,1,0,0,gk,Y,0.0,,,,,
47,female,0.0,2.438,different,different,1,0,0,gk,Y,0.0,,,,,
47,female,150.0,3.716,different,different,1,0,0,gk,Y,0.0,,,,,
47,female,150.0,3.202,same,same,1,0,0,gk,Y,0.0,,,,,
47,female,100.0,6.31,different,same,0,0,1,gk,Y,0.0,,,,,
47,female,50.0,3.276,different,same,0,0,1,gk,Y,0.0,,,,,
47,female,50.0,2.746,different,different,1,0,0,gk,Y,0.0,,,,,
47,female,0.0,1.846,same,same,1,0,0,gk,Y,0.0,,,,,
47,female,150.0,3.596,different,different,1,0,0,gk,Y,0.0,,,,,
47,female,150.0,2.572,same,same,1,0,0,gk,Y,0.0,,,,,
47,female,50.0,2.871,different,different,1,0,0,gk,Y,0.0,,,,,
47,female,0.0,2.889,different,different,1,0,0,gk,Y,0.0,,,,,
47,female,0.0,1.418,same,same,1,0,0,gk,Y,0.0,,,,,
47,female,100.0,5.737,different,different,1,0,0,gk,Y,0.0,,,,,
47,female,50.0,2.527,different,same,0,0,1,gk,Y,0.0,,,,,
47,female,100.0,3.539,different,different,1,0,0,gk,Y,0.0,,,,,
47,female,150.0,2.649,same,same,1,0,0,gk,Y,0.0,,,,,
47,female,50.0,2.274,different,different,1,0,0,gk,Y,0.0,,,,,
47,female,50.0,1.79,same,same,1,0,0,gk,Y,0.0,,,,,
47,female,100.0,2.765,different,different,1,0,0,gk,Y,0.0,,,,,
47,female,0.0,1.689,different,different,1,0,0,gk,Y,0.0,,,,,
47,female,0.0,1.119,same,same,1,0,0,gk,Y,0.0,,,,,
47,female,150.0,5.607,different,different,1,0,0,gk,Y,0.0,,,,,
47,female,150.0,4.432,different,different,1,0,0,gk,Y,0.0,,,,,
47,female,50.0,2.946,different,different,1,0,0,gk,Y,0.0,,,,,
47,female,50.0,4.551,same,same,1,0,0,gk,Y,0.0,,,,,
47,female,100.0,4.607,same,same,1,0,0,gk,Y,0.0,,,,,
47,female,0.0,1.03,same,same,1,0,0,gk,Y,0.0,,,,,
47,female,0.0,1.602,different,different,1,0,0,gk,Y,0.0,,,,,
47,female,150.0,4.533,different,same,0,0,1,gk,Y,0.0,,,,,
47,female,100.0,5.707,different,different,1,0,0,gk,Y,0.0,,,,,
47,female,50.0,3.19,same,same,1,0,0,gk,Y,0.0,,,,,
47,female,100.0,4.948,same,same,1,0,0,gk,Y,0.0,,,,,
47,female,150.0,5.841,same,same,1,0,0,gk,Y,0.0,,,,,
47,female,0.0,1.731,different,different,1,0,0,gk,Y,0.0,,,,,
47,female,100.0,4.85,same,same,1,0,0,gk,Y,0.0,,,,,
47,female,150.0,4.343,different,different,1,0,0,gk,Y,0.0,,,,,
47,female,0.0,1.245,same,same,1,0,0,gk,Y,0.0,,,,,
47,female,50.0,1.471,different,different,1,0,0,gk,Y,0.0,,,,,
47,female,150.0,2.903,same,same,1,0,0,gk,Y,0.0,,,,,
47,female,0.0,1.399,different,different,1,0,0,gk,Y,0.0,,,,,
47,female,100.0,3.186,same,same,1,0,0,gk,Y,0.0,,,,,
47,female,150.0,4.305,different,different,1,0,0,gk,Y,0.0,,,,,
47,female,50.0,1.971,different,different,1,0,0,gk,Y,0.0,,,,,
47,female,100.0,2.792,different,different,1,0,0,gk,Y,0.0,,,,,
47,female,0.0,3.201,same,same,1,0,0,gk,Y,0.0,,,,,
47,female,50.0,4.045,same,same,1,0,0,gk,Y,0.0,,,,,
47,female,100.0,2.885,different,different,1,0,0,gk,Y,0.0,,,,,
47,female,150.0,3.92,different,different,1,0,0,gk,Y,0.0,,,,,
47,female,0.0,1.343,same,same,1,0,0,gk,Y,0.0,,,,,
47,female,0.0,1.103,different,different,1,0,0,gk,Y,0.0,,,,,
47,female,100.0,3.532,same,same,1,0,0,gk,Y,0.0,,,,,
47,female,50.0,1.102,different,different,1,0,0,gk,Y,0.0,,,,,
47,female,150.0,4.265,different,same,0,0,1,gk,Y,0.0,,,,,
47,female,50.0,1.398,same,same,1,0,0,gk,Y,0.0,,,,,
47,female,150.0,1.313,different,different,1,0,0,gk,Y,0.0,,,,,
47,female,100.0,2.634,different,different,1,0,0,gk,Y,0.0,,,,,
47,female,150.0,1.888,same,same,1,0,0,gk,Y,0.0,,,,,
47,female,100.0,3.945,same,same,1,0,0,gk,Y,0.0,,,,,
47,female,0.0,0.979,same,same,1,0,0,gk,Y,0.0,,,,,
47,female,0.0,1.033,different,different,1,0,0,gk,Y,0.0,,,,,
47,female,50.0,1.401,different,different,1,0,0,gk,Y,0.0,,,,,
47,female,50.0,1.18,same,same,1,0,0,gk,Y,0.0,,,,,
47,female,150.0,3.445,different,different,1,0,0,gk,Y,0.0,,,,,
47,female,0.0,1.756,same,same,1,0,0,gk,Y,0.0,,,,,
47,female,150.0,5.058,same,same,1,0,0,gk,Y,0.0,,,,,
47,female,0.0,2.403,different,different,1,0,0,gk,Y,0.0,,,,,
47,female,50.0,1.702,different,different,1,0,0,gk,Y,0.0,,,,,
47,female,50.0,1.628,same,same,1,0,0,gk,Y,0.0,,,,,
47,female,100.0,1.595,same,same,1,0,0,gk,Y,0.0,,,,,
47,female,100.0,4.522,different,different,1,0,0,gk,Y,0.0,,,,,
47,female,100.0,1.326,same,same,1,0,0,gk,Y,0.0,,,,,
47,female,100.0,2.258,different,different,1,0,0,gk,Y,0.0,,,,,
47,female,150.0,2.013,same,same,1,0,0,gk,Y,0.0,,,,,
47,female,0.0,1.8,same,same,1,0,0,gk,Y,0.0,,,,,
47,female,50.0,4.738,same,same,1,0,0,gk,Y,0.0,,,,,
47,female,50.0,1.117,different,different,1,0,0,gk,Y,0.0,,,,,
47,female,150.0,3.979,different,different,1,0,0,gk,Y,0.0,,,,,
47,female,50.0,3.538,different,different,1,0,0,gk,Y,0.0,,,,,
47,female,0.0,1.126,same,same,1,0,0,gk,Y,0.0,,,,,
47,female,50.0,3.76,same,same,1,0,0,gk,Y,0.0,,,,,
47,female,100.0,4.112,different,same,0,0,1,gk,Y,0.0,,,,,
47,female,0.0,1.527,different,different,1,0,0,gk,Y,0.0,,,,,
47,female,150.0,3.612,same,same,1,0,0,gk,Y,0.0,,,,,
47,female,100.0,3.016,different,different,1,0,0,gk,Y,0.0,,,,,
47,female,100.0,5.514,same,different,0,1,0,gk,Y,0.0,,,,,
47,female,50.0,3.485,same,same,1,0,0,gk,Y,0.0,,,,,
47,female,0.0,0.942,same,same,1,0,0,gk,Y,0.0,,,,,
47,female,150.0,6.261,different,same,0,0,1,gk,Y,0.0,,,,,
47,female,150.0,5.515,same,different,0,1,0,gk,Y,0.0,,,,,
47,female,50.0,1.323,different,different,1,0,0,gk,Y,0.0,,,,,
47,female,100.0,1.939,same,same,1,0,0,gk,Y,0.0,,,,,
47,female,0.0,3.95,different,different,1,0,0,gk,Y,0.0,,,,,
48,female,0.0,3.954,different,different,1,0,0,gk,Y,0.0,,,,,
48,female,150.0,6.32,different,different,1,0,0,gk,Y,0.0,,,,,
48,female,150.0,2.662,same,same,1,0,0,gk,Y,0.0,,,,,
48,female,100.0,6.871,same,same,1,0,0,gk,Y,0.0,,,,,
48,female,50.0,5.353,same,same,1,0,0,gk,Y,0.0,,,,,
48,female,50.0,2.162,different,different,1,0,0,gk,Y,0.0,,,,,
48,female,100.0,5.114,different,different,1,0,0,gk,Y,0.0,,,,,
48,female,0.0,1.262,same,same,1,0,0,gk,Y,0.0,,,,,
48,female,150.0,4.965,same,same,1,0,0,gk,Y,0.0,,,,,
48,female,50.0,5.828,different,different,1,0,0,gk,Y,0.0,,,,,
48,female,0.0,1.376,different,different,1,0,0,gk,Y,0.0,,,,,
48,female,0.0,0.974,same,same,1,0,0,gk,Y,0.0,,,,,
48,female,100.0,3.23,different,different,1,0,0,gk,Y,0.0,,,,,
48,female,100.0,3.15,same,same,1,0,0,gk,Y,0.0,,,,,
48,female,50.0,3.275,same,same,1,0,0,gk,Y,0.0,,,,,
48,female,100.0,2.891,different,different,1,0,0,gk,Y,0.0,,,,,
48,female,150.0,2.698,same,same,1,0,0,gk,Y,0.0,,,,,
48,female,50.0,1.723,different,different,1,0,0,gk,Y,0.0,,,,,
48,female,50.0,1.711,same,same,1,0,0,gk,Y,0.0,,,,,
48,female,100.0,1.709,different,different,1,0,0,gk,Y,0.0,,,,,
48,female,0.0,1.434,different,different,1,0,0,gk,Y,0.0,,,,,
48,female,0.0,1.163,same,same,1,0,0,gk,Y,0.0,,,,,
48,female,150.0,4.547,different,different,1,0,0,gk,Y,0.0,,,,,
48,female,50.0,4.052,same,different,0,1,0,gk,Y,0.0,,,,,
48,female,50.0,2.363,different,same,0,0,1,gk,Y,0.0,,,,,
48,female,100.0,2.865,same,same,1,0,0,gk,Y,0.0,,,,,
48,female,0.0,0.843,same,same,1,0,0,gk,Y,0.0,,,,,
48,female,0.0,2.533,different,different,1,0,0,gk,Y,0.0,,,,,
48,female,150.0,4.089,different,same,0,0,1,gk,Y,0.0,,,,,
48,female,100.0,4.961,different,different,1,0,0,gk,Y,0.0,,,,,
48,female,50.0,1.756,same,same,1,0,0,gk,Y,0.0,,,,,
48,female,100.0,4.04,same,same,1,0,0,gk,Y,0.0,,,,,
48,female,150.0,3.146,same,same,1,0,0,gk,Y,0.0,,,,,
48,female,0.0,4.129,different,different,1,0,0,gk,Y,0.0,,,,,
48,female,100.0,2.047,same,same,1,0,0,gk,Y,0.0,,,,,
48,female,150.0,3.103,different,different,1,0,0,gk,Y,0.0,,,,,
48,female,0.0,0.926,same,same,1,0,0,gk,Y,0.0,,,,,
48,female,50.0,1.292,different,different,1,0,0,gk,Y,0.0,,,,,
48,female,150.0,3.682,same,same,1,0,0,gk,Y,0.0,,,,,
48,female,0.0,1.25,different,different,1,0,0,gk,Y,0.0,,,,,
48,female,100.0,4.107,same,same,1,0,0,gk,Y,0.0,,,,,
48,female,150.0,3.996,different,different,1,0,0,gk,Y,0.0,,,,,
48,female,50.0,2.485,different,different,1,0,0,gk,Y,0.0,,,,,
48,female,100.0,4.126,different,different,1,0,0,gk,Y,0.0,,,,,
48,female,0.0,1.623,same,same,1,0,0,gk,Y,0.0,,,,,
48,female,50.0,5.465,same,same,1,0,0,gk,Y,0.0,,,,,
48,female,100.0,2.636,different,different,1,0,0,gk,Y,0.0,,,,,
48,female,150.0,2.891,different,different,1,0,0,gk,Y,0.0,,,,,
48,female,0.0,1.088,same,same,1,0,0,gk,Y,0.0,,,,,
48,female,0.0,1.625,different,different,1,0,0,gk,Y,0.0,,,,,
48,female,100.0,1.418,different,same,0,0,1,gk,Y,0.0,,,,,
48,female,50.0,1.274,different,different,1,0,0,gk,Y,0.0,,,,,
48,female,150.0,2.147,different,same,0,0,1,gk,Y,0.0,,,,,
48,female,50.0,1.191,same,same,1,0,0,gk,Y,0.0,,,,,
48,female,150.0,1.642,different,different,1,0,0,gk,Y,0.0,,,,,
48,female,100.0,2.298,different,different,1,0,0,gk,Y,0.0,,,,,
48,female,150.0,1.995,same,same,1,0,0,gk,Y,0.0,,,,,
48,female,100.0,4.051,same,same,1,0,0,gk,Y,0.0,,,,,
48,female,0.0,0.988,same,same,1,0,0,gk,Y,0.0,,,,,
48,female,0.0,0.905,different,different,1,0,0,gk,Y,0.0,,,,,
48,female,50.0,1.272,different,different,1,0,0,gk,Y,0.0,,,,,
48,female,50.0,1.607,same,same,1,0,0,gk,Y,0.0,,,,,
48,female,150.0,3.342,different,different,1,0,0,gk,Y,0.0,,,,,
48,female,0.0,1.053,same,same,1,0,0,gk,Y,0.0,,,,,
48,female,150.0,1.926,same,same,1,0,0,gk,Y,0.0,,,,,
48,female,0.0,2.348,different,different,1,0,0,gk,Y,0.0,,,,,
48,female,50.0,1.393,different,different,1,0,0,gk,Y,0.0,,,,,
48,female,50.0,1.619,same,same,1,0,0,gk,Y,0.0,,,,,
48,female,100.0,1.621,same,same,1,0,0,gk,Y,0.0,,,,,
48,female,100.0,2.196,different,different,1,0,0,gk,Y,0.0,,,,,
48,female,100.0,1.5,same,same,1,0,0,gk,Y,0.0,,,,,
48,female,100.0,1.607,different,different,1,0,0,gk,Y,0.0,,,,,
48,female,150.0,2.482,same,same,1,0,0,gk,Y,0.0,,,,,
48,female,0.0,1.634,different,different,1,0,0,gk,Y,0.0,,,,,
48,female,0.0,1.134,same,same,1,0,0,gk,Y,0.0,,,,,
48,female,50.0,1.845,different,same,0,0,1,gk,Y,0.0,,,,,
48,female,50.0,1.457,different,different,1,0,0,gk,Y,0.0,,,,,
48,female,150.0,2.228,same,different,0,1,0,gk,Y,0.0,,,,,
48,female,50.0,3.292,different,different,1,0,0,gk,Y,0.0,,,,,
48,female,0.0,0.836,same,same,1,0,0,gk,Y,0.0,,,,,
48,female,150.0,2.613,different,different,1,0,0,gk,Y,0.0,,,,,
48,female,50.0,2.801,different,same,0,0,1,gk,Y,0.0,,,,,
48,female,100.0,3.553,same,same,1,0,0,gk,Y,0.0,,,,,
48,female,0.0,1.56,different,different,1,0,0,gk,Y,0.0,,,,,
48,female,150.0,3.332,same,same,1,0,0,gk,Y,0.0,,,,,
48,female,100.0,3.235,different,different,1,0,0,gk,Y,0.0,,,,,
48,female,100.0,3.065,different,different,1,0,0,gk,Y,0.0,,,,,
48,female,50.0,2.565,same,same,1,0,0,gk,Y,0.0,,,,,
48,female,0.0,1.039,same,same,1,0,0,gk,Y,0.0,,,,,
48,female,150.0,2.461,same,same,1,0,0,gk,Y,0.0,,,,,
48,female,150.0,3.205,different,different,1,0,0,gk,Y,0.0,,,,,
48,female,50.0,1.23,different,different,1,0,0,gk,Y,0.0,,,,,
48,female,100.0,1.957,same,same,1,0,0,gk,Y,0.0,,,,,
48,female,0.0,1.471,different,different,1,0,0,gk,Y,0.0,,,,,
49,male,0.0,3.107,different,different,1,0,0,gk,Y,0.0,,,,,
49,male,150.0,2.93,different,different,1,0,0,gk,Y,0.0,,,,,
49,male,150.0,1.874,same,same,1,0,0,gk,Y,0.0,,,,,
49,male,100.0,3.793,same,same,1,0,0,gk,Y,0.0,,,,,
49,male,50.0,2.184,same,same,1,0,0,gk,Y,0.0,,,,,
49,male,50.0,1.749,different,different,1,0,0,gk,Y,0.0,,,,,
49,male,100.0,2.592,same,different,0,1,0,gk,Y,0.0,,,,,
49,male,0.0,2.879,same,same,1,0,0,gk,Y,0.0,,,,,
49,male,150.0,7.281,different,different,1,0,0,gk,Y,0.0,,,,,
49,male,150.0,2.386,same,same,1,0,0,gk,Y,0.0,,,,,
49,male,50.0,3.805,different,different,1,0,0,gk,Y,0.0,,,,,
49,male,0.0,1.696,different,different,1,0,0,gk,Y,0.0,,,,,
49,male,0.0,1.44,same,same,1,0,0,gk,Y,0.0,,,,,
49,male,100.0,2.135,different,different,1,0,0,gk,Y,0.0,,,,,
49,male,100.0,2.661,same,same,1,0,0,gk,Y,0.0,,,,,
49,male,50.0,1.989,same,same,1,0,0,gk,Y,0.0,,,,,
49,male,100.0,2.144,different,different,1,0,0,gk,Y,0.0,,,,,
49,male,150.0,3.094,same,same,1,0,0,gk,Y,0.0,,,,,
49,male,50.0,3.388,different,different,1,0,0,gk,Y,0.0,,,,,
49,male,50.0,1.799,same,same,1,0,0,gk,Y,0.0,,,,,
49,male,100.0,4.289,different,different,1,0,0,gk,Y,0.0,,,,,
49,male,0.0,2.279,different,different,1,0,0,gk,Y,0.0,,,,,
49,male,0.0,1.528,same,same,1,0,0,gk,Y,0.0,,,,,
49,male,150.0,3.939,different,different,1,0,0,gk,Y,0.0,,,,,
49,male,150.0,2.659,different,different,1,0,0,gk,Y,0.0,,,,,
49,male,50.0,3.409,different,different,1,0,0,gk,Y,0.0,,,,,
49,male,50.0,2.613,same,same,1,0,0,gk,Y,0.0,,,,,
49,male,100.0,2.963,same,same,1,0,0,gk,Y,0.0,,,,,
49,male,0.0,1.258,same,same,1,0,0,gk,Y,0.0,,,,,
49,male,0.0,2.787,different,different,1,0,0,gk,Y,0.0,,,,,
49,male,150.0,4.431,same,same,1,0,0,gk,Y,0.0,,,,,
49,male,100.0,4.179,different,different,1,0,0,gk,Y,0.0,,,,,
49,male,50.0,2.364,same,same,1,0,0,gk,Y,0.0,,,,,
49,male,100.0,2.658,same,same,1,0,0,gk,Y,0.0,,,,,
49,male,150.0,2.443,same,same,1,0,0,gk,Y,0.0,,,,,
49,male,0.0,2.021,different,different,1,0,0,gk,Y,0.0,,,,,
49,male,100.0,3.099,same,same,1,0,0,gk,Y,0.0,,,,,
49,male,150.0,3.291,different,different,1,0,0,gk,Y,0.0,,,,,
49,male,0.0,1.696,same,same,1,0,0,gk,Y,0.0,,,,,
49,male,50.0,3.369,different,different,1,0,0,gk,Y,0.0,,,,,
49,male,150.0,3.324,same,same,1,0,0,gk,Y,0.0,,,,,
49,male,0.0,2.458,different,different,1,0,0,gk,Y,0.0,,,,,
49,male,100.0,2.611,same,same,1,0,0,gk,Y,0.0,,,,,
49,male,150.0,4.276,different,different,1,0,0,gk,Y,0.0,,,,,
49,male,50.0,1.798,different,different,1,0,0,gk,Y,0.0,,,,,
49,male,100.0,3.825,different,different,1,0,0,gk,Y,0.0,,,,,
49,male,0.0,3.09,same,same,1,0,0,gk,Y,0.0,,,,,
49,male,50.0,2.313,same,same,1,0,0,gk,Y,0.0,,,,,
49,male,100.0,2.706,different,different,1,0,0,gk,Y,0.0,,,,,
49,male,150.0,1.659,different,different,1,0,0,gk,Y,0.0,,,,,
49,male,0.0,1.085,same,same,1,0,0,gk,Y,0.0,,,,,
49,male,0.0,1.187,different,different,1,0,0,gk,Y,0.0,,,,,
49,male,100.0,3.695,same,same,1,0,0,gk,Y,0.0,,,,,
49,male,50.0,1.057,different,different,1,0,0,gk,Y,0.0,,,,,
49,male,150.0,4.24,same,same,1,0,0,gk,Y,0.0,,,,,
49,male,50.0,1.517,same,same,1,0,0,gk,Y,0.0,,,,,
49,male,150.0,2.749,different,different,1,0,0,gk,Y,0.0,,,,,
49,male,100.0,2.153,same,different,0,1,0,gk,Y,0.0,,,,,
49,male,150.0,4.295,same,same,1,0,0,gk,Y,0.0,,,,,
49,male,100.0,2.012,same,same,1,0,0,gk,Y,0.0,,,,,
49,male,0.0,1.246,same,same,1,0,0,gk,Y,0.0,,,,,
49,male,0.0,3.573,different,different,1,0,0,gk,Y,0.0,,,,,
49,male,50.0,2.427,different,different,1,0,0,gk,Y,0.0,,,,,
49,male,50.0,2.038,same,same,1,0,0,gk,Y,0.0,,,,,
49,male,150.0,3.91,different,different,1,0,0,gk,Y,0.0,,,,,
49,male,0.0,1.142,same,same,1,0,0,gk,Y,0.0,,,,,
49,male,150.0,2.492,same,same,1,0,0,gk,Y,0.0,,,,,
49,male,0.0,2.291,different,different,1,0,0,gk,Y,0.0,,,,,
49,male,50.0,2.106,different,different,1,0,0,gk,Y,0.0,,,,,
49,male,50.0,2.303,same,same,1,0,0,gk,Y,0.0,,,,,
49,male,100.0,2.477,same,same,1,0,0,gk,Y,0.0,,,,,
49,male,100.0,2.943,different,different,1,0,0,gk,Y,0.0,,,,,
49,male,100.0,2.034,same,same,1,0,0,gk,Y,0.0,,,,,
49,male,100.0,2.204,different,different,1,0,0,gk,Y,0.0,,,,,
49,male,150.0,3.446,same,same,1,0,0,gk,Y,0.0,,,,,
49,male,0.0,2.296,different,different,1,0,0,gk,Y,0.0,,,,,
49,male,0.0,1.871,same,same,1,0,0,gk,Y,0.0,,,,,
49,male,50.0,2.661,same,same,1,0,0,gk,Y,0.0,,,,,
49,male,50.0,1.32,different,different,1,0,0,gk,Y,0.0,,,,,
49,male,150.0,4.866,different,different,1,0,0,gk,Y,0.0,,,,,
49,male,50.0,3.019,different,different,1,0,0,gk,Y,0.0,,,,,
49,male,0.0,1.148,same,same,1,0,0,gk,Y,0.0,,,,,
49,male,150.0,2.097,different,different,1,0,0,gk,Y,0.0,,,,,
49,male,50.0,1.902,same,same,1,0,0,gk,Y,0.0,,,,,
49,male,100.0,2.158,same,same,1,0,0,gk,Y,0.0,,,,,
49,male,0.0,2.618,different,different,1,0,0,gk,Y,0.0,,,,,
49,male,150.0,4.693,same,same,1,0,0,gk,Y,0.0,,,,,
49,male,100.0,2.878,different,different,1,0,0,gk,Y,0.0,,,,,
49,male,100.0,2.07,same,different,0,1,0,gk,Y,0.0,,,,,
49,male,50.0,4.554,same,same,1,0,0,gk,Y,0.0,,,,,
49,male,0.0,0.935,same,same,1,0,0,gk,Y,0.0,,,,,
49,male,150.0,1.84,same,same,1,0,0,gk,Y,0.0,,,,,
49,male,150.0,2.703,different,different,1,0,0,gk,Y,0.0,,,,,
49,male,50.0,2.141,different,different,1,0,0,gk,Y,0.0,,,,,
49,male,100.0,1.849,same,same,1,0,0,gk,Y,0.0,,,,,
49,male,0.0,2.442,different,different,1,0,0,gk,Y,0.0,,,,,
50,female,0.0,5.262,different,different,1,0,0,gk,Y,0.0,,,,,
50,female,150.0,3.977,different,different,1,0,0,gk,Y,0.0,,,,,
50,female,150.0,2.189,same,same,1,0,0,gk,Y,0.0,,,,,
50,female,100.0,4.956,same,same,1,0,0,gk,Y,0.0,,,,,
50,female,50.0,3.184,same,same,1,0,0,gk,Y,0.0,,,,,
50,female,50.0,3.315,different,different,1,0,0,gk,Y,0.0,,,,,
50,female,100.0,3.907,different,different,1,0,0,gk,Y,0.0,,,,,
50,female,0.0,2.504,same,same,1,0,0,gk,Y,0.0,,,,,
50,female,150.0,4.441,different,different,1,0,0,gk,Y,0.0,,,,,
50,female,150.0,3.047,same,same,1,0,0,gk,Y,0.0,,,,,
50,female,50.0,4.799,different,different,1,0,0,gk,Y,0.0,,,,,
50,female,0.0,3.929,different,different,1,0,0,gk,Y,0.0,,,,,
50,female,0.0,2.422,same,same,1,0,0,gk,Y,0.0,,,,,
50,female,100.0,3.859,different,different,1,0,0,gk,Y,0.0,,,,,
50,female,100.0,2.988,same,same,1,0,0,gk,Y,0.0,,,,,
50,female,50.0,3.374,same,same,1,0,0,gk,Y,0.0,,,,,
50,female,100.0,3.675,different,different,1,0,0,gk,Y,0.0,,,,,
50,female,150.0,2.04,same,same,1,0,0,gk,Y,0.0,,,,,
50,female,50.0,3.547,different,different,1,0,0,gk,Y,0.0,,,,,
50,female,50.0,2.005,same,same,1,0,0,gk,Y,0.0,,,,,
50,female,100.0,6.484,different,different,1,0,0,gk,Y,0.0,,,,,
50,female,0.0,3.859,different,different,1,0,0,gk,Y,0.0,,,,,
50,female,0.0,2.628,same,same,1,0,0,gk,Y,0.0,,,,,
50,female,150.0,4.017,same,different,0,1,0,gk,Y,0.0,,,,,
50,female,150.0,4.0,different,different,1,0,0,gk,Y,0.0,,,,,
50,female,50.0,4.209,different,different,1,0,0,gk,Y,0.0,,,,,
50,female,50.0,2.51,same,same,1,0,0,gk,Y,0.0,,,,,
50,female,100.0,5.03,same,same,1,0,0,gk,Y,0.0,,,,,
50,female,0.0,2.085,same,same,1,0,0,gk,Y,0.0,,,,,
50,female,0.0,3.309,different,different,1,0,0,gk,Y,0.0,,,,,
50,female,150.0,4.732,same,same,1,0,0,gk,Y,0.0,,,,,
50,female,100.0,3.1,different,different,1,0,0,gk,Y,0.0,,,,,
50,female,50.0,3.249,same,same,1,0,0,gk,Y,0.0,,,,,
50,female,100.0,4.618,same,same,1,0,0,gk,Y,0.0,,,,,
50,female,150.0,6.254,different,same,0,0,1,gk,Y,0.0,,,,,
50,female,0.0,3.205,different,different,1,0,0,gk,Y,0.0,,,,,
50,female,100.0,2.963,same,same,1,0,0,gk,Y,0.0,,,,,
50,female,150.0,4.149,different,different,1,0,0,gk,Y,0.0,,,,,
50,female,0.0,1.931,same,same,1,0,0,gk,Y,0.0,,,,,
50,female,50.0,4.119,different,different,1,0,0,gk,Y,0.0,,,,,
50,female,150.0,2.317,same,same,1,0,0,gk,Y,0.0,,,,,
50,female,0.0,3.155,different,different,1,0,0,gk,Y,0.0,,,,,
50,female,100.0,3.895,same,same,1,0,0,gk,Y,0.0,,,,,
50,female,150.0,2.88,different,different,1,0,0,gk,Y,0.0,,,,,
50,female,50.0,3.417,different,different,1,0,0,gk,Y,0.0,,,,,
50,female,100.0,2.34,different,different,1,0,0,gk,Y,0.0,,,,,
50,female,0.0,2.647,same,same,1,0,0,gk,Y,0.0,,,,,
50,female,50.0,3.168,same,same,1,0,0,gk,Y,0.0,,,,,
50,female,100.0,3.438,different,different,1,0,0,gk,Y,0.0,,,,,
50,female,150.0,2.949,different,different,1,0,0,gk,Y,0.0,,,,,
50,female,0.0,1.684,same,same,1,0,0,gk,Y,0.0,,,,,
50,female,0.0,2.498,different,different,1,0,0,gk,Y,0.0,,,,,
50,female,100.0,2.506,same,same,1,0,0,gk,Y,0.0,,,,,
50,female,50.0,1.779,different,different,1,0,0,gk,Y,0.0,,,,,
50,female,150.0,2.317,same,same,1,0,0,gk,Y,0.0,,,,,
50,female,50.0,2.514,same,same,1,0,0,gk,Y,0.0,,,,,
50,female,150.0,2.72,different,different,1,0,0,gk,Y,0.0,,,,,
50,female,100.0,2.696,different,different,1,0,0,gk,Y,0.0,,,,,
50,female,150.0,1.663,same,same,1,0,0,gk,Y,0.0,,,,,
50,female,100.0,2.743,same,same,1,0,0,gk,Y,0.0,,,,,
50,female,0.0,1.585,same,same,1,0,0,gk,Y,0.0,,,,,
50,female,0.0,1.502,different,different,1,0,0,gk,Y,0.0,,,,,
50,female,50.0,2.173,different,different,1,0,0,gk,Y,0.0,,,,,
50,female,50.0,1.984,same,same,1,0,0,gk,Y,0.0,,,,,
50,female,150.0,4.165,different,different,1,0,0,gk,Y,0.0,,,,,
50,female,0.0,2.585,same,same,1,0,0,gk,Y,0.0,,,,,
50,female,150.0,3.86,same,same,1,0,0,gk,Y,0.0,,,,,
50,female,0.0,1.868,different,different,1,0,0,gk,Y,0.0,,,,,
50,female,50.0,4.869,different,different,1,0,0,gk,Y,0.0,,,,,
50,female,50.0,2.485,same,same,1,0,0,gk,Y,0.0,,,,,
50,female,100.0,3.029,same,same,1,0,0,gk,Y,0.0,,,,,
50,female,100.0,4.423,different,different,1,0,0,gk,Y,0.0,,,,,
50,female,100.0,1.812,same,same,1,0,0,gk,Y,0.0,,,,,
50,female,100.0,3.201,different,different,1,0,0,gk,Y,0.0,,,,,
50,female,150.0,2.341,same,same,1,0,0,gk,Y,0.0,,,,,
50,female,0.0,2.209,same,different,0,1,0,gk,Y,0.0,,,,,
50,female,0.0,2.724,same,same,1,0,0,gk,Y,0.0,,,,,
50,female,50.0,2.491,same,same,1,0,0,gk,Y,0.0,,,,,
50,female,50.0,2.359,different,different,1,0,0,gk,Y,0.0,,,,,
50,female,150.0,2.565,different,different,1,0,0,gk,Y,0.0,,,,,
50,female,0.0,0.145,different,same,0,0,1,gk,Y,0.0,,,,,
50,female,150.0,4.391,different,different,1,0,0,gk,Y,0.0,,,,,
50,female,50.0,4.296,same,same,1,0,0,gk,Y,0.0,,,,,
50,female,100.0,3.633,same,same,1,0,0,gk,Y,0.0,,,,,
50,female,0.0,2.423,different,different,1,0,0,gk,Y,0.0,,,,,
50,female,150.0,3.512,same,same,1,0,0,gk,Y,0.0,,,,,
50,female,100.0,3.214,different,different,1,0,0,gk,Y,0.0,,,,,
50,female,100.0,3.099,different,different,1,0,0,gk,Y,0.0,,,,,
50,female,50.0,2.195,same,same,1,0,0,gk,Y,0.0,,,,,
50,female,0.0,1.868,same,same,1,0,0,gk,Y,0.0,,,,,
50,female,150.0,2.94,different,same,0,0,1,gk,Y,0.0,,,,,
50,female,150.0,2.52,different,different,1,0,0,gk,Y,0.0,,,,,
50,female,50.0,2.006,different,different,1,0,0,gk,Y,0.0,,,,,
50,female,100.0,2.592,same,same,1,0,0,gk,Y,0.0,,,,,
50,female,0.0,4.244,same,different,0,1,0,gk,Y,0.0,,,,,
51,female,0.0,4.607,same,different,0,1,0,gk,Y,0.0,,,,,
51,female,150.0,7.33,different,different,1,0,0,gk,Y,0.0,,,,,
51,female,150.0,4.689,different,same,0,0,1,gk,Y,0.0,,,,,
51,female,100.0,5.549,same,same,1,0,0,gk,Y,0.0,,,,,
51,female,50.0,2.961,same,same,1,0,0,gk,Y,0.0,,,,,
51,female,50.0,1.658,different,different,1,0,0,gk,Y,0.0,,,,,
51,female,100.0,2.243,different,different,1,0,0,gk,Y,0.0,,,,,
51,female,0.0,1.746,same,same,1,0,0,gk,Y,0.0,,,,,
51,female,150.0,6.125,different,different,1,0,0,gk,Y,0.0,,,,,
51,female,150.0,2.658,different,same,0,0,1,gk,Y,0.0,,,,,
51,female,50.0,2.597,different,different,1,0,0,gk,Y,0.0,,,,,
51,female,0.0,3.148,same,different,0,1,0,gk,Y,0.0,,,,,
51,female,0.0,1.098,same,same,1,0,0,gk,Y,0.0,,,,,
51,female,100.0,1.957,different,different,1,0,0,gk,Y,0.0,,,,,
51,female,100.0,2.956,different,same,0,0,1,gk,Y,0.0,,,,,
51,female,50.0,2.866,same,same,1,0,0,gk,Y,0.0,,,,,
51,female,100.0,2.767,different,different,1,0,0,gk,Y,0.0,,,,,
51,female,150.0,2.44,different,same,0,0,1,gk,Y,0.0,,,,,
51,female,50.0,2.478,different,different,1,0,0,gk,Y,0.0,,,,,
51,female,50.0,1.674,same,same,1,0,0,gk,Y,0.0,,,,,
51,female,100.0,3.296,same,different,0,1,0,gk,Y,0.0,,,,,
51,female,0.0,1.583,same,different,0,1,0,gk,Y,0.0,,,,,
51,female,0.0,2.269,same,same,1,0,0,gk,Y,0.0,,,,,
51,female,150.0,2.778,different,different,1,0,0,gk,Y,0.0,,,,,
51,female,150.0,2.221,same,different,0,1,0,gk,Y,0.0,,,,,
51,female,50.0,1.885,different,different,1,0,0,gk,Y,0.0,,,,,
51,female,50.0,2.915,same,same,1,0,0,gk,Y,0.0,,,,,
51,female,100.0,4.877,different,same,0,0,1,gk,Y,0.0,,,,,
51,female,0.0,1.146,same,same,1,0,0,gk,Y,0.0,,,,,
51,female,0.0,1.346,different,different,1,0,0,gk,Y,0.0,,,,,
51,female,150.0,0.981,same,same,1,0,0,gk,Y,0.0,,,,,
51,female,100.0,2.394,different,different,1,0,0,gk,Y,0.0,,,,,
51,female,50.0,2.033,same,same,1,0,0,gk,Y,0.0,,,,,
51,female,100.0,4.715,same,same,1,0,0,gk,Y,0.0,,,,,
51,female,150.0,3.94,different,same,0,0,1,gk,Y,0.0,,,,,
51,female,0.0,1.84,different,different,1,0,0,gk,Y,0.0,,,,,
51,female,100.0,2.756,different,same,0,0,1,gk,Y,0.0,,,,,
51,female,150.0,2.01,different,different,1,0,0,gk,Y,0.0,,,,,
51,female,0.0,1.979,same,same,1,0,0,gk,Y,0.0,,,,,
51,female,50.0,2.361,different,different,1,0,0,gk,Y,0.0,,,,,
51,female,150.0,2.442,same,same,1,0,0,gk,Y,0.0,,,,,
51,female,0.0,1.677,same,different,0,1,0,gk,Y,0.0,,,,,
51,female,100.0,3.928,different,same,0,0,1,gk,Y,0.0,,,,,
51,female,150.0,3.062,different,different,1,0,0,gk,Y,0.0,,,,,
51,female,50.0,1.776,different,different,1,0,0,gk,Y,0.0,,,,,
51,female,100.0,1.904,different,different,1,0,0,gk,Y,0.0,,,,,
51,female,0.0,1.074,same,same,1,0,0,gk,Y,0.0,,,,,
51,female,50.0,1.451,different,same,0,0,1,gk,Y,0.0,,,,,
51,female,100.0,3.455,different,different,1,0,0,gk,Y,0.0,,,,,
51,female,150.0,2.471,different,different,1,0,0,gk,Y,0.0,,,,,
51,female,0.0,1.02,same,same,1,0,0,gk,Y,0.0,,,,,
51,female,0.0,1.409,different,different,1,0,0,gk,Y,0.0,,,,,
51,female,100.0,2.855,same,same,1,0,0,gk,Y,0.0,,,,,
51,female,50.0,2.804,different,different,1,0,0,gk,Y,0.0,,,,,
51,female,150.0,2.19,same,same,1,0,0,gk,Y,0.0,,,,,
51,female,50.0,1.265,same,same,1,0,0,gk,Y,0.0,,,,,
51,female,150.0,1.119,different,different,1,0,0,gk,Y,0.0,,,,,
51,female,100.0,1.77,different,different,1,0,0,gk,Y,0.0,,,,,
51,female,150.0,1.627,same,same,1,0,0,gk,Y,0.0,,,,,
51,female,100.0,2.7,same,same,1,0,0,gk,Y,0.0,,,,,
51,female,0.0,1.329,same,same,1,0,0,gk,Y,0.0,,,,,
51,female,0.0,1.774,different,different,1,0,0,gk,Y,0.0,,,,,
51,female,50.0,2.788,different,different,1,0,0,gk,Y,0.0,,,,,
51,female,50.0,1.44,same,same,1,0,0,gk,Y,0.0,,,,,
51,female,150.0,1.777,different,different,1,0,0,gk,Y,0.0,,,,,
51,female,0.0,1.185,same,same,1,0,0,gk,Y,0.0,,,,,
51,female,150.0,2.541,same,same,1,0,0,gk,Y,0.0,,,,,
51,female,0.0,1.124,different,different,1,0,0,gk,Y,0.0,,,,,
51,female,50.0,1.743,different,different,1,0,0,gk,Y,0.0,,,,,
51,female,50.0,1.035,same,same,1,0,0,gk,Y,0.0,,,,,
51,female,100.0,1.634,same,same,1,0,0,gk,Y,0.0,,,,,
51,female,100.0,2.145,same,different,0,1,0,gk,Y,0.0,,,,,
51,female,100.0,2.047,same,same,1,0,0,gk,Y,0.0,,,,,
51,female,100.0,1.656,different,different,1,0,0,gk,Y,0.0,,,,,
51,female,150.0,1.692,same,same,1,0,0,gk,Y,0.0,,,,,
51,female,0.0,1.511,different,different,1,0,0,gk,Y,0.0,,,,,
51,female,0.0,2.376,same,same,1,0,0,gk,Y,0.0,,,,,
51,female,50.0,2.759,same,same,1,0,0,gk,Y,0.0,,,,,
51,female,50.0,1.265,different,different,1,0,0,gk,Y,0.0,,,,,
51,female,150.0,1.312,different,different,1,0,0,gk,Y,0.0,,,,,
51,female,50.0,2.787,different,different,1,0,0,gk,Y,0.0,,,,,
51,female,0.0,0.97,same,same,1,0,0,gk,Y,0.0,,,,,
51,female,150.0,1.244,different,different,1,0,0,gk,Y,0.0,,,,,
51,female,50.0,1.492,same,same,1,0,0,gk,Y,0.0,,,,,
51,female,100.0,2.142,different,same,0,0,1,gk,Y,0.0,,,,,
51,female,0.0,1.516,same,different,0,1,0,gk,Y,0.0,,,,,
51,female,150.0,2.748,same,same,1,0,0,gk,Y,0.0,,,,,
51,female,100.0,1.953,different,different,1,0,0,gk,Y,0.0,,,,,
51,female,100.0,1.887,different,different,1,0,0,gk,Y,0.0,,,,,
51,female,50.0,1.186,same,same,1,0,0,gk,Y,0.0,,,,,
51,female,0.0,0.794,same,same,1,0,0,gk,Y,0.0,,,,,
51,female,150.0,1.121,different,same,0,0,1,gk,Y,0.0,,,,,
51,female,150.0,1.112,different,different,1,0,0,gk,Y,0.0,,,,,
51,female,50.0,1.673,different,different,1,0,0,gk,Y,0.0,,,,,
51,female,100.0,1.165,same,same,1,0,0,gk,Y,0.0,,,,,
51,female,0.0,1.449,different,different,1,0,0,gk,Y,0.0,,,,,
52,male,150.0,6.635,different,different,1,0,0,gk,Y,0.0,,,,,
52,male,150.0,3.767,same,same,1,0,0,gk,Y,0.0,,,,,
52,male,100.0,5.816,same,same,1,0,0,gk,Y,0.0,,,,,
52,male,50.0,6.391,same,same,1,0,0,gk,Y,0.0,,,,,
52,male,50.0,3.604,different,different,1,0,0,gk,Y,0.0,,,,,
52,male,100.0,6.303,different,different,1,0,0,gk,Y,0.0,,,,,
52,male,0.0,4.172,same,same,1,0,0,gk,Y,0.0,,,,,
52,male,150.0,3.56,different,different,1,0,0,gk,Y,0.0,,,,,
52,male,150.0,4.331,same,same,1,0,0,gk,Y,0.0,,,,,
52,male,50.0,3.495,different,different,1,0,0,gk,Y,0.0,,,,,
52,male,0.0,5.144,different,different,1,0,0,gk,Y,0.0,,,,,
52,male,0.0,5.236,same,same,1,0,0,gk,Y,0.0,,,,,
52,male,100.0,3.143,different,different,1,0,0,gk,Y,0.0,,,,,
52,male,100.0,5.175,same,same,1,0,0,gk,Y,0.0,,,,,
52,male,50.0,3.293,same,same,1,0,0,gk,Y,0.0,,,,,
52,male,100.0,6.935,different,different,1,0,0,gk,Y,0.0,,,,,
52,male,150.0,3.743,same,same,1,0,0,gk,Y,0.0,,,,,
52,male,50.0,7.107,same,different,0,1,0,gk,Y,0.0,,,,,
52,male,50.0,3.792,same,same,1,0,0,gk,Y,0.0,,,,,
52,male,100.0,3.426,different,different,1,0,0,gk,Y,0.0,,,,,
52,male,0.0,3.67,different,different,1,0,0,gk,Y,0.0,,,,,
52,male,0.0,3.766,same,same,1,0,0,gk,Y,0.0,,,,,
52,male,150.0,4.17,different,different,1,0,0,gk,Y,0.0,,,,,
52,male,150.0,5.103,different,different,1,0,0,gk,Y,0.0,,,,,
52,male,50.0,5.375,same,different,0,1,0,gk,Y,0.0,,,,,
52,male,50.0,5.951,different,same,0,0,1,gk,Y,0.0,,,,,
52,male,100.0,4.44,same,same,1,0,0,gk,Y,0.0,,,,,
52,male,0.0,4.119,different,same,0,0,1,gk,Y,0.0,,,,,
52,male,0.0,3.977,different,different,1,0,0,gk,Y,0.0,,,,,
52,male,150.0,4.287,same,same,1,0,0,gk,Y,0.0,,,,,
52,male,100.0,3.823,different,different,1,0,0,gk,Y,0.0,,,,,
52,male,50.0,2.705,same,same,1,0,0,gk,Y,0.0,,,,,
52,male,100.0,3.159,same,same,1,0,0,gk,Y,0.0,,,,,
52,male,150.0,5.473,same,same,1,0,0,gk,Y,0.0,,,,,
52,male,0.0,4.796,different,different,1,0,0,gk,Y,0.0,,,,,
52,male,100.0,6.587,different,same,0,0,1,gk,Y,0.0,,,,,
52,male,150.0,3.391,same,different,0,1,0,gk,Y,0.0,,,,,
52,male,0.0,4.377,same,same,1,0,0,gk,Y,0.0,,,,,
52,male,50.0,3.784,different,different,1,0,0,gk,Y,0.0,,,,,
52,male,150.0,3.72,same,same,1,0,0,gk,Y,0.0,,,,,
52,male,0.0,3.473,same,different,0,1,0,gk,Y,0.0,,,,,
52,male,100.0,3.68,same,same,1,0,0,gk,Y,0.0,,,,,
52,male,150.0,2.405,different,different,1,0,0,gk,Y,0.0,,,,,
52,male,50.0,3.296,different,different,1,0,0,gk,Y,0.0,,,,,
52,male,100.0,3.449,different,different,1,0,0,gk,Y,0.0,,,,,
52,male,0.0,5.863,different,same,0,0,1,gk,Y,0.0,,,,,
52,male,50.0,3.344,same,same,1,0,0,gk,Y,0.0,,,,,
52,male,100.0,2.636,different,different,1,0,0,gk,Y,0.0,,,,,
52,male,150.0,2.437,different,different,1,0,0,gk,Y,0.0,,,,,
52,male,0.0,3.679,different,same,0,0,1,gk,Y,0.0,,,,,
52,male,0.0,2.729,different,different,1,0,0,gk,Y,0.0,,,,,
52,male,100.0,1.856,same,same,1,0,0,gk,Y,0.0,,,,,
52,male,50.0,1.806,different,different,1,0,0,gk,Y,0.0,,,,,
52,male,150.0,4.912,same,same,1,0,0,gk,Y,0.0,,,,,
52,male,50.0,1.857,same,same,1,0,0,gk,Y,0.0,,,,,
52,male,150.0,3.074,different,different,1,0,0,gk,Y,0.0,,,,,
52,male,100.0,2.789,same,different,0,1,0,gk,Y,0.0,,,,,
52,male,150.0,2.243,same,same,1,0,0,gk,Y,0.0,,,,,
52,male,100.0,2.966,same,same,1,0,0,gk,Y,0.0,,,,,
52,male,0.0,1.596,different,same,0,0,1,gk,Y,0.0,,,,,
52,male,0.0,3.365,different,different,1,0,0,gk,Y,0.0,,,,,
52,male,50.0,1.966,different,different,1,0,0,gk,Y,0.0,,,,,
52,male,50.0,2.31,same,same,1,0,0,gk,Y,0.0,,,,,
52,male,150.0,3.059,different,different,1,0,0,gk,Y,0.0,,,,,
52,male,0.0,1.743,different,same,0,0,1,gk,Y,0.0,,,,,
52,male,150.0,2.604,same,same,1,0,0,gk,Y,0.0,,,,,
52,male,0.0,2.678,different,different,1,0,0,gk,Y,0.0,,,,,
52,male,50.0,2.124,different,different,1,0,0,gk,Y,0.0,,,,,
52,male,50.0,2.118,same,same,1,0,0,gk,Y,0.0,,,,,
52,male,100.0,2.189,same,same,1,0,0,gk,Y,0.0,,,,,
52,male,100.0,2.776,different,different,1,0,0,gk,Y,0.0,,,,,
52,male,100.0,1.96,same,same,1,0,0,gk,Y,0.0,,,,,
52,male,100.0,2.662,different,different,1,0,0,gk,Y,0.0,,,,,
52,male,150.0,2.503,same,same,1,0,0,gk,Y,0.0,,,,,
52,male,0.0,2.43,different,different,1,0,0,gk,Y,0.0,,,,,
52,male,0.0,2.973,different,same,0,0,1,gk,Y,0.0,,,,,
52,male,50.0,2.714,same,same,1,0,0,gk,Y,0.0,,,,,
52,male,50.0,3.909,different,different,1,0,0,gk,Y,0.0,,,,,
52,male,150.0,2.375,different,different,1,0,0,gk,Y,0.0,,,,,
52,male,50.0,2.24,different,different,1,0,0,gk,Y,0.0,,,,,
52,male,0.0,1.792,different,same,0,0,1,gk,Y,0.0,,,,,
52,male,150.0,2.336,different,different,1,0,0,gk,Y,0.0,,,,,
52,male,50.0,2.22,same,same,1,0,0,gk,Y,0.0,,,,,
52,male,100.0,1.894,same,same,1,0,0,gk,Y,0.0,,,,,
52,male,0.0,1.81,different,different,1,0,0,gk,Y,0.0,,,,,
52,male,150.0,3.963,same,same,1,0,0,gk,Y,0.0,,,,,
52,male,100.0,4.64,different,different,1,0,0,gk,Y,0.0,,,,,
52,male,100.0,2.657,different,different,1,0,0,gk,Y,0.0,,,,,
52,male,50.0,2.937,same,same,1,0,0,gk,Y,0.0,,,,,
52,male,0.0,1.991,different,same,0,0,1,gk,Y,0.0,,,,,
52,male,150.0,3.03,same,same,1,0,0,gk,Y,0.0,,,,,
52,male,150.0,1.757,different,different,1,0,0,gk,Y,0.0,,,,,
52,male,50.0,3.222,different,different,1,0,0,gk,Y,0.0,,,,,
52,male,100.0,2.071,same,same,1,0,0,gk,Y,0.0,,,,,
52,male,0.0,1.407,different,different,1,0,0,gk,Y,0.0,,,,,
53,female,0.0,4.154,different,different,1,0,0,gk,Y,0.0,,,,,
53,female,150.0,6.057,different,different,1,0,0,gk,Y,0.0,,,,,
53,female,150.0,3.99,same,same,1,0,0,gk,Y,0.0,,,,,
53,female,100.0,6.167,same,same,1,0,0,gk,Y,0.0,,,,,
53,female,50.0,6.694,same,same,1,0,0,gk,Y,0.0,,,,,
53,female,50.0,7.093,same,different,0,1,0,gk,Y,0.0,,,,,
53,female,100.0,3.67,different,different,1,0,0,gk,Y,0.0,,,,,
53,female,0.0,2.749,same,same,1,0,0,gk,Y,0.0,,,,,
53,female,150.0,4.39,different,different,1,0,0,gk,Y,0.0,,,,,
53,female,50.0,3.627,same,different,0,1,0,gk,Y,0.0,,,,,
53,female,0.0,2.604,different,different,1,0,0,gk,Y,0.0,,,,,
53,female,0.0,1.43,different,same,0,0,1,gk,Y,0.0,,,,,
53,female,100.0,4.655,different,different,1,0,0,gk,Y,0.0,,,,,
53,female,100.0,5.774,same,same,1,0,0,gk,Y,0.0,,,,,
53,female,50.0,3.56,same,same,1,0,0,gk,Y,0.0,,,,,
53,female,100.0,5.047,same,different,0,1,0,gk,Y,0.0,,,,,
53,female,150.0,3.863,same,same,1,0,0,gk,Y,0.0,,,,,
53,female,50.0,4.34,different,different,1,0,0,gk,Y,0.0,,,,,
53,female,50.0,4.212,same,same,1,0,0,gk,Y,0.0,,,,,
53,female,100.0,3.959,different,different,1,0,0,gk,Y,0.0,,,,,
53,female,0.0,3.251,different,different,1,0,0,gk,Y,0.0,,,,,
53,female,0.0,2.428,same,same,1,0,0,gk,Y,0.0,,,,,
53,female,150.0,6.32,different,different,1,0,0,gk,Y,0.0,,,,,
53,female,150.0,2.609,different,different,1,0,0,gk,Y,0.0,,,,,
53,female,50.0,5.12,different,different,1,0,0,gk,Y,0.0,,,,,
53,female,50.0,4.838,same,same,1,0,0,gk,Y,0.0,,,,,
53,female,100.0,3.687,same,same,1,0,0,gk,Y,0.0,,,,,
53,female,0.0,1.701,same,same,1,0,0,gk,Y,0.0,,,,,
53,female,0.0,7.263,different,different,1,0,0,gk,Y,0.0,,,,,
53,female,150.0,5.701,same,same,1,0,0,gk,Y,0.0,,,,,
53,female,100.0,4.324,different,different,1,0,0,gk,Y,0.0,,,,,
53,female,50.0,4.838,same,same,1,0,0,gk,Y,0.0,,,,,
53,female,100.0,7.398,same,same,1,0,0,gk,Y,0.0,,,,,
53,female,150.0,6.279,same,same,1,0,0,gk,Y,0.0,,,,,
53,female,100.0,7.027,different,same,0,0,1,gk,Y,0.0,,,,,
53,female,0.0,2.783,same,same,1,0,0,gk,Y,0.0,,,,,
53,female,50.0,2.442,different,different,1,0,0,gk,Y,0.0,,,,,
53,female,0.0,5.656,different,different,1,0,0,gk,Y,0.0,,,,,
53,female,100.0,5.367,same,same,1,0,0,gk,Y,0.0,,,,,
53,female,150.0,3.757,different,different,1,0,0,gk,Y,0.0,,,,,
53,female,50.0,6.255,same,different,0,1,0,gk,Y,0.0,,,,,
53,female,100.0,3.294,different,different,1,0,0,gk,Y,0.0,,,,,
53,female,0.0,2.413,same,same,1,0,0,gk,Y,0.0,,,,,
53,female,50.0,3.852,same,same,1,0,0,gk,Y,0.0,,,,,
53,female,100.0,2.635,same,different,0,1,0,gk,Y,0.0,,,,,
53,female,150.0,3.941,different,different,1,0,0,gk,Y,0.0,,,,,
53,female,0.0,1.277,same,same,1,0,0,gk,Y,0.0,,,,,
53,female,0.0,2.79,different,different,1,0,0,gk,Y,0.0,,,,,
53,female,100.0,2.711,same,same,1,0,0,gk,Y,0.0,,,,,
53,female,50.0,3.012,different,different,1,0,0,gk,Y,0.0,,,,,
53,female,150.0,6.542,different,same,0,0,1,gk,Y,0.0,,,,,
53,female,50.0,2.092,same,same,1,0,0,gk,Y,0.0,,,,,
53,female,150.0,6.007,different,different,1,0,0,gk,Y,0.0,,,,,
53,female,100.0,1.771,different,different,1,0,0,gk,Y,0.0,,,,,
53,female,150.0,6.171,same,same,1,0,0,gk,Y,0.0,,,,,
53,female,100.0,6.306,same,same,1,0,0,gk,Y,0.0,,,,,
53,female,0.0,1.513,same,same,1,0,0,gk,Y,0.0,,,,,
53,female,0.0,2.063,different,different,1,0,0,gk,Y,0.0,,,,,
53,female,50.0,2.29,different,different,1,0,0,gk,Y,0.0,,,,,
53,female,50.0,6.766,same,same,1,0,0,gk,Y,0.0,,,,,
53,female,150.0,2.776,different,different,1,0,0,gk,Y,0.0,,,,,
53,female,0.0,1.335,same,same,1,0,0,gk,Y,0.0,,,,,
53,female,150.0,2.395,same,same,1,0,0,gk,Y,0.0,,,,,
53,female,0.0,5.324,different,different,1,0,0,gk,Y,0.0,,,,,
53,female,50.0,4.259,different,different,1,0,0,gk,Y,0.0,,,,,
53,female,50.0,3.966,same,same,1,0,0,gk,Y,0.0,,,,,
53,female,100.0,6.756,same,same,1,0,0,gk,Y,0.0,,,,,
53,female,100.0,4.711,different,different,1,0,0,gk,Y,0.0,,,,,
53,female,100.0,3.654,same,same,1,0,0,gk,Y,0.0,,,,,
53,female,100.0,4.631,different,different,1,0,0,gk,Y,0.0,,,,,
53,female,150.0,3.31,same,same,1,0,0,gk,Y,0.0,,,,,
53,female,0.0,5.455,different,different,1,0,0,gk,Y,0.0,,,,,
53,female,0.0,6.546,same,same,1,0,0,gk,Y,0.0,,,,,
53,female,50.0,5.31,same,same,1,0,0,gk,Y,0.0,,,,,
53,female,50.0,1.796,different,different,1,0,0,gk,Y,0.0,,,,,
53,female,150.0,3.03,different,different,1,0,0,gk,Y,0.0,,,,,
53,female,50.0,7.297,different,different,1,0,0,gk,Y,0.0,,,,,
53,female,0.0,1.35,same,same,1,0,0,gk,Y,0.0,,,,,
53,female,150.0,4.0,different,different,1,0,0,gk,Y,0.0,,,,,
53,female,50.0,5.634,same,same,1,0,0,gk,Y,0.0,,,,,
53,female,100.0,4.557,same,same,1,0,0,gk,Y,0.0,,,,,
53,female,0.0,4.328,different,different,1,0,0,gk,Y,0.0,,,,,
53,female,100.0,4.088,different,different,1,0,0,gk,Y,0.0,,,,,
53,female,100.0,3.763,different,different,1,0,0,gk,Y,0.0,,,,,
53,female,50.0,1.617,same,same,1,0,0,gk,Y,0.0,,,,,
53,female,0.0,1.206,same,same,1,0,0,gk,Y,0.0,,,,,
53,female,150.0,5.76,different,same,0,0,1,gk,Y,0.0,,,,,
53,female,150.0,2.965,different,different,1,0,0,gk,Y,0.0,,,,,
53,female,50.0,1.723,different,different,1,0,0,gk,Y,0.0,,,,,
53,female,100.0,1.895,same,same,1,0,0,gk,Y,0.0,,,,,
53,female,0.0,2.801,different,different,1,0,0,gk,Y,0.0,,,,,
54,female,0.0,4.632,different,different,1,0,0,gk,Y,0.0,,,,,
54,female,150.0,6.313,different,different,1,0,0,gk,Y,0.0,,,,,
54,female,150.0,3.003,same,same,1,0,0,gk,Y,0.0,,,,,
54,female,50.0,5.045,same,same,1,0,0,gk,Y,0.0,,,,,
54,female,50.0,2.48,different,different,1,0,0,gk,Y,0.0,,,,,
54,female,100.0,6.416,different,different,1,0,0,gk,Y,0.0,,,,,
54,female,0.0,1.799,same,same,1,0,0,gk,Y,0.0,,,,,
54,female,150.0,4.643,different,same,0,0,1,gk,Y,0.0,,,,,
54,female,50.0,4.56,different,different,1,0,0,gk,Y,0.0,,,,,
54,female,0.0,2.841,different,different,1,0,0,gk,Y,0.0,,,,,
54,female,0.0,1.701,same,same,1,0,0,gk,Y,0.0,,,,,
54,female,100.0,5.486,different,different,1,0,0,gk,Y,0.0,,,,,
54,female,100.0,2.99,same,same,1,0,0,gk,Y,0.0,,,,,
54,female,50.0,2.958,same,same,1,0,0,gk,Y,0.0,,,,,
54,female,100.0,4.656,different,different,1,0,0,gk,Y,0.0,,,,,
54,female,150.0,3.154,same,same,1,0,0,gk,Y,0.0,,,,,
54,female,50.0,2.259,different,different,1,0,0,gk,Y,0.0,,,,,
54,female,50.0,2.224,same,same,1,0,0,gk,Y,0.0,,,,,
54,female,100.0,2.463,different,different,1,0,0,gk,Y,0.0,,,,,
54,female,0.0,1.558,different,different,1,0,0,gk,Y,0.0,,,,,
54,female,0.0,1.89,same,same,1,0,0,gk,Y,0.0,,,,,
54,female,150.0,3.482,different,different,1,0,0,gk,Y,0.0,,,,,
54,female,150.0,3.63,different,different,1,0,0,gk,Y,0.0,,,,,
54,female,50.0,3.086,different,different,1,0,0,gk,Y,0.0,,,,,
54,female,50.0,2.223,same,same,1,0,0,gk,Y,0.0,,,,,
54,female,100.0,5.937,different,same,0,0,1,gk,Y,0.0,,,,,
54,female,0.0,1.169,same,same,1,0,0,gk,Y,0.0,,,,,
54,female,0.0,2.559,different,different,1,0,0,gk,Y,0.0,,,,,
54,female,150.0,3.711,same,same,1,0,0,gk,Y,0.0,,,,,
54,female,100.0,2.671,different,different,1,0,0,gk,Y,0.0,,,,,
54,female,50.0,3.27,same,same,1,0,0,gk,Y,0.0,,,,,
54,female,100.0,1.862,same,same,1,0,0,gk,Y,0.0,,,,,
54,female,150.0,2.936,same,same,1,0,0,gk,Y,0.0,,,,,
54,female,0.0,3.463,different,different,1,0,0,gk,Y,0.0,,,,,
54,female,100.0,4.596,same,same,1,0,0,gk,Y,0.0,,,,,
54,female,150.0,2.152,same,different,0,1,0,gk,Y,0.0,,,,,
54,female,0.0,2.007,same,same,1,0,0,gk,Y,0.0,,,,,
54,female,50.0,4.175,different,different,1,0,0,gk,Y,0.0,,,,,
54,female,150.0,2.487,same,same,1,0,0,gk,Y,0.0,,,,,
54,female,0.0,4.045,different,different,1,0,0,gk,Y,0.0,,,,,
54,female,100.0,4.767,same,same,1,0,0,gk,Y,0.0,,,,,
54,female,150.0,3.689,different,different,1,0,0,gk,Y,0.0,,,,,
54,female,50.0,2.697,different,different,1,0,0,gk,Y,0.0,,,,,
54,female,100.0,6.473,different,different,1,0,0,gk,Y,0.0,,,,,
54,female,0.0,1.847,same,same,1,0,0,gk,Y,0.0,,,,,
54,female,50.0,1.823,same,same,1,0,0,gk,Y,0.0,,,,,
54,female,100.0,3.253,different,different,1,0,0,gk,Y,0.0,,,,,
54,female,150.0,2.401,different,different,1,0,0,gk,Y,0.0,,,,,
54,female,0.0,1.509,same,same,1,0,0,gk,Y,0.0,,,,,
54,female,0.0,2.374,different,different,1,0,0,gk,Y,0.0,,,,,
54,female,100.0,2.632,same,same,1,0,0,gk,Y,0.0,,,,,
54,female,50.0,2.568,different,different,1,0,0,gk,Y,0.0,,,,,
54,female,150.0,4.874,same,same,1,0,0,gk,Y,0.0,,,,,
54,female,50.0,2.28,same,same,1,0,0,gk,Y,0.0,,,,,
54,female,150.0,2.148,different,different,1,0,0,gk,Y,0.0,,,,,
54,female,100.0,5.355,same,different,0,1,0,gk,Y,0.0,,,,,
54,female,150.0,2.344,same,same,1,0,0,gk,Y,0.0,,,,,
54,female,100.0,2.255,same,same,1,0,0,gk,Y,0.0,,,,,
54,female,0.0,2.398,same,same,1,0,0,gk,Y,0.0,,,,,
54,female,0.0,1.877,same,different,0,1,0,gk,Y,0.0,,,,,
54,female,50.0,3.13,different,different,1,0,0,gk,Y,0.0,,,,,
54,female,50.0,2.629,same,same,1,0,0,gk,Y,0.0,,,,,
54,female,150.0,3.485,different,different,1,0,0,gk,Y,0.0,,,,,
54,female,0.0,1.607,same,same,1,0,0,gk,Y,0.0,,,,,
54,female,150.0,3.959,same,same,1,0,0,gk,Y,0.0,,,,,
54,female,0.0,4.823,same,different,0,1,0,gk,Y,0.0,,,,,
54,female,50.0,2.711,different,different,1,0,0,gk,Y,0.0,,,,,
54,female,50.0,1.639,same,same,1,0,0,gk,Y,0.0,,,,,
54,female,100.0,1.935,same,same,1,0,0,gk,Y,0.0,,,,,
54,female,100.0,3.512,different,different,1,0,0,gk,Y,0.0,,,,,
54,female,100.0,2.449,same,same,1,0,0,gk,Y,0.0,,,,,
54,female,100.0,4.927,same,different,0,1,0,gk,Y,0.0,,,,,
54,female,150.0,3.84,same,same,1,0,0,gk,Y,0.0,,,,,
54,female,0.0,3.393,different,different,1,0,0,gk,Y,0.0,,,,,
54,female,0.0,1.336,same,same,1,0,0,gk,Y,0.0,,,,,
54,female,50.0,2.047,same,same,1,0,0,gk,Y,0.0,,,,,
54,female,50.0,5.493,same,different,0,1,0,gk,Y,0.0,,,,,
54,female,150.0,3.287,same,different,0,1,0,gk,Y,0.0,,,,,
54,female,50.0,4.439,different,different,1,0,0,gk,Y,0.0,,,,,
54,female,0.0,1.175,same,same,1,0,0,gk,Y,0.0,,,,,
54,female,150.0,3.049,different,different,1,0,0,gk,Y,0.0,,,,,
54,female,50.0,2.072,same,same,1,0,0,gk,Y,0.0,,,,,
54,female,100.0,3.599,same,same,1,0,0,gk,Y,0.0,,,,,
54,female,150.0,3.818,same,same,1,0,0,gk,Y,0.0,,,,,
54,female,100.0,3.319,different,different,1,0,0,gk,Y,0.0,,,,,
54,female,100.0,2.222,different,different,1,0,0,gk,Y,0.0,,,,,
54,female,50.0,1.991,same,same,1,0,0,gk,Y,0.0,,,,,
54,female,0.0,1.246,same,same,1,0,0,gk,Y,0.0,,,,,
54,female,150.0,3.399,same,same,1,0,0,gk,Y,0.0,,,,,
54,female,150.0,5.599,different,different,1,0,0,gk,Y,0.0,,,,,
54,female,50.0,3.623,different,different,1,0,0,gk,Y,0.0,,,,,
54,female,100.0,1.96,same,same,1,0,0,gk,Y,0.0,,,,,
54,female,0.0,3.736,different,different,1,0,0,gk,Y,0.0,,,,,
55,male,150.0,3.913,different,different,1,0,0,model,Y,0.0,2,0.543,0.265,1.897,1.108
55,male,150.0,10.27,same,same,1,0,0,model,Y,0.0,1,0.543,0.209,8.347,1.121
55,male,50.0,2.096,same,same,1,0,0,model,Y,0.0,0,0.543,0.128,0.799,0.627
55,male,50.0,1.982,same,same,1,0,0,model,Y,0.0,0,0.543,0.139,0.649,0.652
55,male,0.0,2.054,different,different,1,0,0,model,Y,0.0,2,0.543,0.1,0.697,0.614
55,male,0.0,2.054,same,different,0,1,0,model,Y,0.0,2,0.543,0.1,0.697,0.614
55,male,150.0,4.695,different,different,1,0,0,model,Y,0.0,2,0.543,0.198,2.947,0.907
55,male,0.0,1.556,same,same,1,0,0,model,Y,0.0,0,0.543,0.1,0.349,0.564
55,male,100.0,2.682,same,same,1,0,0,model,Y,0.0,0,0.543,0.216,1.099,0.825
55,male,50.0,3.656,different,different,1,0,0,model,Y,0.0,2,0.543,0.163,2.047,0.803
55,male,50.0,4.221,different,different,1,0,0,model,Y,0.0,2,0.543,0.154,2.647,0.776
55,male,0.0,2.054,different,different,1,0,0,model,Y,0.0,2,0.543,0.1,0.697,0.614
55,male,0.0,2.054,different,different,1,0,0,model,Y,0.0,2,0.543,0.1,0.697,0.614
55,male,50.0,4.251,different,different,1,0,0,model,Y,0.0,2,0.543,0.162,2.647,0.799
55,male,150.0,5.238,same,same,1,0,0,model,Y,0.0,1,0.543,0.215,3.097,1.333
55,male,100.0,4.943,different,different,1,0,0,model,Y,0.0,2,0.543,0.185,3.247,0.868
55,male,100.0,2.847,same,same,1,0,0,model,Y,0.0,0,0.543,0.221,1.249,0.835
55,male,150.0,2.756,same,same,1,0,0,model,Y,0.0,0,0.543,0.239,1.099,0.876
55,male,50.0,3.086,same,different,0,1,0,model,Y,0.0,2,0.543,0.133,1.597,0.713
55,male,100.0,2.71,same,same,1,0,0,model,Y,0.0,0,0.543,0.224,1.099,0.844
55,male,0.0,1.556,same,same,1,0,0,model,Y,0.0,0,0.543,0.1,0.349,0.564
55,male,100.0,6.081,same,different,0,1,0,model,Y,0.0,2,0.543,0.207,4.297,0.934
55,male,50.0,2.015,same,same,1,0,0,model,Y,0.0,0,0.543,0.149,0.649,0.674
55,male,0.0,2.054,different,different,1,0,0,model,Y,0.0,2,0.543,0.1,0.697,0.614
55,male,100.0,2.545,same,same,1,0,0,model,Y,0.0,0,0.543,0.22,0.949,0.833
55,male,150.0,4.173,same,different,0,1,0,model,Y,0.0,2,0.543,0.287,2.347,0.895
55,male,150.0,3.409,same,same,1,0,0,model,Y,0.0,0,0.543,0.255,1.699,0.912
55,male,0.0,1.556,same,same,1,0,0,model,Y,0.0,0,0.543,0.1,0.349,0.564
55,male,100.0,5.867,different,different,1,0,0,model,Y,0.0,2,0.543,0.228,3.997,0.999
55,male,100.0,3.555,different,different,1,0,0,model,Y,0.0,2,0.543,0.213,1.747,0.952
55,male,100.0,4.12,different,different,1,0,0,model,Y,0.0,2,0.543,0.166,2.497,0.813
55,male,100.0,3.62,different,different,1,0,0,model,Y,0.0,2,0.543,0.192,1.897,0.889
55,male,50.0,3.087,different,different,1,0,0,model,Y,0.0,2,0.543,0.171,1.447,0.826
55,male,150.0,3.006,same,same,1,0,0,model,Y,0.0,0,0.543,0.269,1.249,0.945
55,male,50.0,3.032,different,different,1,0,0,model,Y,0.0,2,0.543,0.157,1.447,0.785
55,male,100.0,2.778,same,same,1,0,0,model,Y,0.0,0,0.543,0.199,1.249,0.787
55,male,0.0,1.556,same,same,1,0,0,model,Y,0.0,0,0.543,0.1,0.349,0.564
55,male,100.0,4.055,same,different,0,1,0,model,Y,0.0,2,0.543,0.188,2.347,0.877
55,male,100.0,3.495,different,different,1,0,0,model,Y,0.0,2,0.543,0.16,1.897,0.794
55,male,0.0,1.556,same,same,1,0,0,model,Y,0.0,0,0.543,0.1,0.349,0.564
55,male,100.0,4.477,same,different,0,1,0,model,Y,0.0,2,0.543,0.181,2.797,0.856
55,male,0.0,2.054,different,different,1,0,0,model,Y,0.0,2,0.543,0.1,0.697,0.614
55,male,50.0,2.685,same,same,1,0,0,model,Y,0.0,0,0.543,0.17,1.249,0.722
55,male,0.0,1.556,same,same,1,0,0,model,Y,0.0,0,0.543,0.1,0.349,0.564
55,male,50.0,3.578,different,different,1,0,0,model,Y,0.0,2,0.543,0.143,2.047,0.744
55,male,0.0,2.054,different,different,1,0,0,model,Y,0.0,2,0.543,0.1,0.697,0.614
55,male,150.0,3.16,same,same,1,0,0,model,Y,0.0,0,0.543,0.271,1.399,0.948
55,male,50.0,4.657,different,different,1,0,0,model,Y,0.0,2,0.543,0.159,3.247,0.608
55,male,100.0,3.381,different,different,1,0,0,model,Y,0.0,2,0.543,0.169,1.747,0.822
55,male,150.0,3.895,different,different,1,0,0,model,Y,0.0,2,0.543,0.185,2.197,0.87
55,male,150.0,2.945,same,same,1,0,0,model,Y,0.0,0,0.543,0.251,1.249,0.903
55,male,150.0,2.828,same,same,1,0,0,model,Y,0.0,0,0.543,0.307,0.949,1.03
55,male,150.0,3.048,same,same,1,0,0,model,Y,0.0,0,0.543,0.19,1.549,0.766
55,male,100.0,3.72,different,different,1,0,0,model,Y,0.0,2,0.543,0.179,2.047,0.851
55,male,100.0,4.798,different,different,1,0,0,model,Y,0.0,2,0.543,0.186,3.097,0.872
55,male,100.0,2.738,same,same,1,0,0,model,Y,0.0,0,0.543,0.233,1.099,0.863
55,male,100.0,3.551,different,different,1,0,0,model,Y,0.0,2,0.543,0.212,1.747,0.949
55,male,150.0,2.934,same,same,1,0,0,model,Y,0.0,0,0.543,0.247,1.249,0.895
55,male,150.0,3.335,same,same,1,0,0,model,Y,0.0,0,0.543,0.232,1.699,0.862
55,male,150.0,3.484,same,same,1,0,0,model,Y,0.0,0,0.543,0.278,1.699,0.965
55,male,100.0,3.563,same,different,0,1,0,model,Y,0.0,2,0.543,0.177,1.897,0.845
55,male,100.0,4.574,same,different,0,1,0,model,Y,0.0,2,0.543,0.167,2.947,0.816
55,male,0.0,2.054,same,different,0,1,0,model,Y,0.0,2,0.543,0.1,0.697,0.614
55,male,50.0,3.252,different,different,1,0,0,model,Y,0.0,2,0.543,0.137,1.747,0.725
55,male,0.0,2.054,different,different,1,0,0,model,Y,0.0,2,0.543,0.1,0.697,0.614
55,male,0.0,1.556,same,same,1,0,0,model,Y,0.0,0,0.543,0.1,0.349,0.564
55,male,50.0,2.146,same,same,1,0,0,model,Y,0.0,0,0.543,0.143,0.799,0.661
55,male,100.0,4.254,different,different,1,0,0,model,Y,0.0,2,0.543,0.238,2.347,1.026
55,male,100.0,4.422,different,different,1,0,0,model,Y,0.0,2,0.543,0.167,2.797,0.815
55,male,150.0,2.986,same,same,1,0,0,model,Y,0.0,0,0.543,0.309,1.099,1.035
55,male,150.0,4.348,same,different,0,1,0,model,Y,0.0,2,0.543,0.186,2.647,0.872
55,male,150.0,2.774,same,same,1,0,0,model,Y,0.0,0,0.543,0.244,1.099,0.888
55,male,150.0,4.214,different,different,1,0,0,model,Y,0.0,2,0.543,0.304,2.347,0.92
55,male,100.0,2.652,same,same,1,0,0,model,Y,0.0,0,0.543,0.207,1.099,0.804
55,male,150.0,5.818,different,different,1,0,0,model,Y,0.0,2,0.543,0.253,3.847,1.074
55,male,100.0,5.58,different,different,1,0,0,model,Y,0.0,2,0.543,0.231,3.697,1.008
55,male,100.0,3.596,same,same,1,0,0,model,Y,0.0,0,0.543,0.22,1.999,0.834
55,male,150.0,5.669,different,different,1,0,0,model,Y,0.0,2,0.543,0.216,3.847,0.963
55,male,100.0,4.11,different,different,1,0,0,model,Y,0.0,2,0.543,0.201,2.347,0.918
55,male,0.0,1.556,same,same,1,0,0,model,Y,0.0,0,0.543,0.1,0.349,0.564
55,male,150.0,4.08,same,different,0,1,0,model,Y,0.0,2,0.543,0.232,2.197,1.008
55,male,50.0,2.305,same,same,1,0,0,model,Y,0.0,0,0.543,0.146,0.949,0.667
55,male,0.0,1.556,same,same,1,0,0,model,Y,0.0,0,0.543,0.1,0.349,0.564
55,male,100.0,4.334,same,same,1,0,0,model,Y,0.0,1,0.543,0.19,2.497,1.053
55,male,100.0,4.253,different,different,1,0,0,model,Y,0.0,2,0.543,0.2,2.497,0.913
55,male,100.0,6.822,different,different,1,0,0,model,Y,0.0,2,0.543,0.204,5.047,0.927
55,male,100.0,3.529,different,different,1,0,0,model,Y,0.0,2,0.543,0.206,1.747,0.932
55,male,50.0,2.919,different,different,1,0,0,model,Y,0.0,2,0.543,0.146,1.447,0.683
55,male,0.0,1.556,same,same,1,0,0,model,Y,0.0,0,0.543,0.1,0.349,0.564
55,male,100.0,4.786,different,different,1,0,0,model,Y,0.0,2,0.543,0.183,3.097,0.863
55,male,50.0,2.338,same,same,1,0,0,model,Y,0.0,0,0.543,0.156,0.949,0.69
55,male,100.0,4.317,different,different,1,0,0,model,Y,0.0,2,0.543,0.216,2.497,0.961
55,male,0.0,2.054,different,different,1,0,0,model,Y,0.0,2,0.543,0.1,0.697,0.614
55,male,150.0,3.814,same,same,1,0,0,model,Y,0.0,0,0.543,0.195,2.299,0.778
55,male,150.0,7.548,same,different,0,1,0,model,Y,0.0,2,0.543,0.236,5.647,1.022
55,male,100.0,2.641,same,same,1,0,0,model,Y,0.0,0,0.543,0.203,1.099,0.796
56,female,150.0,4.329,different,different,1,0,0,model,Y,0.0,2,0.575,0.198,2.411,1.044
56,female,150.0,3.867,same,same,1,0,0,model,Y,0.0,0,0.575,0.242,2.031,1.019
56,female,0.0,1.986,different,different,1,0,0,model,Y,0.0,2,0.575,0.1,0.461,0.749
56,female,150.0,2.815,same,same,1,0,0,model,Y,0.0,0,0.575,0.242,0.981,1.018
56,female,0.0,1.986,different,different,1,0,0,model,Y,0.0,2,0.575,0.1,0.461,0.749
56,female,0.0,1.986,different,different,1,0,0,model,Y,0.0,2,0.575,0.1,0.461,0.749
56,female,150.0,3.782,different,different,1,0,0,model,Y,0.0,2,0.575,0.249,1.661,1.197
56,female,50.0,2.336,same,same,1,0,0,model,Y,0.0,0,0.575,0.14,0.831,0.79
56,female,0.0,1.605,same,same,1,0,0,model,Y,0.0,0,0.575,0.1,0.231,0.699
56,female,100.0,2.85,same,same,1,0,0,model,Y,0.0,0,0.575,0.206,1.131,0.938
56,female,50.0,3.174,same,different,0,1,0,model,Y,0.0,2,0.575,0.172,1.361,0.966
56,female,50.0,3.224,different,different,1,0,0,model,Y,0.0,2,0.575,0.147,1.511,0.891
56,female,50.0,2.064,same,same,1,0,0,model,Y,0.0,0,0.575,0.149,0.531,0.809
56,female,150.0,2.724,same,same,1,0,0,model,Y,0.0,0,0.575,0.214,0.981,0.955
56,female,50.0,2.205,same,same,1,0,0,model,Y,0.0,0,0.575,0.146,0.681,0.803
56,female,0.0,1.605,same,same,1,0,0,model,Y,0.0,0,0.575,0.1,0.231,0.699
56,female,150.0,4.365,same,different,0,1,0,model,Y,0.0,2,0.575,0.272,2.411,1.007
56,female,100.0,4.151,same,different,0,1,0,model,Y,0.0,2,0.575,0.191,2.261,1.023
56,female,50.0,2.947,different,different,1,0,0,model,Y,0.0,2,0.575,0.153,1.211,0.908
56,female,0.0,1.605,same,same,1,0,0,model,Y,0.0,0,0.575,0.1,0.231,0.699
56,female,50.0,2.035,same,same,1,0,0,model,Y,0.0,0,0.575,0.14,0.531,0.789
56,female,50.0,2.054,same,same,1,0,0,model,Y,0.0,0,0.575,0.146,0.531,0.802
56,female,50.0,2.115,same,same,1,0,0,model,Y,0.0,0,0.575,0.164,0.531,0.844
56,female,0.0,1.986,different,different,1,0,0,model,Y,0.0,2,0.575,0.1,0.461,0.749
56,female,100.0,3.837,different,different,1,0,0,model,Y,0.0,2,0.575,0.181,2.111,0.87
56,female,0.0,1.986,different,different,1,0,0,model,Y,0.0,2,0.575,0.1,0.461,0.749
56,female,0.0,1.605,same,same,1,0,0,model,Y,0.0,0,0.575,0.1,0.231,0.699
56,female,100.0,2.505,same,same,1,0,0,model,Y,0.0,0,0.575,0.239,0.681,1.011
56,female,0.0,1.605,same,same,1,0,0,model,Y,0.0,0,0.575,0.1,0.231,0.699
56,female,150.0,2.97,same,same,1,0,0,model,Y,0.0,0,0.575,0.243,1.131,1.021
56,female,150.0,2.99,same,same,1,0,0,model,Y,0.0,0,0.575,0.203,1.281,0.931
56,female,50.0,2.401,same,same,1,0,0,model,Y,0.0,0,0.575,0.16,0.831,0.835
56,female,150.0,3.788,different,different,1,0,0,model,Y,0.0,2,0.575,0.251,1.661,1.201
56,female,100.0,2.759,same,same,1,0,0,model,Y,0.0,0,0.575,0.178,1.131,0.875
56,female,100.0,4.227,same,different,0,1,0,model,Y,0.0,2,0.575,0.248,2.111,1.193
56,female,150.0,2.788,same,same,1,0,0,model,Y,0.0,0,0.575,0.279,0.831,1.103
56,female,150.0,3.578,same,same,1,0,0,model,Y,0.0,0,0.575,0.292,1.581,1.131
56,female,50.0,3.103,different,different,1,0,0,model,Y,0.0,2,0.575,0.154,1.361,0.912
56,female,0.0,1.986,different,different,1,0,0,model,Y,0.0,2,0.575,0.1,0.461,0.749
56,female,150.0,3.147,same,same,1,0,0,model,Y,0.0,0,0.575,0.251,1.281,1.04
56,female,50.0,2.092,same,same,1,0,0,model,Y,0.0,0,0.575,0.158,0.531,0.829
56,female,0.0,1.605,same,same,1,0,0,model,Y,0.0,0,0.575,0.1,0.231,0.699
56,female,100.0,3.347,different,different,1,0,0,model,Y,0.0,2,0.575,0.165,1.661,0.846
56,female,0.0,1.986,different,different,1,0,0,model,Y,0.0,2,0.575,0.1,0.461,0.749
56,female,0.0,1.605,same,same,1,0,0,model,Y,0.0,0,0.575,0.1,0.231,0.699
56,female,50.0,3.23,different,different,1,0,0,model,Y,0.0,2,0.575,0.149,1.511,0.895
56,female,50.0,2.056,same,same,1,0,0,model,Y,0.0,0,0.575,0.146,0.531,0.804
56,female,0.0,1.986,same,different,0,1,0,model,Y,0.0,2,0.575,0.1,0.461,0.749
56,female,50.0,3.081,same,different,0,1,0,model,Y,0.0,2,0.575,0.149,1.361,0.896
56,female,50.0,2.23,same,same,1,0,0,model,Y,0.0,0,0.575,0.154,0.681,0.821
56,female,0.0,1.986,different,different,1,0,0,model,Y,0.0,2,0.575,0.1,0.461,0.749
56,female,50.0,3.501,different,different,1,0,0,model,Y,0.0,2,0.575,0.141,1.811,0.873
56,female,100.0,5.112,different,different,1,0,0,model,Y,0.0,2,0.575,0.15,3.461,0.825
56,female,100.0,6.722,same,different,0,1,0,model,Y,0.0,2,0.575,0.159,4.961,0.926
56,female,50.0,2.753,different,different,1,0,0,model,Y,0.0,2,0.575,0.142,1.061,0.875
56,female,100.0,2.673,same,same,1,0,0,model,Y,0.0,0,0.575,0.198,0.981,0.92
56,female,150.0,3.474,same,same,1,0,0,model,Y,0.0,0,0.575,0.26,1.581,1.059
56,female,100.0,3.385,different,different,1,0,0,model,Y,0.0,2,0.575,0.187,1.511,1.011
56,female,50.0,2.089,same,same,1,0,0,model,Y,0.0,0,0.575,0.157,0.531,0.827
56,female,100.0,2.556,same,same,1,0,0,model,Y,0.0,0,0.575,0.208,0.831,0.942
56,female,150.0,3.18,same,same,1,0,0,model,Y,0.0,0,0.575,0.215,1.431,0.959
56,female,150.0,2.983,same,same,1,0,0,model,Y,0.0,0,0.575,0.247,1.131,1.03
56,female,50.0,3.114,different,different,1,0,0,model,Y,0.0,2,0.575,0.157,1.361,0.921
56,female,50.0,3.538,different,different,1,0,0,model,Y,0.0,2,0.575,0.151,1.811,0.901
56,female,50.0,3.875,different,different,1,0,0,model,Y,0.0,2,0.575,0.136,2.261,0.803
56,female,150.0,3.075,same,same,1,0,0,model,Y,0.0,0,0.575,0.183,1.431,0.886
56,female,100.0,3.265,same,same,1,0,0,model,Y,0.0,0,0.575,0.195,1.581,0.914
56,female,50.0,2.483,same,same,1,0,0,model,Y,0.0,0,0.575,0.139,0.981,0.788
56,female,100.0,3.698,different,different,1,0,0,model,Y,0.0,2,0.575,0.191,1.811,1.021
56,female,100.0,3.917,different,different,1,0,0,model,Y,0.0,2,0.575,0.17,2.111,0.96
56,female,100.0,4.229,different,different,1,0,0,model,Y,0.0,2,0.575,0.248,2.111,1.195
56,female,0.0,1.605,same,same,1,0,0,model,Y,0.0,0,0.575,0.1,0.231,0.699
56,female,150.0,3.217,same,same,1,0,0,model,Y,0.0,0,0.575,0.273,1.281,1.088
56,female,100.0,4.181,different,different,1,0,0,model,Y,0.0,2,0.575,0.198,2.411,0.896
56,female,150.0,3.047,same,same,1,0,0,model,Y,0.0,0,0.575,0.221,1.281,0.971
56,female,100.0,2.517,same,same,1,0,0,model,Y,0.0,0,0.575,0.196,0.831,0.916
56,female,150.0,4.167,same,different,0,1,0,model,Y,0.0,2,0.575,0.233,2.111,1.148
56,female,50.0,3.237,different,different,1,0,0,model,Y,0.0,2,0.575,0.15,1.511,0.901
56,female,150.0,3.083,same,same,1,0,0,model,Y,0.0,0,0.575,0.278,1.131,1.099
56,female,0.0,1.986,same,different,0,1,0,model,Y,0.0,2,0.575,0.1,0.461,0.749
56,female,150.0,4.188,different,different,1,0,0,model,Y,0.0,2,0.575,0.238,2.111,1.163
56,female,50.0,2.195,same,same,1,0,0,model,Y,0.0,0,0.575,0.143,0.681,0.796
56,female,0.0,1.605,same,same,1,0,0,model,Y,0.0,0,0.575,0.1,0.231,0.699
56,female,100.0,3.509,different,different,1,0,0,model,Y,0.0,2,0.575,0.181,1.661,0.992
56,female,50.0,3.772,different,different,1,0,0,model,Y,0.0,2,0.575,0.134,2.111,0.852
56,female,50.0,2.163,same,same,1,0,0,model,Y,0.0,0,0.575,0.133,0.681,0.774
56,female,0.0,1.986,different,different,1,0,0,model,Y,0.0,2,0.575,0.1,0.461,0.749
56,female,150.0,4.635,different,different,1,0,0,model,Y,0.0,2,0.575,0.26,2.711,0.989
56,female,100.0,2.418,same,same,1,0,0,model,Y,0.0,0,0.575,0.212,0.681,0.951
56,female,0.0,1.605,same,same,1,0,0,model,Y,0.0,0,0.575,0.1,0.231,0.699
56,female,50.0,2.086,same,same,1,0,0,model,Y,0.0,0,0.575,0.156,0.531,0.825
56,female,100.0,2.411,same,same,1,0,0,model,Y,0.0,0,0.575,0.209,0.681,0.945
56,female,150.0,2.988,same,same,1,0,0,model,Y,0.0,0,0.575,0.249,1.131,1.033
56,female,100.0,2.52,same,same,1,0,0,model,Y,0.0,0,0.575,0.197,0.831,0.917
56,female,50.0,2.043,same,same,1,0,0,model,Y,0.0,0,0.575,0.143,0.531,0.795
56,female,50.0,2.998,different,different,1,0,0,model,Y,0.0,2,0.575,0.145,1.361,0.817
57,male,100.0,4.927,different,different,1,0,0,model,Y,0.0,5,0.436,0.185,2.596,1.461
57,male,50.0,4.323,different,different,1,0,0,model,Y,0.0,5,0.436,0.138,2.146,1.352
57,male,100.0,5.402,different,different,1,0,0,model,Y,0.0,5,0.436,0.187,3.196,1.333
57,male,150.0,5.527,different,different,1,0,0,model,Y,0.0,5,0.436,0.254,2.896,1.691
57,male,150.0,2.605,same,same,1,0,0,model,Y,0.0,0,0.436,0.194,1.059,0.915
57,male,50.0,2.115,same,same,1,0,0,model,Y,0.0,0,0.436,0.136,0.759,0.784
57,male,50.0,2.181,same,same,1,0,0,model,Y,0.0,0,0.436,0.156,0.759,0.829
57,male,0.0,1.548,same,same,1,0,0,model,Y,0.0,0,0.436,0.1,0.309,0.703
57,male,100.0,2.568,same,same,1,0,0,model,Y,0.0,0,0.436,0.183,1.059,0.89
57,male,150.0,5.783,different,different,1,0,0,model,Y,0.0,5,0.436,0.315,2.896,1.887
57,male,100.0,2.355,same,same,1,0,0,model,Y,0.0,0,0.436,0.164,0.909,0.846
57,male,150.0,5.616,different,different,1,0,0,model,Y,0.0,5,0.436,0.206,3.196,1.528
57,male,50.0,4.52,different,different,1,0,0,model,Y,0.0,5,0.436,0.155,2.296,1.383
57,male,50.0,4.726,different,different,1,0,0,model,Y,0.0,5,0.436,0.135,2.596,1.309
57,male,100.0,5.396,different,different,1,0,0,model,Y,0.0,5,0.436,0.221,2.896,1.593
57,male,100.0,4.789,different,different,1,0,0,model,Y,0.0,5,0.436,0.186,2.446,1.471
57,male,50.0,4.225,different,different,1,0,0,model,Y,0.0,5,0.436,0.136,2.146,1.257
57,male,50.0,2.161,same,same,1,0,0,model,Y,0.0,0,0.436,0.15,0.759,0.815
57,male,100.0,5.305,different,different,1,0,0,model,Y,0.0,5,0.436,0.199,2.896,1.524
57,male,0.0,3.534,different,different,1,0,0,model,Y,0.0,5,0.436,0.1,1.546,1.203
57,male,50.0,4.369,different,different,1,0,0,model,Y,0.0,5,0.436,0.157,2.146,1.38
57,male,0.0,3.534,different,different,1,0,0,model,Y,0.0,5,0.436,0.1,1.546,1.203
57,male,0.0,3.534,different,different,1,0,0,model,Y,0.0,5,0.436,0.1,1.546,1.203
57,male,100.0,2.376,same,same,1,0,0,model,Y,0.0,0,0.436,0.216,0.759,0.964
57,male,100.0,5.202,different,different,1,0,0,model,Y,0.0,5,0.436,0.167,3.046,1.303
57,male,0.0,1.548,same,same,1,0,0,model,Y,0.0,0,0.436,0.1,0.309,0.703
57,male,150.0,5.699,different,different,1,0,0,model,Y,0.0,5,0.436,0.255,3.046,1.712
57,male,150.0,5.472,different,different,1,0,0,model,Y,0.0,5,0.436,0.244,2.896,1.646
57,male,50.0,4.415,different,different,1,0,0,model,Y,0.0,5,0.436,0.166,2.146,1.418
57,male,50.0,4.874,different,different,1,0,0,model,Y,0.0,5,0.436,0.168,2.596,1.424
57,male,100.0,2.418,same,same,1,0,0,model,Y,0.0,0,0.436,0.229,0.759,0.993
57,male,50.0,4.355,different,different,1,0,0,model,Y,0.0,5,0.436,0.154,2.146,1.369
57,male,50.0,4.392,different,different,1,0,0,model,Y,0.0,5,0.436,0.157,2.146,1.403
57,male,0.0,1.548,same,same,1,0,0,model,Y,0.0,0,0.436,0.1,0.309,0.703
57,male,50.0,2.001,same,same,1,0,0,model,Y,0.0,0,0.436,0.147,0.609,0.808
57,male,150.0,3.44,same,same,1,0,0,model,Y,0.0,0,0.436,0.267,1.659,1.078
57,male,100.0,2.492,same,same,1,0,0,model,Y,0.0,0,0.436,0.16,1.059,0.837
57,male,150.0,7.652,different,different,1,0,0,model,Y,0.0,5,0.436,0.218,5.146,1.602
57,male,150.0,6.297,different,different,1,0,0,model,Y,0.0,5,0.436,0.291,3.496,1.825
57,male,100.0,2.508,same,same,1,0,0,model,Y,0.0,0,0.436,0.211,0.909,0.952
57,male,50.0,1.978,same,same,1,0,0,model,Y,0.0,0,0.436,0.14,0.609,0.793
57,male,50.0,2.055,same,same,1,0,0,model,Y,0.0,0,0.436,0.164,0.609,0.846
57,male,50.0,2.185,same,same,1,0,0,model,Y,0.0,0,0.436,0.158,0.759,0.832
57,male,100.0,6.303,different,different,1,0,0,model,Y,0.0,5,0.436,0.185,3.946,1.486
57,male,0.0,1.548,same,same,1,0,0,model,Y,0.0,0,0.436,0.1,0.309,0.703
57,male,50.0,2.619,same,same,1,0,0,model,Y,0.0,0,0.436,0.153,1.209,0.821
57,male,100.0,2.444,same,same,1,0,0,model,Y,0.0,0,0.436,0.191,0.909,0.908
57,male,0.0,3.534,different,different,1,0,0,model,Y,0.0,5,0.436,0.1,1.546,1.203
57,male,0.0,1.548,same,same,1,0,0,model,Y,0.0,0,0.436,0.1,0.309,0.703
57,male,50.0,2.167,same,same,1,0,0,model,Y,0.0,0,0.436,0.152,0.759,0.82
57,male,0.0,1.548,same,same,1,0,0,model,Y,0.0,0,0.436,0.1,0.309,0.703
57,male,150.0,3.067,same,same,1,0,0,model,Y,0.0,0,0.436,0.244,1.359,1.028
57,male,0.0,3.534,different,different,1,0,0,model,Y,0.0,5,0.436,0.1,1.546,1.203
57,male,150.0,5.745,different,different,1,0,0,model,Y,0.0,5,0.436,0.267,3.046,1.746
57,male,50.0,2.131,same,same,1,0,0,model,Y,0.0,0,0.436,0.141,0.759,0.795
57,male,50.0,4.918,different,different,1,0,0,model,Y,0.0,5,0.436,0.145,2.746,1.341
57,male,150.0,2.995,same,same,1,0,0,model,Y,0.0,0,0.436,0.268,1.209,1.082
57,male,100.0,5.266,different,different,1,0,0,model,Y,0.0,5,0.436,0.195,2.896,1.489
57,male,150.0,2.873,same,same,1,0,0,model,Y,0.0,0,0.436,0.323,0.909,1.205
57,male,50.0,2.533,same,same,1,0,0,model,Y,0.0,0,0.436,0.172,1.059,0.866
57,male,50.0,5.92,different,different,1,0,0,model,Y,0.0,5,0.436,0.133,3.796,1.305
57,male,100.0,3.421,same,same,1,0,0,model,Y,0.0,0,0.436,0.215,1.809,0.961
57,male,0.0,3.534,different,different,1,0,0,model,Y,0.0,5,0.436,0.1,1.546,1.203
57,male,150.0,6.139,different,different,1,0,0,model,Y,0.0,5,0.436,0.22,3.646,1.586
57,male,50.0,4.436,different,different,1,0,0,model,Y,0.0,5,0.436,0.161,2.296,1.294
57,male,0.0,3.534,different,different,1,0,0,model,Y,0.0,5,0.436,0.1,1.546,1.203
57,male,150.0,6.983,different,different,1,0,0,model,Y,0.0,5,0.436,0.24,4.396,1.661
57,male,150.0,6.003,different,different,1,0,0,model,Y,0.0,5,0.436,0.296,3.196,1.825
57,male,150.0,2.743,same,same,1,0,0,model,Y,0.0,0,0.436,0.283,0.909,1.115
57,male,150.0,6.917,different,different,1,0,0,model,Y,0.0,5,0.436,0.257,4.246,1.728
57,male,50.0,4.252,different,different,1,0,0,model,Y,0.0,5,0.436,0.129,2.146,1.291
57,male,0.0,1.548,same,same,1,0,0,model,Y,0.0,0,0.436,0.1,0.309,0.703
57,male,0.0,3.534,different,different,1,0,0,model,Y,0.0,5,0.436,0.1,1.546,1.203
57,male,150.0,5.696,different,different,1,0,0,model,Y,0.0,5,0.436,0.305,3.196,1.51
57,male,0.0,1.548,same,same,1,0,0,model,Y,0.0,0,0.436,0.1,0.309,0.703
57,male,0.0,1.548,same,same,1,0,0,model,Y,0.0,0,0.436,0.1,0.309,0.703
57,male,150.0,2.691,same,same,1,0,0,model,Y,0.0,0,0.436,0.267,0.909,1.079
57,male,0.0,3.534,different,different,1,0,0,model,Y,0.0,5,0.436,0.1,1.546,1.203
57,male,0.0,1.548,same,same,1,0,0,model,Y,0.0,0,0.436,0.1,0.309,0.703
57,male,100.0,2.476,same,same,1,0,0,model,Y,0.0,0,0.436,0.201,0.909,0.93
57,male,50.0,5.275,different,different,1,0,0,model,Y,0.0,5,0.436,0.147,3.046,1.396
57,male,150.0,2.827,same,same,1,0,0,model,Y,0.0,0,0.436,0.263,1.059,1.069
57,male,0.0,1.548,same,same,1,0,0,model,Y,0.0,0,0.436,0.1,0.309,0.703
57,male,0.0,3.534,different,different,1,0,0,model,Y,0.0,5,0.436,0.1,1.546,1.203
57,male,0.0,3.534,different,different,1,0,0,model,Y,0.0,5,0.436,0.1,1.546,1.203
57,male,100.0,2.378,same,same,1,0,0,model,Y,0.0,0,0.436,0.171,0.909,0.862
57,male,100.0,4.78,different,different,1,0,0,model,Y,0.0,5,0.436,0.182,2.446,1.467
57,male,50.0,4.4,different,different,1,0,0,model,Y,0.0,5,0.436,0.146,2.296,1.272
57,male,150.0,6.26,different,different,1,0,0,model,Y,0.0,5,0.436,0.247,3.646,1.681
57,male,100.0,5.141,different,different,1,0,0,model,Y,0.0,5,0.436,0.163,2.896,1.397
57,male,0.0,3.534,different,different,1,0,0,model,Y,0.0,5,0.436,0.1,1.546,1.203
57,male,0.0,1.548,same,same,1,0,0,model,Y,0.0,0,0.436,0.1,0.309,0.703
57,male,50.0,2.37,same,same,1,0,0,model,Y,0.0,0,0.436,0.168,0.909,0.856
57,male,100.0,6.451,different,different,1,0,0,model,Y,0.0,5,0.436,0.22,3.946,1.599
57,male,50.0,2.412,same,same,1,0,0,model,Y,0.0,0,0.436,0.135,1.059,0.782
57,male,100.0,3.266,same,same,1,0,0,model,Y,0.0,0,0.436,0.213,1.659,0.957
58,male,150.0,5.525,same,same,1,0,0,model,Y,0.0,1,0.699,0.251,2.938,1.586
58,male,100.0,5.399,different,different,1,0,0,model,Y,0.0,3,0.699,0.213,3.132,1.205
58,male,0.0,1.798,same,same,1,0,0,model,Y,0.0,0,0.699,0.1,0.344,0.655
58,male,0.0,2.836,different,different,1,0,0,model,Y,0.0,3,0.699,0.1,1.032,0.855
58,male,150.0,4.758,same,same,1,0,0,model,Y,0.0,1,0.699,0.309,2.788,0.912
58,male,100.0,5.401,different,different,1,0,0,model,Y,0.0,3,0.699,0.214,3.132,1.205
58,male,100.0,2.915,same,same,1,0,0,model,Y,0.0,0,0.699,0.167,1.244,0.805
58,male,150.0,5.883,different,different,1,0,0,model,Y,0.0,3,0.699,0.223,3.582,1.229
58,male,150.0,5.737,different,different,1,0,0,model,Y,0.0,3,0.699,0.223,3.432,1.233
58,male,50.0,4.278,different,different,1,0,0,model,Y,0.0,3,0.699,0.158,2.232,1.038
58,male,50.0,3.728,same,same,1,0,0,model,Y,0.0,1,0.699,0.171,1.738,1.07
58,male,50.0,2.63,same,same,1,0,0,model,Y,0.0,0,0.699,0.171,0.944,0.815
58,male,150.0,5.852,different,different,1,0,0,model,Y,0.0,3,0.699,0.253,3.432,1.318
58,male,0.0,1.798,same,same,1,0,0,model,Y,0.0,0,0.699,0.1,0.344,0.655
58,male,50.0,4.553,different,different,1,0,0,model,Y,0.0,3,0.699,0.151,2.532,1.022
58,male,100.0,5.342,different,different,1,0,0,model,Y,0.0,3,0.699,0.2,3.132,1.161
58,male,0.0,2.836,different,different,1,0,0,model,Y,0.0,3,0.699,0.1,1.032,0.855
58,male,150.0,7.064,different,different,1,0,0,model,Y,0.0,3,0.699,0.255,4.632,1.328
58,male,150.0,7.477,different,different,1,0,0,model,Y,0.0,3,0.699,0.284,4.932,1.412
58,male,150.0,6.118,different,different,1,0,0,model,Y,0.0,3,0.699,0.319,3.432,1.518
58,male,50.0,4.557,different,different,1,0,0,model,Y,0.0,3,0.699,0.153,2.532,1.023
58,male,100.0,6.58,different,different,1,0,0,model,Y,0.0,3,0.699,0.21,4.332,1.188
58,male,0.0,2.836,different,different,1,0,0,model,Y,0.0,3,0.699,0.1,1.032,0.855
58,male,100.0,2.756,same,same,1,0,0,model,Y,0.0,0,0.699,0.21,0.944,0.902
58,male,50.0,2.551,same,same,1,0,0,model,Y,0.0,0,0.699,0.147,0.944,0.761
58,male,150.0,3.596,same,same,1,0,0,model,Y,0.0,0,0.699,0.238,1.694,0.965
58,male,100.0,5.002,different,different,1,0,0,model,Y,0.0,3,0.699,0.228,2.682,1.242
58,male,100.0,2.999,same,same,1,0,0,model,Y,0.0,0,0.699,0.193,1.244,0.864
58,male,50.0,2.428,same,same,1,0,0,model,Y,0.0,0,0.699,0.155,0.794,0.78
58,male,100.0,2.788,same,same,1,0,0,model,Y,0.0,0,0.699,0.174,1.094,0.821
58,male,50.0,4.248,different,different,1,0,0,model,Y,0.0,3,0.699,0.151,2.232,1.016
58,male,0.0,2.836,different,different,1,0,0,model,Y,0.0,3,0.699,0.1,1.032,0.855
58,male,0.0,1.798,same,same,1,0,0,model,Y,0.0,0,0.699,0.1,0.344,0.655
58,male,0.0,1.798,same,same,1,0,0,model,Y,0.0,0,0.699,0.1,0.344,0.655
58,male,100.0,4.698,different,different,1,0,0,model,Y,0.0,3,0.699,0.227,2.382,1.24
58,male,150.0,5.061,different,different,1,0,0,model,Y,0.0,3,0.699,0.242,2.682,1.287
58,male,50.0,4.099,different,different,1,0,0,model,Y,0.0,3,0.699,0.153,2.082,1.015
58,male,0.0,2.836,same,different,0,1,0,model,Y,0.0,3,0.699,0.1,1.032,0.855
58,male,150.0,4.705,different,different,1,0,0,model,Y,0.0,3,0.699,0.228,2.382,1.245
58,male,150.0,3.568,same,same,1,0,0,model,Y,0.0,0,0.699,0.275,1.544,1.05
58,male,150.0,5.083,different,different,1,0,0,model,Y,0.0,3,0.699,0.248,2.682,1.304
58,male,0.0,2.836,different,different,1,0,0,model,Y,0.0,3,0.699,0.1,1.032,0.855
58,male,50.0,2.397,same,same,1,0,0,model,Y,0.0,0,0.699,0.146,0.794,0.758
58,male,0.0,2.836,different,different,1,0,0,model,Y,0.0,3,0.699,0.1,1.032,0.855
58,male,50.0,4.072,different,different,1,0,0,model,Y,0.0,3,0.699,0.145,2.082,0.996
58,male,0.0,1.798,same,same,1,0,0,model,Y,0.0,0,0.699,0.1,0.344,0.655
58,male,50.0,3.829,different,different,1,0,0,model,Y,0.0,3,0.699,0.158,1.782,1.039
58,male,50.0,3.606,different,different,1,0,0,model,Y,0.0,3,0.699,0.14,1.782,0.835
58,male,50.0,3.855,same,same,1,0,0,model,Y,0.0,1,0.699,0.166,1.738,1.202
58,male,150.0,5.791,different,different,1,0,0,model,Y,0.0,3,0.699,0.274,3.282,1.386
58,male,50.0,4.307,different,different,1,0,0,model,Y,0.0,3,0.699,0.148,2.382,0.927
58,male,100.0,3.004,same,same,1,0,0,model,Y,0.0,0,0.699,0.194,1.244,0.867
58,male,50.0,3.416,same,same,1,0,0,model,Y,0.0,1,0.699,0.142,1.738,0.787
58,male,100.0,6.484,different,different,1,0,0,model,Y,0.0,3,0.699,0.186,4.332,1.116
58,male,0.0,1.798,same,same,1,0,0,model,Y,0.0,0,0.699,0.1,0.344,0.655
58,male,0.0,1.798,same,same,1,0,0,model,Y,0.0,0,0.699,0.1,0.344,0.655
58,male,50.0,3.304,same,same,1,0,0,model,Y,0.0,1,0.699,0.145,1.438,0.972
58,male,0.0,2.836,different,different,1,0,0,model,Y,0.0,3,0.699,0.1,1.032,0.855
58,male,150.0,3.36,same,same,1,0,0,model,Y,0.0,0,0.699,0.257,1.394,1.009
58,male,100.0,4.896,different,different,1,0,0,model,Y,0.0,3,0.699,0.199,2.682,1.166
58,male,50.0,2.782,same,same,1,0,0,model,Y,0.0,0,0.699,0.172,1.094,0.817
58,male,100.0,5.141,same,different,0,1,0,model,Y,0.0,3,0.699,0.226,2.832,1.234
58,male,100.0,3.644,same,same,1,0,0,model,Y,0.0,0,0.699,0.206,1.844,0.894
58,male,0.0,2.836,different,different,1,0,0,model,Y,0.0,3,0.699,0.1,1.032,0.855
58,male,50.0,5.202,same,different,0,1,0,model,Y,0.0,3,0.699,0.146,3.282,0.924
58,male,0.0,2.836,different,different,1,0,0,model,Y,0.0,3,0.699,0.1,1.032,0.855
58,male,0.0,2.836,different,different,1,0,0,model,Y,0.0,3,0.699,0.1,1.032,0.855
58,male,150.0,5.693,different,different,1,0,0,model,Y,0.0,3,0.699,0.213,3.432,1.198
58,male,0.0,1.798,same,same,1,0,0,model,Y,0.0,0,0.699,0.1,0.344,0.655
58,male,0.0,1.798,same,same,1,0,0,model,Y,0.0,0,0.699,0.1,0.344,0.655
58,male,150.0,3.62,same,same,1,0,0,model,Y,0.0,0,0.699,0.291,1.544,1.086
58,male,100.0,4.588,different,different,1,0,0,model,Y,0.0,3,0.699,0.201,2.382,1.157
58,male,150.0,6.216,different,different,1,0,0,model,Y,0.0,3,0.699,0.252,4.032,1.083
58,male,0.0,1.798,same,same,1,0,0,model,Y,0.0,0,0.699,0.1,0.344,0.655
58,male,50.0,2.37,same,same,1,0,0,model,Y,0.0,0,0.699,0.137,0.794,0.739
58,male,150.0,5.484,different,different,1,0,0,model,Y,0.0,3,0.699,0.273,2.982,1.38
58,male,50.0,4.196,same,different,0,1,0,model,Y,0.0,3,0.699,0.139,2.232,0.976
58,male,0.0,1.798,same,same,1,0,0,model,Y,0.0,0,0.699,0.1,0.344,0.655
58,male,150.0,5.043,same,same,1,0,0,model,Y,0.0,0,0.699,0.268,3.044,1.032
58,male,0.0,1.798,same,same,1,0,0,model,Y,0.0,0,0.699,0.1,0.344,0.655
58,male,100.0,4.031,same,same,1,0,0,model,Y,0.0,1,0.699,0.235,1.738,1.31
58,male,50.0,2.368,same,same,1,0,0,model,Y,0.0,0,0.699,0.137,0.794,0.738
58,male,0.0,2.836,different,different,1,0,0,model,Y,0.0,3,0.699,0.1,1.032,0.855
58,male,0.0,1.798,same,same,1,0,0,model,Y,0.0,0,0.699,0.1,0.344,0.655
58,male,100.0,4.669,different,different,1,0,0,model,Y,0.0,3,0.699,0.221,2.382,1.217
58,male,100.0,3.043,same,same,1,0,0,model,Y,0.0,0,0.699,0.16,1.394,0.79
58,male,100.0,5.407,different,different,1,0,0,model,Y,0.0,3,0.699,0.218,3.132,1.208
58,male,100.0,5.866,different,different,1,0,0,model,Y,0.0,3,0.699,0.232,3.732,1.053
58,male,0.0,1.798,same,same,1,0,0,model,Y,0.0,0,0.699,0.1,0.344,0.655
58,male,150.0,6.577,different,different,1,0,0,model,Y,0.0,3,0.699,0.247,4.182,1.299
58,male,0.0,1.798,same,same,1,0,0,model,Y,0.0,0,0.699,0.1,0.344,0.655
58,male,50.0,4.435,different,different,1,0,0,model,Y,0.0,3,0.699,0.161,2.382,1.043
58,male,100.0,5.647,different,different,1,0,0,model,Y,0.0,3,0.699,0.165,3.582,1.051
58,male,0.0,2.836,different,different,1,0,0,model,Y,0.0,3,0.699,0.1,1.032,0.855
58,male,100.0,3.722,same,same,1,0,0,model,Y,0.0,0,0.699,0.184,1.994,0.844
58,male,50.0,2.437,same,same,1,0,0,model,Y,0.0,0,0.699,0.158,0.794,0.786
59,male,50.0,2.065,same,same,1,0,0,model,Y,0.0,0,0.551,0.167,0.511,0.836
59,male,150.0,3.077,same,same,1,0,0,model,Y,0.0,0,0.551,0.247,1.261,1.018
59,male,0.0,1.548,same,same,1,0,0,model,Y,0.0,0,0.551,0.1,0.211,0.687
59,male,100.0,2.617,same,same,1,0,0,model,Y,0.0,0,0.551,0.244,0.811,1.011
59,male,0.0,2.32,different,different,1,0,0,model,Y,0.0,3,0.551,0.1,0.632,0.887
59,male,100.0,2.223,same,same,1,0,0,model,Y,0.0,0,0.551,0.169,0.661,0.842
59,male,100.0,2.549,same,same,1,0,0,model,Y,0.0,0,0.551,0.177,0.961,0.86
59,male,50.0,2.012,same,same,1,0,0,model,Y,0.0,0,0.551,0.15,0.511,0.8
59,male,100.0,3.934,different,different,1,0,0,model,Y,0.0,3,0.551,0.2,1.832,1.201
59,male,100.0,2.389,same,same,1,0,0,model,Y,0.0,0,0.551,0.174,0.811,0.853
59,male,0.0,2.32,different,different,1,0,0,model,Y,0.0,3,0.551,0.1,0.632,0.887
59,male,0.0,2.32,different,different,1,0,0,model,Y,0.0,3,0.551,0.1,0.632,0.887
59,male,100.0,3.735,different,different,1,0,0,model,Y,0.0,3,0.551,0.19,1.682,1.162
59,male,150.0,4.386,different,different,1,0,0,model,Y,0.0,3,0.551,0.201,2.282,1.201
59,male,50.0,3.385,different,different,1,0,0,model,Y,0.0,3,0.551,0.14,1.532,1.011
59,male,50.0,3.803,different,different,1,0,0,model,Y,0.0,3,0.551,0.132,1.982,0.988
59,male,100.0,3.95,different,different,1,0,0,model,Y,0.0,3,0.551,0.212,1.982,1.055
59,male,0.0,2.32,different,different,1,0,0,model,Y,0.0,3,0.551,0.1,0.632,0.887
59,male,150.0,6.856,different,different,1,0,0,model,Y,0.0,3,0.551,0.291,4.382,1.482
59,male,0.0,2.32,different,different,1,0,0,model,Y,0.0,3,0.551,0.1,0.632,0.887
59,male,50.0,3.08,different,different,1,0,0,model,Y,0.0,3,0.551,0.14,1.232,1.007
59,male,0.0,1.548,same,same,1,0,0,model,Y,0.0,0,0.551,0.1,0.211,0.687
59,male,0.0,2.32,different,different,1,0,0,model,Y,0.0,3,0.551,0.1,0.632,0.887
59,male,0.0,2.32,different,different,1,0,0,model,Y,0.0,3,0.551,0.1,0.632,0.887
59,male,100.0,2.576,same,same,1,0,0,model,Y,0.0,0,0.551,0.185,0.961,0.878
59,male,100.0,2.707,same,same,1,0,0,model,Y,0.0,0,0.551,0.226,0.961,0.969
59,male,150.0,2.731,same,same,1,0,0,model,Y,0.0,0,0.551,0.233,0.961,0.986
59,male,50.0,2.314,same,same,1,0,0,model,Y,0.0,0,0.551,0.151,0.811,0.801
59,male,50.0,2.161,same,same,1,0,0,model,Y,0.0,0,0.551,0.15,0.661,0.799
59,male,150.0,5.682,different,different,1,0,0,model,Y,0.0,3,0.551,0.224,3.482,1.274
59,male,150.0,3.183,same,same,1,0,0,model,Y,0.0,0,0.551,0.28,1.261,1.091
59,male,100.0,4.216,different,different,1,0,0,model,Y,0.0,3,0.551,0.235,1.982,1.298
59,male,150.0,2.819,same,same,1,0,0,model,Y,0.0,0,0.551,0.26,0.961,1.047
59,male,150.0,5.216,different,different,1,0,0,model,Y,0.0,3,0.551,0.296,2.732,1.487
59,male,100.0,4.112,different,different,1,0,0,model,Y,0.0,3,0.551,0.209,1.982,1.22
59,male,50.0,2.12,same,same,1,0,0,model,Y,0.0,0,0.551,0.137,0.661,0.771
59,male,150.0,5.099,different,different,1,0,0,model,Y,0.0,3,0.551,0.194,3.032,1.172
59,male,50.0,4.019,different,different,1,0,0,model,Y,0.0,3,0.551,0.149,2.132,1.037
59,male,100.0,2.723,same,same,1,0,0,model,Y,0.0,0,0.551,0.184,1.111,0.876
59,male,0.0,2.32,different,different,1,0,0,model,Y,0.0,3,0.551,0.1,0.632,0.887
59,male,150.0,3.377,same,same,1,0,0,model,Y,0.0,0,0.551,0.247,1.561,1.018
59,male,150.0,3.303,same,same,1,0,0,model,Y,0.0,0,0.551,0.225,1.561,0.967
59,male,150.0,6.343,different,different,1,0,0,model,Y,0.0,3,0.551,0.209,4.382,1.05
59,male,50.0,3.883,different,different,1,0,0,model,Y,0.0,3,0.551,0.153,1.982,1.047
59,male,50.0,3.934,different,different,1,0,0,model,Y,0.0,3,0.551,0.165,1.982,1.086
59,male,0.0,2.32,different,different,1,0,0,model,Y,0.0,3,0.551,0.1,0.632,0.887
59,male,50.0,3.575,different,different,1,0,0,model,Y,0.0,3,0.551,0.151,1.682,1.041
59,male,100.0,3.881,different,different,1,0,0,model,Y,0.0,3,0.551,0.185,1.982,1.013
59,male,150.0,2.88,same,same,1,0,0,model,Y,0.0,0,0.551,0.279,0.961,1.089
59,male,0.0,1.548,same,same,1,0,0,model,Y,0.0,0,0.551,0.1,0.211,0.687
59,male,100.0,3.904,different,different,1,0,0,model,Y,0.0,3,0.551,0.193,1.982,1.027
59,male,100.0,2.563,same,same,1,0,0,model,Y,0.0,0,0.551,0.228,0.811,0.973
59,male,0.0,1.548,same,same,1,0,0,model,Y,0.0,0,0.551,0.1,0.211,0.687
59,male,50.0,2.031,same,same,1,0,0,model,Y,0.0,0,0.551,0.156,0.511,0.813
59,male,150.0,5.119,different,different,1,0,0,model,Y,0.0,3,0.551,0.311,2.582,1.525
59,male,50.0,3.077,different,different,1,0,0,model,Y,0.0,3,0.551,0.139,1.232,1.005
59,male,0.0,1.548,same,same,1,0,0,model,Y,0.0,0,0.551,0.1,0.211,0.687
59,male,100.0,2.313,same,same,1,0,0,model,Y,0.0,0,0.551,0.197,0.661,0.904
59,male,100.0,4.617,different,different,1,0,0,model,Y,0.0,3,0.551,0.184,2.582,1.15
59,male,150.0,3.209,same,same,1,0,0,model,Y,0.0,0,0.551,0.288,1.261,1.109
59,male,150.0,2.899,same,same,1,0,0,model,Y,0.0,0,0.551,0.285,0.961,1.102
59,male,0.0,2.32,different,different,1,0,0,model,Y,0.0,3,0.551,0.1,0.632,0.887
59,male,50.0,3.96,different,different,1,0,0,model,Y,0.0,3,0.551,0.134,2.132,0.993
59,male,100.0,4.457,different,different,1,0,0,model,Y,0.0,3,0.551,0.218,2.282,1.255
59,male,50.0,3.464,different,different,1,0,0,model,Y,0.0,3,0.551,0.138,1.682,0.943
59,male,150.0,5.732,different,different,1,0,0,model,Y,0.0,3,0.551,0.273,3.332,1.425
59,male,150.0,2.55,same,same,1,0,0,model,Y,0.0,0,0.551,0.223,0.811,0.964
59,male,150.0,6.168,different,different,1,0,0,model,Y,0.0,3,0.551,0.269,3.782,1.416
59,male,50.0,3.097,different,different,1,0,0,model,Y,0.0,3,0.551,0.144,1.232,1.019
59,male,0.0,2.32,different,different,1,0,0,model,Y,0.0,3,0.551,0.1,0.632,0.887
59,male,100.0,2.426,same,same,1,0,0,model,Y,0.0,0,0.551,0.185,0.811,0.879
59,male,0.0,2.32,different,different,1,0,0,model,Y,0.0,3,0.551,0.1,0.632,0.887
59,male,100.0,2.322,same,same,1,0,0,model,Y,0.0,0,0.551,0.2,0.661,0.911
59,male,0.0,2.32,different,different,1,0,0,model,Y,0.0,3,0.551,0.1,0.632,0.887
59,male,150.0,4.448,different,different,1,0,0,model,Y,0.0,3,0.551,0.216,2.282,1.249
59,male,50.0,1.938,same,same,1,0,0,model,Y,0.0,0,0.551,0.128,0.511,0.748
59,male,50.0,3.199,different,different,1,0,0,model,Y,0.0,3,0.551,0.132,1.382,0.983
59,male,50.0,2.123,same,same,1,0,0,model,Y,0.0,0,0.551,0.138,0.661,0.773
59,male,0.0,1.548,same,same,1,0,0,model,Y,0.0,0,0.551,0.1,0.211,0.687
59,male,0.0,1.548,same,same,1,0,0,model,Y,0.0,0,0.551,0.1,0.211,0.687
59,male,0.0,1.548,same,same,1,0,0,model,Y,0.0,0,0.551,0.1,0.211,0.687
59,male,100.0,4.959,different,different,1,0,0,model,Y,0.0,3,0.551,0.231,2.732,1.295
59,male,0.0,1.548,same,same,1,0,0,model,Y,0.0,0,0.551,0.1,0.211,0.687
59,male,150.0,5.338,different,different,1,0,0,model,Y,0.0,3,0.551,0.25,3.032,1.355
59,male,0.0,1.548,same,same,1,0,0,model,Y,0.0,0,0.551,0.1,0.211,0.687
59,male,0.0,1.548,same,same,1,0,0,model,Y,0.0,0,0.551,0.1,0.211,0.687
59,male,50.0,2.025,same,same,1,0,0,model,Y,0.0,0,0.551,0.154,0.511,0.809
59,male,0.0,1.548,same,same,1,0,0,model,Y,0.0,0,0.551,0.1,0.211,0.687
59,male,50.0,3.162,different,different,1,0,0,model,Y,0.0,3,0.551,0.159,1.232,1.07
59,male,0.0,2.32,different,different,1,0,0,model,Y,0.0,3,0.551,0.1,0.632,0.887
59,male,150.0,4.61,different,different,1,0,0,model,Y,0.0,3,0.551,0.236,2.582,1.09
59,male,50.0,2.472,same,same,1,0,0,model,Y,0.0,0,0.551,0.153,0.961,0.807
59,male,0.0,2.32,different,different,1,0,0,model,Y,0.0,3,0.551,0.1,0.632,0.887
59,male,100.0,5.165,different,different,1,0,0,model,Y,0.0,3,0.551,0.171,3.182,1.11
59,male,0.0,1.548,same,same,1,0,0,model,Y,0.0,0,0.551,0.1,0.211,0.687
59,male,100.0,2.323,same,same,1,0,0,model,Y,0.0,0,0.551,0.2,0.661,0.911
60,male,0.0,1.554,same,same,1,0,0,model,Y,0.0,0,0.577,0.1,0.293,0.584
60,male,100.0,2.769,same,same,1,0,0,model,Y,0.0,0,0.577,0.243,1.043,0.906
60,male,50.0,2.835,same,same,1,0,0,model,Y,0.0,1,0.577,0.15,1.336,0.722
60,male,0.0,1.554,same,same,1,0,0,model,Y,0.0,0,0.577,0.1,0.293,0.584
60,male,100.0,3.606,same,same,1,0,0,model,Y,0.0,1,0.577,0.248,1.936,0.795
60,male,100.0,6.49,different,different,1,0,0,model,Y,0.0,3,0.577,0.16,4.629,0.974
60,male,50.0,4.194,different,same,0,0,1,model,Y,0.0,3,0.577,0.147,2.379,0.941
60,male,50.0,1.982,same,same,1,0,0,model,Y,0.0,0,0.577,0.139,0.593,0.672
60,male,0.0,1.554,same,same,1,0,0,model,Y,0.0,0,0.577,0.1,0.293,0.584
60,male,0.0,1.554,same,same,1,0,0,model,Y,0.0,0,0.577,0.1,0.293,0.584
60,male,150.0,2.665,same,same,1,0,0,model,Y,0.0,0,0.577,0.211,1.043,0.833
60,male,50.0,3.381,different,same,0,0,1,model,Y,0.0,3,0.577,0.166,1.479,1.009
60,male,50.0,3.123,same,same,1,0,0,model,Y,0.0,1,0.577,0.141,1.336,1.018
60,male,150.0,5.471,different,different,1,0,0,model,Y,0.0,3,0.577,0.277,3.129,1.337
60,male,150.0,4.382,different,different,1,0,0,model,Y,0.0,3,0.577,0.232,2.229,1.194
60,male,0.0,1.554,same,same,1,0,0,model,Y,0.0,0,0.577,0.1,0.293,0.584
60,male,0.0,1.554,same,same,1,0,0,model,Y,0.0,0,0.577,0.1,0.293,0.584
60,male,50.0,2.018,same,same,1,0,0,model,Y,0.0,0,0.577,0.15,0.593,0.697
60,male,50.0,3.304,different,different,1,0,0,model,Y,0.0,3,0.577,0.152,1.479,0.945
60,male,150.0,5.556,different,same,0,0,1,model,Y,0.0,3,0.577,0.188,3.579,1.061
60,male,100.0,4.358,different,different,1,0,0,model,Y,0.0,3,0.577,0.226,2.229,1.176
60,male,100.0,4.016,different,different,1,0,0,model,Y,0.0,3,0.577,0.217,1.929,1.142
60,male,100.0,4.626,different,same,0,0,1,model,Y,0.0,3,0.577,0.182,2.679,1.038
60,male,150.0,10.384,different,different,1,0,0,model,Y,0.0,3,0.577,0.267,8.079,1.31
60,male,150.0,3.677,same,same,1,0,0,model,Y,0.0,1,0.577,0.288,1.936,0.825
60,male,0.0,2.49,different,different,1,0,0,model,Y,0.0,3,0.577,0.1,0.879,0.784
60,male,100.0,3.817,different,different,1,0,0,model,Y,0.0,3,0.577,0.169,1.929,0.991
60,male,0.0,1.554,same,same,1,0,0,model,Y,0.0,0,0.577,0.1,0.293,0.584
60,male,100.0,5.437,different,different,1,0,0,model,Y,0.0,3,0.577,0.196,3.429,1.085
60,male,150.0,4.46,different,different,1,0,0,model,Y,0.0,3,0.577,0.287,2.079,1.367
60,male,150.0,4.437,different,same,0,0,1,model,Y,0.0,3,0.577,0.249,2.229,1.232
60,male,100.0,3.973,different,different,1,0,0,model,Y,0.0,3,0.577,0.169,2.079,0.998
60,male,0.0,1.554,same,same,1,0,0,model,Y,0.0,0,0.577,0.1,0.293,0.584
60,male,50.0,3.002,same,same,1,0,0,model,Y,0.0,1,0.577,0.143,1.336,0.896
60,male,0.0,2.49,different,different,1,0,0,model,Y,0.0,3,0.577,0.1,0.879,0.784
60,male,0.0,1.554,same,same,1,0,0,model,Y,0.0,0,0.577,0.1,0.293,0.584
60,male,0.0,1.554,same,same,1,0,0,model,Y,0.0,0,0.577,0.1,0.293,0.584
60,male,0.0,1.554,same,same,1,0,0,model,Y,0.0,0,0.577,0.1,0.293,0.584
60,male,50.0,3.351,different,same,0,0,1,model,Y,0.0,3,0.577,0.164,1.479,0.981
60,male,50.0,3.311,different,different,1,0,0,model,Y,0.0,3,0.577,0.169,1.629,0.786
60,male,150.0,5.087,different,different,1,0,0,model,Y,0.0,3,0.577,0.259,2.829,1.272
60,male,100.0,2.475,same,same,1,0,0,model,Y,0.0,0,0.577,0.199,0.893,0.806
60,male,150.0,4.349,different,same,0,0,1,model,Y,0.0,3,0.577,0.305,2.529,0.788
60,male,100.0,4.264,different,different,1,0,0,model,Y,0.0,3,0.577,0.204,2.229,1.104
60,male,50.0,2.191,same,same,1,0,0,model,Y,0.0,0,0.577,0.157,0.743,0.713
60,male,150.0,5.723,different,same,0,0,1,model,Y,0.0,3,0.577,0.272,2.829,1.894
60,male,0.0,1.554,same,same,1,0,0,model,Y,0.0,0,0.577,0.1,0.293,0.584
60,male,0.0,1.554,same,same,1,0,0,model,Y,0.0,0,0.577,0.1,0.293,0.584
60,male,100.0,4.672,different,different,1,0,0,model,Y,0.0,3,0.577,0.23,2.529,1.186
60,male,0.0,2.49,different,different,1,0,0,model,Y,0.0,3,0.577,0.1,0.879,0.784
60,male,100.0,3.85,different,same,0,0,1,model,Y,0.0,3,0.577,0.191,2.229,0.703
60,male,0.0,2.49,different,different,1,0,0,model,Y,0.0,3,0.577,0.1,0.879,0.784
60,male,100.0,3.911,different,different,1,0,0,model,Y,0.0,3,0.577,0.228,2.079,0.876
60,male,100.0,7.374,different,same,0,0,1,model,Y,0.0,3,0.577,0.229,5.229,1.188
60,male,50.0,3.628,different,different,1,0,0,model,Y,0.0,3,0.577,0.154,1.779,0.968
60,male,150.0,4.783,different,different,1,0,0,model,Y,0.0,3,0.577,0.292,2.379,1.385
60,male,0.0,1.554,same,same,1,0,0,model,Y,0.0,0,0.577,0.1,0.293,0.584
60,male,100.0,2.507,same,same,1,0,0,model,Y,0.0,0,0.577,0.209,0.893,0.828
60,male,100.0,4.696,different,same,0,0,1,model,Y,0.0,3,0.577,0.236,2.529,1.204
60,male,150.0,5.831,different,different,1,0,0,model,Y,0.0,3,0.577,0.26,3.579,1.265
60,male,0.0,1.554,same,same,1,0,0,model,Y,0.0,0,0.577,0.1,0.293,0.584
60,male,0.0,1.554,same,same,1,0,0,model,Y,0.0,0,0.577,0.1,0.293,0.584
60,male,0.0,2.49,different,different,1,0,0,model,Y,0.0,3,0.577,0.1,0.879,0.784
60,male,100.0,3.732,same,same,1,0,0,model,Y,0.0,1,0.577,0.197,1.636,1.272
60,male,0.0,1.554,same,same,1,0,0,model,Y,0.0,0,0.577,0.1,0.293,0.584
60,male,150.0,3.067,same,same,1,0,0,model,Y,0.0,0,0.577,0.288,1.193,1.008
60,male,50.0,2.155,same,same,1,0,0,model,Y,0.0,0,0.577,0.146,0.743,0.688
60,male,50.0,3.036,same,same,1,0,0,model,Y,0.0,1,0.577,0.15,1.336,0.922
60,male,50.0,3.439,different,different,1,0,0,model,Y,0.0,3,0.577,0.148,1.629,0.935
60,male,50.0,4.158,different,different,1,0,0,model,Y,0.0,3,0.577,0.141,2.379,0.91
60,male,150.0,5.041,different,different,1,0,0,model,Y,0.0,3,0.577,0.245,2.829,1.24
60,male,0.0,2.49,different,different,1,0,0,model,Y,0.0,3,0.577,0.1,0.879,0.784
60,male,150.0,2.659,same,same,1,0,0,model,Y,0.0,0,0.577,0.209,1.043,0.829
60,male,0.0,1.554,same,same,1,0,0,model,Y,0.0,0,0.577,0.1,0.293,0.584
60,male,100.0,4.368,different,different,1,0,0,model,Y,0.0,3,0.577,0.191,2.379,1.07
60,male,50.0,3.118,same,same,1,0,0,model,Y,0.0,1,0.577,0.14,1.336,1.015
60,male,100.0,4.164,different,same,0,0,1,model,Y,0.0,3,0.577,0.179,2.229,1.029
60,male,50.0,3.312,different,different,1,0,0,model,Y,0.0,3,0.577,0.154,1.479,0.952
60,male,100.0,4.296,different,same,0,0,1,model,Y,0.0,3,0.577,0.211,2.229,1.129
60,male,100.0,2.48,same,same,1,0,0,model,Y,0.0,0,0.577,0.246,0.743,0.913
60,male,50.0,3.615,different,different,1,0,0,model,Y,0.0,3,0.577,0.151,1.779,0.958
60,male,0.0,1.554,same,same,1,0,0,model,Y,0.0,0,0.577,0.1,0.293,0.584
60,male,0.0,1.554,same,same,1,0,0,model,Y,0.0,0,0.577,0.1,0.293,0.584
60,male,150.0,5.369,different,different,1,0,0,model,Y,0.0,3,0.577,0.253,3.129,1.26
60,male,150.0,4.847,different,different,1,0,0,model,Y,0.0,3,0.577,0.312,2.379,1.428
60,male,100.0,5.758,different,same,0,0,1,model,Y,0.0,3,0.577,0.2,3.279,1.552
60,male,50.0,3.753,different,same,0,0,1,model,Y,0.0,3,0.577,0.153,1.929,0.944
60,male,50.0,2.207,same,same,1,0,0,model,Y,0.0,0,0.577,0.162,0.743,0.725
60,male,100.0,4.534,same,different,0,1,0,model,Y,0.0,3,0.577,0.196,2.529,1.081
60,male,100.0,2.559,same,same,1,0,0,model,Y,0.0,0,0.577,0.178,1.043,0.76
60,male,0.0,1.554,same,same,1,0,0,model,Y,0.0,0,0.577,0.1,0.293,0.584
60,male,150.0,6.276,different,different,1,0,0,model,Y,0.0,3,0.577,0.289,3.879,1.38
60,male,150.0,4.503,same,same,1,0,0,model,Y,0.0,1,0.577,0.27,2.236,1.37
60,male,100.0,7.143,different,same,0,0,1,model,Y,0.0,3,0.577,0.206,4.629,1.581
60,male,0.0,1.554,same,same,1,0,0,model,Y,0.0,0,0.577,0.1,0.293,0.584
60,male,100.0,3.488,different,different,1,0,0,model,Y,0.0,3,0.577,0.179,1.779,0.803
61,female,100.0,5.037,different,same,0,0,1,model,Y,0.0,3,0.392,0.169,2.849,1.478
61,female,100.0,4.398,different,different,1,0,0,model,Y,0.0,3,0.392,0.186,2.549,1.121
61,female,150.0,4.416,different,different,1,0,0,model,Y,0.0,3,0.392,0.222,2.849,0.803
61,female,150.0,4.7,same,different,0,1,0,model,Y,0.0,3,0.392,0.262,2.549,1.347
61,female,0.0,2.702,different,different,1,0,0,model,Y,0.0,3,0.392,0.1,1.199,0.861
61,female,100.0,5.274,different,different,1,0,0,model,Y,0.0,3,0.392,0.216,3.299,1.217
61,female,100.0,5.29,different,same,0,0,1,model,Y,0.0,3,0.392,0.221,3.299,1.229
61,female,100.0,4.024,different,same,0,0,1,model,Y,0.0,3,0.392,0.204,2.099,1.179
61,female,0.0,2.702,different,different,1,0,0,model,Y,0.0,3,0.392,0.1,1.199,0.861
61,female,150.0,4.43,same,same,1,0,0,model,Y,0.0,1,0.392,0.264,2.299,1.425
61,female,50.0,3.922,different,different,1,0,0,model,Y,0.0,3,0.392,0.141,2.249,0.99
61,female,150.0,7.685,different,different,1,0,0,model,Y,0.0,3,0.392,0.295,5.399,1.448
61,female,100.0,5.124,different,different,1,0,0,model,Y,0.0,3,0.392,0.216,3.149,1.217
61,female,150.0,4.58,different,same,0,0,1,model,Y,0.0,3,0.392,0.193,2.699,1.146
61,female,150.0,7.232,different,same,0,0,1,model,Y,0.0,3,0.392,0.212,4.799,1.679
61,female,100.0,4.369,different,different,1,0,0,model,Y,0.0,3,0.392,0.178,2.549,1.1
61,female,0.0,2.702,different,different,1,0,0,model,Y,0.0,3,0.392,0.1,1.199,0.861
61,female,50.0,3.959,different,same,0,0,1,model,Y,0.0,3,0.392,0.136,1.949,1.332
61,female,50.0,3.811,different,same,0,0,1,model,Y,0.0,3,0.392,0.151,2.099,1.019
61,female,50.0,4.408,different,different,1,0,0,model,Y,0.0,3,0.392,0.15,2.699,1.017
61,female,50.0,4.162,different,same,0,0,1,model,Y,0.0,3,0.392,0.147,2.099,1.375
61,female,100.0,4.675,different,same,0,0,1,model,Y,0.0,3,0.392,0.158,2.549,1.426
61,female,150.0,10.469,different,same,0,0,1,model,Y,0.0,3,0.392,0.239,8.399,1.29
61,female,150.0,3.186,same,same,1,0,0,model,Y,0.0,0,0.392,0.279,1.45,1.064
61,female,0.0,2.702,different,different,1,0,0,model,Y,0.0,3,0.392,0.1,1.199,0.861
61,female,0.0,1.553,same,same,1,0,0,model,Y,0.0,0,0.392,0.1,0.4,0.661
61,female,150.0,5.619,different,same,0,0,1,model,Y,0.0,3,0.392,0.219,3.149,1.71
61,female,0.0,1.553,same,same,1,0,0,model,Y,0.0,0,0.392,0.1,0.4,0.661
61,female,0.0,2.702,different,different,1,0,0,model,Y,0.0,3,0.392,0.1,1.199,0.861
61,female,150.0,4.854,different,different,1,0,0,model,Y,0.0,3,0.392,0.223,2.849,1.24
61,female,0.0,1.553,same,same,1,0,0,model,Y,0.0,0,0.392,0.1,0.4,0.661
61,female,50.0,4.544,different,same,0,0,1,model,Y,0.0,3,0.392,0.147,2.849,1.005
61,female,0.0,1.553,same,same,1,0,0,model,Y,0.0,0,0.392,0.1,0.4,0.661
61,female,0.0,1.553,same,same,1,0,0,model,Y,0.0,0,0.392,0.1,0.4,0.661
61,female,50.0,3.875,different,different,1,0,0,model,Y,0.0,3,0.392,0.165,2.099,1.069
61,female,150.0,5.198,different,different,1,0,0,model,Y,0.0,3,0.392,0.309,2.849,1.498
61,female,0.0,2.702,different,different,1,0,0,model,Y,0.0,3,0.392,0.1,1.199,0.861
61,female,50.0,2.301,same,same,1,0,0,model,Y,0.0,0,0.392,0.146,1.0,0.764
61,female,100.0,6.652,different,different,1,0,0,model,Y,0.0,3,0.392,0.223,4.649,1.238
61,female,150.0,5.141,different,different,1,0,0,model,Y,0.0,3,0.392,0.216,3.449,0.935
61,female,150.0,2.758,same,same,1,0,0,model,Y,0.0,0,0.392,0.24,1.15,0.976
61,female,50.0,3.993,different,same,0,0,1,model,Y,0.0,3,0.392,0.16,2.249,1.042
61,female,150.0,5.305,different,different,1,0,0,model,Y,0.0,3,0.392,0.302,3.599,0.862
61,female,0.0,1.553,same,same,1,0,0,model,Y,0.0,0,0.392,0.1,0.4,0.661
61,female,100.0,5.193,different,different,1,0,0,model,Y,0.0,3,0.392,0.196,3.299,1.156
61,female,150.0,7.81,different,same,0,0,1,model,Y,0.0,3,0.392,0.235,5.249,1.784
61,female,100.0,4.86,different,same,0,0,1,model,Y,0.0,3,0.392,0.225,2.849,1.244
61,female,0.0,1.553,same,same,1,0,0,model,Y,0.0,0,0.392,0.1,0.4,0.661
61,female,150.0,2.894,same,same,1,0,0,model,Y,0.0,0,0.392,0.236,1.3,0.966
61,female,150.0,5.416,different,different,1,0,0,model,Y,0.0,3,0.392,0.289,3.149,1.436
61,female,100.0,3.655,different,same,0,0,1,model,Y,0.0,3,0.392,0.216,2.099,0.798
61,female,0.0,1.553,same,same,1,0,0,model,Y,0.0,0,0.392,0.1,0.4,0.661
61,female,150.0,4.55,different,same,0,0,1,model,Y,0.0,3,0.392,0.299,2.849,0.86
61,female,0.0,2.702,different,different,1,0,0,model,Y,0.0,3,0.392,0.1,1.199,0.861
61,female,150.0,5.176,different,different,1,0,0,model,Y,0.0,3,0.392,0.23,3.149,1.255
61,female,50.0,3.642,different,different,1,0,0,model,Y,0.0,3,0.392,0.145,1.949,1.006
61,female,50.0,3.839,different,different,1,0,0,model,Y,0.0,3,0.392,0.156,2.099,1.042
61,female,100.0,2.564,same,same,1,0,0,model,Y,0.0,0,0.392,0.181,1.15,0.842
61,female,50.0,4.32,same,same,1,0,0,model,Y,0.0,3,0.392,0.163,2.549,1.067
61,female,0.0,2.702,different,different,1,0,0,model,Y,0.0,3,0.392,0.1,1.199,0.861
61,female,100.0,7.859,different,same,0,0,1,model,Y,0.0,3,0.392,0.191,5.549,1.578
61,female,0.0,2.702,different,different,1,0,0,model,Y,0.0,3,0.392,0.1,1.199,0.861
61,female,150.0,4.994,different,different,1,0,0,model,Y,0.0,3,0.392,0.258,2.849,1.344
61,female,50.0,3.94,different,different,1,0,0,model,Y,0.0,3,0.392,0.146,2.249,1.003
61,female,100.0,4.268,different,different,1,0,0,model,Y,0.0,3,0.392,0.223,2.699,0.803
61,female,100.0,4.107,same,same,1,0,0,model,Y,0.0,1,0.392,0.219,1.999,1.446
61,female,50.0,4.454,different,same,0,0,1,model,Y,0.0,3,0.392,0.125,2.849,0.938
61,female,100.0,5.64,different,different,1,0,0,model,Y,0.0,3,0.392,0.196,3.749,1.153
61,female,50.0,3.852,different,different,1,0,0,model,Y,0.0,3,0.392,0.162,2.099,1.05
61,female,0.0,2.702,different,different,1,0,0,model,Y,0.0,3,0.392,0.1,1.199,0.861
61,female,0.0,2.702,different,different,1,0,0,model,Y,0.0,3,0.392,0.1,1.199,0.861
61,female,50.0,4.088,different,same,0,0,1,model,Y,0.0,3,0.392,0.158,1.949,1.438
61,female,150.0,3.429,same,same,1,0,0,model,Y,0.0,0,0.392,0.308,1.6,1.129
61,female,150.0,3.717,same,same,1,0,0,model,Y,0.0,1,0.392,0.251,2.149,0.874
61,female,50.0,3.924,different,same,0,0,1,model,Y,0.0,3,0.392,0.156,1.799,1.427
61,female,50.0,3.226,same,same,1,0,0,model,Y,0.0,1,0.392,0.141,1.549,1.094
61,female,100.0,5.484,different,different,1,0,0,model,Y,0.0,3,0.392,0.194,3.599,1.149
61,female,50.0,2.058,same,same,1,0,0,model,Y,0.0,0,0.392,0.163,0.7,0.803
61,female,150.0,5.061,different,different,1,0,0,model,Y,0.0,3,0.392,0.238,2.999,1.282
61,female,50.0,3.519,same,different,0,1,0,model,Y,0.0,3,0.392,0.154,1.799,1.024
61,female,150.0,6.186,different,different,1,0,0,model,Y,0.0,3,0.392,0.295,3.899,1.45
61,female,150.0,4.879,different,different,1,0,0,model,Y,0.0,3,0.392,0.229,2.849,1.259
61,female,0.0,2.702,different,different,1,0,0,model,Y,0.0,3,0.392,0.1,1.199,0.861
61,female,100.0,4.726,different,same,0,0,1,model,Y,0.0,3,0.392,0.192,2.849,1.144
61,female,150.0,5.157,same,different,0,1,0,model,Y,0.0,3,0.392,0.299,2.849,1.466
61,female,0.0,2.702,different,different,1,0,0,model,Y,0.0,3,0.392,0.1,1.199,0.861
61,female,0.0,2.702,different,different,1,0,0,model,Y,0.0,3,0.392,0.1,1.199,0.861
61,female,100.0,4.143,different,different,1,0,0,model,Y,0.0,3,0.392,0.18,2.549,0.871
61,female,100.0,5.246,different,same,0,0,1,model,Y,0.0,3,0.392,0.206,2.849,1.649
61,female,100.0,5.204,different,different,1,0,0,model,Y,0.0,3,0.392,0.199,3.299,1.164
61,female,150.0,3.927,different,different,1,0,0,model,Y,0.0,3,0.392,0.2,2.399,0.786
61,female,150.0,3.486,same,same,1,0,0,model,Y,0.0,0,0.392,0.233,1.9,0.961
61,female,0.0,1.553,same,same,1,0,0,model,Y,0.0,0,0.392,0.1,0.4,0.661
61,female,0.0,2.702,different,different,1,0,0,model,Y,0.0,3,0.392,0.1,1.199,0.861
61,female,100.0,6.438,different,same,0,0,1,model,Y,0.0,3,0.392,0.17,4.649,1.077
61,female,50.0,3.812,same,different,0,1,0,model,Y,0.0,3,0.392,0.163,2.249,0.858
62,female,0.0,2.462,different,different,1,0,0,model,Y,0.0,3,0.468,0.1,0.821,0.923
62,female,150.0,4.463,different,different,1,0,0,model,Y,0.0,3,0.468,0.261,2.171,1.414
62,female,100.0,2.532,same,same,1,0,0,model,Y,0.0,0,0.468,0.213,0.874,0.977
62,female,100.0,3.753,different,different,1,0,0,model,Y,0.0,3,0.468,0.196,1.721,1.218
62,female,0.0,1.565,same,same,1,0,0,model,Y,0.0,0,0.468,0.1,0.274,0.723
62,female,100.0,2.507,same,same,1,0,0,model,Y,0.0,0,0.468,0.159,1.024,0.857
62,female,0.0,1.565,same,same,1,0,0,model,Y,0.0,0,0.468,0.1,0.274,0.723
62,female,50.0,3.897,different,different,1,0,0,model,Y,0.0,3,0.468,0.159,2.021,1.1
62,female,100.0,4.363,different,different,1,0,0,model,Y,0.0,3,0.468,0.237,2.171,1.337
62,female,100.0,4.47,different,different,1,0,0,model,Y,0.0,3,0.468,0.189,2.471,1.192
62,female,0.0,2.462,different,different,1,0,0,model,Y,0.0,3,0.468,0.1,0.821,0.923
62,female,100.0,4.533,different,different,1,0,0,model,Y,0.0,3,0.468,0.205,2.471,1.239
62,female,50.0,2.128,same,same,1,0,0,model,Y,0.0,0,0.468,0.135,0.724,0.802
62,female,50.0,3.954,different,different,1,0,0,model,Y,0.0,3,0.468,0.135,2.171,1.03
62,female,150.0,4.789,different,different,1,0,0,model,Y,0.0,3,0.468,0.268,2.471,1.432
62,female,100.0,2.556,same,same,1,0,0,model,Y,0.0,0,0.468,0.22,0.874,0.994
62,female,100.0,2.669,same,same,1,0,0,model,Y,0.0,0,0.468,0.209,1.024,0.968
62,female,150.0,2.772,same,same,1,0,0,model,Y,0.0,0,0.468,0.287,0.874,1.144
62,female,150.0,3.066,same,same,1,0,0,model,Y,0.0,0,0.468,0.239,1.324,1.036
62,female,100.0,2.457,same,same,1,0,0,model,Y,0.0,0,0.468,0.19,0.874,0.926
62,female,0.0,1.565,same,same,1,0,0,model,Y,0.0,0,0.468,0.1,0.274,0.723
62,female,150.0,7.787,different,different,1,0,0,model,Y,0.0,3,0.468,0.303,5.321,1.546
62,female,100.0,2.632,same,same,1,0,0,model,Y,0.0,0,0.468,0.151,1.174,0.839
62,female,50.0,4.521,different,different,1,0,0,model,Y,0.0,3,0.468,0.164,2.621,1.119
62,female,150.0,2.479,same,same,1,0,0,model,Y,0.0,0,0.468,0.197,0.874,0.941
62,female,100.0,2.785,same,same,1,0,0,model,Y,0.0,0,0.468,0.245,1.024,1.049
62,female,0.0,2.462,different,different,1,0,0,model,Y,0.0,3,0.468,0.1,0.821,0.923
62,female,100.0,5.266,different,different,1,0,0,model,Y,0.0,3,0.468,0.236,3.071,1.341
62,female,100.0,2.672,same,same,1,0,0,model,Y,0.0,0,0.468,0.21,1.024,0.97
62,female,50.0,4.001,different,different,1,0,0,model,Y,0.0,3,0.468,0.146,2.171,1.066
62,female,50.0,4.353,different,different,1,0,0,model,Y,0.0,3,0.468,0.157,2.471,1.108
62,female,50.0,2.178,same,same,1,0,0,model,Y,0.0,0,0.468,0.15,0.724,0.836
62,female,150.0,4.741,different,different,1,0,0,model,Y,0.0,3,0.468,0.293,2.321,1.509
62,female,150.0,3.823,same,same,1,0,0,model,Y,0.0,0,0.468,0.287,1.924,1.144
62,female,50.0,2.344,same,same,1,0,0,model,Y,0.0,0,0.468,0.155,0.874,0.847
62,female,50.0,3.63,different,different,1,0,0,model,Y,0.0,3,0.468,0.165,1.721,1.126
62,female,50.0,2.181,same,same,1,0,0,model,Y,0.0,0,0.468,0.151,0.724,0.839
62,female,50.0,3.619,different,different,1,0,0,model,Y,0.0,3,0.468,0.163,1.721,1.117
62,female,0.0,2.462,different,different,1,0,0,model,Y,0.0,3,0.468,0.1,0.821,0.923
62,female,50.0,4.228,different,different,1,0,0,model,Y,0.0,3,0.468,0.147,2.471,0.993
62,female,150.0,2.965,same,same,1,0,0,model,Y,0.0,0,0.468,0.208,1.324,0.966
62,female,0.0,1.565,same,same,1,0,0,model,Y,0.0,0,0.468,0.1,0.274,0.723
62,female,150.0,2.602,same,same,1,0,0,model,Y,0.0,0,0.468,0.234,0.874,1.026
62,female,50.0,2.172,same,same,1,0,0,model,Y,0.0,0,0.468,0.149,0.724,0.833
62,female,150.0,4.785,different,different,1,0,0,model,Y,0.0,3,0.468,0.268,2.471,1.429
62,female,0.0,2.462,different,different,1,0,0,model,Y,0.0,3,0.468,0.1,0.821,0.923
62,female,100.0,2.517,same,same,1,0,0,model,Y,0.0,0,0.468,0.162,1.024,0.864
62,female,100.0,4.131,different,different,1,0,0,model,Y,0.0,3,0.468,0.228,2.171,1.115
62,female,50.0,3.95,different,different,1,0,0,model,Y,0.0,3,0.468,0.172,2.021,1.139
62,female,100.0,4.542,different,different,1,0,0,model,Y,0.0,3,0.468,0.206,2.471,1.247
62,female,100.0,2.777,same,same,1,0,0,model,Y,0.0,0,0.468,0.242,1.024,1.044
62,female,50.0,2.133,same,same,1,0,0,model,Y,0.0,0,0.468,0.136,0.724,0.805
62,female,150.0,3.332,same,same,1,0,0,model,Y,0.0,0,0.468,0.321,1.324,1.22
62,female,50.0,2.251,same,same,1,0,0,model,Y,0.0,0,0.468,0.173,0.724,0.887
62,female,150.0,4.57,different,different,1,0,0,model,Y,0.0,3,0.468,0.252,2.321,1.38
62,female,150.0,5.008,different,different,1,0,0,model,Y,0.0,3,0.468,0.247,2.771,1.373
62,female,50.0,2.346,same,same,1,0,0,model,Y,0.0,0,0.468,0.156,0.874,0.849
62,female,150.0,3.019,same,same,1,0,0,model,Y,0.0,0,0.468,0.271,1.174,1.107
62,female,150.0,4.521,different,different,1,0,0,model,Y,0.0,3,0.468,0.239,2.321,1.344
62,female,50.0,3.519,different,different,1,0,0,model,Y,0.0,3,0.468,0.137,1.721,1.043
62,female,100.0,2.55,same,same,1,0,0,model,Y,0.0,0,0.468,0.219,0.874,0.99
62,female,0.0,1.565,same,same,1,0,0,model,Y,0.0,0,0.468,0.1,0.274,0.723
62,female,100.0,4.712,different,different,1,0,0,model,Y,0.0,3,0.468,0.212,2.621,1.261
62,female,0.0,1.565,same,same,1,0,0,model,Y,0.0,0,0.468,0.1,0.274,0.723
62,female,0.0,1.565,same,same,1,0,0,model,Y,0.0,0,0.468,0.1,0.274,0.723
62,female,50.0,3.453,different,different,1,0,0,model,Y,0.0,3,0.468,0.159,1.571,1.106
62,female,0.0,1.565,same,same,1,0,0,model,Y,0.0,0,0.468,0.1,0.274,0.723
62,female,50.0,2.579,same,same,1,0,0,model,Y,0.0,0,0.468,0.135,1.174,0.803
62,female,150.0,4.367,different,different,1,0,0,model,Y,0.0,3,0.468,0.2,2.321,1.228
62,female,50.0,2.192,same,same,1,0,0,model,Y,0.0,0,0.468,0.155,0.724,0.846
62,female,50.0,4.151,different,different,1,0,0,model,Y,0.0,3,0.468,0.147,2.321,1.065
62,female,50.0,2.188,same,same,1,0,0,model,Y,0.0,0,0.468,0.153,0.724,0.843
62,female,100.0,3.006,same,same,1,0,0,model,Y,0.0,0,0.468,0.22,1.324,0.994
62,female,0.0,1.565,same,same,1,0,0,model,Y,0.0,0,0.468,0.1,0.274,0.723
62,female,50.0,4.079,different,different,1,0,0,model,Y,0.0,3,0.468,0.129,2.321,1.011
62,female,100.0,2.479,same,same,1,0,0,model,Y,0.0,0,0.468,0.197,0.874,0.941
62,female,0.0,2.462,different,different,1,0,0,model,Y,0.0,3,0.468,0.1,0.821,0.923
62,female,150.0,6.405,different,different,1,0,0,model,Y,0.0,3,0.468,0.222,4.271,1.295
62,female,0.0,1.565,same,same,1,0,0,model,Y,0.0,0,0.468,0.1,0.274,0.723
62,female,150.0,3.236,same,same,1,0,0,model,Y,0.0,0,0.468,0.291,1.324,1.153
62,female,150.0,5.628,different,different,1,0,0,model,Y,0.0,3,0.468,0.291,3.221,1.499
62,female,50.0,3.11,same,same,1,0,0,model,Y,0.0,1,0.468,0.168,1.297,1.128
62,female,150.0,2.618,same,same,1,0,0,model,Y,0.0,0,0.468,0.193,1.024,0.933
62,female,150.0,3.055,same,same,1,0,0,model,Y,0.0,0,0.468,0.235,1.324,1.028
62,female,50.0,3.695,same,different,0,1,0,model,Y,0.0,3,0.468,0.145,1.871,1.062
62,female,50.0,3.844,different,different,1,0,0,model,Y,0.0,3,0.468,0.145,2.021,1.06
62,female,0.0,1.565,same,same,1,0,0,model,Y,0.0,0,0.468,0.1,0.274,0.723
62,female,100.0,4.0,different,different,1,0,0,model,Y,0.0,3,0.468,0.175,2.171,1.036
62,female,0.0,1.565,same,same,1,0,0,model,Y,0.0,0,0.468,0.1,0.274,0.723
62,female,50.0,2.187,same,same,1,0,0,model,Y,0.0,0,0.468,0.153,0.724,0.843
62,female,150.0,2.84,same,same,1,0,0,model,Y,0.0,0,0.468,0.262,1.024,1.087
62,female,150.0,2.658,same,same,1,0,0,model,Y,0.0,0,0.468,0.206,1.024,0.961
62,female,50.0,2.233,same,same,1,0,0,model,Y,0.0,0,0.468,0.167,0.724,0.874
62,female,0.0,1.565,same,same,1,0,0,model,Y,0.0,0,0.468,0.1,0.274,0.723
62,female,0.0,2.462,different,different,1,0,0,model,Y,0.0,3,0.468,0.1,0.821,0.923
62,female,50.0,2.278,same,same,1,0,0,model,Y,0.0,0,0.468,0.135,0.874,0.802
63,male,100.0,4.419,different,different,1,0,0,model,Y,0.0,3,0.58,0.202,2.313,1.174
63,male,50.0,2.287,same,same,1,0,0,model,Y,0.0,0,0.58,0.173,0.721,0.813
63,male,150.0,3.631,same,same,1,0,0,model,Y,0.0,0,0.58,0.217,1.921,0.912
63,male,0.0,1.6,same,same,1,0,0,model,Y,0.0,0,0.58,0.1,0.271,0.649
63,male,50.0,2.4,same,same,1,0,0,model,Y,0.0,0,0.58,0.162,0.871,0.787
63,male,50.0,4.049,different,different,1,0,0,model,Y,0.0,3,0.58,0.15,2.163,1.005
63,male,50.0,3.412,different,different,1,0,0,model,Y,0.0,3,0.58,0.139,1.563,0.98
63,male,0.0,1.6,same,same,1,0,0,model,Y,0.0,0,0.58,0.1,0.271,0.649
63,male,150.0,6.226,different,different,1,0,0,model,Y,0.0,3,0.58,0.244,3.963,1.288
63,male,100.0,3.365,same,same,1,0,0,model,Y,0.0,1,0.58,0.151,1.592,0.991
63,male,0.0,2.492,different,different,1,0,0,model,Y,0.0,3,0.58,0.1,0.813,0.849
63,male,150.0,6.271,different,different,1,0,0,model,Y,0.0,3,0.58,0.255,3.963,1.322
63,male,50.0,3.21,different,different,1,0,0,model,Y,0.0,3,0.58,0.129,1.413,0.938
63,male,150.0,4.568,different,different,1,0,0,model,Y,0.0,3,0.58,0.277,2.163,1.398
63,male,0.0,1.6,same,same,1,0,0,model,Y,0.0,0,0.58,0.1,0.271,0.649
63,male,150.0,2.756,same,same,1,0,0,model,Y,0.0,0,0.58,0.225,1.021,0.93
63,male,50.0,3.496,different,different,1,0,0,model,Y,0.0,3,0.58,0.159,1.863,0.743
63,male,50.0,3.748,different,different,1,0,0,model,Y,0.0,3,0.58,0.151,1.863,1.003
63,male,150.0,4.764,different,different,1,0,0,model,Y,0.0,3,0.58,0.179,2.763,1.092
63,male,100.0,4.505,different,different,1,0,0,model,Y,0.0,3,0.58,0.187,2.463,1.124
63,male,50.0,2.343,same,same,1,0,0,model,Y,0.0,0,0.58,0.144,0.871,0.748
63,male,100.0,3.118,same,same,1,0,0,model,Y,0.0,0,0.58,0.198,1.471,0.869
63,male,100.0,2.313,same,same,1,0,0,model,Y,0.0,0,0.58,0.181,0.721,0.831
63,male,100.0,3.228,same,same,1,0,0,model,Y,0.0,0,0.58,0.232,1.471,0.945
63,male,150.0,4.23,different,different,1,0,0,model,Y,0.0,3,0.58,0.255,2.163,1.081
63,male,0.0,1.6,same,same,1,0,0,model,Y,0.0,0,0.58,0.1,0.271,0.649
63,male,100.0,4.524,different,different,1,0,0,model,Y,0.0,3,0.58,0.192,2.463,1.138
63,male,0.0,2.492,different,different,1,0,0,model,Y,0.0,3,0.58,0.1,0.813,0.849
63,male,50.0,2.06,same,same,1,0,0,model,Y,0.0,0,0.58,0.149,0.571,0.759
63,male,150.0,4.631,different,different,1,0,0,model,Y,0.0,3,0.58,0.219,2.463,1.218
63,male,50.0,2.063,same,same,1,0,0,model,Y,0.0,0,0.58,0.15,0.571,0.761
63,male,50.0,3.593,same,different,0,1,0,model,Y,0.0,3,0.58,0.148,1.713,1.001
63,male,50.0,3.43,different,different,1,0,0,model,Y,0.0,3,0.58,0.144,1.563,0.993
63,male,0.0,2.492,different,different,1,0,0,model,Y,0.0,3,0.58,0.1,0.813,0.849
63,male,50.0,2.114,same,same,1,0,0,model,Y,0.0,0,0.58,0.166,0.571,0.797
63,male,150.0,3.03,same,same,1,0,0,model,Y,0.0,0,0.58,0.263,1.171,1.015
63,male,0.0,2.492,different,different,1,0,0,model,Y,0.0,3,0.58,0.1,0.813,0.849
63,male,100.0,4.281,different,different,1,0,0,model,Y,0.0,3,0.58,0.242,2.013,1.296
63,male,50.0,3.734,different,different,1,0,0,model,Y,0.0,3,0.58,0.147,1.863,0.994
63,male,100.0,3.726,different,different,1,0,0,model,Y,0.0,3,0.58,0.173,1.863,0.959
63,male,100.0,4.136,different,different,1,0,0,model,Y,0.0,3,0.58,0.17,2.163,1.072
63,male,150.0,3.012,same,same,1,0,0,model,Y,0.0,0,0.58,0.257,1.171,1.003
63,male,100.0,2.488,same,same,1,0,0,model,Y,0.0,0,0.58,0.189,0.871,0.848
63,male,100.0,2.546,same,same,1,0,0,model,Y,0.0,0,0.58,0.206,0.871,0.888
63,male,100.0,4.661,different,different,1,0,0,model,Y,0.0,3,0.58,0.19,2.613,1.127
63,male,100.0,4.148,different,different,1,0,0,model,Y,0.0,3,0.58,0.21,2.013,1.194
63,male,50.0,3.421,different,different,1,0,0,model,Y,0.0,3,0.58,0.145,1.563,0.983
63,male,100.0,2.765,same,same,1,0,0,model,Y,0.0,0,0.58,0.228,1.021,0.936
63,male,150.0,5.094,different,different,1,0,0,model,Y,0.0,3,0.58,0.256,2.763,1.344
63,male,50.0,1.984,same,same,1,0,0,model,Y,0.0,0,0.58,0.126,0.571,0.707
63,male,150.0,6.179,different,different,1,0,0,model,Y,0.0,3,0.58,0.255,4.113,1.081
63,male,50.0,2.014,same,same,1,0,0,model,Y,0.0,0,0.58,0.135,0.571,0.727
63,male,150.0,4.534,different,different,1,0,0,model,Y,0.0,3,0.58,0.257,2.463,1.084
63,male,50.0,2.081,same,same,1,0,0,model,Y,0.0,0,0.58,0.156,0.571,0.774
63,male,150.0,2.937,same,same,1,0,0,model,Y,0.0,0,0.58,0.281,1.021,1.055
63,male,100.0,4.109,different,different,1,0,0,model,Y,0.0,3,0.58,0.2,2.013,1.166
63,male,0.0,2.492,different,different,1,0,0,model,Y,0.0,3,0.58,0.1,0.813,0.849
63,male,100.0,2.536,same,same,1,0,0,model,Y,0.0,0,0.58,0.203,0.871,0.881
63,male,100.0,2.373,same,same,1,0,0,model,Y,0.0,0,0.58,0.199,0.721,0.872
63,male,150.0,2.642,same,same,1,0,0,model,Y,0.0,0,0.58,0.236,0.871,0.955
63,male,100.0,2.447,same,same,1,0,0,model,Y,0.0,0,0.58,0.176,0.871,0.82
63,male,50.0,3.286,different,different,1,0,0,model,Y,0.0,3,0.58,0.147,1.413,0.996
63,male,150.0,2.771,same,same,1,0,0,model,Y,0.0,0,0.58,0.229,1.021,0.94
63,male,0.0,2.492,different,different,1,0,0,model,Y,0.0,3,0.58,0.1,0.813,0.849
63,male,50.0,2.062,same,same,1,0,0,model,Y,0.0,0,0.58,0.15,0.571,0.761
63,male,100.0,4.154,different,different,1,0,0,model,Y,0.0,3,0.58,0.211,2.013,1.2
63,male,50.0,3.724,different,different,1,0,0,model,Y,0.0,3,0.58,0.145,1.863,0.986
63,male,100.0,3.895,same,same,1,0,0,model,Y,0.0,1,0.58,0.2,1.892,1.172
63,male,150.0,4.917,different,different,1,0,0,model,Y,0.0,3,0.58,0.215,2.763,1.209
63,male,100.0,2.356,same,same,1,0,0,model,Y,0.0,0,0.58,0.194,0.721,0.86
63,male,0.0,1.6,same,same,1,0,0,model,Y,0.0,0,0.58,0.1,0.271,0.649
63,male,150.0,4.361,same,same,1,0,0,model,Y,0.0,1,0.58,0.253,1.892,1.586
63,male,0.0,1.6,same,same,1,0,0,model,Y,0.0,0,0.58,0.1,0.271,0.649
63,male,150.0,4.099,different,different,1,0,0,model,Y,0.0,3,0.58,0.263,2.013,1.093
63,male,150.0,3.129,same,same,1,0,0,model,Y,0.0,0,0.58,0.294,1.171,1.084
63,male,150.0,2.921,same,same,1,0,0,model,Y,0.0,0,0.58,0.229,1.171,0.94
63,male,50.0,2.28,same,same,1,0,0,model,Y,0.0,0,0.58,0.171,0.721,0.808
63,male,50.0,3.307,different,different,1,0,0,model,Y,0.0,3,0.58,0.152,1.413,1.012
63,male,50.0,3.768,different,same,0,0,1,model,Y,0.0,3,0.58,0.15,1.863,1.025
63,male,100.0,3.571,same,same,1,0,0,model,Y,0.0,0,0.58,0.199,1.921,0.871
63,male,150.0,3.043,same,same,1,0,0,model,Y,0.0,0,0.58,0.313,1.021,1.128
63,male,0.0,1.6,same,same,1,0,0,model,Y,0.0,0,0.58,0.1,0.271,0.649
63,male,150.0,4.267,same,same,1,0,0,model,Y,0.0,1,0.58,0.183,2.342,1.112
63,male,50.0,3.214,different,different,1,0,0,model,Y,0.0,3,0.58,0.129,1.413,0.941
63,male,100.0,2.359,same,same,1,0,0,model,Y,0.0,0,0.58,0.195,0.721,0.862
63,male,0.0,2.492,different,different,1,0,0,model,Y,0.0,3,0.58,0.1,0.813,0.849
63,male,0.0,1.6,same,same,1,0,0,model,Y,0.0,0,0.58,0.1,0.271,0.649
63,male,150.0,4.098,different,different,1,0,0,model,Y,0.0,3,0.58,0.275,2.163,0.93
63,male,150.0,3.117,same,same,1,0,0,model,Y,0.0,0,0.58,0.29,1.171,1.076
63,male,0.0,2.492,different,different,1,0,0,model,Y,0.0,3,0.58,0.1,0.813,0.849
63,male,50.0,3.563,different,different,1,0,0,model,Y,0.0,3,0.58,0.168,1.713,0.951
63,male,50.0,3.551,different,different,1,0,0,model,Y,0.0,3,0.58,0.138,1.713,0.969
63,male,100.0,3.908,same,different,0,1,0,model,Y,0.0,3,0.58,0.189,1.863,1.125
63,male,50.0,3.391,different,different,1,0,0,model,Y,0.0,3,0.58,0.137,1.563,0.961
63,male,150.0,2.858,same,same,1,0,0,model,Y,0.0,0,0.58,0.21,1.171,0.897
63,male,50.0,3.252,different,different,1,0,0,model,Y,0.0,3,0.58,0.134,1.563,0.824
64,female,50.0,2.078,same,same,1,0,0,model,Y,0.0,0,0.482,0.149,0.621,0.825
64,female,50.0,3.824,different,different,1,0,0,model,Y,0.0,3,0.482,0.172,1.862,1.158
64,female,150.0,6.537,different,different,1,0,0,model,Y,0.0,3,0.482,0.291,4.412,1.202
64,female,100.0,2.603,same,same,1,0,0,model,Y,0.0,0,0.482,0.219,0.921,0.981
64,female,0.0,1.617,same,same,1,0,0,model,Y,0.0,0,0.482,0.1,0.321,0.714
64,female,100.0,5.528,different,different,1,0,0,model,Y,0.0,3,0.482,0.19,3.512,1.194
64,female,0.0,1.617,same,same,1,0,0,model,Y,0.0,0,0.482,0.1,0.321,0.714
64,female,100.0,2.471,same,same,1,0,0,model,Y,0.0,0,0.482,0.224,0.771,0.994
64,female,50.0,3.721,different,different,1,0,0,model,Y,0.0,3,0.482,0.149,1.862,1.078
64,female,150.0,4.493,different,different,1,0,0,model,Y,0.0,3,0.482,0.233,2.312,1.316
64,female,0.0,1.617,same,same,1,0,0,model,Y,0.0,0,0.482,0.1,0.321,0.714
64,female,100.0,2.445,same,same,1,0,0,model,Y,0.0,0,0.482,0.216,0.771,0.976
64,female,50.0,3.429,different,different,1,0,0,model,Y,0.0,3,0.482,0.154,1.562,1.082
64,female,150.0,5.36,different,different,1,0,0,model,Y,0.0,3,0.482,0.296,2.912,1.52
64,female,50.0,2.076,same,same,1,0,0,model,Y,0.0,0,0.482,0.149,0.621,0.824
64,female,0.0,1.617,same,same,1,0,0,model,Y,0.0,0,0.482,0.1,0.321,0.714
64,female,150.0,8.053,different,different,1,0,0,model,Y,0.0,3,0.482,0.238,6.062,1.121
64,female,50.0,3.704,different,different,1,0,0,model,Y,0.0,3,0.482,0.147,1.862,1.062
64,female,0.0,1.617,same,same,1,0,0,model,Y,0.0,0,0.482,0.1,0.321,0.714
64,female,150.0,2.844,same,same,1,0,0,model,Y,0.0,0,0.482,0.293,0.921,1.148
64,female,100.0,3.296,same,same,1,0,0,model,Y,0.0,0,0.482,0.201,1.671,0.942
64,female,150.0,5.798,different,different,1,0,0,model,Y,0.0,3,0.482,0.257,3.512,1.398
64,female,0.0,1.617,same,same,1,0,0,model,Y,0.0,0,0.482,0.1,0.321,0.714
64,female,150.0,4.63,different,different,1,0,0,model,Y,0.0,3,0.482,0.265,2.312,1.421
64,female,50.0,3.505,same,different,0,1,0,model,Y,0.0,3,0.482,0.158,1.712,1.002
64,female,100.0,5.314,different,different,1,0,0,model,Y,0.0,3,0.482,0.222,3.362,1.098
64,female,100.0,3.541,same,same,1,0,0,model,Y,0.0,0,0.482,0.23,1.821,1.008
64,female,50.0,4.098,different,different,1,0,0,model,Y,0.0,3,0.482,0.133,2.312,1.02
64,female,150.0,4.867,different,different,1,0,0,model,Y,0.0,3,0.482,0.284,2.462,1.489
64,female,100.0,2.638,same,same,1,0,0,model,Y,0.0,0,0.482,0.183,1.071,0.902
64,female,150.0,3.091,same,same,1,0,0,model,Y,0.0,0,0.482,0.277,1.221,1.112
64,female,100.0,2.812,same,same,1,0,0,model,Y,0.0,0,0.482,0.237,1.071,1.022
64,female,100.0,2.655,same,same,1,0,0,model,Y,0.0,0,0.482,0.189,1.071,0.914
64,female,100.0,2.535,same,same,1,0,0,model,Y,0.0,0,0.482,0.244,0.771,1.038
64,female,150.0,6.169,different,different,1,0,0,model,Y,0.0,3,0.482,0.277,3.812,1.448
64,female,100.0,4.765,same,different,0,1,0,model,Y,0.0,3,0.482,0.223,2.612,1.298
64,female,100.0,4.15,different,different,1,0,0,model,Y,0.0,3,0.482,0.221,2.012,1.285
64,female,50.0,2.138,same,same,1,0,0,model,Y,0.0,0,0.482,0.168,0.621,0.868
64,female,100.0,4.141,same,different,0,1,0,model,Y,0.0,3,0.482,0.18,2.162,1.167
64,female,50.0,2.269,same,same,1,0,0,model,Y,0.0,0,0.482,0.162,0.771,0.854
64,female,50.0,3.345,different,different,1,0,0,model,Y,0.0,3,0.482,0.132,1.562,1.018
64,female,100.0,2.495,same,same,1,0,0,model,Y,0.0,0,0.482,0.185,0.921,0.906
64,female,150.0,2.813,same,same,1,0,0,model,Y,0.0,0,0.482,0.237,1.071,1.023
64,female,0.0,1.617,same,same,1,0,0,model,Y,0.0,0,0.482,0.1,0.321,0.714
64,female,150.0,4.498,different,different,1,0,0,model,Y,0.0,3,0.482,0.233,2.312,1.321
64,female,0.0,1.617,same,same,1,0,0,model,Y,0.0,0,0.482,0.1,0.321,0.714
64,female,150.0,6.344,different,different,1,0,0,model,Y,0.0,3,0.482,0.205,4.262,1.244
64,female,100.0,2.489,same,same,1,0,0,model,Y,0.0,0,0.482,0.184,0.921,0.902
64,female,50.0,3.399,different,different,1,0,0,model,Y,0.0,3,0.482,0.146,1.562,1.058
64,female,0.0,1.617,same,same,1,0,0,model,Y,0.0,0,0.482,0.1,0.321,0.714
64,female,150.0,4.917,different,different,1,0,0,model,Y,0.0,3,0.482,0.243,2.912,1.129
64,female,150.0,3.213,same,same,1,0,0,model,Y,0.0,0,0.482,0.314,1.221,1.196
64,female,0.0,2.609,different,different,1,0,0,model,Y,0.0,3,0.482,0.1,0.962,0.914
64,female,50.0,2.027,same,same,1,0,0,model,Y,0.0,0,0.482,0.134,0.621,0.79
64,female,100.0,3.678,same,same,1,0,0,model,Y,0.0,1,0.482,0.203,1.691,1.252
64,female,100.0,5.351,different,different,1,0,0,model,Y,0.0,3,0.482,0.22,3.212,1.287
64,female,150.0,2.913,same,same,1,0,0,model,Y,0.0,0,0.482,0.268,1.071,1.092
64,female,0.0,2.609,different,different,1,0,0,model,Y,0.0,3,0.482,0.1,0.962,0.914
64,female,0.0,2.609,different,different,1,0,0,model,Y,0.0,3,0.482,0.1,0.962,0.914
64,female,50.0,3.904,different,different,1,0,0,model,Y,0.0,3,0.482,0.157,2.012,1.103
64,female,100.0,4.173,same,different,0,1,0,model,Y,0.0,3,0.482,0.152,2.312,1.076
64,female,100.0,5.08,different,different,1,0,0,model,Y,0.0,3,0.482,0.19,3.062,1.196
64,female,100.0,4.683,different,different,1,0,0,model,Y,0.0,3,0.482,0.167,2.762,1.122
64,female,100.0,4.555,same,different,0,1,0,model,Y,0.0,3,0.482,0.247,2.312,1.363
64,female,0.0,1.617,same,same,1,0,0,model,Y,0.0,0,0.482,0.1,0.321,0.714
64,female,150.0,4.507,different,different,1,0,0,model,Y,0.0,3,0.482,0.237,2.312,1.326
64,female,0.0,2.609,different,different,1,0,0,model,Y,0.0,3,0.482,0.1,0.962,0.914
64,female,50.0,3.774,different,different,1,0,0,model,Y,0.0,3,0.482,0.128,2.012,1.002
64,female,50.0,3.839,different,different,1,0,0,model,Y,0.0,3,0.482,0.144,2.012,1.051
64,female,100.0,4.398,same,different,0,1,0,model,Y,0.0,3,0.482,0.207,2.312,1.247
64,female,100.0,2.536,same,same,1,0,0,model,Y,0.0,0,0.482,0.198,0.921,0.935
64,female,0.0,2.609,different,different,1,0,0,model,Y,0.0,3,0.482,0.1,0.962,0.914
64,female,150.0,2.677,same,same,1,0,0,model,Y,0.0,0,0.482,0.242,0.921,1.033
64,female,100.0,4.22,different,different,1,0,0,model,Y,0.0,3,0.482,0.204,2.312,1.071
64,female,0.0,2.609,different,different,1,0,0,model,Y,0.0,3,0.482,0.1,0.962,0.914
64,female,50.0,2.12,same,same,1,0,0,model,Y,0.0,0,0.482,0.162,0.621,0.855
64,female,50.0,4.263,same,different,0,1,0,model,Y,0.0,3,0.482,0.137,2.462,1.031
64,female,150.0,3.014,same,same,1,0,0,model,Y,0.0,0,0.482,0.253,1.221,1.058
64,female,100.0,4.363,different,different,1,0,0,model,Y,0.0,3,0.482,0.236,2.162,1.333
64,female,0.0,1.617,same,same,1,0,0,model,Y,0.0,0,0.482,0.1,0.321,0.714
64,female,0.0,2.609,different,different,1,0,0,model,Y,0.0,3,0.482,0.1,0.962,0.914
64,female,0.0,2.609,different,different,1,0,0,model,Y,0.0,3,0.482,0.1,0.962,0.914
64,female,100.0,2.554,same,same,1,0,0,model,Y,0.0,0,0.482,0.25,0.771,1.052
64,female,100.0,4.095,same,different,0,1,0,model,Y,0.0,3,0.482,0.208,2.012,1.243
64,female,50.0,2.072,same,same,1,0,0,model,Y,0.0,0,0.482,0.148,0.621,0.821
64,female,150.0,3.295,same,same,1,0,0,model,Y,0.0,0,0.482,0.201,1.671,0.941
64,female,100.0,2.587,same,same,1,0,0,model,Y,0.0,0,0.482,0.214,0.921,0.97
64,female,100.0,5.565,different,different,1,0,0,model,Y,0.0,3,0.482,0.183,3.812,0.938
64,female,50.0,2.45,same,same,1,0,0,model,Y,0.0,0,0.482,0.172,0.921,0.876
64,female,0.0,1.617,same,same,1,0,0,model,Y,0.0,0,0.482,0.1,0.321,0.714
64,female,100.0,3.926,different,different,1,0,0,model,Y,0.0,3,0.482,0.207,2.012,1.075
64,female,100.0,4.276,different,different,1,0,0,model,Y,0.0,3,0.482,0.178,2.312,1.154
64,female,150.0,2.778,same,same,1,0,0,model,Y,0.0,0,0.482,0.226,1.071,0.999
64,female,100.0,4.351,different,different,1,0,0,model,Y,0.0,3,0.482,0.196,2.312,1.211
64,female,150.0,2.728,same,same,1,0,0,model,Y,0.0,0,0.482,0.211,1.071,0.964
64,female,100.0,2.539,same,same,1,0,0,model,Y,0.0,0,0.482,0.199,0.921,0.937
65,male,0.0,1.558,same,same,1,0,0,model,Y,0.0,0,0.462,0.1,0.323,0.673
65,male,150.0,5.722,different,different,1,0,0,model,Y,0.0,4,0.462,0.235,3.392,1.433
65,male,0.0,1.558,same,same,1,0,0,model,Y,0.0,0,0.462,0.1,0.323,0.673
65,male,100.0,6.864,different,different,1,0,0,model,Y,0.0,4,0.462,0.181,4.742,1.279
65,male,100.0,5.189,different,different,1,0,0,model,Y,0.0,4,0.462,0.225,3.092,1.21
65,male,50.0,4.68,different,different,1,0,0,model,Y,0.0,4,0.462,0.126,2.792,1.101
65,male,50.0,3.942,different,different,1,0,0,model,Y,0.0,4,0.462,0.16,1.892,1.228
65,male,150.0,2.641,same,same,1,0,0,model,Y,0.0,0,0.462,0.249,0.923,1.007
65,male,50.0,3.996,different,different,1,0,0,model,Y,0.0,4,0.462,0.14,2.042,1.152
65,male,150.0,3.022,same,same,1,0,0,model,Y,0.0,0,0.462,0.273,1.223,1.064
65,male,50.0,4.16,different,different,1,0,0,model,Y,0.0,4,0.462,0.142,2.192,1.164
65,male,50.0,4.021,different,different,1,0,0,model,Y,0.0,4,0.462,0.146,2.042,1.171
65,male,100.0,4.87,different,different,1,0,0,model,Y,0.0,4,0.462,0.208,2.642,1.358
65,male,0.0,3.077,different,different,1,0,0,model,Y,0.0,4,0.462,0.1,1.292,1.023
65,male,150.0,6.456,different,different,1,0,0,model,Y,0.0,4,0.462,0.263,3.992,1.54
65,male,0.0,1.558,same,same,1,0,0,model,Y,0.0,0,0.462,0.1,0.323,0.673
65,male,150.0,4.828,different,different,1,0,0,model,Y,0.0,4,0.462,0.2,2.792,1.174
65,male,150.0,7.162,different,different,1,0,0,model,Y,0.0,4,0.462,0.215,4.892,1.393
65,male,0.0,1.558,same,same,1,0,0,model,Y,0.0,0,0.462,0.1,0.323,0.673
65,male,150.0,2.825,same,same,1,0,0,model,Y,0.0,0,0.462,0.259,1.073,1.031
65,male,50.0,4.342,different,different,1,0,0,model,Y,0.0,4,0.462,0.152,2.342,1.186
65,male,0.0,3.077,different,different,1,0,0,model,Y,0.0,4,0.462,0.1,1.292,1.023
65,male,100.0,4.567,different,different,1,0,0,model,Y,0.0,4,0.462,0.17,2.492,1.243
65,male,150.0,5.469,different,different,1,0,0,model,Y,0.0,4,0.462,0.208,3.242,1.357
65,male,50.0,3.801,different,different,1,0,0,model,Y,0.0,4,0.462,0.15,1.892,1.098
65,male,0.0,3.077,different,different,1,0,0,model,Y,0.0,4,0.462,0.1,1.292,1.023
65,male,150.0,2.774,same,same,1,0,0,model,Y,0.0,0,0.462,0.29,0.923,1.1
65,male,0.0,1.558,same,same,1,0,0,model,Y,0.0,0,0.462,0.1,0.323,0.673
65,male,50.0,2.258,same,same,1,0,0,model,Y,0.0,0,0.462,0.131,0.923,0.742
65,male,50.0,2.184,same,same,1,0,0,model,Y,0.0,0,0.462,0.154,0.773,0.795
65,male,50.0,4.067,different,different,1,0,0,model,Y,0.0,4,0.462,0.156,2.042,1.207
65,male,0.0,1.558,same,same,1,0,0,model,Y,0.0,0,0.462,0.1,0.323,0.673
65,male,0.0,3.077,different,different,1,0,0,model,Y,0.0,4,0.462,0.1,1.292,1.023
65,male,0.0,1.558,same,same,1,0,0,model,Y,0.0,0,0.462,0.1,0.323,0.673
65,male,100.0,2.471,same,same,1,0,0,model,Y,0.0,0,0.462,0.196,0.923,0.89
65,male,0.0,3.077,different,different,1,0,0,model,Y,0.0,4,0.462,0.1,1.292,1.023
65,male,0.0,1.558,same,same,1,0,0,model,Y,0.0,0,0.462,0.1,0.323,0.673
65,male,0.0,3.077,different,different,1,0,0,model,Y,0.0,4,0.462,0.1,1.292,1.023
65,male,100.0,2.44,same,same,1,0,0,model,Y,0.0,0,0.462,0.187,0.923,0.869
65,male,0.0,3.077,different,different,1,0,0,model,Y,0.0,4,0.462,0.1,1.292,1.023
65,male,150.0,5.861,different,different,1,0,0,model,Y,0.0,4,0.462,0.228,3.542,1.429
65,male,0.0,1.558,same,same,1,0,0,model,Y,0.0,0,0.462,0.1,0.323,0.673
65,male,100.0,2.555,same,same,1,0,0,model,Y,0.0,0,0.462,0.222,0.923,0.948
65,male,0.0,3.077,different,different,1,0,0,model,Y,0.0,4,0.462,0.1,1.292,1.023
65,male,50.0,4.099,different,different,1,0,0,model,Y,0.0,4,0.462,0.163,2.042,1.232
65,male,50.0,4.472,different,different,1,0,0,model,Y,0.0,4,0.462,0.148,2.492,1.171
65,male,50.0,4.364,different,different,1,0,0,model,Y,0.0,4,0.462,0.158,2.342,1.202
65,male,100.0,4.432,different,different,1,0,0,model,Y,0.0,4,0.462,0.162,2.492,1.116
65,male,150.0,6.042,different,different,1,0,0,model,Y,0.0,4,0.462,0.27,3.542,1.568
65,male,50.0,4.307,different,different,1,0,0,model,Y,0.0,4,0.462,0.141,2.342,1.162
65,male,50.0,4.739,different,different,1,0,0,model,Y,0.0,4,0.462,0.165,2.792,1.12
65,male,50.0,4.041,different,different,1,0,0,model,Y,0.0,4,0.462,0.15,2.042,1.187
65,male,100.0,2.306,same,same,1,0,0,model,Y,0.0,0,0.462,0.192,0.773,0.879
65,male,100.0,2.554,same,same,1,0,0,model,Y,0.0,0,0.462,0.176,1.073,0.843
65,male,100.0,2.557,same,same,1,0,0,model,Y,0.0,0,0.462,0.223,0.923,0.949
65,male,100.0,6.2,different,different,1,0,0,model,Y,0.0,4,0.462,0.165,4.142,1.23
65,male,50.0,2.599,same,same,1,0,0,model,Y,0.0,0,0.462,0.143,1.223,0.77
65,male,50.0,2.023,same,same,1,0,0,model,Y,0.0,0,0.462,0.151,0.623,0.788
65,male,100.0,4.511,different,different,1,0,0,model,Y,0.0,4,0.462,0.156,2.492,1.201
65,male,50.0,2.123,same,same,1,0,0,model,Y,0.0,0,0.462,0.135,0.773,0.753
65,male,0.0,3.077,different,different,1,0,0,model,Y,0.0,4,0.462,0.1,1.292,1.023
65,male,150.0,6.767,different,different,1,0,0,model,Y,0.0,4,0.462,0.229,4.442,1.434
65,male,150.0,3.558,same,same,1,0,0,model,Y,0.0,0,0.462,0.3,1.673,1.124
65,male,150.0,7.452,different,different,1,0,0,model,Y,0.0,4,0.462,0.286,4.892,1.612
65,male,50.0,2.868,same,same,1,0,0,model,Y,0.0,0,0.462,0.134,1.523,0.75
65,male,50.0,4.23,different,different,1,0,0,model,Y,0.0,4,0.462,0.126,2.342,1.101
65,male,150.0,6.615,different,different,1,0,0,model,Y,0.0,4,0.462,0.303,3.992,1.658
65,male,0.0,3.077,different,different,1,0,0,model,Y,0.0,4,0.462,0.1,1.292,1.023
65,male,50.0,2.288,same,same,1,0,0,model,Y,0.0,0,0.462,0.14,0.923,0.763
65,male,150.0,3.061,same,same,1,0,0,model,Y,0.0,0,0.462,0.239,1.373,0.987
65,male,150.0,4.201,same,same,1,0,0,model,Y,0.0,0,0.462,0.267,2.423,1.049
65,male,150.0,2.663,same,same,1,0,0,model,Y,0.0,0,0.462,0.255,0.923,1.023
65,male,100.0,3.26,same,same,1,0,0,model,Y,0.0,0,0.462,0.208,1.673,0.917
65,male,0.0,3.077,different,different,1,0,0,model,Y,0.0,4,0.462,0.1,1.292,1.023
65,male,150.0,2.842,same,same,1,0,0,model,Y,0.0,0,0.462,0.218,1.223,0.939
65,male,150.0,2.761,same,same,1,0,0,model,Y,0.0,0,0.462,0.239,1.073,0.987
65,male,0.0,3.077,different,different,1,0,0,model,Y,0.0,4,0.462,0.1,1.292,1.023
65,male,50.0,5.076,different,different,1,0,0,model,Y,0.0,4,0.462,0.148,3.092,1.174
65,male,100.0,2.41,same,same,1,0,0,model,Y,0.0,0,0.462,0.178,0.923,0.848
65,male,150.0,3.292,same,same,1,0,0,model,Y,0.0,0,0.462,0.31,1.373,1.147
65,male,150.0,7.201,different,different,1,0,0,model,Y,0.0,4,0.462,0.23,4.892,1.417
65,male,150.0,3.63,same,same,1,0,0,model,Y,0.0,0,0.462,0.322,1.673,1.173
65,male,50.0,4.266,different,different,1,0,0,model,Y,0.0,4,0.462,0.165,2.192,1.247
65,male,50.0,2.323,same,same,1,0,0,model,Y,0.0,0,0.462,0.151,0.923,0.787
65,male,50.0,4.0,different,different,1,0,0,model,Y,0.0,4,0.462,0.14,2.042,1.155
65,male,50.0,2.139,same,same,1,0,0,model,Y,0.0,0,0.462,0.14,0.773,0.764
65,male,150.0,4.98,different,different,1,0,0,model,Y,0.0,4,0.462,0.269,2.492,1.558
65,male,150.0,2.714,same,same,1,0,0,model,Y,0.0,0,0.462,0.225,1.073,0.954
65,male,100.0,2.461,same,same,1,0,0,model,Y,0.0,0,0.462,0.193,0.923,0.883
65,male,0.0,1.558,same,same,1,0,0,model,Y,0.0,0,0.462,0.1,0.323,0.673
65,male,50.0,5.013,different,different,1,0,0,model,Y,0.0,4,0.462,0.154,3.092,1.105
65,male,0.0,1.558,same,same,1,0,0,model,Y,0.0,0,0.462,0.1,0.323,0.673
65,male,0.0,3.077,different,different,1,0,0,model,Y,0.0,4,0.462,0.1,1.292,1.023
65,male,150.0,6.42,different,different,1,0,0,model,Y,0.0,4,0.462,0.289,3.842,1.626
65,male,150.0,5.996,different,different,1,0,0,model,Y,0.0,4,0.462,0.261,3.542,1.532
65,male,150.0,3.101,same,same,1,0,0,model,Y,0.0,0,0.462,0.252,1.373,1.015
66,male,50.0,2.531,same,same,1,0,0,model,Y,0.0,0,0.563,0.159,1.069,0.74
66,male,50.0,3.169,different,different,1,0,0,model,Y,0.0,2,0.563,0.153,1.538,0.815
66,male,100.0,4.317,different,different,1,0,0,model,Y,0.0,2,0.563,0.223,2.588,0.843
66,male,50.0,3.089,different,different,1,0,0,model,Y,0.0,2,0.563,0.133,1.538,0.756
66,male,50.0,3.555,same,different,0,1,0,model,Y,0.0,2,0.563,0.158,1.988,0.745
66,male,100.0,4.486,different,different,1,0,0,model,Y,0.0,2,0.563,0.182,2.738,0.903
66,male,100.0,3.61,different,different,1,0,0,model,Y,0.0,2,0.563,0.225,1.688,1.034
66,male,150.0,2.862,same,same,1,0,0,model,Y,0.0,0,0.563,0.215,1.219,0.866
66,male,50.0,2.698,same,same,1,0,0,model,Y,0.0,0,0.563,0.164,1.219,0.752
66,male,100.0,5.136,different,different,1,0,0,model,Y,0.0,2,0.563,0.194,3.338,0.941
66,male,100.0,4.188,different,different,1,0,0,model,Y,0.0,2,0.563,0.182,2.438,0.905
66,male,100.0,3.547,different,different,1,0,0,model,Y,0.0,2,0.563,0.172,1.838,0.874
66,male,0.0,2.059,different,different,1,0,0,model,Y,0.0,2,0.563,0.1,0.638,0.658
66,male,50.0,2.202,same,same,1,0,0,model,Y,0.0,0,0.563,0.15,0.769,0.72
66,male,100.0,3.611,different,different,1,0,0,model,Y,0.0,2,0.563,0.188,1.838,0.922
66,male,0.0,1.59,same,same,1,0,0,model,Y,0.0,0,0.563,0.1,0.319,0.608
66,male,50.0,2.841,same,same,1,0,0,model,Y,0.0,0,0.563,0.162,1.369,0.747
66,male,50.0,2.998,different,different,1,0,0,model,Y,0.0,2,0.563,0.147,1.388,0.8
66,male,50.0,3.277,different,different,1,0,0,model,Y,0.0,2,0.563,0.142,1.688,0.784
66,male,150.0,2.491,same,same,1,0,0,model,Y,0.0,0,0.563,0.193,0.919,0.817
66,male,100.0,5.836,different,different,1,0,0,model,Y,0.0,2,0.563,0.182,4.088,0.904
66,male,50.0,2.031,same,same,1,0,0,model,Y,0.0,0,0.563,0.144,0.619,0.706
66,male,100.0,2.563,same,same,1,0,0,model,Y,0.0,0,0.563,0.215,0.919,0.866
66,male,50.0,3.041,different,different,1,0,0,model,Y,0.0,2,0.563,0.158,1.388,0.832
66,male,50.0,2.398,same,same,1,0,0,model,Y,0.0,0,0.563,0.164,0.919,0.752
66,male,100.0,3.734,same,different,0,1,0,model,Y,0.0,2,0.563,0.17,2.138,0.763
66,male,0.0,1.59,same,same,1,0,0,model,Y,0.0,0,0.563,0.1,0.319,0.608
66,male,150.0,3.689,same,same,1,0,0,model,Y,0.0,0,0.563,0.284,1.819,1.023
66,male,150.0,5.617,same,different,0,1,0,model,Y,0.0,2,0.563,0.24,3.638,1.077
66,male,100.0,3.443,different,different,1,0,0,model,Y,0.0,2,0.563,0.184,1.688,0.908
66,male,50.0,2.812,different,different,1,0,0,model,Y,0.0,2,0.563,0.138,1.238,0.772
66,male,150.0,3.838,different,different,1,0,0,model,Y,0.0,2,0.563,0.245,1.838,1.092
66,male,150.0,6.238,different,different,1,0,0,model,Y,0.0,2,0.563,0.282,4.088,1.204
66,male,50.0,2.344,same,same,1,0,0,model,Y,0.0,0,0.563,0.148,0.919,0.715
66,male,50.0,3.381,different,different,1,0,0,model,Y,0.0,2,0.563,0.168,1.688,0.862
66,male,100.0,4.062,different,different,1,0,0,model,Y,0.0,2,0.563,0.188,2.288,0.923
66,male,50.0,4.203,different,different,1,0,0,model,Y,0.0,2,0.563,0.149,2.588,0.803
66,male,150.0,4.104,different,different,1,0,0,model,Y,0.0,2,0.563,0.199,2.288,0.954
66,male,150.0,3.747,same,same,1,0,0,model,Y,0.0,0,0.563,0.256,1.969,0.959
66,male,0.0,2.059,different,different,1,0,0,model,Y,0.0,2,0.563,0.1,0.638,0.658
66,male,150.0,4.545,same,different,0,1,0,model,Y,0.0,2,0.563,0.234,2.588,1.06
66,male,0.0,2.059,same,different,0,1,0,model,Y,0.0,2,0.563,0.1,0.638,0.658
66,male,50.0,3.519,different,different,1,0,0,model,Y,0.0,2,0.563,0.144,1.988,0.724
66,male,0.0,2.059,different,different,1,0,0,model,Y,0.0,2,0.563,0.1,0.638,0.658
66,male,50.0,2.036,same,same,1,0,0,model,Y,0.0,0,0.563,0.145,0.619,0.709
66,male,150.0,7.435,same,different,0,1,0,model,Y,0.0,2,0.563,0.207,5.588,0.977
66,male,150.0,2.803,same,same,1,0,0,model,Y,0.0,0,0.563,0.243,1.069,0.929
66,male,0.0,1.59,same,same,1,0,0,model,Y,0.0,0,0.563,0.1,0.319,0.608
66,male,150.0,4.703,same,different,0,1,0,model,Y,0.0,2,0.563,0.274,2.588,1.179
66,male,150.0,3.229,same,same,1,0,0,model,Y,0.0,0,0.563,0.281,1.369,1.016
66,male,150.0,5.383,different,different,1,0,0,model,Y,0.0,2,0.563,0.23,3.638,0.853
66,male,0.0,2.059,same,different,0,1,0,model,Y,0.0,2,0.563,0.1,0.638,0.658
66,male,150.0,2.902,same,same,1,0,0,model,Y,0.0,0,0.563,0.227,1.219,0.894
66,male,150.0,3.028,same,same,1,0,0,model,Y,0.0,0,0.563,0.312,1.069,1.084
66,male,100.0,4.332,same,different,0,1,0,model,Y,0.0,2,0.563,0.181,2.588,0.9
66,male,150.0,4.026,same,different,0,1,0,model,Y,0.0,2,0.563,0.254,1.988,1.121
66,male,0.0,1.59,same,same,1,0,0,model,Y,0.0,0,0.563,0.1,0.319,0.608
66,male,50.0,2.187,same,same,1,0,0,model,Y,0.0,0,0.563,0.145,0.769,0.71
66,male,0.0,2.059,different,different,1,0,0,model,Y,0.0,2,0.563,0.1,0.638,0.658
66,male,50.0,3.017,same,different,0,1,0,model,Y,0.0,2,0.563,0.152,1.388,0.814
66,male,150.0,5.578,different,different,1,0,0,model,Y,0.0,2,0.563,0.192,3.788,0.935
66,male,50.0,4.458,same,different,0,1,0,model,Y,0.0,2,0.563,0.137,2.888,0.769
66,male,100.0,3.036,same,same,1,0,0,model,Y,0.0,0,0.563,0.222,1.369,0.882
66,male,150.0,3.622,same,same,1,0,0,model,Y,0.0,0,0.563,0.264,1.819,0.976
66,male,0.0,1.59,same,same,1,0,0,model,Y,0.0,0,0.563,0.1,0.319,0.608
66,male,50.0,3.186,different,different,1,0,0,model,Y,0.0,2,0.563,0.157,1.538,0.829
66,male,150.0,2.647,same,same,1,0,0,model,Y,0.0,0,0.563,0.195,1.069,0.821
66,male,100.0,3.67,different,different,1,0,0,model,Y,0.0,2,0.563,0.203,1.838,0.966
66,male,150.0,4.285,same,different,0,1,0,model,Y,0.0,2,0.563,0.244,2.288,1.09
66,male,50.0,3.173,different,different,1,0,0,model,Y,0.0,2,0.563,0.154,1.538,0.818
66,male,100.0,3.937,different,different,1,0,0,model,Y,0.0,2,0.563,0.232,1.988,1.054
66,male,150.0,5.927,different,different,1,0,0,model,Y,0.0,2,0.563,0.28,3.788,1.196
66,male,0.0,1.59,same,same,1,0,0,model,Y,0.0,0,0.563,0.1,0.319,0.608
66,male,150.0,3.884,same,different,0,1,0,model,Y,0.0,2,0.563,0.29,1.988,0.943
66,male,150.0,4.558,different,different,1,0,0,model,Y,0.0,2,0.563,0.237,2.588,1.07
66,male,0.0,1.59,same,same,1,0,0,model,Y,0.0,0,0.563,0.1,0.319,0.608
66,male,100.0,3.671,different,different,1,0,0,model,Y,0.0,2,0.563,0.203,1.838,0.967
66,male,150.0,4.383,different,different,1,0,0,model,Y,0.0,2,0.563,0.269,2.288,1.164
66,male,50.0,2.083,same,same,1,0,0,model,Y,0.0,0,0.563,0.16,0.619,0.742
66,male,50.0,2.332,same,same,1,0,0,model,Y,0.0,0,0.563,0.144,0.919,0.706
66,male,50.0,3.029,same,different,0,1,0,model,Y,0.0,2,0.563,0.155,1.388,0.823
66,male,50.0,3.255,different,different,1,0,0,model,Y,0.0,2,0.563,0.137,1.688,0.767
66,male,50.0,2.523,same,same,1,0,0,model,Y,0.0,0,0.563,0.157,1.069,0.735
66,male,100.0,4.193,different,different,1,0,0,model,Y,0.0,2,0.563,0.221,2.288,1.021
66,male,150.0,2.758,same,same,1,0,0,model,Y,0.0,0,0.563,0.229,1.069,0.897
66,male,50.0,3.129,same,different,0,1,0,model,Y,0.0,2,0.563,0.142,1.538,0.785
66,male,0.0,2.059,different,different,1,0,0,model,Y,0.0,2,0.563,0.1,0.638,0.658
66,male,100.0,3.383,different,different,1,0,0,model,Y,0.0,2,0.563,0.21,1.688,0.822
66,male,50.0,1.998,same,same,1,0,0,model,Y,0.0,0,0.563,0.133,0.619,0.683
66,male,100.0,5.274,different,different,1,0,0,model,Y,0.0,2,0.563,0.191,3.488,0.932
66,male,50.0,2.467,same,same,1,0,0,model,Y,0.0,0,0.563,0.139,1.069,0.696
66,male,0.0,1.59,same,same,1,0,0,model,Y,0.0,0,0.563,0.1,0.319,0.608
66,male,0.0,1.59,same,same,1,0,0,model,Y,0.0,0,0.563,0.1,0.319,0.608
66,male,100.0,4.714,different,different,1,0,0,model,Y,0.0,2,0.563,0.239,2.738,1.074
66,male,50.0,2.799,different,different,1,0,0,model,Y,0.0,2,0.563,0.135,1.238,0.763
66,male,100.0,3.691,different,different,1,0,0,model,Y,0.0,2,0.563,0.213,1.988,0.827
67,female,100.0,4.441,different,different,1,0,0,model,Y,0.0,2,0.471,0.186,2.725,0.959
67,female,150.0,4.341,different,different,1,0,0,model,Y,0.0,2,0.471,0.199,2.575,0.996
67,female,0.0,1.996,different,different,1,0,0,model,Y,0.0,2,0.471,0.1,0.625,0.7
67,female,50.0,2.807,different,different,1,0,0,model,Y,0.0,2,0.471,0.153,1.225,0.858
67,female,100.0,2.42,same,same,1,0,0,model,Y,0.0,0,0.471,0.188,0.913,0.848
67,female,100.0,5.047,different,different,1,0,0,model,Y,0.0,2,0.471,0.225,3.175,1.075
67,female,50.0,2.878,different,different,1,0,0,model,Y,0.0,2,0.471,0.133,1.375,0.799
67,female,150.0,2.873,same,same,1,0,0,model,Y,0.0,0,0.471,0.235,1.213,0.954
67,female,100.0,2.901,same,same,1,0,0,model,Y,0.0,0,0.471,0.244,1.213,0.974
67,female,50.0,2.171,same,same,1,0,0,model,Y,0.0,0,0.471,0.158,0.763,0.78
67,female,100.0,2.3,same,same,1,0,0,model,Y,0.0,0,0.471,0.197,0.763,0.869
67,female,50.0,2.813,different,different,1,0,0,model,Y,0.0,2,0.471,0.154,1.225,0.862
67,female,50.0,3.113,different,different,1,0,0,model,Y,0.0,2,0.471,0.154,1.525,0.863
67,female,0.0,1.996,different,different,1,0,0,model,Y,0.0,2,0.471,0.1,0.625,0.7
67,female,0.0,1.533,same,same,1,0,0,model,Y,0.0,0,0.471,0.1,0.313,0.65
67,female,0.0,1.533,same,same,1,0,0,model,Y,0.0,0,0.471,0.1,0.313,0.65
67,female,50.0,3.007,different,different,1,0,0,model,Y,0.0,2,0.471,0.144,1.525,0.766
67,female,0.0,1.533,same,same,1,0,0,model,Y,0.0,0,0.471,0.1,0.313,0.65
67,female,50.0,3.061,different,different,1,0,0,model,Y,0.0,2,0.471,0.141,1.525,0.823
67,female,150.0,3.159,same,same,1,0,0,model,Y,0.0,0,0.471,0.277,1.363,1.048
67,female,150.0,2.761,same,same,1,0,0,model,Y,0.0,0,0.471,0.247,1.063,0.981
67,female,50.0,2.698,different,different,1,0,0,model,Y,0.0,2,0.471,0.126,1.225,0.777
67,female,0.0,1.533,same,same,1,0,0,model,Y,0.0,0,0.471,0.1,0.313,0.65
67,female,100.0,4.452,different,different,1,0,0,model,Y,0.0,2,0.471,0.227,2.575,1.08
67,female,0.0,1.533,same,same,1,0,0,model,Y,0.0,0,0.471,0.1,0.313,0.65
67,female,50.0,2.861,different,different,1,0,0,model,Y,0.0,2,0.471,0.146,1.375,0.769
67,female,0.0,1.996,different,different,1,0,0,model,Y,0.0,2,0.471,0.1,0.625,0.7
67,female,50.0,2.103,same,same,1,0,0,model,Y,0.0,0,0.471,0.137,0.763,0.733
67,female,50.0,3.49,different,different,1,0,0,model,Y,0.0,2,0.471,0.136,1.975,0.808
67,female,100.0,5.2,different,different,1,0,0,model,Y,0.0,2,0.471,0.189,3.475,0.966
67,female,0.0,1.996,different,different,1,0,0,model,Y,0.0,2,0.471,0.1,0.625,0.7
67,female,150.0,5.441,same,different,0,1,0,model,Y,0.0,2,0.471,0.211,3.625,1.034
67,female,0.0,1.533,same,same,1,0,0,model,Y,0.0,0,0.471,0.1,0.313,0.65
67,female,100.0,2.308,same,same,1,0,0,model,Y,0.0,0,0.471,0.2,0.763,0.875
67,female,0.0,1.996,different,different,1,0,0,model,Y,0.0,2,0.471,0.1,0.625,0.7
67,female,0.0,1.996,different,different,1,0,0,model,Y,0.0,2,0.471,0.1,0.625,0.7
67,female,100.0,3.07,same,same,1,0,0,model,Y,0.0,0,0.471,0.204,1.513,0.883
67,female,0.0,1.533,same,same,1,0,0,model,Y,0.0,0,0.471,0.1,0.313,0.65
67,female,50.0,3.172,different,different,1,0,0,model,Y,0.0,2,0.471,0.169,1.525,0.907
67,female,50.0,2.469,same,same,1,0,0,model,Y,0.0,0,0.471,0.157,1.063,0.778
67,female,150.0,4.78,different,different,1,0,0,model,Y,0.0,2,0.471,0.309,2.575,1.326
67,female,50.0,2.258,same,same,1,0,0,model,Y,0.0,0,0.471,0.138,0.913,0.736
67,female,0.0,1.996,different,different,1,0,0,model,Y,0.0,2,0.471,0.1,0.625,0.7
67,female,100.0,5.321,different,different,1,0,0,model,Y,0.0,2,0.471,0.181,3.625,0.944
67,female,150.0,8.948,different,different,1,0,0,model,Y,0.0,2,0.471,0.301,6.775,1.301
67,female,100.0,3.838,different,different,1,0,0,model,Y,0.0,2,0.471,0.223,1.975,1.069
67,female,150.0,7.51,different,different,1,0,0,model,Y,0.0,2,0.471,0.241,5.575,1.123
67,female,100.0,3.49,different,different,1,0,0,model,Y,0.0,2,0.471,0.218,1.825,0.876
67,female,50.0,1.99,same,same,1,0,0,model,Y,0.0,0,0.471,0.148,0.613,0.758
67,female,50.0,1.98,same,same,1,0,0,model,Y,0.0,0,0.471,0.145,0.613,0.751
67,female,150.0,3.33,same,same,1,0,0,model,Y,0.0,0,0.471,0.284,1.513,1.063
67,female,100.0,2.567,same,same,1,0,0,model,Y,0.0,0,0.471,0.233,0.913,0.95
67,female,100.0,3.192,same,same,1,0,0,model,Y,0.0,0,0.471,0.195,1.663,0.864
67,female,0.0,1.533,same,same,1,0,0,model,Y,0.0,0,0.471,0.1,0.313,0.65
67,female,100.0,3.327,same,different,0,1,0,model,Y,0.0,2,0.471,0.208,1.525,1.024
67,female,0.0,1.996,different,different,1,0,0,model,Y,0.0,2,0.471,0.1,0.625,0.7
67,female,150.0,6.119,same,different,0,1,0,model,Y,0.0,2,0.471,0.268,4.075,1.204
67,female,50.0,3.557,different,different,1,0,0,model,Y,0.0,2,0.471,0.153,1.975,0.859
67,female,150.0,3.878,same,same,1,0,0,model,Y,0.0,0,0.471,0.268,2.113,1.027
67,female,150.0,3.566,same,same,1,0,0,model,Y,0.0,0,0.471,0.264,1.813,1.019
67,female,0.0,1.533,same,same,1,0,0,model,Y,0.0,0,0.471,0.1,0.313,0.65
67,female,50.0,3.146,different,different,1,0,0,model,Y,0.0,2,0.471,0.162,1.525,0.887
67,female,0.0,1.533,same,same,1,0,0,model,Y,0.0,0,0.471,0.1,0.313,0.65
67,female,50.0,2.125,same,same,1,0,0,model,Y,0.0,0,0.471,0.144,0.763,0.748
67,female,100.0,2.648,same,same,1,0,0,model,Y,0.0,0,0.471,0.212,1.063,0.903
67,female,50.0,1.933,same,same,1,0,0,model,Y,0.0,0,0.471,0.131,0.613,0.719
67,female,50.0,3.073,same,different,0,1,0,model,Y,0.0,2,0.471,0.144,1.525,0.833
67,female,50.0,2.132,same,same,1,0,0,model,Y,0.0,0,0.471,0.146,0.763,0.753
67,female,100.0,2.975,same,same,1,0,0,model,Y,0.0,0,0.471,0.221,1.363,0.921
67,female,100.0,3.648,different,different,1,0,0,model,Y,0.0,2,0.471,0.176,1.975,0.927
67,female,100.0,2.676,same,same,1,0,0,model,Y,0.0,0,0.471,0.221,1.063,0.921
67,female,150.0,5.575,different,different,1,0,0,model,Y,0.0,2,0.471,0.207,3.775,1.022
67,female,150.0,4.434,same,different,0,1,0,model,Y,0.0,2,0.471,0.295,2.575,0.993
67,female,50.0,3.213,different,different,1,0,0,model,Y,0.0,2,0.471,0.167,1.675,0.8
67,female,0.0,1.533,same,same,1,0,0,model,Y,0.0,0,0.471,0.1,0.313,0.65
67,female,150.0,5.701,different,different,1,0,0,model,Y,0.0,2,0.471,0.314,3.475,1.341
67,female,100.0,2.396,same,same,1,0,0,model,Y,0.0,0,0.471,0.227,0.763,0.935
67,female,0.0,1.996,different,different,1,0,0,model,Y,0.0,2,0.471,0.1,0.625,0.7
67,female,150.0,3.052,same,same,1,0,0,model,Y,0.0,0,0.471,0.29,1.213,1.078
67,female,100.0,2.571,same,same,1,0,0,model,Y,0.0,0,0.471,0.189,1.063,0.849
67,female,100.0,2.566,same,same,1,0,0,model,Y,0.0,0,0.471,0.187,1.063,0.846
67,female,50.0,2.066,same,same,1,0,0,model,Y,0.0,0,0.471,0.172,0.613,0.811
67,female,100.0,2.299,same,same,1,0,0,model,Y,0.0,0,0.471,0.197,0.763,0.868
67,female,50.0,2.785,same,different,0,1,0,model,Y,0.0,2,0.471,0.147,1.225,0.842
67,female,0.0,1.533,same,same,1,0,0,model,Y,0.0,0,0.471,0.1,0.313,0.65
67,female,50.0,2.939,different,different,1,0,0,model,Y,0.0,2,0.471,0.148,1.375,0.845
67,female,50.0,2.347,same,same,1,0,0,model,Y,0.0,0,0.471,0.166,0.913,0.798
67,female,150.0,3.85,different,different,1,0,0,model,Y,0.0,2,0.471,0.182,2.275,0.822
67,female,100.0,2.552,same,same,1,0,0,model,Y,0.0,0,0.471,0.183,1.063,0.836
67,female,0.0,1.996,different,different,1,0,0,model,Y,0.0,2,0.471,0.1,0.625,0.7
67,female,0.0,1.533,same,same,1,0,0,model,Y,0.0,0,0.471,0.1,0.313,0.65
67,female,0.0,1.996,same,different,0,1,0,model,Y,0.0,2,0.471,0.1,0.625,0.7
67,female,0.0,1.533,same,same,1,0,0,model,Y,0.0,0,0.471,0.1,0.313,0.65
67,female,100.0,2.413,same,same,1,0,0,model,Y,0.0,0,0.471,0.186,0.913,0.844
67,female,150.0,2.965,same,same,1,0,0,model,Y,0.0,0,0.471,0.31,1.063,1.122
67,female,100.0,3.36,different,different,1,0,0,model,Y,0.0,2,0.471,0.226,1.675,0.888
68,male,100.0,2.696,same,same,1,0,0,model,Y,0.0,0,0.464,0.202,1.168,0.863
68,male,0.0,1.466,same,same,1,0,0,model,Y,0.0,0,0.464,0.1,0.268,0.634
68,male,50.0,2.92,different,different,1,0,0,model,Y,0.0,2,0.464,0.149,1.586,0.621
68,male,0.0,1.466,same,same,1,0,0,model,Y,0.0,0,0.464,0.1,0.268,0.634
68,male,0.0,1.466,same,same,1,0,0,model,Y,0.0,0,0.464,0.1,0.268,0.634
68,male,50.0,2.865,different,different,1,0,0,model,Y,0.0,2,0.464,0.158,1.286,0.857
68,male,50.0,3.087,different,same,0,0,1,model,Y,0.0,2,0.464,0.138,1.586,0.799
68,male,50.0,2.686,same,different,0,1,0,model,Y,0.0,2,0.464,0.151,1.136,0.836
68,male,100.0,3.626,different,same,0,0,1,model,Y,0.0,2,0.464,0.198,1.886,0.978
68,male,50.0,2.903,same,same,1,0,0,model,Y,0.0,1,0.464,0.146,1.286,0.957
68,male,150.0,5.067,different,same,0,0,1,model,Y,0.0,2,0.464,0.221,3.236,1.047
68,male,100.0,2.437,same,same,1,0,0,model,Y,0.0,0,0.464,0.214,0.868,0.891
68,male,150.0,4.182,same,different,0,1,0,model,Y,0.0,2,0.464,0.262,2.186,1.17
68,male,100.0,5.485,different,same,0,0,1,model,Y,0.0,2,0.464,0.175,3.836,0.91
68,male,0.0,1.884,different,different,1,0,0,model,Y,0.0,2,0.464,0.1,0.536,0.684
68,male,0.0,1.884,different,different,1,0,0,model,Y,0.0,2,0.464,0.1,0.536,0.684
68,male,150.0,2.592,same,same,1,0,0,model,Y,0.0,0,0.464,0.262,0.868,0.998
68,male,50.0,2.067,same,same,1,0,0,model,Y,0.0,0,0.464,0.147,0.718,0.739
68,male,0.0,1.466,same,same,1,0,0,model,Y,0.0,0,0.464,0.1,0.268,0.634
68,male,150.0,4.358,different,different,1,0,0,model,Y,0.0,2,0.464,0.268,2.336,1.19
68,male,100.0,3.935,same,different,0,1,0,model,Y,0.0,2,0.464,0.2,2.186,0.985
68,male,150.0,4.573,different,different,1,0,0,model,Y,0.0,2,0.464,0.21,2.786,1.014
68,male,50.0,2.93,same,same,1,0,0,model,Y,0.0,1,0.464,0.152,1.286,0.979
68,male,0.0,1.884,different,different,1,0,0,model,Y,0.0,2,0.464,0.1,0.536,0.684
68,male,100.0,2.105,same,same,1,0,0,model,Y,0.0,0,0.464,0.158,0.718,0.765
68,male,50.0,2.731,same,same,1,0,0,model,Y,0.0,1,0.464,0.155,1.286,0.776
68,male,50.0,2.674,different,different,1,0,0,model,Y,0.0,2,0.464,0.147,1.136,0.827
68,male,0.0,1.884,different,different,1,0,0,model,Y,0.0,2,0.464,0.1,0.536,0.684
68,male,50.0,2.728,different,different,1,0,0,model,Y,0.0,2,0.464,0.161,1.136,0.868
68,male,50.0,2.107,same,same,1,0,0,model,Y,0.0,0,0.464,0.159,0.718,0.767
68,male,0.0,1.884,different,different,1,0,0,model,Y,0.0,2,0.464,0.1,0.536,0.684
68,male,100.0,3.364,same,different,0,1,0,model,Y,0.0,2,0.464,0.207,1.586,1.007
68,male,0.0,1.884,different,different,1,0,0,model,Y,0.0,2,0.464,0.1,0.536,0.684
68,male,100.0,2.353,same,same,1,0,0,model,Y,0.0,0,0.464,0.234,0.718,0.937
68,male,150.0,7.029,different,same,0,0,1,model,Y,0.0,2,0.464,0.261,5.036,1.168
68,male,100.0,3.61,different,different,1,0,0,model,Y,0.0,2,0.464,0.194,1.886,0.967
68,male,150.0,2.637,same,same,1,0,0,model,Y,0.0,0,0.464,0.229,1.018,0.926
68,male,150.0,4.384,different,different,1,0,0,model,Y,0.0,2,0.464,0.237,2.486,1.096
68,male,0.0,1.884,different,different,1,0,0,model,Y,0.0,2,0.464,0.1,0.536,0.684
68,male,0.0,1.466,same,same,1,0,0,model,Y,0.0,0,0.464,0.1,0.268,0.634
68,male,100.0,3.384,different,different,1,0,0,model,Y,0.0,2,0.464,0.212,1.586,1.022
68,male,150.0,3.733,different,different,1,0,0,model,Y,0.0,2,0.464,0.225,1.886,1.059
68,male,150.0,2.747,same,same,1,0,0,model,Y,0.0,0,0.464,0.263,1.018,1.002
68,male,50.0,2.997,different,different,1,0,0,model,Y,0.0,2,0.464,0.153,1.436,0.844
68,male,0.0,1.884,different,different,1,0,0,model,Y,0.0,2,0.464,0.1,0.536,0.684
68,male,0.0,1.466,same,same,1,0,0,model,Y,0.0,0,0.464,0.1,0.268,0.634
68,male,50.0,2.114,same,same,1,0,0,model,Y,0.0,0,0.464,0.161,0.718,0.771
68,male,50.0,2.651,same,different,0,1,0,model,Y,0.0,2,0.464,0.167,1.136,0.785
68,male,100.0,2.446,same,same,1,0,0,model,Y,0.0,0,0.464,0.217,0.868,0.897
68,male,100.0,3.872,same,same,1,0,0,model,Y,0.0,1,0.464,0.224,1.886,1.249
68,male,50.0,2.689,different,different,1,0,0,model,Y,0.0,2,0.464,0.16,1.286,0.68
68,male,150.0,3.05,same,same,1,0,0,model,Y,0.0,0,0.464,0.264,1.318,1.004
68,male,0.0,1.466,same,same,1,0,0,model,Y,0.0,0,0.464,0.1,0.268,0.634
68,male,150.0,3.727,different,different,1,0,0,model,Y,0.0,2,0.464,0.261,1.736,1.167
68,male,150.0,4.394,different,different,1,0,0,model,Y,0.0,2,0.464,0.24,2.486,1.104
68,male,0.0,1.884,different,different,1,0,0,model,Y,0.0,2,0.464,0.1,0.536,0.684
68,male,100.0,6.383,different,same,0,0,1,model,Y,0.0,2,0.464,0.212,4.586,1.021
68,male,50.0,2.882,different,different,1,0,0,model,Y,0.0,2,0.464,0.162,1.286,0.87
68,male,150.0,4.7,same,same,1,0,0,model,Y,0.0,1,0.464,0.24,2.636,1.31
68,male,0.0,1.884,different,different,1,0,0,model,Y,0.0,2,0.464,0.1,0.536,0.684
68,male,0.0,1.884,different,different,1,0,0,model,Y,0.0,2,0.464,0.1,0.536,0.684
68,male,0.0,1.466,same,same,1,0,0,model,Y,0.0,0,0.464,0.1,0.268,0.634
68,male,0.0,1.884,different,different,1,0,0,model,Y,0.0,2,0.464,0.1,0.536,0.684
68,male,50.0,1.924,same,same,1,0,0,model,Y,0.0,0,0.464,0.148,0.568,0.744
68,male,0.0,1.466,same,same,1,0,0,model,Y,0.0,0,0.464,0.1,0.268,0.634
68,male,0.0,1.466,same,same,1,0,0,model,Y,0.0,0,0.464,0.1,0.268,0.634
68,male,100.0,4.356,different,different,1,0,0,model,Y,0.0,2,0.464,0.193,2.636,0.963
68,male,0.0,1.884,different,different,1,0,0,model,Y,0.0,2,0.464,0.1,0.536,0.684
68,male,100.0,4.281,different,different,1,0,0,model,Y,0.0,2,0.464,0.212,2.486,1.02
68,male,100.0,6.542,different,different,1,0,0,model,Y,0.0,2,0.464,0.214,4.736,1.028
68,male,0.0,1.884,same,different,0,1,0,model,Y,0.0,2,0.464,0.1,0.536,0.684
68,male,150.0,2.925,same,same,1,0,0,model,Y,0.0,0,0.464,0.272,1.168,1.022
68,male,150.0,3.688,different,same,0,0,1,model,Y,0.0,2,0.464,0.245,2.186,0.693
68,male,150.0,4.245,different,different,1,0,0,model,Y,0.0,2,0.464,0.278,2.636,0.768
68,male,0.0,1.884,different,different,1,0,0,model,Y,0.0,2,0.464,0.1,0.536,0.684
68,male,100.0,3.498,different,different,1,0,0,model,Y,0.0,2,0.464,0.166,1.886,0.882
68,male,150.0,3.023,same,same,1,0,0,model,Y,0.0,0,0.464,0.256,1.318,0.985
68,male,0.0,1.884,different,different,1,0,0,model,Y,0.0,2,0.464,0.1,0.536,0.684
68,male,0.0,1.884,different,different,1,0,0,model,Y,0.0,2,0.464,0.1,0.536,0.684
68,male,150.0,4.513,different,different,1,0,0,model,Y,0.0,2,0.464,0.232,2.636,1.081
68,male,50.0,2.872,same,same,1,0,0,model,Y,0.0,1,0.464,0.14,1.286,0.933
68,male,100.0,2.423,same,same,1,0,0,model,Y,0.0,0,0.464,0.21,0.868,0.882
68,male,0.0,1.466,same,same,1,0,0,model,Y,0.0,0,0.464,0.1,0.268,0.634
68,male,50.0,2.957,different,different,1,0,0,model,Y,0.0,2,0.464,0.143,1.436,0.814
68,male,100.0,2.366,same,same,1,0,0,model,Y,0.0,0,0.464,0.239,0.718,0.946
68,male,100.0,7.274,different,same,0,0,1,model,Y,0.0,2,0.464,0.198,5.186,1.326
68,male,150.0,2.884,same,same,1,0,0,model,Y,0.0,0,0.464,0.306,1.018,1.097
68,male,0.0,1.466,same,same,1,0,0,model,Y,0.0,0,0.464,0.1,0.268,0.634
68,male,0.0,1.884,different,different,1,0,0,model,Y,0.0,2,0.464,0.1,0.536,0.684
68,male,150.0,6.087,different,different,1,0,0,model,Y,0.0,2,0.464,0.251,4.136,1.136
68,male,100.0,2.553,same,same,1,0,0,model,Y,0.0,0,0.464,0.204,1.018,0.868
68,male,50.0,3.679,different,same,0,0,1,model,Y,0.0,2,0.464,0.145,1.886,1.085
68,male,50.0,2.898,different,different,1,0,0,model,Y,0.0,2,0.464,0.166,1.286,0.883
68,male,0.0,1.466,same,same,1,0,0,model,Y,0.0,0,0.464,0.1,0.268,0.634
68,male,100.0,3.498,different,different,1,0,0,model,Y,0.0,2,0.464,0.166,1.886,0.882
68,male,100.0,2.139,same,same,1,0,0,model,Y,0.0,0,0.464,0.169,0.718,0.789
69,male,50.0,2.204,same,same,1,0,0,model,Y,0.0,0,0.464,0.135,0.863,0.742
69,male,0.0,1.491,same,same,1,0,0,model,Y,0.0,0,0.464,0.1,0.263,0.663
69,male,0.0,1.491,same,same,1,0,0,model,Y,0.0,0,0.464,0.1,0.263,0.663
69,male,150.0,4.056,different,different,1,0,0,model,Y,0.0,2,0.464,0.226,2.176,1.09
69,male,100.0,3.703,same,different,0,1,0,model,Y,0.0,2,0.464,0.16,2.176,0.803
69,male,100.0,2.602,same,same,1,0,0,model,Y,0.0,0,0.464,0.165,1.163,0.809
69,male,150.0,2.978,same,same,1,0,0,model,Y,0.0,0,0.464,0.281,1.163,1.07
69,male,50.0,2.718,different,different,1,0,0,model,Y,0.0,2,0.464,0.154,1.126,0.874
69,male,50.0,1.918,same,same,1,0,0,model,Y,0.0,0,0.464,0.139,0.563,0.751
69,male,150.0,2.877,same,same,1,0,0,model,Y,0.0,0,0.464,0.296,1.013,1.104
69,male,100.0,2.384,same,same,1,0,0,model,Y,0.0,0,0.464,0.236,0.713,0.97
69,male,50.0,2.823,same,different,0,1,0,model,Y,0.0,2,0.464,0.142,1.276,0.84
69,male,150.0,3.602,different,different,1,0,0,model,Y,0.0,2,0.464,0.187,1.876,0.974
69,male,150.0,5.11,different,different,1,0,0,model,Y,0.0,2,0.464,0.227,3.226,1.093
69,male,150.0,6.116,different,different,1,0,0,model,Y,0.0,2,0.464,0.253,4.126,1.172
69,male,150.0,2.746,same,same,1,0,0,model,Y,0.0,0,0.464,0.255,1.013,1.013
69,male,0.0,1.491,same,same,1,0,0,model,Y,0.0,0,0.464,0.1,0.263,0.663
69,male,0.0,1.491,same,same,1,0,0,model,Y,0.0,0,0.464,0.1,0.263,0.663
69,male,0.0,1.904,same,different,0,1,0,model,Y,0.0,2,0.464,0.1,0.526,0.713
69,male,50.0,2.058,same,same,1,0,0,model,Y,0.0,0,0.464,0.136,0.713,0.744
69,male,0.0,1.491,same,same,1,0,0,model,Y,0.0,0,0.464,0.1,0.263,0.663
69,male,100.0,2.419,same,same,1,0,0,model,Y,0.0,0,0.464,0.201,0.863,0.891
69,male,100.0,2.347,same,same,1,0,0,model,Y,0.0,0,0.464,0.225,0.713,0.944
69,male,100.0,3.702,different,different,1,0,0,model,Y,0.0,2,0.464,0.175,2.026,0.937
69,male,50.0,2.036,same,same,1,0,0,model,Y,0.0,0,0.464,0.129,0.713,0.729
69,male,100.0,2.541,same,same,1,0,0,model,Y,0.0,0,0.464,0.192,1.013,0.871
69,male,50.0,2.032,same,same,1,0,0,model,Y,0.0,0,0.464,0.174,0.563,0.83
69,male,100.0,2.445,same,same,1,0,0,model,Y,0.0,0,0.464,0.163,1.013,0.805
69,male,100.0,2.252,same,same,1,0,0,model,Y,0.0,0,0.464,0.196,0.713,0.879
69,male,100.0,3.71,same,different,0,1,0,model,Y,0.0,2,0.464,0.214,1.876,1.056
69,male,0.0,1.904,different,different,1,0,0,model,Y,0.0,2,0.464,0.1,0.526,0.713
69,male,100.0,3.888,different,different,1,0,0,model,Y,0.0,2,0.464,0.183,2.176,0.964
69,male,150.0,2.665,same,same,1,0,0,model,Y,0.0,0,0.464,0.231,1.013,0.957
69,male,150.0,3.805,different,different,1,0,0,model,Y,0.0,2,0.464,0.238,1.876,1.127
69,male,50.0,2.857,same,different,0,1,0,model,Y,0.0,2,0.464,0.151,1.276,0.866
69,male,0.0,1.491,same,same,1,0,0,model,Y,0.0,0,0.464,0.1,0.263,0.663
69,male,0.0,1.904,different,different,1,0,0,model,Y,0.0,2,0.464,0.1,0.526,0.713
69,male,150.0,4.146,same,different,0,1,0,model,Y,0.0,2,0.464,0.248,2.176,1.157
69,male,100.0,3.266,different,different,1,0,0,model,Y,0.0,2,0.464,0.178,1.576,0.948
69,male,150.0,4.736,different,different,1,0,0,model,Y,0.0,2,0.464,0.273,2.926,0.973
69,male,100.0,2.782,same,same,1,0,0,model,Y,0.0,0,0.464,0.22,1.163,0.934
69,male,100.0,2.167,same,same,1,0,0,model,Y,0.0,0,0.464,0.17,0.713,0.82
69,male,50.0,2.903,same,different,0,1,0,model,Y,0.0,2,0.464,0.14,1.426,0.773
69,male,0.0,1.904,different,different,1,0,0,model,Y,0.0,2,0.464,0.1,0.526,0.713
69,male,100.0,3.844,different,different,1,0,0,model,Y,0.0,2,0.464,0.21,2.026,1.044
69,male,150.0,2.886,same,same,1,0,0,model,Y,0.0,0,0.464,0.252,1.163,1.006
69,male,150.0,2.967,same,same,1,0,0,model,Y,0.0,0,0.464,0.231,1.313,0.958
69,male,0.0,1.491,same,same,1,0,0,model,Y,0.0,0,0.464,0.1,0.263,0.663
69,male,100.0,4.062,different,different,1,0,0,model,Y,0.0,2,0.464,0.19,2.326,0.982
69,male,100.0,2.401,same,same,1,0,0,model,Y,0.0,0,0.464,0.196,0.863,0.878
69,male,0.0,1.904,different,different,1,0,0,model,Y,0.0,2,0.464,0.1,0.526,0.713
69,male,0.0,1.491,same,same,1,0,0,model,Y,0.0,0,0.464,0.1,0.263,0.663
69,male,100.0,2.299,same,same,1,0,0,model,Y,0.0,0,0.464,0.21,0.713,0.911
69,male,50.0,1.929,same,same,1,0,0,model,Y,0.0,0,0.464,0.143,0.563,0.759
69,male,150.0,3.229,same,same,1,0,0,model,Y,0.0,0,0.464,0.219,1.613,0.932
69,male,50.0,2.726,different,different,1,0,0,model,Y,0.0,2,0.464,0.156,1.126,0.88
69,male,150.0,4.719,same,different,0,1,0,model,Y,0.0,2,0.464,0.279,2.626,1.25
69,male,100.0,4.619,different,different,1,0,0,model,Y,0.0,2,0.464,0.179,2.926,0.949
69,male,100.0,3.605,different,different,1,0,0,model,Y,0.0,2,0.464,0.225,1.726,1.089
69,male,100.0,2.227,same,same,1,0,0,model,Y,0.0,0,0.464,0.188,0.713,0.861
69,male,150.0,2.764,same,same,1,0,0,model,Y,0.0,0,0.464,0.261,1.013,1.026
69,male,100.0,2.264,same,same,1,0,0,model,Y,0.0,0,0.464,0.2,0.713,0.887
69,male,0.0,1.491,same,same,1,0,0,model,Y,0.0,0,0.464,0.1,0.263,0.663
69,male,100.0,4.266,different,different,1,0,0,model,Y,0.0,2,0.464,0.166,2.626,0.91
69,male,100.0,3.849,same,different,0,1,0,model,Y,0.0,2,0.464,0.218,2.176,0.891
69,male,50.0,2.972,different,different,1,0,0,model,Y,0.0,2,0.464,0.142,1.426,0.84
69,male,100.0,2.995,same,same,1,0,0,model,Y,0.0,0,0.464,0.194,1.463,0.874
69,male,150.0,2.701,same,same,1,0,0,model,Y,0.0,0,0.464,0.288,0.863,1.086
69,male,100.0,3.305,different,different,1,0,0,model,Y,0.0,2,0.464,0.188,1.576,0.977
69,male,150.0,2.741,same,same,1,0,0,model,Y,0.0,0,0.464,0.208,1.163,0.906
69,male,100.0,2.186,same,same,1,0,0,model,Y,0.0,0,0.464,0.175,0.713,0.833
69,male,0.0,1.491,same,same,1,0,0,model,Y,0.0,0,0.464,0.1,0.263,0.663
69,male,50.0,2.916,same,different,0,1,0,model,Y,0.0,2,0.464,0.145,1.426,0.78
69,male,100.0,2.761,same,same,1,0,0,model,Y,0.0,0,0.464,0.168,1.313,0.815
69,male,0.0,1.491,same,same,1,0,0,model,Y,0.0,0,0.464,0.1,0.263,0.663
69,male,100.0,4.646,different,different,1,0,0,model,Y,0.0,2,0.464,0.186,2.926,0.97
69,male,0.0,1.904,different,different,1,0,0,model,Y,0.0,2,0.464,0.1,0.526,0.713
69,male,50.0,3.28,different,different,1,0,0,model,Y,0.0,2,0.464,0.144,1.726,0.845
69,male,150.0,2.864,same,same,1,0,0,model,Y,0.0,0,0.464,0.245,1.163,0.991
69,male,50.0,2.724,same,different,0,1,0,model,Y,0.0,2,0.464,0.155,1.126,0.878
69,male,0.0,1.491,same,same,1,0,0,model,Y,0.0,0,0.464,0.1,0.263,0.663
69,male,50.0,3.41,different,different,1,0,0,model,Y,0.0,2,0.464,0.139,1.876,0.83
69,male,150.0,3.219,same,same,1,0,0,model,Y,0.0,0,0.464,0.263,1.463,1.029
69,male,100.0,3.542,different,different,1,0,0,model,Y,0.0,2,0.464,0.21,1.726,1.042
69,male,50.0,2.273,same,same,1,0,0,model,Y,0.0,0,0.464,0.156,0.863,0.789
69,male,50.0,2.745,different,different,1,0,0,model,Y,0.0,2,0.464,0.16,1.126,0.894
69,male,100.0,2.575,same,same,1,0,0,model,Y,0.0,0,0.464,0.203,1.013,0.894
69,male,100.0,3.286,different,different,1,0,0,model,Y,0.0,2,0.464,0.173,1.726,0.823
69,male,50.0,2.731,different,different,1,0,0,model,Y,0.0,2,0.464,0.157,1.126,0.884
69,male,150.0,2.801,same,same,1,0,0,model,Y,0.0,0,0.464,0.272,1.013,1.051
69,male,100.0,2.558,same,same,1,0,0,model,Y,0.0,0,0.464,0.198,1.013,0.883
69,male,150.0,4.281,different,different,1,0,0,model,Y,0.0,2,0.464,0.207,2.476,1.034
69,male,0.0,1.904,different,different,1,0,0,model,Y,0.0,2,0.464,0.1,0.526,0.713
69,male,50.0,3.621,same,different,0,1,0,model,Y,0.0,2,0.464,0.154,2.026,0.876
69,male,0.0,1.491,same,same,1,0,0,model,Y,0.0,0,0.464,0.1,0.263,0.663
69,male,100.0,2.756,same,same,1,0,0,model,Y,0.0,0,0.464,0.212,1.163,0.916
70,male,150.0,2.997,same,same,1,0,0,model,Y,0.0,0,0.645,0.192,1.273,0.888
70,male,100.0,3.478,different,different,1,0,0,model,Y,0.0,2,0.645,0.202,1.496,1.036
70,male,100.0,2.828,same,same,1,0,0,model,Y,0.0,0,0.645,0.186,1.123,0.875
70,male,150.0,3.078,same,same,1,0,0,model,Y,0.0,0,0.645,0.217,1.273,0.944
70,male,150.0,5.671,different,different,1,0,0,model,Y,0.0,2,0.645,0.239,3.746,0.941
70,male,50.0,3.021,same,different,0,1,0,model,Y,0.0,2,0.645,0.162,1.196,0.918
70,male,50.0,3.086,different,different,1,0,0,model,Y,0.0,2,0.645,0.141,1.346,0.854
70,male,150.0,5.518,same,different,0,1,0,model,Y,0.0,2,0.645,0.262,3.296,1.216
70,male,0.0,1.649,same,same,1,0,0,model,Y,0.0,0,0.645,0.1,0.223,0.682
70,male,150.0,4.966,different,different,1,0,0,model,Y,0.0,2,0.645,0.236,2.846,1.139
70,male,100.0,3.338,different,different,1,0,0,model,Y,0.0,2,0.645,0.167,1.496,0.931
70,male,100.0,4.88,different,different,1,0,0,model,Y,0.0,2,0.645,0.214,2.846,1.075
70,male,50.0,2.247,same,same,1,0,0,model,Y,0.0,0,0.645,0.146,0.673,0.784
70,male,50.0,3.951,different,different,1,0,0,model,Y,0.0,2,0.645,0.17,2.096,0.941
70,male,0.0,2.022,different,different,1,0,0,model,Y,0.0,2,0.645,0.1,0.446,0.732
70,male,0.0,1.649,same,same,1,0,0,model,Y,0.0,0,0.645,0.1,0.223,0.682
70,male,50.0,2.155,same,same,1,0,0,model,Y,0.0,0,0.645,0.163,0.523,0.824
70,male,50.0,3.561,different,different,1,0,0,model,Y,0.0,2,0.645,0.147,1.796,0.873
70,male,50.0,2.285,same,same,1,0,0,model,Y,0.0,0,0.645,0.157,0.673,0.81
70,male,150.0,4.418,different,different,1,0,0,model,Y,0.0,2,0.645,0.286,2.096,1.291
70,male,100.0,3.486,different,different,1,0,0,model,Y,0.0,2,0.645,0.203,1.496,1.042
70,male,150.0,3.275,same,same,1,0,0,model,Y,0.0,0,0.645,0.277,1.273,1.08
70,male,100.0,4.047,different,different,1,0,0,model,Y,0.0,2,0.645,0.194,2.096,1.013
70,male,100.0,4.101,same,different,0,1,0,model,Y,0.0,2,0.645,0.207,2.096,1.053
70,male,150.0,4.027,different,different,1,0,0,model,Y,0.0,2,0.645,0.242,2.096,0.945
70,male,50.0,2.285,same,same,1,0,0,model,Y,0.0,0,0.645,0.157,0.673,0.81
70,male,0.0,2.022,different,different,1,0,0,model,Y,0.0,2,0.645,0.1,0.446,0.732
70,male,50.0,3.243,same,different,0,1,0,model,Y,0.0,2,0.645,0.143,1.496,0.86
70,male,150.0,3.315,same,same,1,0,0,model,Y,0.0,0,0.645,0.243,1.423,1.004
70,male,100.0,3.803,same,different,0,1,0,model,Y,0.0,2,0.645,0.208,1.796,1.055
70,male,50.0,3.099,different,different,1,0,0,model,Y,0.0,2,0.645,0.144,1.346,0.865
70,male,100.0,4.137,different,different,1,0,0,model,Y,0.0,2,0.645,0.216,2.096,1.081
70,male,100.0,2.763,same,same,1,0,0,model,Y,0.0,0,0.645,0.212,0.973,0.934
70,male,50.0,3.094,different,different,1,0,0,model,Y,0.0,2,0.645,0.143,1.346,0.86
70,male,50.0,3.038,different,different,1,0,0,model,Y,0.0,2,0.645,0.129,1.346,0.819
70,male,50.0,3.069,same,different,0,1,0,model,Y,0.0,2,0.645,0.137,1.346,0.842
70,male,100.0,3.906,different,different,1,0,0,model,Y,0.0,2,0.645,0.196,1.946,1.019
70,male,150.0,6.999,different,different,1,0,0,model,Y,0.0,2,0.645,0.257,4.796,1.202
70,male,100.0,2.412,same,same,1,0,0,model,Y,0.0,0,0.645,0.196,0.673,0.898
70,male,150.0,3.075,same,same,1,0,0,model,Y,0.0,0,0.645,0.216,1.273,0.942
70,male,0.0,2.022,different,different,1,0,0,model,Y,0.0,2,0.645,0.1,0.446,0.732
70,male,50.0,2.957,same,different,0,1,0,model,Y,0.0,2,0.645,0.146,1.196,0.87
70,male,150.0,4.501,different,different,1,0,0,model,Y,0.0,2,0.645,0.311,2.396,1.049
70,male,50.0,2.278,same,same,1,0,0,model,Y,0.0,0,0.645,0.155,0.673,0.805
70,male,0.0,2.022,same,different,0,1,0,model,Y,0.0,2,0.645,0.1,0.446,0.732
70,male,50.0,2.251,same,same,1,0,0,model,Y,0.0,0,0.645,0.147,0.673,0.786
70,male,150.0,6.138,different,different,1,0,0,model,Y,0.0,2,0.645,0.304,3.746,1.343
70,male,150.0,4.503,different,different,1,0,0,model,Y,0.0,2,0.645,0.312,2.396,1.05
70,male,150.0,6.706,different,different,1,0,0,model,Y,0.0,2,0.645,0.221,4.646,1.094
70,male,100.0,2.519,same,same,1,0,0,model,Y,0.0,0,0.645,0.229,0.673,0.972
70,male,0.0,2.022,same,different,0,1,0,model,Y,0.0,2,0.645,0.1,0.446,0.732
70,male,0.0,1.649,same,same,1,0,0,model,Y,0.0,0,0.645,0.1,0.223,0.682
70,male,150.0,5.234,different,different,1,0,0,model,Y,0.0,2,0.645,0.305,3.146,1.038
70,male,0.0,1.649,same,same,1,0,0,model,Y,0.0,0,0.645,0.1,0.223,0.682
70,male,150.0,2.806,same,same,1,0,0,model,Y,0.0,0,0.645,0.225,0.973,0.963
70,male,0.0,2.022,different,different,1,0,0,model,Y,0.0,2,0.645,0.1,0.446,0.732
70,male,0.0,1.649,same,same,1,0,0,model,Y,0.0,0,0.645,0.1,0.223,0.682
70,male,0.0,1.649,same,same,1,0,0,model,Y,0.0,0,0.645,0.1,0.223,0.682
70,male,150.0,9.457,different,different,1,0,0,model,Y,0.0,2,0.645,0.196,7.496,1.02
70,male,50.0,2.342,same,same,1,0,0,model,Y,0.0,0,0.645,0.129,0.823,0.746
70,male,100.0,4.523,different,different,1,0,0,model,Y,0.0,2,0.645,0.2,2.546,1.032
70,male,0.0,2.022,different,different,1,0,0,model,Y,0.0,2,0.645,0.1,0.446,0.732
70,male,50.0,2.061,same,same,1,0,0,model,Y,0.0,0,0.645,0.135,0.523,0.759
70,male,0.0,1.649,same,same,1,0,0,model,Y,0.0,0,0.645,0.1,0.223,0.682
70,male,150.0,4.822,same,different,0,1,0,model,Y,0.0,2,0.645,0.26,2.846,0.972
70,male,100.0,2.721,same,same,1,0,0,model,Y,0.0,0,0.645,0.245,0.823,1.008
70,male,100.0,2.626,same,same,1,0,0,model,Y,0.0,0,0.645,0.216,0.823,0.942
70,male,100.0,2.562,same,same,1,0,0,model,Y,0.0,0,0.645,0.15,0.973,0.794
70,male,100.0,5.795,different,different,1,0,0,model,Y,0.0,2,0.645,0.181,3.896,0.974
70,male,50.0,2.152,same,same,1,0,0,model,Y,0.0,0,0.645,0.162,0.523,0.822
70,male,50.0,3.073,different,different,1,0,0,model,Y,0.0,2,0.645,0.138,1.346,0.845
70,male,150.0,3.938,different,different,1,0,0,model,Y,0.0,2,0.645,0.241,1.796,1.156
70,male,0.0,2.022,same,different,0,1,0,model,Y,0.0,2,0.645,0.1,0.446,0.732
70,male,0.0,1.649,same,same,1,0,0,model,Y,0.0,0,0.645,0.1,0.223,0.682
70,male,0.0,2.022,different,different,1,0,0,model,Y,0.0,2,0.645,0.1,0.446,0.732
70,male,0.0,2.022,different,different,1,0,0,model,Y,0.0,2,0.645,0.1,0.446,0.732
70,male,150.0,3.095,same,same,1,0,0,model,Y,0.0,0,0.645,0.222,1.273,0.956
70,male,0.0,2.022,different,different,1,0,0,model,Y,0.0,2,0.645,0.1,0.446,0.732
70,male,150.0,2.715,same,same,1,0,0,model,Y,0.0,0,0.645,0.243,0.823,1.004
70,male,50.0,2.288,same,same,1,0,0,model,Y,0.0,0,0.645,0.158,0.673,0.813
70,male,100.0,3.515,same,different,0,1,0,model,Y,0.0,2,0.645,0.211,1.496,1.064
70,male,150.0,4.671,different,different,1,0,0,model,Y,0.0,2,0.645,0.2,2.696,1.03
70,male,0.0,1.649,same,same,1,0,0,model,Y,0.0,0,0.645,0.1,0.223,0.682
70,male,50.0,2.252,same,same,1,0,0,model,Y,0.0,0,0.645,0.147,0.673,0.788
70,male,50.0,3.114,different,different,1,0,0,model,Y,0.0,2,0.645,0.148,1.346,0.875
70,male,100.0,2.605,same,same,1,0,0,model,Y,0.0,0,0.645,0.21,0.823,0.928
70,male,50.0,2.166,same,same,1,0,0,model,Y,0.0,0,0.645,0.167,0.523,0.832
70,male,150.0,3.383,same,same,1,0,0,model,Y,0.0,0,0.645,0.264,1.423,1.051
70,male,100.0,3.525,different,different,1,0,0,model,Y,0.0,2,0.645,0.176,1.646,0.959
70,male,0.0,2.022,different,different,1,0,0,model,Y,0.0,2,0.645,0.1,0.446,0.732
70,male,100.0,5.586,same,different,0,1,0,model,Y,0.0,2,0.645,0.205,3.746,0.89
70,male,150.0,3.555,same,same,1,0,0,model,Y,0.0,0,0.645,0.225,1.723,0.963
70,male,0.0,1.649,same,same,1,0,0,model,Y,0.0,0,0.645,0.1,0.223,0.682
70,male,0.0,1.649,same,same,1,0,0,model,Y,0.0,0,0.645,0.1,0.223,0.682
70,male,100.0,3.905,different,different,1,0,0,model,Y,0.0,2,0.645,0.158,2.096,0.907
70,male,0.0,1.649,same,same,1,0,0,model,Y,0.0,0,0.645,0.1,0.223,0.682
71,male,100.0,3.956,different,different,1,0,0,model,Y,0.0,3,0.457,0.201,2.023,1.126
71,male,150.0,5.081,same,different,0,1,0,model,Y,0.0,3,0.457,0.259,2.923,1.292
71,male,0.0,2.344,different,different,1,0,0,model,Y,0.0,3,0.457,0.1,0.823,0.814
71,male,50.0,2.505,same,same,1,0,0,model,Y,0.0,0,0.457,0.149,1.174,0.724
71,male,100.0,2.35,same,same,1,0,0,model,Y,0.0,0,0.457,0.194,0.874,0.825
71,male,0.0,2.344,different,different,1,0,0,model,Y,0.0,3,0.457,0.1,0.823,0.814
71,male,50.0,2.518,same,same,1,0,0,model,Y,0.0,0,0.457,0.153,1.174,0.733
71,male,100.0,2.604,same,same,1,0,0,model,Y,0.0,0,0.457,0.226,1.024,0.897
71,male,0.0,2.344,different,different,1,0,0,model,Y,0.0,3,0.457,0.1,0.823,0.814
71,male,150.0,2.554,same,same,1,0,0,model,Y,0.0,0,0.457,0.256,0.874,0.965
71,male,50.0,2.067,same,same,1,0,0,model,Y,0.0,0,0.457,0.153,0.724,0.733
71,male,150.0,2.604,same,same,1,0,0,model,Y,0.0,0,0.457,0.18,1.174,0.793
71,male,100.0,2.613,same,same,1,0,0,model,Y,0.0,0,0.457,0.182,1.174,0.799
71,male,50.0,2.091,same,same,1,0,0,model,Y,0.0,0,0.457,0.16,0.724,0.749
71,male,150.0,2.943,same,same,1,0,0,model,Y,0.0,0,0.457,0.238,1.324,0.923
71,male,0.0,1.445,same,same,1,0,0,model,Y,0.0,0,0.457,0.1,0.274,0.614
71,male,50.0,2.041,same,same,1,0,0,model,Y,0.0,0,0.457,0.145,0.724,0.714
71,male,0.0,1.445,same,same,1,0,0,model,Y,0.0,0,0.457,0.1,0.274,0.614
71,male,100.0,2.711,same,same,1,0,0,model,Y,0.0,0,0.457,0.212,1.174,0.867
71,male,50.0,3.453,different,different,1,0,0,model,Y,0.0,3,0.457,0.152,1.723,0.971
71,male,50.0,3.086,different,different,1,0,0,model,Y,0.0,3,0.457,0.135,1.423,0.921
71,male,100.0,4.524,different,different,1,0,0,model,Y,0.0,3,0.457,0.232,2.473,1.211
71,male,150.0,3.258,same,same,1,0,0,model,Y,0.0,0,0.457,0.289,1.474,1.038
71,male,0.0,1.445,same,same,1,0,0,model,Y,0.0,0,0.457,0.1,0.274,0.614
71,male,0.0,1.445,same,same,1,0,0,model,Y,0.0,0,0.457,0.1,0.274,0.614
71,male,150.0,5.275,different,different,1,0,0,model,Y,0.0,3,0.457,0.312,3.223,1.132
71,male,50.0,2.208,same,same,1,0,0,model,Y,0.0,0,0.457,0.15,0.874,0.726
71,male,0.0,1.445,same,same,1,0,0,model,Y,0.0,0,0.457,0.1,0.274,0.614
71,male,50.0,2.217,same,same,1,0,0,model,Y,0.0,0,0.457,0.153,0.874,0.733
71,male,50.0,3.479,different,different,1,0,0,model,Y,0.0,3,0.457,0.158,1.723,0.99
71,male,100.0,2.479,same,same,1,0,0,model,Y,0.0,0,0.457,0.234,0.874,0.914
71,male,0.0,2.344,different,different,1,0,0,model,Y,0.0,3,0.457,0.1,0.823,0.814
71,male,50.0,2.106,same,same,1,0,0,model,Y,0.0,0,0.457,0.165,0.724,0.759
71,male,0.0,1.445,same,same,1,0,0,model,Y,0.0,0,0.457,0.1,0.274,0.614
71,male,0.0,1.445,same,same,1,0,0,model,Y,0.0,0,0.457,0.1,0.274,0.614
71,male,0.0,1.445,same,same,1,0,0,model,Y,0.0,0,0.457,0.1,0.274,0.614
71,male,150.0,2.826,same,same,1,0,0,model,Y,0.0,0,0.457,0.294,1.024,1.05
71,male,50.0,3.554,same,different,0,1,0,model,Y,0.0,3,0.457,0.139,1.873,0.934
71,male,100.0,3.158,same,same,1,0,0,model,Y,0.0,0,0.457,0.212,1.624,0.865
71,male,150.0,2.734,same,same,1,0,0,model,Y,0.0,0,0.457,0.266,1.024,0.986
71,male,50.0,1.96,same,same,1,0,0,model,Y,0.0,0,0.457,0.166,0.574,0.762
71,male,100.0,2.379,same,same,1,0,0,model,Y,0.0,0,0.457,0.203,0.874,0.844
71,male,0.0,2.344,different,different,1,0,0,model,Y,0.0,3,0.457,0.1,0.823,0.814
71,male,100.0,3.992,different,different,1,0,0,model,Y,0.0,3,0.457,0.211,2.023,1.15
71,male,0.0,2.344,different,different,1,0,0,model,Y,0.0,3,0.457,0.1,0.823,0.814
71,male,100.0,4.079,different,different,1,0,0,model,Y,0.0,3,0.457,0.194,2.173,1.104
71,male,50.0,1.991,same,same,1,0,0,model,Y,0.0,0,0.457,0.129,0.724,0.68
71,male,0.0,1.445,same,same,1,0,0,model,Y,0.0,0,0.457,0.1,0.274,0.614
71,male,150.0,2.988,same,same,1,0,0,model,Y,0.0,0,0.457,0.252,1.324,0.955
71,male,100.0,5.733,different,different,1,0,0,model,Y,0.0,3,0.457,0.196,3.823,1.107
71,male,0.0,1.445,same,same,1,0,0,model,Y,0.0,0,0.457,0.1,0.274,0.614
71,male,50.0,2.204,same,same,1,0,0,model,Y,0.0,0,0.457,0.149,0.874,0.724
71,male,150.0,5.27,different,different,1,0,0,model,Y,0.0,3,0.457,0.19,3.523,0.949
71,male,0.0,2.344,different,different,1,0,0,model,Y,0.0,3,0.457,0.1,0.823,0.814
71,male,100.0,4.013,different,different,1,0,0,model,Y,0.0,3,0.457,0.215,2.023,1.168
71,male,100.0,2.421,same,same,1,0,0,model,Y,0.0,0,0.457,0.216,0.874,0.874
71,male,0.0,2.344,different,different,1,0,0,model,Y,0.0,3,0.457,0.1,0.823,0.814
71,male,150.0,4.874,different,different,1,0,0,model,Y,0.0,3,0.457,0.245,2.773,1.249
71,male,100.0,5.919,different,different,1,0,0,model,Y,0.0,3,0.457,0.241,3.823,1.247
71,male,100.0,5.745,different,different,1,0,0,model,Y,0.0,3,0.457,0.236,3.673,1.229
71,male,0.0,2.344,different,different,1,0,0,model,Y,0.0,3,0.457,0.1,0.823,0.814
71,male,100.0,4.311,different,different,1,0,0,model,Y,0.0,3,0.457,0.178,2.473,1.052
71,male,100.0,4.2,same,different,0,1,0,model,Y,0.0,3,0.457,0.226,2.173,1.194
71,male,150.0,5.219,different,different,1,0,0,model,Y,0.0,3,0.457,0.216,3.223,1.172
71,male,0.0,1.445,same,same,1,0,0,model,Y,0.0,0,0.457,0.1,0.274,0.614
71,male,150.0,3.051,same,same,1,0,0,model,Y,0.0,0,0.457,0.317,1.174,1.102
71,male,150.0,2.956,same,same,1,0,0,model,Y,0.0,0,0.457,0.195,1.474,0.829
71,male,50.0,3.626,different,different,1,0,0,model,Y,0.0,3,0.457,0.157,1.873,0.988
71,male,50.0,3.324,different,different,1,0,0,model,Y,0.0,3,0.457,0.156,1.573,0.988
71,male,0.0,1.445,same,same,1,0,0,model,Y,0.0,0,0.457,0.1,0.274,0.614
71,male,0.0,2.344,different,different,1,0,0,model,Y,0.0,3,0.457,0.1,0.823,0.814
71,male,100.0,2.611,same,same,1,0,0,model,Y,0.0,0,0.457,0.182,1.174,0.798
71,male,0.0,2.344,different,different,1,0,0,model,Y,0.0,3,0.457,0.1,0.823,0.814
71,male,100.0,2.471,same,same,1,0,0,model,Y,0.0,0,0.457,0.185,1.024,0.804
71,male,100.0,2.496,same,same,1,0,0,model,Y,0.0,0,0.457,0.192,1.024,0.822
71,male,50.0,4.41,different,different,1,0,0,model,Y,0.0,3,0.457,0.166,2.623,1.014
71,male,100.0,2.329,same,same,1,0,0,model,Y,0.0,0,0.457,0.187,0.874,0.81
71,male,150.0,5.642,different,different,1,0,0,model,Y,0.0,3,0.457,0.247,3.523,1.265
71,male,50.0,3.467,same,different,0,1,0,model,Y,0.0,3,0.457,0.152,1.723,0.985
71,male,0.0,2.344,different,different,1,0,0,model,Y,0.0,3,0.457,0.1,0.823,0.814
71,male,0.0,1.445,same,same,1,0,0,model,Y,0.0,0,0.457,0.1,0.274,0.614
71,male,0.0,2.344,different,different,1,0,0,model,Y,0.0,3,0.457,0.1,0.823,0.814
71,male,100.0,3.558,same,same,1,0,0,model,Y,0.0,0,0.457,0.242,1.924,0.934
71,male,50.0,3.39,same,different,0,1,0,model,Y,0.0,3,0.457,0.171,1.573,1.039
71,male,150.0,4.475,different,different,1,0,0,model,Y,0.0,3,0.457,0.22,2.473,1.174
71,male,150.0,5.229,different,different,1,0,0,model,Y,0.0,3,0.457,0.256,3.073,1.293
71,male,150.0,2.749,same,same,1,0,0,model,Y,0.0,0,0.457,0.317,0.874,1.101
71,male,100.0,4.936,same,different,0,1,0,model,Y,0.0,3,0.457,0.177,3.223,0.929
71,male,0.0,2.344,different,different,1,0,0,model,Y,0.0,3,0.457,0.1,0.823,0.814
71,male,0.0,1.445,same,same,1,0,0,model,Y,0.0,0,0.457,0.1,0.274,0.614
71,male,100.0,4.299,different,different,1,0,0,model,Y,0.0,3,0.457,0.162,2.623,0.907
71,male,0.0,2.344,different,different,1,0,0,model,Y,0.0,3,0.457,0.1,0.823,0.814
71,male,0.0,1.445,same,same,1,0,0,model,Y,0.0,0,0.457,0.1,0.274,0.614
71,male,150.0,2.733,same,same,1,0,0,model,Y,0.0,0,0.457,0.266,1.024,0.986
71,male,100.0,4.385,different,different,1,0,0,model,Y,0.0,3,0.457,0.197,2.473,1.108
71,male,150.0,2.573,same,same,1,0,0,model,Y,0.0,0,0.457,0.216,1.024,0.875
72,male,50.0,2.074,same,same,1,0,0,model,Y,0.0,0,0.401,0.157,0.671,0.845
72,male,0.0,2.231,different,different,1,0,0,model,Y,0.0,3,0.401,0.1,0.663,0.918
72,male,100.0,2.472,same,same,1,0,0,model,Y,0.0,0,0.401,0.187,0.971,0.913
72,male,150.0,3.062,same,same,1,0,0,model,Y,0.0,0,0.401,0.276,1.271,1.114
72,male,50.0,3.101,different,different,1,0,0,model,Y,0.0,3,0.401,0.148,1.413,0.99
72,male,150.0,2.838,same,same,1,0,0,model,Y,0.0,0,0.401,0.299,0.971,1.166
72,male,150.0,2.969,same,same,1,0,0,model,Y,0.0,0,0.401,0.247,1.271,1.049
72,male,0.0,2.231,different,different,1,0,0,model,Y,0.0,3,0.401,0.1,0.663,0.918
72,male,50.0,2.038,same,same,1,0,0,model,Y,0.0,0,0.401,0.146,0.671,0.821
72,male,150.0,7.502,different,different,1,0,0,model,Y,0.0,3,0.401,0.18,5.613,1.159
72,male,0.0,1.439,same,same,1,0,0,model,Y,0.0,0,0.401,0.1,0.221,0.718
72,male,50.0,3.481,different,different,1,0,0,model,Y,0.0,3,0.401,0.148,1.713,1.07
72,male,150.0,6.239,different,different,1,0,0,model,Y,0.0,3,0.401,0.311,3.813,1.564
72,male,100.0,2.782,same,same,1,0,0,model,Y,0.0,0,0.401,0.19,1.271,0.92
72,male,150.0,7.62,different,different,1,0,0,model,Y,0.0,3,0.401,0.282,5.313,1.475
72,male,150.0,2.734,same,same,1,0,0,model,Y,0.0,0,0.401,0.222,1.121,0.991
72,male,100.0,3.428,different,different,1,0,0,model,Y,0.0,3,0.401,0.219,1.563,1.096
72,male,150.0,2.652,same,same,1,0,0,model,Y,0.0,0,0.401,0.242,0.971,1.038
72,male,150.0,2.796,same,same,1,0,0,model,Y,0.0,0,0.401,0.287,0.971,1.137
72,male,150.0,2.834,same,same,1,0,0,model,Y,0.0,0,0.401,0.206,1.271,0.956
72,male,150.0,3.338,same,same,1,0,0,model,Y,0.0,0,0.401,0.315,1.421,1.201
72,male,0.0,1.439,same,same,1,0,0,model,Y,0.0,0,0.401,0.1,0.221,0.718
72,male,150.0,4.676,different,different,1,0,0,model,Y,0.0,3,0.401,0.222,2.613,1.29
72,male,0.0,1.439,same,same,1,0,0,model,Y,0.0,0,0.401,0.1,0.221,0.718
72,male,0.0,1.439,same,same,1,0,0,model,Y,0.0,0,0.401,0.1,0.221,0.718
72,male,150.0,3.342,same,same,1,0,0,model,Y,0.0,0,0.401,0.27,1.571,1.1
72,male,50.0,2.106,same,same,1,0,0,model,Y,0.0,0,0.401,0.167,0.671,0.868
72,male,0.0,2.231,different,different,1,0,0,model,Y,0.0,3,0.401,0.1,0.663,0.918
72,male,50.0,2.02,same,same,1,0,0,model,Y,0.0,0,0.401,0.14,0.671,0.808
72,male,150.0,4.36,different,different,1,0,0,model,Y,0.0,3,0.401,0.219,2.313,1.277
72,male,150.0,4.482,same,different,0,1,0,model,Y,0.0,3,0.401,0.249,2.313,1.37
72,male,150.0,2.671,same,same,1,0,0,model,Y,0.0,0,0.401,0.248,0.971,1.051
72,male,50.0,4.201,different,different,1,0,0,model,Y,0.0,3,0.401,0.14,2.463,1.047
72,male,150.0,6.429,different,different,1,0,0,model,Y,0.0,3,0.401,0.284,4.113,1.482
72,male,150.0,3.041,same,same,1,0,0,model,Y,0.0,0,0.401,0.316,1.121,1.203
72,male,0.0,2.231,different,different,1,0,0,model,Y,0.0,3,0.401,0.1,0.663,0.918
72,male,50.0,2.006,same,same,1,0,0,model,Y,0.0,0,0.401,0.136,0.671,0.798
72,male,100.0,4.102,different,different,1,0,0,model,Y,0.0,3,0.401,0.155,2.313,1.084
72,male,50.0,3.821,different,different,1,0,0,model,Y,0.0,3,0.401,0.159,2.013,1.099
72,male,0.0,1.439,same,same,1,0,0,model,Y,0.0,0,0.401,0.1,0.221,0.718
72,male,0.0,1.439,same,same,1,0,0,model,Y,0.0,0,0.401,0.1,0.221,0.718
72,male,0.0,2.231,different,different,1,0,0,model,Y,0.0,3,0.401,0.1,0.663,0.918
72,male,50.0,2.112,same,same,1,0,0,model,Y,0.0,0,0.401,0.168,0.671,0.872
72,male,100.0,2.352,same,same,1,0,0,model,Y,0.0,0,0.401,0.196,0.821,0.934
72,male,100.0,2.222,same,same,1,0,0,model,Y,0.0,0,0.401,0.202,0.671,0.948
72,male,50.0,3.166,different,different,1,0,0,model,Y,0.0,3,0.401,0.144,1.413,1.059
72,male,150.0,2.955,same,same,1,0,0,model,Y,0.0,0,0.401,0.243,1.271,1.04
72,male,150.0,2.653,same,same,1,0,0,model,Y,0.0,0,0.401,0.243,0.971,1.039
72,male,0.0,2.231,different,different,1,0,0,model,Y,0.0,3,0.401,0.1,0.663,0.918
72,male,100.0,5.858,same,different,0,1,0,model,Y,0.0,3,0.401,0.218,3.813,1.277
72,male,50.0,3.556,different,different,1,0,0,model,Y,0.0,3,0.401,0.15,1.863,0.992
72,male,50.0,2.1,same,same,1,0,0,model,Y,0.0,0,0.401,0.165,0.671,0.863
72,male,0.0,1.439,same,same,1,0,0,model,Y,0.0,0,0.401,0.1,0.221,0.718
72,male,0.0,1.439,same,same,1,0,0,model,Y,0.0,0,0.401,0.1,0.221,0.718
72,male,150.0,5.673,same,different,0,1,0,model,Y,0.0,3,0.401,0.247,3.513,1.363
72,male,0.0,1.439,same,same,1,0,0,model,Y,0.0,0,0.401,0.1,0.221,0.718
72,male,100.0,4.288,different,different,1,0,0,model,Y,0.0,3,0.401,0.201,2.313,1.223
72,male,150.0,3.554,same,same,1,0,0,model,Y,0.0,0,0.401,0.197,2.021,0.935
72,male,0.0,2.231,different,different,1,0,0,model,Y,0.0,3,0.401,0.1,0.663,0.918
72,male,150.0,3.181,same,same,1,0,0,model,Y,0.0,0,0.401,0.22,1.571,0.989
72,male,100.0,2.576,same,same,1,0,0,model,Y,0.0,0,0.401,0.173,1.121,0.882
72,male,150.0,3.103,same,same,1,0,0,model,Y,0.0,0,0.401,0.243,1.421,1.039
72,male,100.0,3.904,different,different,1,0,0,model,Y,0.0,3,0.401,0.218,1.863,1.272
72,male,100.0,2.828,same,same,1,0,0,model,Y,0.0,0,0.401,0.204,1.271,0.952
72,male,50.0,3.994,different,different,1,0,0,model,Y,0.0,3,0.401,0.145,2.313,0.985
72,male,0.0,2.231,different,different,1,0,0,model,Y,0.0,3,0.401,0.1,0.663,0.918
72,male,50.0,2.502,same,same,1,0,0,model,Y,0.0,0,0.401,0.15,1.121,0.83
72,male,150.0,2.686,same,same,1,0,0,model,Y,0.0,0,0.401,0.253,0.971,1.061
72,male,100.0,3.996,different,different,1,0,0,model,Y,0.0,3,0.401,0.202,2.013,1.23
72,male,150.0,4.214,different,different,1,0,0,model,Y,0.0,3,0.401,0.182,2.313,1.168
72,male,150.0,5.046,different,different,1,0,0,model,Y,0.0,3,0.401,0.277,2.763,1.455
72,male,150.0,4.837,different,different,1,0,0,model,Y,0.0,3,0.401,0.262,2.613,1.411
72,male,100.0,2.531,same,same,1,0,0,model,Y,0.0,0,0.401,0.159,1.121,0.85
72,male,100.0,2.676,same,same,1,0,0,model,Y,0.0,0,0.401,0.204,1.121,0.951
72,male,50.0,2.323,same,same,1,0,0,model,Y,0.0,0,0.401,0.141,0.971,0.81
72,male,100.0,2.501,same,same,1,0,0,model,Y,0.0,0,0.401,0.196,0.971,0.934
72,male,100.0,2.57,same,same,1,0,0,model,Y,0.0,0,0.401,0.217,0.971,0.981
72,male,100.0,4.378,different,different,1,0,0,model,Y,0.0,3,0.401,0.223,2.313,1.292
72,male,150.0,6.255,different,different,1,0,0,model,Y,0.0,3,0.401,0.205,4.263,1.237
72,male,50.0,3.768,different,different,1,0,0,model,Y,0.0,3,0.401,0.146,2.013,1.058
72,male,50.0,1.934,same,same,1,0,0,model,Y,0.0,0,0.401,0.16,0.521,0.852
72,male,50.0,2.106,same,same,1,0,0,model,Y,0.0,0,0.401,0.167,0.671,0.867
72,male,0.0,1.439,same,same,1,0,0,model,Y,0.0,0,0.401,0.1,0.221,0.718
72,male,150.0,5.205,different,different,1,0,0,model,Y,0.0,3,0.401,0.277,2.913,1.464
72,male,50.0,3.417,different,different,1,0,0,model,Y,0.0,3,0.401,0.169,1.563,1.135
72,male,50.0,2.066,same,same,1,0,0,model,Y,0.0,0,0.401,0.154,0.671,0.84
72,male,150.0,2.9,same,same,1,0,0,model,Y,0.0,0,0.401,0.273,1.121,1.106
72,male,0.0,1.439,same,same,1,0,0,model,Y,0.0,0,0.401,0.1,0.221,0.718
72,male,100.0,3.587,different,different,1,0,0,model,Y,0.0,3,0.401,0.176,1.713,1.147
72,male,150.0,4.393,different,different,1,0,0,model,Y,0.0,3,0.401,0.263,2.163,1.416
72,male,100.0,2.334,same,same,1,0,0,model,Y,0.0,0,0.401,0.237,0.671,1.025
72,male,50.0,3.709,different,different,1,0,0,model,Y,0.0,3,0.401,0.131,2.013,1.014
72,male,150.0,5.952,different,different,1,0,0,model,Y,0.0,3,0.401,0.276,3.663,1.462
72,male,150.0,5.827,different,different,1,0,0,model,Y,0.0,3,0.401,0.284,3.513,1.479
72,male,0.0,2.231,different,different,1,0,0,model,Y,0.0,3,0.401,0.1,0.663,0.918
72,male,100.0,3.705,different,different,1,0,0,model,Y,0.0,3,0.401,0.209,1.863,1.082
73,female,50.0,3.332,different,different,1,0,0,model,Y,0.0,3,0.424,0.143,1.591,1.024
73,female,100.0,2.487,same,same,1,0,0,model,Y,0.0,0,0.424,0.222,0.88,0.961
73,female,150.0,2.735,same,same,1,0,0,model,Y,0.0,0,0.424,0.252,1.03,1.029
73,female,100.0,4.109,different,different,1,0,0,model,Y,0.0,3,0.424,0.225,2.041,1.269
73,female,100.0,3.885,different,different,1,0,0,model,Y,0.0,3,0.424,0.214,2.041,1.057
73,female,0.0,2.401,different,different,1,0,0,model,Y,0.0,3,0.424,0.1,0.841,0.886
73,female,100.0,4.047,different,different,1,0,0,model,Y,0.0,3,0.424,0.21,2.041,1.221
73,female,0.0,2.401,different,different,1,0,0,model,Y,0.0,3,0.424,0.1,0.841,0.886
73,female,0.0,1.491,same,same,1,0,0,model,Y,0.0,0,0.424,0.1,0.28,0.686
73,female,50.0,3.704,different,different,1,0,0,model,Y,0.0,3,0.424,0.16,1.891,1.079
73,female,150.0,3.091,same,same,1,0,0,model,Y,0.0,0,0.424,0.269,1.33,1.067
73,female,100.0,4.994,different,different,1,0,0,model,Y,0.0,3,0.424,0.221,2.941,1.258
73,female,100.0,2.471,same,same,1,0,0,model,Y,0.0,0,0.424,0.217,0.88,0.95
73,female,0.0,1.491,same,same,1,0,0,model,Y,0.0,0,0.424,0.1,0.28,0.686
73,female,100.0,3.785,different,different,1,0,0,model,Y,0.0,3,0.424,0.183,1.891,1.137
73,female,50.0,3.919,different,different,1,0,0,model,Y,0.0,3,0.424,0.14,2.191,1.014
73,female,50.0,3.3,different,different,1,0,0,model,Y,0.0,3,0.424,0.159,1.591,0.976
73,female,50.0,3.742,different,different,1,0,0,model,Y,0.0,3,0.424,0.17,1.891,1.107
73,female,50.0,4.006,different,different,1,0,0,model,Y,0.0,3,0.424,0.162,2.191,1.079
73,female,50.0,4.417,same,different,0,1,0,model,Y,0.0,3,0.424,0.153,2.641,1.049
73,female,50.0,3.566,different,different,1,0,0,model,Y,0.0,3,0.424,0.127,1.891,0.973
73,female,0.0,2.401,different,different,1,0,0,model,Y,0.0,3,0.424,0.1,0.841,0.886
73,female,100.0,2.651,same,same,1,0,0,model,Y,0.0,0,0.424,0.226,1.03,0.971
73,female,150.0,4.763,different,different,1,0,0,model,Y,0.0,3,0.424,0.273,2.491,1.425
73,female,150.0,4.036,different,different,1,0,0,model,Y,0.0,3,0.424,0.214,2.191,1.057
73,female,50.0,2.108,same,same,1,0,0,model,Y,0.0,0,0.424,0.152,0.73,0.803
73,female,100.0,4.127,different,different,1,0,0,model,Y,0.0,3,0.424,0.229,2.041,1.283
73,female,100.0,3.943,same,different,0,1,0,model,Y,0.0,3,0.424,0.222,1.891,1.256
73,female,50.0,4.892,different,different,1,0,0,model,Y,0.0,3,0.424,0.159,3.091,1.069
73,female,0.0,1.491,same,same,1,0,0,model,Y,0.0,0,0.424,0.1,0.28,0.686
73,female,150.0,3.012,same,same,1,0,0,model,Y,0.0,0,0.424,0.291,1.18,1.117
73,female,150.0,4.508,same,same,1,0,0,model,Y,0.0,0,0.424,0.244,2.83,1.01
73,female,0.0,1.491,same,same,1,0,0,model,Y,0.0,0,0.424,0.1,0.28,0.686
73,female,100.0,4.866,different,different,1,0,0,model,Y,0.0,3,0.424,0.19,2.941,1.161
73,female,0.0,2.401,different,different,1,0,0,model,Y,0.0,3,0.424,0.1,0.841,0.886
73,female,150.0,4.963,different,different,1,0,0,model,Y,0.0,3,0.424,0.322,2.491,1.576
73,female,50.0,3.648,different,different,1,0,0,model,Y,0.0,3,0.424,0.145,1.891,1.038
73,female,150.0,2.57,same,same,1,0,0,model,Y,0.0,0,0.424,0.247,0.88,1.018
73,female,50.0,4.222,different,different,1,0,0,model,Y,0.0,3,0.424,0.142,2.491,1.015
73,female,150.0,4.667,different,different,1,0,0,model,Y,0.0,3,0.424,0.226,2.791,1.076
73,female,50.0,3.598,different,different,1,0,0,model,Y,0.0,3,0.424,0.136,1.891,0.997
73,female,150.0,4.999,different,different,1,0,0,model,Y,0.0,3,0.424,0.259,2.791,1.375
73,female,100.0,2.233,same,same,1,0,0,model,Y,0.0,0,0.424,0.19,0.73,0.889
73,female,150.0,5.063,different,different,1,0,0,model,Y,0.0,3,0.424,0.274,2.791,1.424
73,female,50.0,2.12,same,same,1,0,0,model,Y,0.0,0,0.424,0.155,0.73,0.81
73,female,0.0,1.491,same,same,1,0,0,model,Y,0.0,0,0.424,0.1,0.28,0.686
73,female,0.0,1.491,same,same,1,0,0,model,Y,0.0,0,0.424,0.1,0.28,0.686
73,female,150.0,3.616,same,same,1,0,0,model,Y,0.0,0,0.424,0.292,1.78,1.119
73,female,150.0,2.811,same,same,1,0,0,model,Y,0.0,0,0.424,0.229,1.18,0.977
73,female,0.0,2.401,different,different,1,0,0,model,Y,0.0,3,0.424,0.1,0.841,0.886
73,female,50.0,1.921,same,same,1,0,0,model,Y,0.0,0,0.424,0.14,0.58,0.777
73,female,150.0,6.83,different,different,1,0,0,model,Y,0.0,3,0.424,0.192,4.891,1.173
73,female,0.0,1.491,same,same,1,0,0,model,Y,0.0,0,0.424,0.1,0.28,0.686
73,female,50.0,3.987,different,different,1,0,0,model,Y,0.0,3,0.424,0.157,2.191,1.065
73,female,150.0,2.886,same,same,1,0,0,model,Y,0.0,0,0.424,0.206,1.33,0.926
73,female,0.0,1.491,same,same,1,0,0,model,Y,0.0,0,0.424,0.1,0.28,0.686
73,female,50.0,3.577,different,different,1,0,0,model,Y,0.0,3,0.424,0.165,1.741,1.097
73,female,0.0,2.401,different,different,1,0,0,model,Y,0.0,3,0.424,0.1,0.841,0.886
73,female,0.0,2.401,different,different,1,0,0,model,Y,0.0,3,0.424,0.1,0.841,0.886
73,female,50.0,3.27,different,different,1,0,0,model,Y,0.0,3,0.424,0.128,1.591,0.977
73,female,0.0,1.491,same,same,1,0,0,model,Y,0.0,0,0.424,0.1,0.28,0.686
73,female,0.0,2.401,different,different,1,0,0,model,Y,0.0,3,0.424,0.1,0.841,0.886
73,female,100.0,2.525,same,same,1,0,0,model,Y,0.0,0,0.424,0.234,0.88,0.987
73,female,150.0,5.705,different,different,1,0,0,model,Y,0.0,3,0.424,0.211,3.691,1.229
73,female,50.0,2.086,same,same,1,0,0,model,Y,0.0,0,0.424,0.145,0.73,0.787
73,female,0.0,2.401,different,different,1,0,0,model,Y,0.0,3,0.424,0.1,0.841,0.886
73,female,150.0,4.82,different,different,1,0,0,model,Y,0.0,3,0.424,0.215,2.791,1.24
73,female,50.0,3.221,different,different,1,0,0,model,Y,0.0,3,0.424,0.154,1.441,1.052
73,female,0.0,1.491,same,same,1,0,0,model,Y,0.0,0,0.424,0.1,0.28,0.686
73,female,150.0,5.392,different,different,1,0,0,model,Y,0.0,3,0.424,0.245,3.241,1.332
73,female,100.0,7.146,different,different,1,0,0,model,Y,0.0,3,0.424,0.234,5.041,1.298
73,female,150.0,2.939,same,same,1,0,0,model,Y,0.0,0,0.424,0.269,1.18,1.066
73,female,150.0,4.223,different,different,1,0,0,model,Y,0.0,3,0.424,0.289,2.191,1.169
73,female,0.0,2.401,different,different,1,0,0,model,Y,0.0,3,0.424,0.1,0.841,0.886
73,female,100.0,2.19,same,same,1,0,0,model,Y,0.0,0,0.424,0.177,0.73,0.859
73,female,150.0,2.878,same,same,1,0,0,model,Y,0.0,0,0.424,0.25,1.18,1.024
73,female,150.0,4.164,different,different,1,0,0,model,Y,0.0,3,0.424,0.202,2.191,1.196
73,female,150.0,4.987,different,different,1,0,0,model,Y,0.0,3,0.424,0.255,2.791,1.367
73,female,100.0,2.258,same,same,1,0,0,model,Y,0.0,0,0.424,0.198,0.73,0.906
73,female,50.0,3.325,different,different,1,0,0,model,Y,0.0,3,0.424,0.141,1.591,1.019
73,female,0.0,2.401,different,different,1,0,0,model,Y,0.0,3,0.424,0.1,0.841,0.886
73,female,150.0,6.132,different,different,1,0,0,model,Y,0.0,3,0.424,0.278,3.841,1.439
73,female,150.0,2.725,same,same,1,0,0,model,Y,0.0,0,0.424,0.249,1.03,1.022
73,female,150.0,2.687,same,same,1,0,0,model,Y,0.0,0,0.424,0.237,1.03,0.996
73,female,100.0,4.688,different,different,1,0,0,model,Y,0.0,3,0.424,0.184,2.791,1.139
73,female,150.0,2.778,same,same,1,0,0,model,Y,0.0,0,0.424,0.265,1.03,1.058
73,female,0.0,1.491,same,same,1,0,0,model,Y,0.0,0,0.424,0.1,0.28,0.686
73,female,0.0,1.491,same,same,1,0,0,model,Y,0.0,0,0.424,0.1,0.28,0.686
73,female,0.0,2.401,different,different,1,0,0,model,Y,0.0,3,0.424,0.1,0.841,0.886
73,female,100.0,4.128,different,different,1,0,0,model,Y,0.0,3,0.424,0.229,2.041,1.284
73,female,50.0,3.415,different,different,1,0,0,model,Y,0.0,3,0.424,0.146,1.741,0.955
73,female,0.0,1.491,same,same,1,0,0,model,Y,0.0,0,0.424,0.1,0.28,0.686
73,female,100.0,2.449,same,same,1,0,0,model,Y,0.0,0,0.424,0.21,0.88,0.934
73,female,150.0,2.98,same,same,1,0,0,model,Y,0.0,0,0.424,0.235,1.33,0.991
73,female,100.0,2.4,same,same,1,0,0,model,Y,0.0,0,0.424,0.195,0.88,0.9
73,female,50.0,1.979,same,same,1,0,0,model,Y,0.0,0,0.424,0.158,0.58,0.817
74,female,50.0,2.012,same,same,1,0,0,model,Y,0.0,0,0.421,0.15,0.691,0.75
74,female,150.0,3.951,different,different,1,0,0,model,Y,0.0,3,0.421,0.191,2.073,1.116
74,female,0.0,1.399,same,same,1,0,0,model,Y,0.0,0,0.421,0.1,0.241,0.638
74,female,100.0,4.74,different,different,1,0,0,model,Y,0.0,3,0.421,0.201,2.823,1.145
74,female,0.0,2.232,different,different,1,0,0,model,Y,0.0,3,0.421,0.1,0.723,0.838
74,female,100.0,4.462,different,different,1,0,0,model,Y,0.0,3,0.421,0.206,2.523,1.161
74,female,0.0,2.232,different,different,1,0,0,model,Y,0.0,3,0.421,0.1,0.723,0.838
74,female,50.0,3.97,different,different,1,0,0,model,Y,0.0,3,0.421,0.16,2.223,1.017
74,female,150.0,2.747,same,same,1,0,0,model,Y,0.0,0,0.421,0.191,1.291,0.843
74,female,0.0,2.232,different,different,1,0,0,model,Y,0.0,3,0.421,0.1,0.723,0.838
74,female,50.0,1.88,same,same,1,0,0,model,Y,0.0,0,0.421,0.156,0.541,0.763
74,female,100.0,4.515,different,different,1,0,0,model,Y,0.0,3,0.421,0.182,2.673,1.089
74,female,150.0,4.333,different,different,1,0,0,model,Y,0.0,3,0.421,0.211,2.373,1.178
74,female,0.0,2.232,different,different,1,0,0,model,Y,0.0,3,0.421,0.1,0.723,0.838
74,female,100.0,5.135,different,different,1,0,0,model,Y,0.0,3,0.421,0.223,3.123,1.218
74,female,150.0,2.756,same,same,1,0,0,model,Y,0.0,0,0.421,0.287,0.991,1.058
74,female,50.0,1.917,same,same,1,0,0,model,Y,0.0,0,0.421,0.167,0.541,0.788
74,female,50.0,3.382,different,different,1,0,0,model,Y,0.0,3,0.421,0.162,1.623,1.026
74,female,100.0,2.811,same,same,1,0,0,model,Y,0.0,0,0.421,0.211,1.291,0.888
74,female,150.0,2.639,same,same,1,0,0,model,Y,0.0,0,0.421,0.205,1.141,0.873
74,female,50.0,2.141,same,same,1,0,0,model,Y,0.0,0,0.421,0.144,0.841,0.736
74,female,150.0,2.803,same,same,1,0,0,model,Y,0.0,0,0.421,0.255,1.141,0.986
74,female,50.0,3.112,different,different,1,0,0,model,Y,0.0,3,0.421,0.132,1.473,0.937
74,female,50.0,3.298,different,different,1,0,0,model,Y,0.0,3,0.421,0.141,1.623,0.962
74,female,150.0,3.073,same,same,1,0,0,model,Y,0.0,0,0.421,0.246,1.441,0.966
74,female,150.0,5.192,different,different,1,0,0,model,Y,0.0,3,0.421,0.324,3.123,1.174
74,female,150.0,4.62,different,different,1,0,0,model,Y,0.0,3,0.421,0.28,2.373,1.396
74,female,50.0,3.842,different,different,1,0,0,model,Y,0.0,3,0.421,0.164,2.073,1.034
74,female,0.0,1.399,same,same,1,0,0,model,Y,0.0,0,0.421,0.1,0.241,0.638
74,female,0.0,1.399,same,same,1,0,0,model,Y,0.0,0,0.421,0.1,0.241,0.638
74,female,100.0,2.296,same,same,1,0,0,model,Y,0.0,0,0.421,0.191,0.841,0.843
74,female,100.0,4.458,different,different,1,0,0,model,Y,0.0,3,0.421,0.242,2.373,1.272
74,female,100.0,3.55,same,same,1,0,0,model,Y,0.0,0,0.421,0.208,2.041,0.88
74,female,150.0,2.989,same,same,1,0,0,model,Y,0.0,0,0.421,0.22,1.441,0.907
74,female,100.0,2.43,same,same,1,0,0,model,Y,0.0,0,0.421,0.186,0.991,0.832
74,female,150.0,2.613,same,same,1,0,0,model,Y,0.0,0,0.421,0.243,0.991,0.958
74,female,50.0,2.148,same,same,1,0,0,model,Y,0.0,0,0.421,0.146,0.841,0.74
74,female,150.0,4.453,different,different,1,0,0,model,Y,0.0,3,0.421,0.241,2.373,1.268
74,female,100.0,2.466,same,same,1,0,0,model,Y,0.0,0,0.421,0.197,0.991,0.857
74,female,50.0,2.088,same,same,1,0,0,model,Y,0.0,0,0.421,0.173,0.691,0.803
74,female,150.0,4.391,different,different,1,0,0,model,Y,0.0,3,0.421,0.227,2.373,1.22
74,female,100.0,5.288,different,different,1,0,0,model,Y,0.0,3,0.421,0.225,3.273,1.219
74,female,150.0,6.172,different,different,1,0,0,model,Y,0.0,3,0.421,0.296,4.173,1.132
74,female,0.0,2.232,different,different,1,0,0,model,Y,0.0,3,0.421,0.1,0.723,0.838
74,female,100.0,4.57,different,different,1,0,0,model,Y,0.0,3,0.421,0.196,2.673,1.13
74,female,0.0,2.232,different,different,1,0,0,model,Y,0.0,3,0.421,0.1,0.723,0.838
74,female,150.0,3.868,different,different,1,0,0,model,Y,0.0,3,0.421,0.206,1.923,1.167
74,female,100.0,4.478,different,different,1,0,0,model,Y,0.0,3,0.421,0.218,2.673,1.015
74,female,0.0,1.399,same,same,1,0,0,model,Y,0.0,0,0.421,0.1,0.241,0.638
74,female,50.0,3.103,different,different,1,0,0,model,Y,0.0,3,0.421,0.163,1.323,1.046
74,female,50.0,2.059,same,same,1,0,0,model,Y,0.0,0,0.421,0.164,0.691,0.782
74,female,50.0,1.984,same,same,1,0,0,model,Y,0.0,0,0.421,0.141,0.691,0.73
74,female,50.0,2.92,different,different,1,0,0,model,Y,0.0,3,0.421,0.135,1.323,0.891
74,female,100.0,5.425,different,different,1,0,0,model,Y,0.0,3,0.421,0.184,3.573,1.096
74,female,100.0,3.677,same,same,1,0,0,model,Y,0.0,0,0.421,0.201,2.191,0.864
74,female,100.0,2.576,same,same,1,0,0,model,Y,0.0,0,0.421,0.231,0.991,0.933
74,female,50.0,3.296,different,different,1,0,0,model,Y,0.0,3,0.421,0.139,1.623,0.963
74,female,50.0,5.422,different,different,1,0,0,model,Y,0.0,3,0.421,0.144,3.723,0.984
74,female,150.0,2.597,same,same,1,0,0,model,Y,0.0,0,0.421,0.238,0.991,0.947
74,female,50.0,3.063,different,different,1,0,0,model,Y,0.0,3,0.421,0.154,1.323,1.015
74,female,150.0,2.445,same,same,1,0,0,model,Y,0.0,0,0.421,0.237,0.841,0.946
74,female,100.0,4.547,different,different,1,0,0,model,Y,0.0,3,0.421,0.19,2.673,1.113
74,female,0.0,1.399,same,same,1,0,0,model,Y,0.0,0,0.421,0.1,0.241,0.638
74,female,50.0,2.013,same,same,1,0,0,model,Y,0.0,0,0.421,0.15,0.691,0.751
74,female,150.0,5.159,different,different,1,0,0,model,Y,0.0,3,0.421,0.311,3.123,1.154
74,female,0.0,2.232,different,different,1,0,0,model,Y,0.0,3,0.421,0.1,0.723,0.838
74,female,100.0,2.214,same,same,1,0,0,model,Y,0.0,0,0.421,0.212,0.691,0.89
74,female,0.0,2.232,different,different,1,0,0,model,Y,0.0,3,0.421,0.1,0.723,0.838
74,female,50.0,3.072,different,different,1,0,0,model,Y,0.0,3,0.421,0.158,1.323,1.02
74,female,0.0,2.232,different,different,1,0,0,model,Y,0.0,3,0.421,0.1,0.723,0.838
74,female,50.0,4.475,different,different,1,0,0,model,Y,0.0,3,0.421,0.173,2.673,1.058
74,female,0.0,2.232,different,different,1,0,0,model,Y,0.0,3,0.421,0.1,0.723,0.838
74,female,50.0,3.131,different,different,1,0,0,model,Y,0.0,3,0.421,0.16,1.473,0.927
74,female,150.0,3.751,different,different,1,0,0,model,Y,0.0,3,0.421,0.228,1.923,1.029
74,female,150.0,2.67,same,same,1,0,0,model,Y,0.0,0,0.421,0.26,0.991,0.998
74,female,50.0,2.209,same,same,1,0,0,model,Y,0.0,0,0.421,0.165,0.841,0.783
74,female,50.0,3.456,different,different,1,0,0,model,Y,0.0,3,0.421,0.143,1.773,0.969
74,female,150.0,2.912,same,same,1,0,0,model,Y,0.0,0,0.421,0.288,1.141,1.062
74,female,50.0,3.148,different,different,1,0,0,model,Y,0.0,3,0.421,0.14,1.473,0.964
74,female,150.0,2.747,same,same,1,0,0,model,Y,0.0,0,0.421,0.238,1.141,0.947
74,female,0.0,1.399,same,same,1,0,0,model,Y,0.0,0,0.421,0.1,0.241,0.638
74,female,150.0,4.764,different,different,1,0,0,model,Y,0.0,3,0.421,0.315,2.373,1.505
74,female,150.0,2.516,same,same,1,0,0,model,Y,0.0,0,0.421,0.259,0.841,0.995
74,female,50.0,4.002,different,different,1,0,0,model,Y,0.0,3,0.421,0.168,2.223,1.04
74,female,0.0,1.399,same,same,1,0,0,model,Y,0.0,0,0.421,0.1,0.241,0.638
74,female,100.0,2.312,same,same,1,0,0,model,Y,0.0,0,0.421,0.196,0.841,0.854
74,female,100.0,3.963,different,different,1,0,0,model,Y,0.0,3,0.421,0.193,2.073,1.126
74,female,0.0,2.232,different,different,1,0,0,model,Y,0.0,3,0.421,0.1,0.723,0.838
74,female,50.0,3.785,different,different,1,0,0,model,Y,0.0,3,0.421,0.15,2.073,0.99
74,female,0.0,2.232,different,different,1,0,0,model,Y,0.0,3,0.421,0.1,0.723,0.838
74,female,100.0,2.533,same,same,1,0,0,model,Y,0.0,0,0.421,0.218,0.991,0.903
74,female,50.0,1.835,same,same,1,0,0,model,Y,0.0,0,0.421,0.142,0.541,0.731
74,female,100.0,3.968,different,different,1,0,0,model,Y,0.0,3,0.421,0.196,2.073,1.127
74,female,150.0,2.498,same,same,1,0,0,model,Y,0.0,0,0.421,0.207,0.991,0.879
74,female,150.0,4.749,different,different,1,0,0,model,Y,0.0,3,0.421,0.24,2.673,1.265
74,female,100.0,5.527,different,different,1,0,0,model,Y,0.0,3,0.421,0.218,3.723,1.015
75,female,50.0,1.836,same,same,1,0,0,model,Y,0.0,0,0.445,0.154,0.545,0.692
75,female,100.0,2.46,same,same,1,0,0,model,Y,0.0,0,0.445,0.208,0.995,0.812
75,female,0.0,1.36,same,same,1,0,0,model,Y,0.0,0,0.445,0.1,0.245,0.57
75,female,100.0,3.322,same,same,1,0,0,model,Y,0.0,0,0.445,0.196,1.895,0.786
75,female,50.0,4.11,different,different,1,0,0,model,Y,0.0,2,0.445,0.142,2.741,0.683
75,female,0.0,1.755,different,different,1,0,0,model,Y,0.0,2,0.445,0.1,0.491,0.62
75,female,100.0,2.42,same,same,1,0,0,model,Y,0.0,0,0.445,0.195,0.995,0.784
75,female,0.0,1.36,same,same,1,0,0,model,Y,0.0,0,0.445,0.1,0.245,0.57
75,female,0.0,1.755,different,different,1,0,0,model,Y,0.0,2,0.445,0.1,0.491,0.62
75,female,0.0,1.755,different,different,1,0,0,model,Y,0.0,2,0.445,0.1,0.491,0.62
75,female,50.0,3.329,different,different,1,0,0,model,Y,0.0,2,0.445,0.156,1.841,0.788
75,female,0.0,1.36,same,same,1,0,0,model,Y,0.0,0,0.445,0.1,0.245,0.57
75,female,100.0,3.871,different,different,1,0,0,model,Y,0.0,2,0.445,0.217,2.141,0.969
75,female,100.0,2.187,same,same,1,0,0,model,Y,0.0,0,0.445,0.216,0.695,0.831
75,female,150.0,2.729,same,same,1,0,0,model,Y,0.0,0,0.445,0.29,0.995,0.998
75,female,50.0,4.182,different,different,1,0,0,model,Y,0.0,2,0.445,0.144,2.741,0.752
75,female,0.0,1.36,same,same,1,0,0,model,Y,0.0,0,0.445,0.1,0.245,0.57
75,female,100.0,3.544,same,same,1,0,0,model,Y,0.0,1,0.445,0.153,1.841,1.056
75,female,150.0,4.614,same,different,0,1,0,model,Y,0.0,2,0.445,0.215,2.891,0.964
75,female,50.0,2.806,different,different,1,0,0,model,Y,0.0,2,0.445,0.138,1.391,0.733
75,female,100.0,4.948,different,different,1,0,0,model,Y,0.0,2,0.445,0.223,3.191,0.989
75,female,100.0,3.415,same,different,0,1,0,model,Y,0.0,2,0.445,0.215,1.691,0.964
75,female,150.0,3.278,same,same,1,0,0,model,Y,0.0,0,0.445,0.229,1.745,0.859
75,female,50.0,3.28,same,different,0,1,0,model,Y,0.0,2,0.445,0.144,1.841,0.751
75,female,150.0,4.005,different,different,1,0,0,model,Y,0.0,2,0.445,0.214,2.591,0.655
75,female,150.0,7.871,different,different,1,0,0,model,Y,0.0,2,0.445,0.267,6.191,0.87
75,female,100.0,3.594,different,different,1,0,0,model,Y,0.0,2,0.445,0.222,1.841,0.987
75,female,100.0,3.361,different,different,1,0,0,model,Y,0.0,2,0.445,0.164,1.841,0.812
75,female,50.0,3.146,same,same,1,0,0,model,Y,0.0,1,0.445,0.161,1.541,0.95
75,female,50.0,3.194,same,same,1,0,0,model,Y,0.0,1,0.445,0.143,1.541,1.015
75,female,150.0,6.006,different,different,1,0,0,model,Y,0.0,2,0.445,0.3,3.941,1.22
75,female,50.0,3.311,same,different,0,1,0,model,Y,0.0,2,0.445,0.151,1.841,0.774
75,female,100.0,4.921,different,different,1,0,0,model,Y,0.0,2,0.445,0.179,3.341,0.856
75,female,100.0,3.713,same,same,1,0,0,model,Y,0.0,1,0.445,0.217,1.841,1.16
75,female,50.0,2.048,same,same,1,0,0,model,Y,0.0,0,0.445,0.173,0.695,0.735
75,female,50.0,3.465,same,same,1,0,0,model,Y,0.0,1,0.445,0.165,1.841,0.964
75,female,150.0,2.862,same,same,1,0,0,model,Y,0.0,0,0.445,0.285,1.145,0.987
75,female,50.0,3.429,different,different,1,0,0,model,Y,0.0,2,0.445,0.143,1.991,0.75
75,female,100.0,2.488,same,same,1,0,0,model,Y,0.0,0,0.445,0.17,1.145,0.728
75,female,50.0,2.644,same,same,1,0,0,model,Y,0.0,0,0.445,0.172,1.295,0.732
75,female,100.0,2.416,same,same,1,0,0,model,Y,0.0,0,0.445,0.194,0.995,0.782
75,female,50.0,2.982,different,different,1,0,0,model,Y,0.0,2,0.445,0.144,1.541,0.753
75,female,50.0,2.173,same,same,1,0,0,model,Y,0.0,0,0.445,0.165,0.845,0.717
75,female,50.0,2.097,same,same,1,0,0,model,Y,0.0,0,0.445,0.142,0.845,0.665
75,female,150.0,3.775,same,same,1,0,0,model,Y,0.0,0,0.445,0.289,2.045,0.996
75,female,100.0,2.954,same,same,1,0,0,model,Y,0.0,0,0.445,0.175,1.595,0.739
75,female,0.0,1.755,different,different,1,0,0,model,Y,0.0,2,0.445,0.1,0.491,0.62
75,female,150.0,2.557,same,same,1,0,0,model,Y,0.0,0,0.445,0.191,1.145,0.776
75,female,0.0,1.755,same,different,0,1,0,model,Y,0.0,2,0.445,0.1,0.491,0.62
75,female,0.0,1.755,different,different,1,0,0,model,Y,0.0,2,0.445,0.1,0.491,0.62
75,female,150.0,5.207,different,different,1,0,0,model,Y,0.0,2,0.445,0.221,3.641,0.801
75,female,0.0,1.755,same,different,0,1,0,model,Y,0.0,2,0.445,0.1,0.491,0.62
75,female,50.0,2.103,same,same,1,0,0,model,Y,0.0,0,0.445,0.144,0.845,0.669
75,female,50.0,3.08,same,same,1,0,0,model,Y,0.0,1,0.445,0.147,1.541,0.898
75,female,50.0,2.825,same,same,1,0,0,model,Y,0.0,1,0.445,0.157,1.241,0.933
75,female,0.0,1.36,same,same,1,0,0,model,Y,0.0,0,0.445,0.1,0.245,0.57
75,female,150.0,2.879,same,same,1,0,0,model,Y,0.0,0,0.445,0.198,1.445,0.791
75,female,0.0,1.755,different,different,1,0,0,model,Y,0.0,2,0.445,0.1,0.491,0.62
75,female,100.0,2.772,same,same,1,0,0,model,Y,0.0,0,0.445,0.165,1.445,0.717
75,female,150.0,2.583,same,same,1,0,0,model,Y,0.0,0,0.445,0.245,0.995,0.897
75,female,100.0,4.823,same,different,0,1,0,model,Y,0.0,2,0.445,0.154,3.341,0.783
75,female,50.0,3.02,different,different,1,0,0,model,Y,0.0,2,0.445,0.154,1.541,0.781
75,female,0.0,1.755,different,different,1,0,0,model,Y,0.0,2,0.445,0.1,0.491,0.62
75,female,150.0,4.984,different,different,1,0,0,model,Y,0.0,2,0.445,0.307,2.891,1.241
75,female,150.0,2.84,same,same,1,0,0,model,Y,0.0,0,0.445,0.232,1.295,0.868
75,female,100.0,4.122,same,different,0,1,0,model,Y,0.0,2,0.445,0.242,2.291,1.045
75,female,100.0,4.292,same,different,0,1,0,model,Y,0.0,2,0.445,0.209,2.591,0.947
75,female,50.0,3.047,different,different,1,0,0,model,Y,0.0,2,0.445,0.161,1.541,0.801
75,female,100.0,2.327,same,same,1,0,0,model,Y,0.0,0,0.445,0.213,0.845,0.824
75,female,150.0,4.633,same,different,0,1,0,model,Y,0.0,2,0.445,0.294,2.591,1.203
75,female,150.0,3.296,same,same,1,0,0,model,Y,0.0,0,0.445,0.28,1.595,0.976
75,female,100.0,2.732,same,same,1,0,0,model,Y,0.0,0,0.445,0.245,1.145,0.897
75,female,100.0,3.998,different,different,1,0,0,model,Y,0.0,2,0.445,0.217,2.441,0.796
75,female,0.0,1.755,same,different,0,1,0,model,Y,0.0,2,0.445,0.1,0.491,0.62
75,female,150.0,2.814,same,same,1,0,0,model,Y,0.0,0,0.445,0.27,1.145,0.953
75,female,0.0,1.755,different,different,1,0,0,model,Y,0.0,2,0.445,0.1,0.491,0.62
75,female,0.0,1.36,same,same,1,0,0,model,Y,0.0,0,0.445,0.1,0.245,0.57
75,female,100.0,2.284,same,same,1,0,0,model,Y,0.0,0,0.445,0.2,0.845,0.794
75,female,100.0,5.019,different,different,1,0,0,model,Y,0.0,2,0.445,0.204,3.341,0.93
75,female,150.0,2.932,same,same,1,0,0,model,Y,0.0,0,0.445,0.214,1.445,0.827
75,female,150.0,3.013,same,same,1,0,0,model,Y,0.0,0,0.445,0.286,1.295,0.988
75,female,0.0,1.36,same,same,1,0,0,model,Y,0.0,0,0.445,0.1,0.245,0.57
75,female,50.0,2.002,same,same,1,0,0,model,Y,0.0,0,0.445,0.159,0.695,0.703
75,female,0.0,1.755,same,different,0,1,0,model,Y,0.0,2,0.445,0.1,0.491,0.62
75,female,0.0,1.755,different,different,1,0,0,model,Y,0.0,2,0.445,0.1,0.491,0.62
75,female,0.0,1.36,same,same,1,0,0,model,Y,0.0,0,0.445,0.1,0.245,0.57
75,female,50.0,3.253,different,different,1,0,0,model,Y,0.0,2,0.445,0.137,1.841,0.731
75,female,150.0,3.787,same,different,0,1,0,model,Y,0.0,2,0.445,0.253,2.141,0.849
75,female,150.0,2.732,same,same,1,0,0,model,Y,0.0,0,0.445,0.245,1.145,0.896
75,female,50.0,2.735,different,different,1,0,0,model,Y,0.0,2,0.445,0.157,1.241,0.792
75,female,100.0,3.347,same,same,1,0,0,model,Y,0.0,1,0.445,0.238,1.841,0.773
75,female,100.0,2.62,same,same,1,0,0,model,Y,0.0,0,0.445,0.211,1.145,0.819
75,female,150.0,2.577,same,same,1,0,0,model,Y,0.0,0,0.445,0.244,0.995,0.894
75,female,0.0,1.755,same,different,0,1,0,model,Y,0.0,2,0.445,0.1,0.491,0.62
75,female,100.0,2.186,same,same,1,0,0,model,Y,0.0,0,0.445,0.216,0.695,0.83
75,female,50.0,3.209,different,different,1,0,0,model,Y,0.0,2,0.445,0.142,1.841,0.682
76,female,0.0,1.576,same,same,1,0,0,model,Y,0.0,0,0.514,0.1,0.301,0.661
76,female,150.0,2.9,same,same,1,0,0,model,Y,0.0,0,0.514,0.23,1.201,0.955
76,female,0.0,1.576,same,same,1,0,0,model,Y,0.0,0,0.514,0.1,0.301,0.661
76,female,100.0,4.256,different,different,1,0,0,model,Y,0.0,2,0.514,0.207,2.402,1.033
76,female,0.0,2.027,different,different,1,0,0,model,Y,0.0,2,0.514,0.1,0.602,0.711
76,female,0.0,2.027,different,different,1,0,0,model,Y,0.0,2,0.514,0.1,0.602,0.711
76,female,50.0,2.168,same,same,1,0,0,model,Y,0.0,0,0.514,0.144,0.751,0.76
76,female,100.0,3.741,different,different,1,0,0,model,Y,0.0,2,0.514,0.191,1.952,0.984
76,female,150.0,5.1,different,different,1,0,0,model,Y,0.0,2,0.514,0.268,3.002,1.216
76,female,100.0,4.535,different,different,1,0,0,model,Y,0.0,2,0.514,0.202,2.702,1.017
76,female,100.0,3.385,same,different,0,1,0,model,Y,0.0,2,0.514,0.215,1.502,1.055
76,female,100.0,2.594,same,same,1,0,0,model,Y,0.0,0,0.514,0.182,1.051,0.847
76,female,50.0,2.019,same,same,1,0,0,model,Y,0.0,0,0.514,0.144,0.601,0.76
76,female,150.0,2.881,same,same,1,0,0,model,Y,0.0,0,0.514,0.225,1.201,0.942
76,female,100.0,2.694,same,same,1,0,0,model,Y,0.0,0,0.514,0.213,1.051,0.916
76,female,100.0,5.024,different,different,1,0,0,model,Y,0.0,2,0.514,0.212,3.152,1.047
76,female,0.0,1.576,same,same,1,0,0,model,Y,0.0,0,0.514,0.1,0.301,0.661
76,female,150.0,4.779,same,different,0,1,0,model,Y,0.0,2,0.514,0.263,2.702,1.2
76,female,50.0,2.039,same,same,1,0,0,model,Y,0.0,0,0.514,0.15,0.601,0.774
76,female,50.0,2.358,same,same,1,0,0,model,Y,0.0,0,0.514,0.156,0.901,0.787
76,female,50.0,3.106,same,different,0,1,0,model,Y,0.0,2,0.514,0.145,1.502,0.845
76,female,50.0,3.156,different,different,1,0,0,model,Y,0.0,2,0.514,0.157,1.502,0.883
76,female,100.0,2.657,same,same,1,0,0,model,Y,0.0,0,0.514,0.202,1.051,0.89
76,female,50.0,2.037,same,same,1,0,0,model,Y,0.0,0,0.514,0.149,0.601,0.772
76,female,50.0,3.084,different,different,1,0,0,model,Y,0.0,2,0.514,0.163,1.502,0.806
76,female,50.0,2.388,same,same,1,0,0,model,Y,0.0,0,0.514,0.165,0.901,0.808
76,female,0.0,2.027,different,different,1,0,0,model,Y,0.0,2,0.514,0.1,0.602,0.711
76,female,150.0,3.968,different,different,1,0,0,model,Y,0.0,2,0.514,0.21,2.102,1.042
76,female,50.0,2.885,different,different,1,0,0,model,Y,0.0,2,0.514,0.165,1.202,0.905
76,female,100.0,3.285,different,different,1,0,0,model,Y,0.0,2,0.514,0.152,1.652,0.867
76,female,0.0,1.576,same,same,1,0,0,model,Y,0.0,0,0.514,0.1,0.301,0.661
76,female,150.0,2.742,same,same,1,0,0,model,Y,0.0,0,0.514,0.274,0.901,1.053
76,female,100.0,2.28,same,same,1,0,0,model,Y,0.0,0,0.514,0.178,0.751,0.837
76,female,50.0,2.223,same,same,1,0,0,model,Y,0.0,0,0.514,0.161,0.751,0.798
76,female,150.0,3.54,same,same,1,0,0,model,Y,0.0,0,0.514,0.243,1.801,0.982
76,female,100.0,3.116,same,same,1,0,0,model,Y,0.0,0,0.514,0.205,1.501,0.897
76,female,0.0,1.576,same,same,1,0,0,model,Y,0.0,0,0.514,0.1,0.301,0.661
76,female,0.0,2.027,different,different,1,0,0,model,Y,0.0,2,0.514,0.1,0.602,0.711
76,female,150.0,5.341,same,different,0,1,0,model,Y,0.0,2,0.514,0.253,3.302,1.171
76,female,0.0,1.576,same,same,1,0,0,model,Y,0.0,0,0.514,0.1,0.301,0.661
76,female,0.0,2.027,different,different,1,0,0,model,Y,0.0,2,0.514,0.1,0.602,0.711
76,female,100.0,2.394,same,same,1,0,0,model,Y,0.0,0,0.514,0.167,0.901,0.812
76,female,50.0,3.221,different,different,1,0,0,model,Y,0.0,2,0.514,0.158,1.652,0.798
76,female,50.0,2.016,same,same,1,0,0,model,Y,0.0,0,0.514,0.143,0.601,0.758
76,female,50.0,2.777,same,different,0,1,0,model,Y,0.0,2,0.514,0.138,1.202,0.824
76,female,150.0,3.462,same,same,1,0,0,model,Y,0.0,0,0.514,0.219,1.801,0.928
76,female,50.0,2.775,same,different,0,1,0,model,Y,0.0,2,0.514,0.137,1.202,0.822
76,female,0.0,1.576,same,same,1,0,0,model,Y,0.0,0,0.514,0.1,0.301,0.661
76,female,0.0,2.027,different,different,1,0,0,model,Y,0.0,2,0.514,0.1,0.602,0.711
76,female,50.0,2.906,different,different,1,0,0,model,Y,0.0,2,0.514,0.132,1.352,0.808
76,female,100.0,4.895,same,different,0,1,0,model,Y,0.0,2,0.514,0.227,3.152,0.902
76,female,100.0,2.737,same,same,1,0,0,model,Y,0.0,0,0.514,0.226,1.051,0.946
76,female,150.0,4.753,different,different,1,0,0,model,Y,0.0,2,0.514,0.231,3.002,0.907
76,female,50.0,3.089,different,different,1,0,0,model,Y,0.0,2,0.514,0.141,1.502,0.833
76,female,150.0,4.587,different,different,1,0,0,model,Y,0.0,2,0.514,0.252,2.552,1.169
76,female,50.0,2.157,same,same,1,0,0,model,Y,0.0,0,0.514,0.14,0.751,0.752
76,female,100.0,2.523,same,same,1,0,0,model,Y,0.0,0,0.514,0.207,0.901,0.901
76,female,0.0,2.027,different,different,1,0,0,model,Y,0.0,2,0.514,0.1,0.602,0.711
76,female,50.0,3.111,different,different,1,0,0,model,Y,0.0,2,0.514,0.146,1.502,0.849
76,female,100.0,2.891,same,same,1,0,0,model,Y,0.0,0,0.514,0.182,1.351,0.845
76,female,150.0,4.053,different,different,1,0,0,model,Y,0.0,2,0.514,0.306,1.802,1.33
76,female,0.0,1.576,same,same,1,0,0,model,Y,0.0,0,0.514,0.1,0.301,0.661
76,female,150.0,3.96,different,different,1,0,0,model,Y,0.0,2,0.514,0.246,1.952,1.148
76,female,150.0,4.275,same,different,0,1,0,model,Y,0.0,2,0.514,0.287,2.102,1.272
76,female,0.0,2.027,different,different,1,0,0,model,Y,0.0,2,0.514,0.1,0.602,0.711
76,female,100.0,3.725,different,different,1,0,0,model,Y,0.0,2,0.514,0.187,1.952,0.972
76,female,150.0,2.713,same,same,1,0,0,model,Y,0.0,0,0.514,0.219,1.051,0.929
76,female,100.0,5.14,different,different,1,0,0,model,Y,0.0,2,0.514,0.166,3.452,0.908
76,female,100.0,2.904,same,same,1,0,0,model,Y,0.0,0,0.514,0.185,1.351,0.854
76,female,50.0,2.092,same,same,1,0,0,model,Y,0.0,0,0.514,0.166,0.601,0.81
76,female,100.0,3.376,different,different,1,0,0,model,Y,0.0,2,0.514,0.175,1.652,0.935
76,female,0.0,1.576,same,same,1,0,0,model,Y,0.0,0,0.514,0.1,0.301,0.661
76,female,50.0,2.019,same,same,1,0,0,model,Y,0.0,0,0.514,0.144,0.601,0.76
76,female,0.0,1.576,same,same,1,0,0,model,Y,0.0,0,0.514,0.1,0.301,0.661
76,female,0.0,1.576,same,same,1,0,0,model,Y,0.0,0,0.514,0.1,0.301,0.661
76,female,0.0,2.027,different,different,1,0,0,model,Y,0.0,2,0.514,0.1,0.602,0.711
76,female,50.0,3.234,different,different,1,0,0,model,Y,0.0,2,0.514,0.139,1.652,0.829
76,female,50.0,1.987,same,same,1,0,0,model,Y,0.0,0,0.514,0.134,0.601,0.738
76,female,100.0,2.578,same,same,1,0,0,model,Y,0.0,0,0.514,0.224,0.901,0.939
76,female,100.0,2.572,same,same,1,0,0,model,Y,0.0,0,0.514,0.222,0.901,0.935
76,female,0.0,2.027,different,different,1,0,0,model,Y,0.0,2,0.514,0.1,0.602,0.711
76,female,0.0,1.576,same,same,1,0,0,model,Y,0.0,0,0.514,0.1,0.301,0.661
76,female,150.0,2.821,same,same,1,0,0,model,Y,0.0,0,0.514,0.206,1.201,0.9
76,female,150.0,2.701,same,same,1,0,0,model,Y,0.0,0,0.514,0.215,1.051,0.921
76,female,150.0,4.339,different,different,1,0,0,model,Y,0.0,2,0.514,0.265,2.252,1.208
76,female,50.0,2.164,same,same,1,0,0,model,Y,0.0,0,0.514,0.142,0.751,0.757
76,female,150.0,5.896,different,different,1,0,0,model,Y,0.0,2,0.514,0.242,3.902,1.138
76,female,100.0,5.321,different,different,1,0,0,model,Y,0.0,2,0.514,0.218,3.602,0.888
76,female,0.0,1.576,same,same,1,0,0,model,Y,0.0,0,0.514,0.1,0.301,0.661
76,female,100.0,2.359,same,same,1,0,0,model,Y,0.0,0,0.514,0.202,0.751,0.891
76,female,50.0,3.484,different,different,1,0,0,model,Y,0.0,2,0.514,0.143,1.952,0.775
76,female,150.0,3.789,different,different,1,0,0,model,Y,0.0,2,0.514,0.203,1.952,1.02
76,female,0.0,1.576,same,same,1,0,0,model,Y,0.0,0,0.514,0.1,0.301,0.661
76,female,100.0,2.719,same,same,1,0,0,model,Y,0.0,0,0.514,0.221,1.051,0.933
76,female,100.0,3.804,different,different,1,0,0,model,Y,0.0,2,0.514,0.207,1.952,1.031
76,female,150.0,3.784,same,different,0,1,0,model,Y,0.0,2,0.514,0.203,2.102,0.866
77,female,0.0,2.147,different,different,1,0,0,model,Y,0.0,2,0.588,0.1,0.634,0.724
77,female,150.0,2.855,same,same,1,0,0,model,Y,0.0,0,0.588,0.185,1.217,0.865
77,female,100.0,4.368,different,different,1,0,0,model,Y,0.0,2,0.588,0.208,2.584,0.887
77,female,0.0,2.147,different,different,1,0,0,model,Y,0.0,2,0.588,0.1,0.634,0.724
77,female,50.0,2.168,same,same,1,0,0,model,Y,0.0,0,0.588,0.158,0.617,0.805
77,female,0.0,2.147,different,different,1,0,0,model,Y,0.0,2,0.588,0.1,0.634,0.724
77,female,100.0,3.899,different,different,1,0,0,model,Y,0.0,2,0.588,0.238,1.834,1.138
77,female,0.0,2.147,same,different,0,1,0,model,Y,0.0,2,0.588,0.1,0.634,0.724
77,female,50.0,3.0,different,different,1,0,0,model,Y,0.0,2,0.588,0.163,1.234,0.915
77,female,50.0,2.318,same,same,1,0,0,model,Y,0.0,0,0.588,0.158,0.767,0.804
77,female,50.0,2.981,different,different,1,0,0,model,Y,0.0,2,0.588,0.159,1.234,0.9
77,female,50.0,2.277,same,same,1,0,0,model,Y,0.0,0,0.588,0.146,0.767,0.777
77,female,0.0,2.147,different,different,1,0,0,model,Y,0.0,2,0.588,0.1,0.634,0.724
77,female,100.0,5.459,different,different,1,0,0,model,Y,0.0,2,0.588,0.215,3.484,1.071
77,female,100.0,2.908,same,same,1,0,0,model,Y,0.0,0,0.588,0.201,1.217,0.902
77,female,50.0,3.656,different,different,1,0,0,model,Y,0.0,2,0.588,0.14,1.984,0.844
77,female,50.0,2.122,same,same,1,0,0,model,Y,0.0,0,0.588,0.144,0.617,0.773
77,female,50.0,3.027,different,different,1,0,0,model,Y,0.0,2,0.588,0.17,1.234,0.934
77,female,150.0,5.075,same,different,0,1,0,model,Y,0.0,2,0.588,0.232,3.034,1.121
77,female,100.0,2.381,same,same,1,0,0,model,Y,0.0,0,0.588,0.177,0.767,0.848
77,female,0.0,1.679,same,same,1,0,0,model,Y,0.0,0,0.588,0.1,0.317,0.674
77,female,50.0,2.998,different,different,1,0,0,model,Y,0.0,2,0.588,0.163,1.234,0.913
77,female,150.0,3.639,same,same,1,0,0,model,Y,0.0,0,0.588,0.241,1.817,0.993
77,female,50.0,2.928,different,different,1,0,0,model,Y,0.0,2,0.588,0.145,1.234,0.86
77,female,0.0,1.679,same,same,1,0,0,model,Y,0.0,0,0.588,0.1,0.317,0.674
77,female,50.0,3.316,different,different,1,0,0,model,Y,0.0,2,0.588,0.148,1.684,0.796
77,female,0.0,2.147,different,different,1,0,0,model,Y,0.0,2,0.588,0.1,0.634,0.724
77,female,150.0,4.738,different,different,1,0,0,model,Y,0.0,2,0.588,0.26,2.584,1.205
77,female,150.0,3.218,same,same,1,0,0,model,Y,0.0,0,0.588,0.204,1.517,0.909
77,female,150.0,3.665,same,same,1,0,0,model,Y,0.0,0,0.588,0.25,1.817,1.011
77,female,0.0,2.147,different,different,1,0,0,model,Y,0.0,2,0.588,0.1,0.634,0.724
77,female,0.0,2.147,different,different,1,0,0,model,Y,0.0,2,0.588,0.1,0.634,0.724
77,female,0.0,1.679,same,same,1,0,0,model,Y,0.0,0,0.588,0.1,0.317,0.674
77,female,150.0,3.49,same,same,1,0,0,model,Y,0.0,0,0.588,0.242,1.667,0.993
77,female,0.0,2.147,different,different,1,0,0,model,Y,0.0,2,0.588,0.1,0.634,0.724
77,female,100.0,2.487,same,same,1,0,0,model,Y,0.0,0,0.588,0.21,0.767,0.922
77,female,150.0,4.378,different,different,1,0,0,model,Y,0.0,2,0.588,0.245,2.284,1.161
77,female,50.0,3.261,different,different,1,0,0,model,Y,0.0,2,0.588,0.154,1.534,0.885
77,female,50.0,2.103,same,same,1,0,0,model,Y,0.0,0,0.588,0.138,0.617,0.76
77,female,100.0,4.3,different,different,1,0,0,model,Y,0.0,2,0.588,0.241,2.434,0.936
77,female,150.0,5.085,same,different,0,1,0,model,Y,0.0,2,0.588,0.235,3.034,1.128
77,female,150.0,2.78,same,same,1,0,0,model,Y,0.0,0,0.588,0.254,0.917,1.021
77,female,50.0,3.668,different,different,1,0,0,model,Y,0.0,2,0.588,0.169,1.984,0.827
77,female,50.0,3.283,different,different,1,0,0,model,Y,0.0,2,0.588,0.159,1.534,0.902
77,female,50.0,2.171,same,same,1,0,0,model,Y,0.0,0,0.588,0.159,0.617,0.807
77,female,100.0,5.536,different,different,1,0,0,model,Y,0.0,2,0.588,0.235,3.484,1.129
77,female,100.0,2.576,same,same,1,0,0,model,Y,0.0,0,0.588,0.191,0.917,0.879
77,female,150.0,3.097,same,same,1,0,0,model,Y,0.0,0,0.588,0.259,1.217,1.033
77,female,0.0,1.679,same,same,1,0,0,model,Y,0.0,0,0.588,0.1,0.317,0.674
77,female,150.0,5.859,different,different,1,0,0,model,Y,0.0,2,0.588,0.241,3.784,1.146
77,female,100.0,4.727,different,different,1,0,0,model,Y,0.0,2,0.588,0.172,3.034,0.833
77,female,50.0,2.874,different,different,1,0,0,model,Y,0.0,2,0.588,0.132,1.234,0.82
77,female,50.0,2.669,same,same,1,0,0,model,Y,0.0,0,0.588,0.127,1.217,0.736
77,female,0.0,1.679,same,same,1,0,0,model,Y,0.0,0,0.588,0.1,0.317,0.674
77,female,100.0,3.931,same,different,0,1,0,model,Y,0.0,2,0.588,0.171,2.134,0.937
77,female,0.0,1.679,same,same,1,0,0,model,Y,0.0,0,0.588,0.1,0.317,0.674
77,female,0.0,2.147,different,different,1,0,0,model,Y,0.0,2,0.588,0.1,0.634,0.724
77,female,100.0,2.807,same,same,1,0,0,model,Y,0.0,0,0.588,0.17,1.217,0.832
77,female,0.0,2.147,different,different,1,0,0,model,Y,0.0,2,0.588,0.1,0.634,0.724
77,female,0.0,1.679,same,same,1,0,0,model,Y,0.0,0,0.588,0.1,0.317,0.674
77,female,0.0,1.679,same,same,1,0,0,model,Y,0.0,0,0.588,0.1,0.317,0.674
77,female,150.0,2.964,same,same,1,0,0,model,Y,0.0,0,0.588,0.264,1.067,1.044
77,female,100.0,4.003,different,different,1,0,0,model,Y,0.0,2,0.588,0.227,1.984,1.104
77,female,0.0,1.679,same,same,1,0,0,model,Y,0.0,0,0.588,0.1,0.317,0.674
77,female,150.0,4.533,different,different,1,0,0,model,Y,0.0,2,0.588,0.214,2.734,0.896
77,female,100.0,3.823,different,different,1,0,0,model,Y,0.0,2,0.588,0.182,1.984,0.969
77,female,100.0,2.428,same,same,1,0,0,model,Y,0.0,0,0.588,0.192,0.767,0.881
77,female,150.0,4.779,same,different,0,1,0,model,Y,0.0,2,0.588,0.271,2.584,1.236
77,female,0.0,2.147,different,different,1,0,0,model,Y,0.0,2,0.588,0.1,0.634,0.724
77,female,0.0,2.147,different,different,1,0,0,model,Y,0.0,2,0.588,0.1,0.634,0.724
77,female,150.0,4.789,same,different,0,1,0,model,Y,0.0,2,0.588,0.273,2.584,1.243
77,female,100.0,2.706,same,same,1,0,0,model,Y,0.0,0,0.588,0.185,1.067,0.866
77,female,50.0,2.1,same,same,1,0,0,model,Y,0.0,0,0.588,0.137,0.617,0.758
77,female,0.0,1.679,same,same,1,0,0,model,Y,0.0,0,0.588,0.1,0.317,0.674
77,female,50.0,3.839,same,different,0,1,0,model,Y,0.0,2,0.588,0.148,2.134,0.869
77,female,50.0,2.933,same,different,0,1,0,model,Y,0.0,2,0.588,0.147,1.234,0.864
77,female,100.0,2.477,same,same,1,0,0,model,Y,0.0,0,0.588,0.161,0.917,0.811
77,female,150.0,3.04,same,same,1,0,0,model,Y,0.0,0,0.588,0.288,1.067,1.097
77,female,100.0,3.493,different,different,1,0,0,model,Y,0.0,2,0.588,0.174,1.684,0.947
77,female,50.0,5.091,different,different,1,0,0,model,Y,0.0,2,0.588,0.161,3.334,0.907
77,female,50.0,2.876,different,different,1,0,0,model,Y,0.0,2,0.588,0.132,1.234,0.821
77,female,50.0,2.129,same,same,1,0,0,model,Y,0.0,0,0.588,0.146,0.617,0.778
77,female,0.0,2.147,different,different,1,0,0,model,Y,0.0,2,0.588,0.1,0.634,0.724
77,female,150.0,4.226,different,different,1,0,0,model,Y,0.0,2,0.588,0.282,1.984,1.271
77,female,0.0,1.679,same,same,1,0,0,model,Y,0.0,0,0.588,0.1,0.317,0.674
77,female,0.0,1.679,same,same,1,0,0,model,Y,0.0,0,0.588,0.1,0.317,0.674
77,female,100.0,2.53,same,same,1,0,0,model,Y,0.0,0,0.588,0.223,0.767,0.951
77,female,0.0,2.147,different,different,1,0,0,model,Y,0.0,2,0.588,0.1,0.634,0.724
77,female,100.0,2.565,same,same,1,0,0,model,Y,0.0,0,0.588,0.188,0.917,0.872
77,female,0.0,2.147,different,different,1,0,0,model,Y,0.0,2,0.588,0.1,0.634,0.724
77,female,150.0,2.957,same,same,1,0,0,model,Y,0.0,0,0.588,0.262,1.067,1.04
77,female,150.0,4.739,different,different,1,0,0,model,Y,0.0,2,0.588,0.261,2.584,1.206
77,female,100.0,3.104,same,same,1,0,0,model,Y,0.0,0,0.588,0.215,1.367,0.934
77,female,0.0,1.679,same,same,1,0,0,model,Y,0.0,0,0.588,0.1,0.317,0.674
77,female,0.0,1.679,same,same,1,0,0,model,Y,0.0,0,0.588,0.1,0.317,0.674
77,female,0.0,1.679,same,same,1,0,0,model,Y,0.0,0,0.588,0.1,0.317,0.674
78,male,50.0,2.312,same,same,1,0,0,model,Y,0.0,0,0.469,0.164,0.876,0.803
78,male,100.0,2.198,same,same,1,0,0,model,Y,0.0,0,0.469,0.175,0.726,0.827
78,male,50.0,2.623,same,different,0,1,0,model,Y,0.0,2,0.469,0.137,1.153,0.764
78,male,100.0,3.421,different,different,1,0,0,model,Y,0.0,2,0.469,0.173,1.753,0.926
78,male,50.0,1.984,same,same,1,0,0,model,Y,0.0,0,0.469,0.155,0.576,0.783
78,male,0.0,1.504,same,same,1,0,0,model,Y,0.0,0,0.469,0.1,0.276,0.659
78,male,50.0,2.285,same,same,1,0,0,model,Y,0.0,0,0.469,0.155,0.876,0.784
78,male,150.0,2.726,same,same,1,0,0,model,Y,0.0,0,0.469,0.291,0.876,1.089
78,male,0.0,1.931,different,different,1,0,0,model,Y,0.0,2,0.469,0.1,0.553,0.709
78,male,150.0,3.297,same,same,1,0,0,model,Y,0.0,0,0.469,0.236,1.626,0.965
78,male,50.0,2.003,same,same,1,0,0,model,Y,0.0,0,0.469,0.161,0.576,0.796
78,male,50.0,2.117,same,same,1,0,0,model,Y,0.0,0,0.469,0.15,0.726,0.771
78,male,100.0,2.348,same,same,1,0,0,model,Y,0.0,0,0.469,0.175,0.876,0.827
78,male,0.0,1.504,same,same,1,0,0,model,Y,0.0,0,0.469,0.1,0.276,0.659
78,male,0.0,1.931,same,different,0,1,0,model,Y,0.0,2,0.469,0.1,0.553,0.709
78,male,0.0,1.931,same,different,0,1,0,model,Y,0.0,2,0.469,0.1,0.553,0.709
78,male,100.0,2.5,same,same,1,0,0,model,Y,0.0,0,0.469,0.222,0.876,0.932
78,male,100.0,3.558,same,different,0,1,0,model,Y,0.0,2,0.469,0.207,1.753,1.03
78,male,0.0,1.931,different,different,1,0,0,model,Y,0.0,2,0.469,0.1,0.553,0.709
78,male,100.0,4.106,different,different,1,0,0,model,Y,0.0,2,0.469,0.194,2.353,0.99
78,male,0.0,1.931,different,different,1,0,0,model,Y,0.0,2,0.469,0.1,0.553,0.709
78,male,50.0,1.998,same,same,1,0,0,model,Y,0.0,0,0.469,0.16,0.576,0.793
78,male,100.0,4.0,different,different,1,0,0,model,Y,0.0,2,0.469,0.205,2.203,1.023
78,male,0.0,1.931,different,different,1,0,0,model,Y,0.0,2,0.469,0.1,0.553,0.709
78,male,0.0,1.931,different,different,1,0,0,model,Y,0.0,2,0.469,0.1,0.553,0.709
78,male,100.0,2.61,same,same,1,0,0,model,Y,0.0,0,0.469,0.209,1.026,0.905
78,male,100.0,3.417,different,different,1,0,0,model,Y,0.0,2,0.469,0.209,1.603,1.036
78,male,150.0,2.966,same,same,1,0,0,model,Y,0.0,0,0.469,0.226,1.326,0.943
78,male,100.0,2.405,same,same,1,0,0,model,Y,0.0,0,0.469,0.239,0.726,0.971
78,male,50.0,3.016,same,different,0,1,0,model,Y,0.0,2,0.469,0.146,1.453,0.848
78,male,50.0,2.936,different,different,1,0,0,model,Y,0.0,2,0.469,0.164,1.303,0.9
78,male,150.0,3.675,same,same,1,0,0,model,Y,0.0,0,0.469,0.214,2.076,0.915
78,male,150.0,4.531,different,different,1,0,0,model,Y,0.0,2,0.469,0.225,2.653,1.084
78,male,150.0,2.815,same,same,1,0,0,model,Y,0.0,0,0.469,0.273,1.026,1.047
78,male,100.0,4.186,different,different,1,0,0,model,Y,0.0,2,0.469,0.176,2.503,0.938
78,male,0.0,1.504,same,same,1,0,0,model,Y,0.0,0,0.469,0.1,0.276,0.659
78,male,0.0,1.931,same,different,0,1,0,model,Y,0.0,2,0.469,0.1,0.553,0.709
78,male,0.0,1.504,same,same,1,0,0,model,Y,0.0,0,0.469,0.1,0.276,0.659
78,male,50.0,2.164,same,same,1,0,0,model,Y,0.0,0,0.469,0.164,0.726,0.804
78,male,100.0,2.554,same,same,1,0,0,model,Y,0.0,0,0.469,0.192,1.026,0.866
78,male,100.0,3.242,different,different,1,0,0,model,Y,0.0,2,0.469,0.165,1.603,0.905
78,male,50.0,2.022,same,same,1,0,0,model,Y,0.0,0,0.469,0.167,0.576,0.81
78,male,100.0,3.286,different,different,1,0,0,model,Y,0.0,2,0.469,0.162,1.753,0.802
78,male,0.0,1.931,different,different,1,0,0,model,Y,0.0,2,0.469,0.1,0.553,0.709
78,male,150.0,4.031,different,different,1,0,0,model,Y,0.0,2,0.469,0.212,2.203,1.046
78,male,100.0,3.685,same,different,0,1,0,model,Y,0.0,2,0.469,0.201,1.903,1.012
78,male,100.0,3.499,different,different,1,0,0,model,Y,0.0,2,0.469,0.23,1.603,1.097
78,male,0.0,1.931,different,different,1,0,0,model,Y,0.0,2,0.469,0.1,0.553,0.709
78,male,150.0,2.579,same,same,1,0,0,model,Y,0.0,0,0.469,0.2,1.026,0.883
78,male,50.0,2.866,different,different,1,0,0,model,Y,0.0,2,0.469,0.146,1.303,0.848
78,male,150.0,5.696,different,different,1,0,0,model,Y,0.0,2,0.469,0.226,4.003,0.898
78,male,0.0,1.504,same,same,1,0,0,model,Y,0.0,0,0.469,0.1,0.276,0.659
78,male,0.0,1.504,same,same,1,0,0,model,Y,0.0,0,0.469,0.1,0.276,0.659
78,male,150.0,2.409,same,same,1,0,0,model,Y,0.0,0,0.469,0.194,0.876,0.87
78,male,50.0,2.219,same,same,1,0,0,model,Y,0.0,0,0.469,0.135,0.876,0.738
78,male,0.0,1.931,different,different,1,0,0,model,Y,0.0,2,0.469,0.1,0.553,0.709
78,male,150.0,4.983,different,different,1,0,0,model,Y,0.0,2,0.469,0.263,2.953,1.198
78,male,100.0,3.188,different,different,1,0,0,model,Y,0.0,2,0.469,0.152,1.603,0.864
78,male,0.0,1.504,same,same,1,0,0,model,Y,0.0,0,0.469,0.1,0.276,0.659
78,male,50.0,2.093,same,same,1,0,0,model,Y,0.0,0,0.469,0.143,0.726,0.755
78,male,150.0,3.216,same,same,1,0,0,model,Y,0.0,0,0.469,0.257,1.476,1.013
78,male,100.0,3.287,same,different,0,1,0,model,Y,0.0,2,0.469,0.177,1.603,0.938
78,male,50.0,2.75,different,different,1,0,0,model,Y,0.0,2,0.469,0.155,1.153,0.873
78,male,150.0,4.126,different,different,1,0,0,model,Y,0.0,2,0.469,0.274,2.053,1.23
78,male,50.0,2.304,same,same,1,0,0,model,Y,0.0,0,0.469,0.161,0.876,0.797
78,male,50.0,2.639,different,different,1,0,0,model,Y,0.0,2,0.469,0.127,1.153,0.79
78,male,0.0,1.504,same,same,1,0,0,model,Y,0.0,0,0.469,0.1,0.276,0.659
78,male,0.0,1.504,same,same,1,0,0,model,Y,0.0,0,0.469,0.1,0.276,0.659
78,male,150.0,4.194,different,different,1,0,0,model,Y,0.0,2,0.469,0.253,2.203,1.168
78,male,0.0,1.931,same,different,0,1,0,model,Y,0.0,2,0.469,0.1,0.553,0.709
78,male,150.0,2.677,same,same,1,0,0,model,Y,0.0,0,0.469,0.23,1.026,0.951
78,male,150.0,4.218,different,different,1,0,0,model,Y,0.0,2,0.469,0.259,2.203,1.187
78,male,0.0,1.931,different,different,1,0,0,model,Y,0.0,2,0.469,0.1,0.553,0.709
78,male,50.0,2.752,different,different,1,0,0,model,Y,0.0,2,0.469,0.128,1.303,0.751
78,male,100.0,3.634,different,different,1,0,0,model,Y,0.0,2,0.469,0.151,2.053,0.861
78,male,150.0,3.069,same,same,1,0,0,model,Y,0.0,0,0.469,0.258,1.326,1.015
78,male,100.0,2.402,same,same,1,0,0,model,Y,0.0,0,0.469,0.192,0.876,0.865
78,male,100.0,2.577,same,same,1,0,0,model,Y,0.0,0,0.469,0.245,0.876,0.986
78,male,50.0,1.981,same,same,1,0,0,model,Y,0.0,0,0.469,0.154,0.576,0.781
78,male,100.0,2.935,same,same,1,0,0,model,Y,0.0,0,0.469,0.217,1.326,0.922
78,male,50.0,1.918,same,same,1,0,0,model,Y,0.0,0,0.469,0.135,0.576,0.737
78,male,50.0,2.734,different,different,1,0,0,model,Y,0.0,2,0.469,0.151,1.153,0.861
78,male,150.0,6.126,different,different,1,0,0,model,Y,0.0,2,0.469,0.249,4.153,1.156
78,male,0.0,1.931,different,different,1,0,0,model,Y,0.0,2,0.469,0.1,0.553,0.709
78,male,100.0,2.209,same,same,1,0,0,model,Y,0.0,0,0.469,0.178,0.726,0.835
78,male,0.0,1.931,same,different,0,1,0,model,Y,0.0,2,0.469,0.1,0.553,0.709
78,male,0.0,1.931,different,different,1,0,0,model,Y,0.0,2,0.469,0.1,0.553,0.709
78,male,50.0,2.706,different,different,1,0,0,model,Y,0.0,2,0.469,0.17,1.153,0.814
78,male,0.0,1.931,same,different,0,1,0,model,Y,0.0,2,0.469,0.1,0.553,0.709
78,male,100.0,4.006,different,different,1,0,0,model,Y,0.0,2,0.469,0.206,2.203,1.027
78,male,0.0,1.931,different,different,1,0,0,model,Y,0.0,2,0.469,0.1,0.553,0.709
78,male,100.0,3.657,same,different,0,1,0,model,Y,0.0,2,0.469,0.194,1.903,0.991
78,male,0.0,1.504,same,same,1,0,0,model,Y,0.0,0,0.469,0.1,0.276,0.659
78,male,0.0,1.931,different,different,1,0,0,model,Y,0.0,2,0.469,0.1,0.553,0.709
78,male,0.0,1.504,same,same,1,0,0,model,Y,0.0,0,0.469,0.1,0.276,0.659
78,male,0.0,1.931,different,different,1,0,0,model,Y,0.0,2,0.469,0.1,0.553,0.709
79,male,100.0,3.616,different,different,1,0,0,model,Y,0.0,3,0.448,0.173,1.716,1.13
79,male,100.0,2.783,same,same,1,0,0,model,Y,0.0,0,0.448,0.165,1.322,0.849
79,male,50.0,3.433,different,different,1,0,0,model,Y,0.0,3,0.448,0.146,1.716,0.973
79,male,0.0,2.417,different,different,1,0,0,model,Y,0.0,3,0.448,0.1,0.816,0.904
79,male,0.0,1.523,same,same,1,0,0,model,Y,0.0,0,0.448,0.1,0.272,0.704
79,male,100.0,2.252,same,same,1,0,0,model,Y,0.0,0,0.448,0.186,0.722,0.897
79,male,0.0,1.523,same,same,1,0,0,model,Y,0.0,0,0.448,0.1,0.272,0.704
79,male,150.0,4.748,different,different,1,0,0,model,Y,0.0,3,0.448,0.265,2.466,1.419
79,male,0.0,1.523,same,same,1,0,0,model,Y,0.0,0,0.448,0.1,0.272,0.704
79,male,100.0,2.874,same,same,1,0,0,model,Y,0.0,0,0.448,0.239,1.172,1.016
79,male,0.0,1.523,same,same,1,0,0,model,Y,0.0,0,0.448,0.1,0.272,0.704
79,male,50.0,1.921,same,same,1,0,0,model,Y,0.0,0,0.448,0.13,0.572,0.772
79,male,100.0,3.187,same,same,1,0,0,model,Y,0.0,0,0.448,0.243,1.472,1.025
79,male,150.0,2.349,same,same,1,0,0,model,Y,0.0,0,0.448,0.216,0.722,0.964
79,male,150.0,4.146,different,different,1,0,0,model,Y,0.0,3,0.448,0.227,2.016,1.306
79,male,150.0,5.519,different,different,1,0,0,model,Y,0.0,3,0.448,0.271,3.216,1.435
79,male,100.0,4.468,different,different,1,0,0,model,Y,0.0,3,0.448,0.2,2.616,1.054
79,male,150.0,2.739,same,same,1,0,0,model,Y,0.0,0,0.448,0.243,1.022,1.026
79,male,50.0,3.465,different,different,1,0,0,model,Y,0.0,3,0.448,0.136,1.716,1.016
79,male,150.0,5.362,same,different,0,1,0,model,Y,0.0,3,0.448,0.232,3.216,1.316
79,male,0.0,2.417,different,different,1,0,0,model,Y,0.0,3,0.448,0.1,0.816,0.904
79,male,100.0,2.647,same,same,1,0,0,model,Y,0.0,0,0.448,0.169,1.172,0.859
79,male,0.0,2.417,different,different,1,0,0,model,Y,0.0,3,0.448,0.1,0.816,0.904
79,male,50.0,3.76,different,different,1,0,0,model,Y,0.0,3,0.448,0.173,1.866,1.124
79,male,150.0,2.436,same,same,1,0,0,model,Y,0.0,0,0.448,0.196,0.872,0.92
79,male,50.0,1.995,same,same,1,0,0,model,Y,0.0,0,0.448,0.153,0.572,0.822
79,male,0.0,1.523,same,same,1,0,0,model,Y,0.0,0,0.448,0.1,0.272,0.704
79,male,0.0,1.523,same,same,1,0,0,model,Y,0.0,0,0.448,0.1,0.272,0.704
79,male,100.0,2.75,same,same,1,0,0,model,Y,0.0,0,0.448,0.247,1.022,1.034
79,male,100.0,4.639,different,different,1,0,0,model,Y,0.0,3,0.448,0.239,2.466,1.337
79,male,0.0,2.417,different,different,1,0,0,model,Y,0.0,3,0.448,0.1,0.816,0.904
79,male,150.0,2.734,same,same,1,0,0,model,Y,0.0,0,0.448,0.288,0.872,1.126
79,male,100.0,2.201,same,same,1,0,0,model,Y,0.0,0,0.448,0.17,0.722,0.861
79,male,0.0,2.417,different,different,1,0,0,model,Y,0.0,3,0.448,0.1,0.816,0.904
79,male,100.0,2.579,same,same,1,0,0,model,Y,0.0,0,0.448,0.24,0.872,1.019
79,male,50.0,2.023,same,same,1,0,0,model,Y,0.0,0,0.448,0.161,0.572,0.842
79,male,150.0,3.001,same,same,1,0,0,model,Y,0.0,0,0.448,0.278,1.172,1.103
79,male,0.0,2.417,different,different,1,0,0,model,Y,0.0,3,0.448,0.1,0.816,0.904
79,male,150.0,3.456,same,same,1,0,0,model,Y,0.0,0,0.448,0.187,1.922,0.899
79,male,150.0,8.784,different,different,1,0,0,model,Y,0.0,3,0.448,0.247,6.816,1.124
79,male,0.0,1.523,same,same,1,0,0,model,Y,0.0,0,0.448,0.1,0.272,0.704
79,male,0.0,1.523,same,same,1,0,0,model,Y,0.0,0,0.448,0.1,0.272,0.704
79,male,150.0,4.772,different,different,1,0,0,model,Y,0.0,3,0.448,0.202,2.916,1.057
79,male,50.0,3.282,different,different,1,0,0,model,Y,0.0,3,0.448,0.164,1.416,1.104
79,male,150.0,4.939,different,different,1,0,0,model,Y,0.0,3,0.448,0.24,2.766,1.336
79,male,50.0,3.48,different,different,1,0,0,model,Y,0.0,3,0.448,0.14,1.716,1.027
79,male,0.0,1.523,same,same,1,0,0,model,Y,0.0,0,0.448,0.1,0.272,0.704
79,male,100.0,2.725,same,same,1,0,0,model,Y,0.0,0,0.448,0.239,1.022,1.017
79,male,0.0,1.523,same,same,1,0,0,model,Y,0.0,0,0.448,0.1,0.272,0.704
79,male,100.0,2.481,same,same,1,0,0,model,Y,0.0,0,0.448,0.21,0.872,0.951
79,male,100.0,4.032,different,different,1,0,0,model,Y,0.0,3,0.448,0.206,2.166,1.063
79,male,0.0,2.417,different,different,1,0,0,model,Y,0.0,3,0.448,0.1,0.816,0.904
79,male,150.0,3.468,same,same,1,0,0,model,Y,0.0,0,0.448,0.237,1.772,1.012
79,male,150.0,4.828,different,different,1,0,0,model,Y,0.0,3,0.448,0.283,2.466,1.481
79,male,150.0,4.574,different,different,1,0,0,model,Y,0.0,3,0.448,0.226,2.466,1.284
79,male,0.0,2.417,different,different,1,0,0,model,Y,0.0,3,0.448,0.1,0.816,0.904
79,male,150.0,2.572,same,same,1,0,0,model,Y,0.0,0,0.448,0.238,0.872,1.014
79,male,50.0,3.673,different,different,1,0,0,model,Y,0.0,3,0.448,0.148,1.866,1.062
79,male,100.0,3.681,different,different,1,0,0,model,Y,0.0,3,0.448,0.153,1.866,1.064
79,male,50.0,3.165,different,different,1,0,0,model,Y,0.0,3,0.448,0.133,1.416,1.018
79,male,0.0,1.523,same,same,1,0,0,model,Y,0.0,0,0.448,0.1,0.272,0.704
79,male,50.0,2.148,same,same,1,0,0,model,Y,0.0,0,0.448,0.154,0.722,0.825
79,male,0.0,2.417,different,different,1,0,0,model,Y,0.0,3,0.448,0.1,0.816,0.904
79,male,150.0,3.359,same,same,1,0,0,model,Y,0.0,0,0.448,0.249,1.622,1.04
79,male,150.0,5.679,different,different,1,0,0,model,Y,0.0,3,0.448,0.325,3.516,1.241
79,male,150.0,2.764,same,same,1,0,0,model,Y,0.0,0,0.448,0.251,1.022,1.043
79,male,50.0,3.206,different,different,1,0,0,model,Y,0.0,3,0.448,0.145,1.416,1.047
79,male,50.0,3.524,different,different,1,0,0,model,Y,0.0,3,0.448,0.15,1.716,1.06
79,male,100.0,2.581,same,same,1,0,0,model,Y,0.0,0,0.448,0.195,1.022,0.917
79,male,100.0,2.25,same,same,1,0,0,model,Y,0.0,0,0.448,0.185,0.722,0.895
79,male,100.0,2.895,same,same,1,0,0,model,Y,0.0,0,0.448,0.199,1.322,0.926
79,male,100.0,2.677,same,same,1,0,0,model,Y,0.0,0,0.448,0.224,1.022,0.983
79,male,0.0,2.417,different,different,1,0,0,model,Y,0.0,3,0.448,0.1,0.816,0.904
79,male,50.0,2.146,same,same,1,0,0,model,Y,0.0,0,0.448,0.153,0.722,0.823
79,male,50.0,5.194,different,different,1,0,0,model,Y,0.0,3,0.448,0.155,3.366,1.076
79,male,0.0,1.523,same,same,1,0,0,model,Y,0.0,0,0.448,0.1,0.272,0.704
79,male,150.0,2.964,same,same,1,0,0,model,Y,0.0,0,0.448,0.22,1.322,0.974
79,male,50.0,2.165,same,same,1,0,0,model,Y,0.0,0,0.448,0.159,0.722,0.836
79,male,100.0,2.33,same,same,1,0,0,model,Y,0.0,0,0.448,0.21,0.722,0.951
79,male,50.0,3.319,different,different,1,0,0,model,Y,0.0,3,0.448,0.138,1.566,1.017
79,male,0.0,1.523,same,same,1,0,0,model,Y,0.0,0,0.448,0.1,0.272,0.704
79,male,0.0,2.417,different,different,1,0,0,model,Y,0.0,3,0.448,0.1,0.816,0.904
79,male,50.0,2.031,same,same,1,0,0,model,Y,0.0,0,0.448,0.164,0.572,0.848
79,male,150.0,3.394,same,same,1,0,0,model,Y,0.0,0,0.448,0.306,1.472,1.168
79,male,50.0,3.252,different,different,1,0,0,model,Y,0.0,3,0.448,0.154,1.416,1.084
79,male,100.0,4.316,different,different,1,0,0,model,Y,0.0,3,0.448,0.16,2.466,1.092
79,male,150.0,2.999,same,same,1,0,0,model,Y,0.0,0,0.448,0.277,1.172,1.102
79,male,100.0,2.361,same,same,1,0,0,model,Y,0.0,0,0.448,0.173,0.872,0.868
79,male,100.0,2.232,same,same,1,0,0,model,Y,0.0,0,0.448,0.18,0.722,0.883
79,male,50.0,2.089,same,same,1,0,0,model,Y,0.0,0,0.448,0.136,0.722,0.784
79,male,150.0,3.72,same,same,1,0,0,model,Y,0.0,0,0.448,0.222,2.072,0.978
79,male,150.0,3.471,same,same,1,0,0,model,Y,0.0,0,0.448,0.238,1.772,1.014
79,male,0.0,2.417,different,different,1,0,0,model,Y,0.0,3,0.448,0.1,0.816,0.904
79,male,50.0,1.924,same,same,1,0,0,model,Y,0.0,0,0.448,0.131,0.572,0.773
79,male,0.0,1.523,same,same,1,0,0,model,Y,0.0,0,0.448,0.1,0.272,0.704
79,male,100.0,2.393,same,same,1,0,0,model,Y,0.0,0,0.448,0.183,0.872,0.891
80,female,50.0,5.26,same,different,0,1,0,model,Y,0.0,2,0.609,0.148,3.523,0.88
80,female,50.0,2.267,same,same,1,0,0,model,Y,0.0,0,0.609,0.15,0.711,0.797
80,female,150.0,4.361,different,different,1,0,0,model,Y,0.0,2,0.609,0.238,2.473,0.942
80,female,100.0,3.761,different,different,1,0,0,model,Y,0.0,2,0.609,0.186,1.873,0.994
80,female,0.0,1.655,same,same,1,0,0,model,Y,0.0,0,0.609,0.1,0.261,0.685
80,female,100.0,2.868,same,same,1,0,0,model,Y,0.0,0,0.609,0.196,1.161,0.902
80,female,100.0,3.359,different,different,1,0,0,model,Y,0.0,2,0.609,0.161,1.573,0.917
80,female,0.0,2.067,different,different,1,0,0,model,Y,0.0,2,0.609,0.1,0.523,0.735
80,female,150.0,3.528,same,same,1,0,0,model,Y,0.0,0,0.609,0.261,1.611,1.047
80,female,50.0,3.747,different,different,1,0,0,model,Y,0.0,2,0.609,0.145,2.023,0.871
80,female,50.0,2.097,same,same,1,0,0,model,Y,0.0,0,0.609,0.144,0.561,0.784
80,female,100.0,3.947,same,same,1,0,0,model,Y,0.0,0,0.609,0.205,2.211,0.922
80,female,0.0,1.655,same,same,1,0,0,model,Y,0.0,0,0.609,0.1,0.261,0.685
80,female,150.0,4.083,different,different,1,0,0,model,Y,0.0,2,0.609,0.192,2.173,1.01
80,female,150.0,5.876,different,different,1,0,0,model,Y,0.0,2,0.609,0.265,3.673,1.23
80,female,150.0,2.868,same,same,1,0,0,model,Y,0.0,0,0.609,0.242,1.011,1.005
80,female,150.0,7.78,different,different,1,0,0,model,Y,0.0,2,0.609,0.225,5.923,0.923
80,female,50.0,2.449,same,same,1,0,0,model,Y,0.0,0,0.609,0.16,0.861,0.82
80,female,100.0,4.246,different,different,1,0,0,model,Y,0.0,2,0.609,0.232,2.173,1.132
80,female,0.0,1.655,same,same,1,0,0,model,Y,0.0,0,0.609,0.1,0.261,0.685
80,female,150.0,3.312,same,same,1,0,0,model,Y,0.0,0,0.609,0.287,1.311,1.105
80,female,100.0,3.377,different,different,1,0,0,model,Y,0.0,2,0.609,0.165,1.573,0.931
80,female,0.0,1.655,same,same,1,0,0,model,Y,0.0,0,0.609,0.1,0.261,0.685
80,female,50.0,3.786,different,different,1,0,0,model,Y,0.0,2,0.609,0.155,2.023,0.9
80,female,100.0,2.632,same,same,1,0,0,model,Y,0.0,0,0.609,0.216,0.861,0.946
80,female,150.0,3.126,same,same,1,0,0,model,Y,0.0,0,0.609,0.276,1.161,1.081
80,female,100.0,2.355,same,same,1,0,0,model,Y,0.0,0,0.609,0.177,0.711,0.858
80,female,50.0,2.089,same,same,1,0,0,model,Y,0.0,0,0.609,0.141,0.561,0.778
80,female,150.0,4.176,same,same,1,0,0,model,Y,0.0,0,0.609,0.183,2.511,0.873
80,female,100.0,4.411,different,different,1,0,0,model,Y,0.0,2,0.609,0.236,2.323,1.143
80,female,50.0,2.087,same,same,1,0,0,model,Y,0.0,0,0.609,0.141,0.561,0.777
80,female,50.0,2.162,same,same,1,0,0,model,Y,0.0,0,0.609,0.164,0.561,0.828
80,female,0.0,2.067,same,different,0,1,0,model,Y,0.0,2,0.609,0.1,0.523,0.735
80,female,50.0,2.267,same,same,1,0,0,model,Y,0.0,0,0.609,0.15,0.711,0.798
80,female,100.0,5.225,different,different,1,0,0,model,Y,0.0,2,0.609,0.215,3.223,1.079
80,female,100.0,2.897,same,same,1,0,0,model,Y,0.0,0,0.609,0.159,1.311,0.818
80,female,100.0,2.672,same,same,1,0,0,model,Y,0.0,0,0.609,0.228,0.861,0.974
80,female,0.0,2.067,different,different,1,0,0,model,Y,0.0,2,0.609,0.1,0.523,0.735
80,female,0.0,2.067,different,different,1,0,0,model,Y,0.0,2,0.609,0.1,0.523,0.735
80,female,0.0,1.655,same,same,1,0,0,model,Y,0.0,0,0.609,0.1,0.261,0.685
80,female,50.0,3.05,different,different,1,0,0,model,Y,0.0,2,0.609,0.158,1.273,0.91
80,female,0.0,1.655,same,same,1,0,0,model,Y,0.0,0,0.609,0.1,0.261,0.685
80,female,100.0,2.557,same,same,1,0,0,model,Y,0.0,0,0.609,0.193,0.861,0.894
80,female,150.0,4.752,different,different,1,0,0,model,Y,0.0,2,0.609,0.284,2.473,1.287
80,female,50.0,2.856,different,different,1,0,0,model,Y,0.0,2,0.609,0.147,1.123,0.878
80,female,0.0,1.655,same,same,1,0,0,model,Y,0.0,0,0.609,0.1,0.261,0.685
80,female,0.0,1.655,same,same,1,0,0,model,Y,0.0,0,0.609,0.1,0.261,0.685
80,female,150.0,4.888,different,different,1,0,0,model,Y,0.0,2,0.609,0.268,2.923,0.988
80,female,50.0,2.108,same,same,1,0,0,model,Y,0.0,0,0.609,0.147,0.561,0.791
80,female,50.0,2.134,same,same,1,0,0,model,Y,0.0,0,0.609,0.155,0.561,0.809
80,female,50.0,2.812,different,different,1,0,0,model,Y,0.0,2,0.609,0.158,1.123,0.822
80,female,50.0,3.622,different,different,1,0,0,model,Y,0.0,2,0.609,0.151,1.873,0.89
80,female,0.0,1.655,same,same,1,0,0,model,Y,0.0,0,0.609,0.1,0.261,0.685
80,female,0.0,2.067,different,different,1,0,0,model,Y,0.0,2,0.609,0.1,0.523,0.735
80,female,150.0,2.83,same,same,1,0,0,model,Y,0.0,0,0.609,0.231,1.011,0.979
80,female,150.0,3.123,same,same,1,0,0,model,Y,0.0,0,0.609,0.275,1.161,1.078
80,female,100.0,2.462,same,same,1,0,0,model,Y,0.0,0,0.609,0.164,0.861,0.829
80,female,50.0,3.085,different,different,1,0,0,model,Y,0.0,2,0.609,0.167,1.273,0.937
80,female,150.0,2.961,same,same,1,0,0,model,Y,0.0,0,0.609,0.271,1.011,1.07
80,female,100.0,5.642,different,different,1,0,0,model,Y,0.0,2,0.609,0.206,3.673,1.054
80,female,50.0,3.095,different,different,1,0,0,model,Y,0.0,2,0.609,0.132,1.423,0.831
80,female,0.0,1.655,same,same,1,0,0,model,Y,0.0,0,0.609,0.1,0.261,0.685
80,female,100.0,3.704,same,different,0,1,0,model,Y,0.0,2,0.609,0.172,1.873,0.951
80,female,100.0,2.331,same,same,1,0,0,model,Y,0.0,0,0.609,0.169,0.711,0.841
80,female,50.0,2.134,same,same,1,0,0,model,Y,0.0,0,0.609,0.155,0.561,0.809
80,female,50.0,2.203,same,same,1,0,0,model,Y,0.0,0,0.609,0.13,0.711,0.753
80,female,100.0,4.152,same,different,0,1,0,model,Y,0.0,2,0.609,0.209,2.173,1.062
80,female,0.0,2.067,different,different,1,0,0,model,Y,0.0,2,0.609,0.1,0.523,0.735
80,female,150.0,4.432,same,different,0,1,0,model,Y,0.0,2,0.609,0.279,2.173,1.272
80,female,150.0,4.19,different,different,1,0,0,model,Y,0.0,2,0.609,0.218,2.173,1.091
80,female,100.0,2.869,same,same,1,0,0,model,Y,0.0,0,0.609,0.243,1.011,1.006
80,female,150.0,5.486,different,different,1,0,0,model,Y,0.0,2,0.609,0.28,3.223,1.275
80,female,150.0,3.242,same,same,1,0,0,model,Y,0.0,0,0.609,0.265,1.311,1.057
80,female,100.0,6.836,same,different,0,1,0,model,Y,0.0,2,0.609,0.208,5.023,0.897
80,female,150.0,3.104,same,same,1,0,0,model,Y,0.0,0,0.609,0.223,1.311,0.961
80,female,100.0,2.372,same,same,1,0,0,model,Y,0.0,0,0.609,0.182,0.711,0.87
80,female,50.0,2.994,different,different,1,0,0,model,Y,0.0,2,0.609,0.144,1.273,0.868
80,female,0.0,2.067,different,different,1,0,0,model,Y,0.0,2,0.609,0.1,0.523,0.735
80,female,150.0,5.048,different,different,1,0,0,model,Y,0.0,2,0.609,0.245,2.923,1.171
80,female,0.0,1.655,same,same,1,0,0,model,Y,0.0,0,0.609,0.1,0.261,0.685
80,female,100.0,4.139,different,different,1,0,0,model,Y,0.0,2,0.609,0.205,2.173,1.052
80,female,150.0,4.87,different,different,1,0,0,model,Y,0.0,2,0.609,0.238,2.773,1.15
80,female,50.0,2.852,same,same,1,0,0,model,Y,0.0,0,0.609,0.145,1.311,0.787
80,female,150.0,10.027,different,different,1,0,0,model,Y,0.0,2,0.609,0.253,7.873,1.193
80,female,150.0,3.124,same,same,1,0,0,model,Y,0.0,0,0.609,0.321,1.011,1.183
80,female,100.0,4.437,different,different,1,0,0,model,Y,0.0,2,0.609,0.168,2.623,0.938
80,female,150.0,5.151,same,different,0,1,0,model,Y,0.0,2,0.609,0.271,2.923,1.248
80,female,0.0,2.067,different,different,1,0,0,model,Y,0.0,2,0.609,0.1,0.523,0.735
80,female,50.0,2.215,same,same,1,0,0,model,Y,0.0,0,0.609,0.134,0.711,0.761
80,female,100.0,2.558,same,same,1,0,0,model,Y,0.0,0,0.609,0.239,0.711,0.998
80,female,150.0,4.757,same,different,0,1,0,model,Y,0.0,2,0.609,0.276,2.773,1.0
80,female,150.0,5.754,same,different,0,1,0,model,Y,0.0,2,0.609,0.234,3.673,1.138
80,female,50.0,2.262,same,same,1,0,0,model,Y,0.0,0,0.609,0.148,0.711,0.794
80,female,100.0,3.506,different,different,1,0,0,model,Y,0.0,2,0.609,0.197,1.573,1.027
80,female,150.0,5.644,different,different,1,0,0,model,Y,0.0,2,0.609,0.244,3.523,1.168
80,female,150.0,2.699,same,same,1,0,0,model,Y,0.0,0,0.609,0.237,0.861,0.992
81,male,150.0,5.245,different,different,1,0,0,model,Y,0.0,2,0.585,0.238,3.243,1.079
81,male,0.0,1.57,same,same,1,0,0,model,Y,0.0,0,0.585,0.1,0.271,0.614
81,male,100.0,2.551,same,same,1,0,0,model,Y,0.0,0,0.585,0.217,0.871,0.878
81,male,50.0,3.825,different,different,1,0,0,model,Y,0.0,2,0.585,0.146,2.193,0.802
81,male,0.0,1.57,same,same,1,0,0,model,Y,0.0,0,0.585,0.1,0.271,0.614
81,male,100.0,2.735,same,same,1,0,0,model,Y,0.0,0,0.585,0.181,1.171,0.797
81,male,50.0,1.994,same,same,1,0,0,model,Y,0.0,0,0.585,0.138,0.571,0.699
81,male,50.0,3.037,different,different,1,0,0,model,Y,0.0,2,0.585,0.136,1.443,0.773
81,male,100.0,3.695,different,different,1,0,0,model,Y,0.0,2,0.585,0.188,1.893,0.929
81,male,0.0,1.57,same,same,1,0,0,model,Y,0.0,0,0.585,0.1,0.271,0.614
81,male,150.0,3.989,different,different,1,0,0,model,Y,0.0,2,0.585,0.262,1.893,1.15
81,male,100.0,3.257,same,different,0,1,0,model,Y,0.0,2,0.585,0.191,1.443,0.938
81,male,100.0,2.635,same,same,1,0,0,model,Y,0.0,0,0.585,0.197,1.021,0.832
81,male,100.0,2.474,same,same,1,0,0,model,Y,0.0,0,0.585,0.193,0.871,0.824
81,male,150.0,3.476,same,same,1,0,0,model,Y,0.0,0,0.585,0.271,1.621,0.999
81,male,0.0,1.57,same,same,1,0,0,model,Y,0.0,0,0.585,0.1,0.271,0.614
81,male,100.0,2.848,same,same,1,0,0,model,Y,0.0,0,0.585,0.216,1.171,0.875
81,male,150.0,7.239,different,different,1,0,0,model,Y,0.0,2,0.585,0.249,5.193,1.112
81,male,150.0,2.686,same,same,1,0,0,model,Y,0.0,0,0.585,0.259,0.871,0.971
81,male,150.0,3.606,same,same,1,0,0,model,Y,0.0,0,0.585,0.219,1.921,0.881
81,male,50.0,2.695,different,different,1,0,0,model,Y,0.0,2,0.585,0.126,1.143,0.741
81,male,0.0,1.57,same,same,1,0,0,model,Y,0.0,0,0.585,0.1,0.271,0.614
81,male,100.0,3.491,different,different,1,0,0,model,Y,0.0,2,0.585,0.212,1.593,1.001
81,male,0.0,1.57,same,same,1,0,0,model,Y,0.0,0,0.585,0.1,0.271,0.614
81,male,150.0,2.854,same,same,1,0,0,model,Y,0.0,0,0.585,0.264,1.021,0.984
81,male,0.0,1.57,same,same,1,0,0,model,Y,0.0,0,0.585,0.1,0.271,0.614
81,male,150.0,2.505,same,same,1,0,0,model,Y,0.0,0,0.585,0.203,0.871,0.845
81,male,100.0,4.445,same,different,0,1,0,model,Y,0.0,2,0.585,0.188,2.643,0.929
81,male,150.0,2.728,same,same,1,0,0,model,Y,0.0,0,0.585,0.226,1.021,0.897
81,male,0.0,1.991,same,different,0,1,0,model,Y,0.0,2,0.585,0.1,0.543,0.664
81,male,0.0,1.57,same,same,1,0,0,model,Y,0.0,0,0.585,0.1,0.271,0.614
81,male,150.0,3.021,same,same,1,0,0,model,Y,0.0,0,0.585,0.223,1.321,0.891
81,male,100.0,3.506,same,different,0,1,0,model,Y,0.0,2,0.585,0.179,1.743,0.899
81,male,50.0,3.225,different,different,1,0,0,model,Y,0.0,2,0.585,0.146,1.593,0.802
81,male,150.0,2.703,same,same,1,0,0,model,Y,0.0,0,0.585,0.218,1.021,0.879
81,male,100.0,3.946,different,different,1,0,0,model,Y,0.0,2,0.585,0.176,2.193,0.893
81,male,50.0,2.379,same,same,1,0,0,model,Y,0.0,0,0.585,0.164,0.871,0.758
81,male,100.0,4.44,different,different,1,0,0,model,Y,0.0,2,0.585,0.187,2.643,0.925
81,male,0.0,1.57,same,same,1,0,0,model,Y,0.0,0,0.585,0.1,0.271,0.614
81,male,50.0,2.69,different,different,1,0,0,model,Y,0.0,2,0.585,0.14,1.143,0.723
81,male,0.0,1.57,same,same,1,0,0,model,Y,0.0,0,0.585,0.1,0.271,0.614
81,male,50.0,2.779,same,different,0,1,0,model,Y,0.0,2,0.585,0.147,1.143,0.804
81,male,150.0,2.841,same,same,1,0,0,model,Y,0.0,0,0.585,0.26,1.021,0.975
81,male,100.0,2.511,same,same,1,0,0,model,Y,0.0,0,0.585,0.205,0.871,0.85
81,male,0.0,1.57,same,same,1,0,0,model,Y,0.0,0,0.585,0.1,0.271,0.614
81,male,0.0,1.991,different,different,1,0,0,model,Y,0.0,2,0.585,0.1,0.543,0.664
81,male,150.0,3.134,same,same,1,0,0,model,Y,0.0,0,0.585,0.212,1.471,0.866
81,male,150.0,2.82,same,same,1,0,0,model,Y,0.0,0,0.585,0.254,1.021,0.96
81,male,100.0,2.453,same,same,1,0,0,model,Y,0.0,0,0.585,0.233,0.721,0.914
81,male,0.0,1.57,same,same,1,0,0,model,Y,0.0,0,0.585,0.1,0.271,0.614
81,male,100.0,2.327,same,same,1,0,0,model,Y,0.0,0,0.585,0.194,0.721,0.826
81,male,150.0,2.927,same,same,1,0,0,model,Y,0.0,0,0.585,0.241,1.171,0.93
81,male,150.0,2.957,same,same,1,0,0,model,Y,0.0,0,0.585,0.296,1.021,1.055
81,male,150.0,4.791,different,different,1,0,0,model,Y,0.0,2,0.585,0.2,2.943,0.964
81,male,100.0,4.892,different,different,1,0,0,model,Y,0.0,2,0.585,0.225,2.943,1.039
81,male,0.0,1.991,different,different,1,0,0,model,Y,0.0,2,0.585,0.1,0.543,0.664
81,male,150.0,4.852,same,same,1,0,0,model,Y,0.0,0,0.585,0.233,3.121,0.913
81,male,100.0,2.692,same,same,1,0,0,model,Y,0.0,0,0.585,0.214,1.021,0.871
81,male,150.0,4.01,different,different,1,0,0,model,Y,0.0,2,0.585,0.192,2.193,0.94
81,male,0.0,1.991,different,different,1,0,0,model,Y,0.0,2,0.585,0.1,0.543,0.664
81,male,150.0,4.61,different,different,1,0,0,model,Y,0.0,2,0.585,0.267,2.493,1.165
81,male,150.0,2.853,same,same,1,0,0,model,Y,0.0,0,0.585,0.218,1.171,0.879
81,male,0.0,1.991,different,different,1,0,0,model,Y,0.0,2,0.585,0.1,0.543,0.664
81,male,100.0,2.567,same,same,1,0,0,model,Y,0.0,0,0.585,0.222,0.871,0.889
81,male,50.0,2.146,same,same,1,0,0,model,Y,0.0,0,0.585,0.139,0.721,0.701
81,male,50.0,2.719,same,same,1,0,0,model,Y,0.0,0,0.585,0.13,1.321,0.682
81,male,0.0,1.991,different,different,1,0,0,model,Y,0.0,2,0.585,0.1,0.543,0.664
81,male,0.0,1.57,same,same,1,0,0,model,Y,0.0,0,0.585,0.1,0.271,0.614
81,male,150.0,4.552,different,different,1,0,0,model,Y,0.0,2,0.585,0.253,2.493,1.122
81,male,0.0,1.991,different,different,1,0,0,model,Y,0.0,2,0.585,0.1,0.543,0.664
81,male,100.0,4.856,different,different,1,0,0,model,Y,0.0,2,0.585,0.216,2.943,1.012
81,male,0.0,1.57,same,same,1,0,0,model,Y,0.0,0,0.585,0.1,0.271,0.614
81,male,0.0,1.991,different,different,1,0,0,model,Y,0.0,2,0.585,0.1,0.543,0.664
81,male,150.0,3.189,same,same,1,0,0,model,Y,0.0,0,0.585,0.275,1.321,1.007
81,male,100.0,3.693,same,different,0,1,0,model,Y,0.0,2,0.585,0.188,1.893,0.928
81,male,150.0,7.035,different,different,1,0,0,model,Y,0.0,2,0.585,0.236,5.043,1.072
81,male,150.0,3.332,same,same,1,0,0,model,Y,0.0,0,0.585,0.227,1.621,0.899
81,male,0.0,1.991,different,different,1,0,0,model,Y,0.0,2,0.585,0.1,0.543,0.664
81,male,0.0,1.991,different,different,1,0,0,model,Y,0.0,2,0.585,0.1,0.543,0.664
81,male,0.0,1.57,same,same,1,0,0,model,Y,0.0,0,0.585,0.1,0.271,0.614
81,male,0.0,1.57,same,same,1,0,0,model,Y,0.0,0,0.585,0.1,0.271,0.614
81,male,100.0,4.05,different,different,1,0,0,model,Y,0.0,2,0.585,0.202,2.193,0.97
81,male,0.0,1.991,same,different,0,1,0,model,Y,0.0,2,0.585,0.1,0.543,0.664
81,male,100.0,2.608,same,same,1,0,0,model,Y,0.0,0,0.585,0.189,1.021,0.813
81,male,100.0,3.293,same,same,1,0,0,model,Y,0.0,0,0.585,0.215,1.621,0.872
81,male,0.0,1.57,same,same,1,0,0,model,Y,0.0,0,0.585,0.1,0.271,0.614
81,male,150.0,4.081,different,different,1,0,0,model,Y,0.0,2,0.585,0.21,2.193,0.993
81,male,150.0,2.77,same,same,1,0,0,model,Y,0.0,0,0.585,0.238,1.021,0.925
81,male,150.0,3.397,same,same,1,0,0,model,Y,0.0,0,0.585,0.201,1.771,0.84
81,male,50.0,4.582,same,different,0,1,0,model,Y,0.0,2,0.585,0.148,2.943,0.806
81,male,100.0,2.473,same,same,1,0,0,model,Y,0.0,0,0.585,0.193,0.871,0.824
81,male,50.0,3.059,different,different,1,0,0,model,Y,0.0,2,0.585,0.142,1.443,0.789
81,male,100.0,4.455,different,different,1,0,0,model,Y,0.0,2,0.585,0.191,2.643,0.936
81,male,0.0,1.991,different,different,1,0,0,model,Y,0.0,2,0.585,0.1,0.543,0.664
81,male,0.0,1.57,same,same,1,0,0,model,Y,0.0,0,0.585,0.1,0.271,0.614
81,male,150.0,4.733,different,different,1,0,0,model,Y,0.0,2,0.585,0.237,2.943,0.869
82,female,0.0,1.316,same,same,1,0,0,model,Y,0.0,0,0.408,0.1,0.269,0.539
82,female,50.0,2.322,same,same,1,0,0,model,Y,0.0,0,0.408,0.132,1.169,0.612
82,female,50.0,1.804,same,same,1,0,0,model,Y,0.0,0,0.408,0.158,0.569,0.669
82,female,100.0,2.11,same,same,1,0,0,model,Y,0.0,0,0.408,0.206,0.719,0.777
82,female,100.0,2.869,different,different,1,0,0,model,Y,0.0,2,0.408,0.194,1.439,0.729
82,female,150.0,5.518,different,different,1,0,0,model,Y,0.0,2,0.408,0.221,3.839,0.951
82,female,0.0,1.316,same,same,1,0,0,model,Y,0.0,0,0.408,0.1,0.269,0.539
82,female,50.0,2.534,different,different,1,0,0,model,Y,0.0,2,0.408,0.15,1.139,0.738
82,female,0.0,1.316,same,same,1,0,0,model,Y,0.0,0,0.408,0.1,0.269,0.539
82,female,100.0,3.683,same,different,0,1,0,model,Y,0.0,2,0.408,0.174,2.189,0.812
82,female,100.0,2.28,same,same,1,0,0,model,Y,0.0,0,0.408,0.212,0.869,0.791
82,female,150.0,2.343,same,same,1,0,0,model,Y,0.0,0,0.408,0.185,1.019,0.731
82,female,0.0,1.735,different,different,1,0,0,model,Y,0.0,2,0.408,0.1,0.539,0.589
82,female,150.0,4.135,different,different,1,0,0,model,Y,0.0,2,0.408,0.212,2.489,0.926
82,female,100.0,2.026,same,same,1,0,0,model,Y,0.0,0,0.408,0.18,0.719,0.719
82,female,100.0,2.174,same,same,1,0,0,model,Y,0.0,0,0.408,0.179,0.869,0.717
82,female,150.0,3.633,different,different,1,0,0,model,Y,0.0,2,0.408,0.199,2.189,0.738
82,female,100.0,2.198,same,same,1,0,0,model,Y,0.0,0,0.408,0.233,0.719,0.838
82,female,100.0,4.371,different,different,1,0,0,model,Y,0.0,2,0.408,0.196,2.789,0.878
82,female,50.0,2.086,same,same,1,0,0,model,Y,0.0,0,0.408,0.152,0.869,0.656
82,female,150.0,2.864,same,same,1,0,0,model,Y,0.0,0,0.408,0.253,1.319,0.884
82,female,0.0,1.735,different,different,1,0,0,model,Y,0.0,2,0.408,0.1,0.539,0.589
82,female,150.0,3.056,same,same,1,0,0,model,Y,0.0,0,0.408,0.266,1.469,0.913
82,female,150.0,2.466,same,same,1,0,0,model,Y,0.0,0,0.408,0.223,1.019,0.816
82,female,0.0,1.735,same,different,0,1,0,model,Y,0.0,2,0.408,0.1,0.539,0.589
82,female,0.0,1.316,same,same,1,0,0,model,Y,0.0,0,0.408,0.1,0.269,0.539
82,female,100.0,3.614,different,different,1,0,0,model,Y,0.0,2,0.408,0.232,1.889,0.985
82,female,0.0,1.735,different,different,1,0,0,model,Y,0.0,2,0.408,0.1,0.539,0.589
82,female,150.0,2.541,same,same,1,0,0,model,Y,0.0,0,0.408,0.246,1.019,0.867
82,female,50.0,2.911,different,different,1,0,0,model,Y,0.0,2,0.408,0.132,1.589,0.684
82,female,100.0,4.917,same,different,0,1,0,model,Y,0.0,2,0.408,0.22,3.239,0.95
82,female,100.0,2.577,same,same,1,0,0,model,Y,0.0,0,0.408,0.211,1.169,0.789
82,female,0.0,1.735,different,different,1,0,0,model,Y,0.0,2,0.408,0.1,0.539,0.589
82,female,0.0,1.735,different,different,1,0,0,model,Y,0.0,2,0.408,0.1,0.539,0.589
82,female,50.0,1.859,same,same,1,0,0,model,Y,0.0,0,0.408,0.129,0.719,0.603
82,female,100.0,3.793,same,different,0,1,0,model,Y,0.0,2,0.408,0.202,2.189,0.895
82,female,150.0,2.142,same,same,1,0,0,model,Y,0.0,0,0.408,0.216,0.719,0.8
82,female,50.0,3.308,different,different,1,0,0,model,Y,0.0,2,0.408,0.156,1.889,0.756
82,female,100.0,2.082,same,same,1,0,0,model,Y,0.0,0,0.408,0.197,0.719,0.758
82,female,100.0,3.115,same,same,1,0,0,model,Y,0.0,0,0.408,0.192,1.769,0.746
82,female,150.0,5.045,same,same,1,0,0,model,Y,0.0,1,0.408,0.293,2.639,1.656
82,female,150.0,3.881,different,different,1,0,0,model,Y,0.0,2,0.408,0.224,2.189,0.961
82,female,0.0,1.735,same,different,0,1,0,model,Y,0.0,2,0.408,0.1,0.539,0.589
82,female,100.0,3.269,same,different,0,1,0,model,Y,0.0,2,0.408,0.221,1.589,0.952
82,female,0.0,1.316,same,same,1,0,0,model,Y,0.0,0,0.408,0.1,0.269,0.539
82,female,0.0,1.316,same,same,1,0,0,model,Y,0.0,0,0.408,0.1,0.269,0.539
82,female,0.0,1.735,different,different,1,0,0,model,Y,0.0,2,0.408,0.1,0.539,0.589
82,female,50.0,1.966,same,same,1,0,0,model,Y,0.0,0,0.408,0.162,0.719,0.678
82,female,150.0,2.469,same,same,1,0,0,model,Y,0.0,0,0.408,0.224,1.019,0.818
82,female,50.0,2.567,different,different,1,0,0,model,Y,0.0,2,0.408,0.158,1.139,0.763
82,female,50.0,1.911,same,same,1,0,0,model,Y,0.0,0,0.408,0.145,0.719,0.64
82,female,100.0,2.052,same,same,1,0,0,model,Y,0.0,0,0.408,0.188,0.719,0.737
82,female,50.0,1.989,same,same,1,0,0,model,Y,0.0,0,0.408,0.169,0.719,0.693
82,female,150.0,2.583,same,same,1,0,0,model,Y,0.0,0,0.408,0.213,1.169,0.793
82,female,100.0,3.235,different,different,1,0,0,model,Y,0.0,2,0.408,0.175,1.739,0.814
82,female,50.0,3.023,different,different,1,0,0,model,Y,0.0,2,0.408,0.16,1.589,0.768
82,female,100.0,2.031,same,same,1,0,0,model,Y,0.0,0,0.408,0.181,0.719,0.722
82,female,50.0,1.999,same,same,1,0,0,model,Y,0.0,0,0.408,0.172,0.719,0.701
82,female,150.0,2.701,same,same,1,0,0,model,Y,0.0,0,0.408,0.295,1.019,0.979
82,female,0.0,1.316,same,same,1,0,0,model,Y,0.0,0,0.408,0.1,0.269,0.539
82,female,100.0,2.38,same,same,1,0,0,model,Y,0.0,0,0.408,0.243,0.869,0.86
82,female,150.0,2.789,same,same,1,0,0,model,Y,0.0,0,0.408,0.276,1.169,0.935
82,female,0.0,1.735,same,different,0,1,0,model,Y,0.0,2,0.408,0.1,0.539,0.589
82,female,100.0,3.531,same,different,0,1,0,model,Y,0.0,2,0.408,0.211,1.889,0.923
82,female,100.0,3.617,different,different,1,0,0,model,Y,0.0,2,0.408,0.193,2.189,0.728
82,female,50.0,1.794,same,same,1,0,0,model,Y,0.0,0,0.408,0.155,0.569,0.662
82,female,0.0,1.316,same,same,1,0,0,model,Y,0.0,0,0.408,0.1,0.269,0.539
82,female,50.0,3.03,different,different,1,0,0,model,Y,0.0,2,0.408,0.161,1.589,0.773
82,female,100.0,4.921,different,different,1,0,0,model,Y,0.0,2,0.408,0.221,3.239,0.953
82,female,0.0,1.316,same,same,1,0,0,model,Y,0.0,0,0.408,0.1,0.269,0.539
82,female,0.0,1.735,different,different,1,0,0,model,Y,0.0,2,0.408,0.1,0.539,0.589
82,female,0.0,1.735,same,different,0,1,0,model,Y,0.0,2,0.408,0.1,0.539,0.589
82,female,50.0,3.231,different,same,0,0,1,model,Y,0.0,2,0.408,0.155,2.039,0.53
82,female,50.0,2.071,same,same,1,0,0,model,Y,0.0,0,0.408,0.148,0.869,0.646
82,female,100.0,3.282,different,different,1,0,0,model,Y,0.0,2,0.408,0.224,1.589,0.961
82,female,0.0,1.735,different,different,1,0,0,model,Y,0.0,2,0.408,0.1,0.539,0.589
82,female,0.0,1.735,different,different,1,0,0,model,Y,0.0,2,0.408,0.1,0.539,0.589
82,female,50.0,2.95,different,different,1,0,0,model,Y,0.0,2,0.408,0.141,1.589,0.712
82,female,50.0,2.52,different,different,1,0,0,model,Y,0.0,2,0.408,0.146,1.139,0.727
82,female,50.0,2.678,same,different,0,1,0,model,Y,0.0,2,0.408,0.148,1.289,0.734
82,female,50.0,1.778,same,same,1,0,0,model,Y,0.0,0,0.408,0.15,0.569,0.651
82,female,150.0,8.798,different,different,1,0,0,model,Y,0.0,2,0.408,0.216,7.139,0.936
82,female,100.0,2.348,same,same,1,0,0,model,Y,0.0,0,0.408,0.233,0.869,0.838
82,female,150.0,5.59,different,different,1,0,0,model,Y,0.0,2,0.408,0.239,3.839,1.005
82,female,150.0,5.165,different,different,1,0,0,model,Y,0.0,2,0.408,0.282,3.239,1.136
82,female,0.0,1.735,different,different,1,0,0,model,Y,0.0,2,0.408,0.1,0.539,0.589
82,female,150.0,3.996,different,same,0,0,1,model,Y,0.0,2,0.408,0.253,2.189,1.047
82,female,100.0,3.812,different,different,1,0,0,model,Y,0.0,2,0.408,0.21,2.339,0.755
82,female,50.0,1.74,same,same,1,0,0,model,Y,0.0,0,0.408,0.138,0.569,0.625
82,female,100.0,3.285,same,different,0,1,0,model,Y,0.0,2,0.408,0.225,1.589,0.964
82,female,50.0,2.429,different,different,1,0,0,model,Y,0.0,2,0.408,0.138,1.139,0.645
82,female,150.0,2.762,same,same,1,0,0,model,Y,0.0,0,0.408,0.222,1.319,0.813
82,female,150.0,3.269,same,same,1,0,0,model,Y,0.0,0,0.408,0.286,1.619,0.957
82,female,100.0,2.136,same,same,1,0,0,model,Y,0.0,0,0.408,0.168,0.869,0.691
82,female,50.0,2.635,different,different,1,0,0,model,Y,0.0,2,0.408,0.137,1.289,0.701
82,female,0.0,1.316,same,same,1,0,0,model,Y,0.0,0,0.408,0.1,0.269,0.539
83,female,100.0,2.704,same,same,1,0,0,model,Y,0.0,0,0.386,0.202,1.157,0.958
83,female,50.0,1.867,same,same,1,0,0,model,Y,0.0,0,0.386,0.129,0.557,0.794
83,female,150.0,3.917,different,different,1,0,0,model,Y,0.0,3,0.386,0.192,2.122,1.066
83,female,0.0,2.338,different,different,1,0,0,model,Y,0.0,3,0.386,0.1,0.772,0.929
83,female,100.0,5.139,different,different,1,0,0,model,Y,0.0,3,0.386,0.201,3.322,1.08
83,female,150.0,4.992,different,different,1,0,0,model,Y,0.0,3,0.386,0.272,2.722,1.461
83,female,0.0,2.338,different,different,1,0,0,model,Y,0.0,3,0.386,0.1,0.772,0.929
83,female,0.0,1.473,same,same,1,0,0,model,Y,0.0,0,0.386,0.1,0.257,0.729
83,female,50.0,3.587,different,different,1,0,0,model,Y,0.0,3,0.386,0.146,1.822,1.083
83,female,150.0,5.542,different,different,1,0,0,model,Y,0.0,3,0.386,0.225,3.472,1.308
83,female,150.0,3.193,same,same,1,0,0,model,Y,0.0,0,0.386,0.306,1.307,1.193
83,female,50.0,1.951,same,same,1,0,0,model,Y,0.0,0,0.386,0.155,0.557,0.853
83,female,0.0,2.338,different,different,1,0,0,model,Y,0.0,3,0.386,0.1,0.772,0.929
83,female,50.0,3.093,different,different,1,0,0,model,Y,0.0,3,0.386,0.138,1.372,1.046
83,female,0.0,1.473,same,same,1,0,0,model,Y,0.0,0,0.386,0.1,0.257,0.729
83,female,150.0,3.008,same,same,1,0,0,model,Y,0.0,0,0.386,0.295,1.157,1.169
83,female,150.0,2.425,same,same,1,0,0,model,Y,0.0,0,0.386,0.208,0.857,0.973
83,female,50.0,3.546,different,different,1,0,0,model,Y,0.0,3,0.386,0.138,1.822,1.049
83,female,0.0,2.338,different,different,1,0,0,model,Y,0.0,3,0.386,0.1,0.772,0.929
83,female,0.0,2.338,different,different,1,0,0,model,Y,0.0,3,0.386,0.1,0.772,0.929
83,female,0.0,1.473,same,same,1,0,0,model,Y,0.0,0,0.386,0.1,0.257,0.729
83,female,100.0,3.779,different,different,1,0,0,model,Y,0.0,3,0.386,0.159,1.972,1.111
83,female,150.0,3.348,same,same,1,0,0,model,Y,0.0,0,0.386,0.308,1.457,1.196
83,female,150.0,6.932,different,different,1,0,0,model,Y,0.0,3,0.386,0.304,4.522,1.568
83,female,0.0,2.338,different,different,1,0,0,model,Y,0.0,3,0.386,0.1,0.772,0.929
83,female,100.0,6.138,different,different,1,0,0,model,Y,0.0,3,0.386,0.24,4.222,1.139
83,female,0.0,2.338,different,different,1,0,0,model,Y,0.0,3,0.386,0.1,0.772,0.929
83,female,50.0,2.144,same,same,1,0,0,model,Y,0.0,0,0.386,0.168,0.707,0.882
83,female,0.0,1.473,same,same,1,0,0,model,Y,0.0,0,0.386,0.1,0.257,0.729
83,female,0.0,1.473,same,same,1,0,0,model,Y,0.0,0,0.386,0.1,0.257,0.729
83,female,50.0,3.515,same,different,0,1,0,model,Y,0.0,3,0.386,0.163,1.672,1.143
83,female,0.0,2.338,different,different,1,0,0,model,Y,0.0,3,0.386,0.1,0.772,0.929
83,female,0.0,1.473,same,same,1,0,0,model,Y,0.0,0,0.386,0.1,0.257,0.729
83,female,0.0,2.338,different,different,1,0,0,model,Y,0.0,3,0.386,0.1,0.772,0.929
83,female,50.0,1.857,same,same,1,0,0,model,Y,0.0,0,0.386,0.126,0.557,0.787
83,female,150.0,2.523,same,same,1,0,0,model,Y,0.0,0,0.386,0.238,0.857,1.04
83,female,0.0,1.473,same,same,1,0,0,model,Y,0.0,0,0.386,0.1,0.257,0.729
83,female,100.0,2.395,same,same,1,0,0,model,Y,0.0,0,0.386,0.199,0.857,0.952
83,female,0.0,2.338,different,different,1,0,0,model,Y,0.0,3,0.386,0.1,0.772,0.929
83,female,150.0,9.418,different,different,1,0,0,model,Y,0.0,3,0.386,0.292,7.372,1.217
83,female,150.0,2.978,same,same,1,0,0,model,Y,0.0,0,0.386,0.286,1.157,1.148
83,female,0.0,2.338,different,different,1,0,0,model,Y,0.0,3,0.386,0.1,0.772,0.929
83,female,50.0,3.523,different,different,1,0,0,model,Y,0.0,3,0.386,0.154,1.822,1.01
83,female,50.0,1.944,same,same,1,0,0,model,Y,0.0,0,0.386,0.153,0.557,0.848
83,female,150.0,3.911,same,same,1,0,0,model,Y,0.0,0,0.386,0.25,2.207,1.067
83,female,150.0,6.129,different,different,1,0,0,model,Y,0.0,3,0.386,0.256,3.922,1.415
83,female,50.0,3.269,different,different,1,0,0,model,Y,0.0,3,0.386,0.145,1.522,1.066
83,female,50.0,1.969,same,same,1,0,0,model,Y,0.0,0,0.386,0.161,0.557,0.865
83,female,0.0,1.473,same,same,1,0,0,model,Y,0.0,0,0.386,0.1,0.257,0.729
83,female,100.0,2.531,same,same,1,0,0,model,Y,0.0,0,0.386,0.195,1.007,0.942
83,female,100.0,4.528,different,different,1,0,0,model,Y,0.0,3,0.386,0.196,2.722,1.073
83,female,150.0,2.727,same,same,1,0,0,model,Y,0.0,0,0.386,0.255,1.007,1.078
83,female,100.0,3.954,different,different,1,0,0,model,Y,0.0,3,0.386,0.207,2.122,1.089
83,female,0.0,2.338,same,different,0,1,0,model,Y,0.0,3,0.386,0.1,0.772,0.929
83,female,50.0,3.08,different,different,1,0,0,model,Y,0.0,3,0.386,0.132,1.372,1.039
83,female,50.0,1.96,same,same,1,0,0,model,Y,0.0,0,0.386,0.158,0.557,0.859
83,female,50.0,1.909,same,same,1,0,0,model,Y,0.0,0,0.386,0.142,0.557,0.823
83,female,150.0,3.045,same,same,1,0,0,model,Y,0.0,0,0.386,0.261,1.307,1.09
83,female,0.0,1.473,same,same,1,0,0,model,Y,0.0,0,0.386,0.1,0.257,0.729
83,female,100.0,2.289,same,same,1,0,0,model,Y,0.0,0,0.386,0.167,0.857,0.879
83,female,50.0,2.114,same,same,1,0,0,model,Y,0.0,0,0.386,0.159,0.707,0.861
83,female,150.0,2.446,same,same,1,0,0,model,Y,0.0,0,0.386,0.261,0.707,1.091
83,female,50.0,3.138,different,different,1,0,0,model,Y,0.0,3,0.386,0.149,1.372,1.08
83,female,0.0,1.473,same,same,1,0,0,model,Y,0.0,0,0.386,0.1,0.257,0.729
83,female,150.0,3.807,same,same,1,0,0,model,Y,0.0,0,0.386,0.311,1.907,1.203
83,female,150.0,2.583,same,same,1,0,0,model,Y,0.0,0,0.386,0.257,0.857,1.082
83,female,50.0,3.313,different,different,1,0,0,model,Y,0.0,3,0.386,0.156,1.522,1.099
83,female,50.0,3.148,different,different,1,0,0,model,Y,0.0,3,0.386,0.151,1.372,1.088
83,female,50.0,3.59,same,different,0,1,0,model,Y,0.0,3,0.386,0.149,1.822,1.083
83,female,0.0,2.338,different,different,1,0,0,model,Y,0.0,3,0.386,0.1,0.772,0.929
83,female,100.0,2.574,same,same,1,0,0,model,Y,0.0,0,0.386,0.162,1.157,0.868
83,female,0.0,1.473,same,same,1,0,0,model,Y,0.0,0,0.386,0.1,0.257,0.729
83,female,150.0,6.583,different,different,1,0,0,model,Y,0.0,3,0.386,0.178,4.822,1.046
83,female,0.0,2.338,different,different,1,0,0,model,Y,0.0,3,0.386,0.1,0.772,0.929
83,female,100.0,3.69,different,different,1,0,0,model,Y,0.0,3,0.386,0.175,1.822,1.156
83,female,100.0,3.818,different,different,1,0,0,model,Y,0.0,3,0.386,0.207,1.822,1.253
83,female,50.0,1.874,same,same,1,0,0,model,Y,0.0,0,0.386,0.131,0.557,0.799
83,female,0.0,1.473,same,same,1,0,0,model,Y,0.0,0,0.386,0.1,0.257,0.729
83,female,0.0,1.473,same,same,1,0,0,model,Y,0.0,0,0.386,0.1,0.257,0.729
83,female,150.0,2.667,same,same,1,0,0,model,Y,0.0,0,0.386,0.237,1.007,1.036
83,female,50.0,3.235,different,different,1,0,0,model,Y,0.0,3,0.386,0.134,1.522,1.042
83,female,0.0,1.473,same,same,1,0,0,model,Y,0.0,0,0.386,0.1,0.257,0.729
83,female,50.0,4.958,different,different,1,0,0,model,Y,0.0,3,0.386,0.15,3.172,1.1
83,female,150.0,4.481,different,different,1,0,0,model,Y,0.0,3,0.386,0.221,2.422,1.302
83,female,0.0,2.338,different,different,1,0,0,model,Y,0.0,3,0.386,0.1,0.772,0.929
83,female,50.0,3.224,different,different,1,0,0,model,Y,0.0,3,0.386,0.134,1.522,1.032
83,female,100.0,3.666,different,different,1,0,0,model,Y,0.0,3,0.386,0.203,1.672,1.255
83,female,50.0,1.916,same,same,1,0,0,model,Y,0.0,0,0.386,0.144,0.557,0.828
83,female,0.0,1.473,same,same,1,0,0,model,Y,0.0,0,0.386,0.1,0.257,0.729
83,female,100.0,4.911,different,different,1,0,0,model,Y,0.0,3,0.386,0.215,2.872,1.287
83,female,0.0,1.473,same,same,1,0,0,model,Y,0.0,0,0.386,0.1,0.257,0.729
83,female,0.0,1.473,same,same,1,0,0,model,Y,0.0,0,0.386,0.1,0.257,0.729
83,female,0.0,2.338,different,different,1,0,0,model,Y,0.0,3,0.386,0.1,0.772,0.929
83,female,100.0,2.412,same,same,1,0,0,model,Y,0.0,0,0.386,0.158,1.007,0.86
83,female,100.0,3.929,different,different,1,0,0,model,Y,0.0,3,0.386,0.194,1.972,1.226
83,female,50.0,1.982,same,same,1,0,0,model,Y,0.0,0,0.386,0.164,0.557,0.874
84,female,100.0,2.506,same,same,1,0,0,model,Y,0.0,0,0.507,0.179,0.893,0.927
84,female,100.0,3.572,same,same,1,0,0,model,Y,0.0,1,0.507,0.18,1.637,1.198
84,female,0.0,2.094,different,different,1,0,0,model,Y,0.0,2,0.507,0.1,0.587,0.8
84,female,0.0,2.094,different,different,1,0,0,model,Y,0.0,2,0.507,0.1,0.587,0.8
84,female,50.0,2.062,same,same,1,0,0,model,Y,0.0,0,0.507,0.134,0.593,0.827
84,female,50.0,5.12,different,different,1,0,0,model,Y,0.0,2,0.507,0.144,3.437,0.931
84,female,100.0,4.464,same,same,1,0,0,model,Y,0.0,1,0.507,0.21,2.387,1.311
84,female,0.0,1.651,same,same,1,0,0,model,Y,0.0,0,0.507,0.1,0.293,0.75
84,female,0.0,2.094,same,different,0,1,0,model,Y,0.0,2,0.507,0.1,0.587,0.8
84,female,0.0,1.651,same,same,1,0,0,model,Y,0.0,0,0.507,0.1,0.293,0.75
84,female,0.0,2.094,different,different,1,0,0,model,Y,0.0,2,0.507,0.1,0.587,0.8
84,female,0.0,2.094,different,different,1,0,0,model,Y,0.0,2,0.507,0.1,0.587,0.8
84,female,100.0,4.231,different,different,1,0,0,model,Y,0.0,2,0.507,0.184,2.387,1.053
84,female,0.0,1.651,same,same,1,0,0,model,Y,0.0,0,0.507,0.1,0.293,0.75
84,female,150.0,2.837,same,same,1,0,0,model,Y,0.0,0,0.507,0.281,0.893,1.156
84,female,150.0,6.503,different,same,0,0,1,model,Y,0.0,2,0.507,0.293,3.737,1.866
84,female,0.0,1.651,same,same,1,0,0,model,Y,0.0,0,0.507,0.1,0.293,0.75
84,female,150.0,6.172,same,same,1,0,0,model,Y,0.0,1,0.507,0.214,3.887,1.514
84,female,50.0,3.809,different,same,0,0,1,model,Y,0.0,2,0.507,0.154,2.087,0.961
84,female,150.0,3.069,same,same,1,0,0,model,Y,0.0,0,0.507,0.259,1.193,1.108
84,female,50.0,3.387,same,different,0,1,0,model,Y,0.0,2,0.507,0.161,1.637,0.982
84,female,100.0,3.482,different,different,1,0,0,model,Y,0.0,2,0.507,0.185,1.637,1.054
84,female,50.0,2.121,same,same,1,0,0,model,Y,0.0,0,0.507,0.152,0.593,0.868
84,female,100.0,4.005,same,same,1,0,0,model,Y,0.0,1,0.507,0.229,1.637,1.582
84,female,100.0,5.352,different,different,1,0,0,model,Y,0.0,2,0.507,0.203,3.587,0.954
84,female,100.0,5.346,different,same,0,0,1,model,Y,0.0,2,0.507,0.215,3.737,0.786
84,female,50.0,2.107,same,same,1,0,0,model,Y,0.0,0,0.507,0.148,0.593,0.858
84,female,150.0,4.805,different,different,1,0,0,model,Y,0.0,2,0.507,0.253,2.687,1.258
84,female,0.0,2.094,same,different,0,1,0,model,Y,0.0,2,0.507,0.1,0.587,0.8
84,female,150.0,6.594,different,different,1,0,0,model,Y,0.0,2,0.507,0.25,4.487,1.25
84,female,100.0,3.309,different,different,1,0,0,model,Y,0.0,2,0.507,0.179,1.487,1.036
84,female,100.0,2.777,same,same,1,0,0,model,Y,0.0,0,0.507,0.216,1.043,1.01
84,female,150.0,4.498,different,different,1,0,0,model,Y,0.0,2,0.507,0.289,2.237,1.365
84,female,0.0,2.094,different,different,1,0,0,model,Y,0.0,2,0.507,0.1,0.587,0.8
84,female,100.0,5.33,different,different,1,0,0,model,Y,0.0,2,0.507,0.197,3.437,1.09
84,female,50.0,3.222,same,different,0,1,0,model,Y,0.0,2,0.507,0.157,1.487,0.97
84,female,100.0,5.31,same,same,1,0,0,model,Y,0.0,1,0.507,0.198,3.287,1.268
84,female,100.0,2.664,same,same,1,0,0,model,Y,0.0,0,0.507,0.227,0.893,1.036
84,female,100.0,4.264,different,different,1,0,0,model,Y,0.0,2,0.507,0.23,2.237,1.19
84,female,150.0,5.24,same,same,1,0,0,model,Y,0.0,1,0.507,0.269,3.437,0.976
84,female,150.0,6.404,same,different,0,1,0,model,Y,0.0,2,0.507,0.277,4.187,1.332
84,female,50.0,2.997,different,different,1,0,0,model,Y,0.0,2,0.507,0.138,1.337,0.914
84,female,100.0,4.886,same,different,0,1,0,model,Y,0.0,2,0.507,0.197,3.137,0.945
84,female,50.0,2.955,different,different,1,0,0,model,Y,0.0,2,0.507,0.128,1.337,0.883
84,female,100.0,3.849,different,different,1,0,0,model,Y,0.0,2,0.507,0.201,1.937,1.104
84,female,100.0,4.676,different,different,1,0,0,model,Y,0.0,2,0.507,0.183,2.837,1.049
84,female,150.0,3.824,same,different,0,1,0,model,Y,0.0,2,0.507,0.233,1.787,1.197
84,female,150.0,4.684,same,different,0,1,0,model,Y,0.0,2,0.507,0.266,2.987,0.824
84,female,100.0,3.352,same,different,0,1,0,model,Y,0.0,2,0.507,0.189,1.487,1.068
84,female,150.0,2.845,same,same,1,0,0,model,Y,0.0,0,0.507,0.237,1.043,1.057
84,female,50.0,3.125,different,different,1,0,0,model,Y,0.0,2,0.507,0.152,1.487,0.878
84,female,50.0,2.287,same,same,1,0,0,model,Y,0.0,0,0.507,0.157,0.743,0.879
84,female,100.0,2.541,same,same,1,0,0,model,Y,0.0,0,0.507,0.189,0.893,0.951
84,female,100.0,2.873,same,same,1,0,0,model,Y,0.0,0,0.507,0.199,1.193,0.973
84,female,150.0,4.548,same,different,0,1,0,model,Y,0.0,2,0.507,0.226,2.537,1.178
84,female,50.0,4.593,different,different,1,0,0,model,Y,0.0,2,0.507,0.162,2.837,0.987
84,female,0.0,2.094,different,different,1,0,0,model,Y,0.0,2,0.507,0.1,0.587,0.8
84,female,100.0,3.534,different,different,1,0,0,model,Y,0.0,2,0.507,0.235,1.487,1.204
84,female,50.0,2.186,same,same,1,0,0,model,Y,0.0,0,0.507,0.173,0.593,0.913
84,female,0.0,1.651,same,same,1,0,0,model,Y,0.0,0,0.507,0.1,0.293,0.75
84,female,50.0,2.963,different,different,1,0,0,model,Y,0.0,2,0.507,0.167,1.187,1.001
84,female,50.0,2.123,same,same,1,0,0,model,Y,0.0,0,0.507,0.153,0.593,0.869
84,female,100.0,2.51,same,same,1,0,0,model,Y,0.0,0,0.507,0.18,0.893,0.929
84,female,0.0,2.094,different,different,1,0,0,model,Y,0.0,2,0.507,0.1,0.587,0.8
84,female,150.0,5.058,different,different,1,0,0,model,Y,0.0,2,0.507,0.222,3.437,0.791
84,female,0.0,1.651,same,same,1,0,0,model,Y,0.0,0,0.507,0.1,0.293,0.75
84,female,150.0,4.585,different,different,1,0,0,model,Y,0.0,2,0.507,0.198,2.687,1.093
84,female,0.0,2.094,different,different,1,0,0,model,Y,0.0,2,0.507,0.1,0.587,0.8
84,female,100.0,3.906,different,different,1,0,0,model,Y,0.0,2,0.507,0.215,1.937,1.146
84,female,0.0,1.651,same,same,1,0,0,model,Y,0.0,0,0.507,0.1,0.293,0.75
84,female,50.0,3.356,different,different,1,0,0,model,Y,0.0,2,0.507,0.153,1.637,0.959
84,female,50.0,3.312,same,same,1,0,0,model,Y,0.0,1,0.507,0.158,1.337,1.26
84,female,150.0,3.545,different,different,1,0,0,model,Y,0.0,2,0.507,0.2,1.787,0.95
84,female,50.0,2.973,different,different,1,0,0,model,Y,0.0,2,0.507,0.152,1.337,0.877
84,female,0.0,2.094,different,different,1,0,0,model,Y,0.0,2,0.507,0.1,0.587,0.8
84,female,100.0,4.507,different,different,1,0,0,model,Y,0.0,2,0.507,0.178,2.687,1.035
84,female,150.0,3.748,different,different,1,0,0,model,Y,0.0,2,0.507,0.213,1.787,1.14
84,female,50.0,2.076,same,same,1,0,0,model,Y,0.0,0,0.507,0.139,0.593,0.837
84,female,0.0,2.094,different,different,1,0,0,model,Y,0.0,2,0.507,0.1,0.587,0.8
84,female,0.0,1.651,same,same,1,0,0,model,Y,0.0,0,0.507,0.1,0.293,0.75
84,female,0.0,2.094,different,different,1,0,0,model,Y,0.0,2,0.507,0.1,0.587,0.8
84,female,0.0,2.094,different,different,1,0,0,model,Y,0.0,2,0.507,0.1,0.587,0.8
84,female,150.0,2.629,same,same,1,0,0,model,Y,0.0,0,0.507,0.216,0.893,1.012
84,female,150.0,3.043,same,same,1,0,0,model,Y,0.0,0,0.507,0.298,1.043,1.194
84,female,100.0,3.753,same,different,0,1,0,model,Y,0.0,2,0.507,0.177,1.937,1.031
84,female,150.0,2.896,same,same,1,0,0,model,Y,0.0,0,0.507,0.252,1.043,1.093
84,female,50.0,4.372,different,same,0,0,1,model,Y,0.0,2,0.507,0.144,2.687,0.933
84,female,50.0,2.05,same,same,1,0,0,model,Y,0.0,0,0.507,0.131,0.593,0.819
84,female,150.0,5.435,different,different,1,0,0,model,Y,0.0,2,0.507,0.223,3.437,1.168
84,female,0.0,2.094,different,different,1,0,0,model,Y,0.0,2,0.507,0.1,0.587,0.8
84,female,0.0,2.094,different,different,1,0,0,model,Y,0.0,2,0.507,0.1,0.587,0.8
84,female,100.0,6.994,different,same,0,0,1,model,Y,0.0,2,0.507,0.218,4.637,1.531
84,female,150.0,4.207,different,different,1,0,0,model,Y,0.0,2,0.507,0.291,1.937,1.372
84,female,0.0,1.651,same,same,1,0,0,model,Y,0.0,0,0.507,0.1,0.293,0.75
84,female,0.0,1.651,same,same,1,0,0,model,Y,0.0,0,0.507,0.1,0.293,0.75
84,female,100.0,4.352,different,same,0,0,1,model,Y,0.0,2,0.507,0.247,2.687,0.81
85,female,50.0,3.287,different,different,1,0,0,model,Y,0.0,3,0.313,0.163,1.597,1.064
85,female,0.0,1.42,same,same,1,0,0,model,Y,0.0,0,0.313,0.1,0.332,0.674
85,female,100.0,2.172,same,same,1,0,0,model,Y,0.0,0,0.313,0.193,0.782,0.884
85,female,150.0,5.584,different,same,0,0,1,model,Y,0.0,3,0.313,0.245,3.547,1.329
85,female,50.0,3.009,different,different,1,0,0,model,Y,0.0,3,0.313,0.13,1.597,0.819
85,female,150.0,2.667,same,same,1,0,0,model,Y,0.0,0,0.313,0.253,1.082,1.019
85,female,100.0,4.196,same,same,1,0,0,model,Y,0.0,1,0.313,0.193,2.465,1.175
85,female,50.0,4.023,different,same,0,0,1,model,Y,0.0,3,0.313,0.156,2.347,1.057
85,female,50.0,3.199,different,different,1,0,0,model,Y,0.0,3,0.313,0.138,1.597,1.001
85,female,100.0,3.798,different,different,1,0,0,model,Y,0.0,3,0.313,0.214,1.897,1.223
85,female,150.0,2.497,same,same,1,0,0,model,Y,0.0,0,0.313,0.201,1.082,0.901
85,female,0.0,1.42,same,same,1,0,0,model,Y,0.0,0,0.313,0.1,0.332,0.674
85,female,50.0,3.25,different,different,1,0,0,model,Y,0.0,3,0.313,0.152,1.597,1.038
85,female,0.0,2.434,different,different,1,0,0,model,Y,0.0,3,0.313,0.1,0.997,0.874
85,female,50.0,3.534,different,different,1,0,0,model,Y,0.0,3,0.313,0.147,1.897,1.027
85,female,100.0,3.716,different,different,1,0,0,model,Y,0.0,3,0.313,0.192,1.897,1.164
85,female,100.0,3.116,same,same,1,0,0,model,Y,0.0,1,0.313,0.194,1.715,0.845
85,female,150.0,5.559,different,same,0,0,1,model,Y,0.0,3,0.313,0.226,3.097,1.773
85,female,100.0,3.737,same,different,0,1,0,model,Y,0.0,3,0.313,0.199,1.897,1.178
85,female,150.0,4.761,different,different,1,0,0,model,Y,0.0,3,0.313,0.228,2.797,1.273
85,female,100.0,4.213,different,different,1,0,0,model,Y,0.0,3,0.313,0.204,2.347,1.198
85,female,150.0,2.291,same,same,1,0,0,model,Y,0.0,0,0.313,0.183,0.932,0.862
85,female,50.0,2.005,same,same,1,0,0,model,Y,0.0,0,0.313,0.142,0.782,0.768
85,female,150.0,7.77,different,same,0,0,1,model,Y,0.0,3,0.313,0.271,5.047,1.989
85,female,50.0,3.24,different,different,1,0,0,model,Y,0.0,3,0.313,0.16,1.747,0.87
85,female,150.0,2.53,same,same,1,0,0,model,Y,0.0,0,0.313,0.211,1.082,0.924
85,female,150.0,5.828,different,different,1,0,0,model,Y,0.0,3,0.313,0.267,3.697,1.402
85,female,50.0,1.894,same,same,1,0,0,model,Y,0.0,0,0.313,0.154,0.632,0.795
85,female,100.0,2.371,same,same,1,0,0,model,Y,0.0,0,0.313,0.208,0.932,0.918
85,female,150.0,6.476,same,same,1,0,0,model,Y,0.0,3,0.313,0.256,3.847,1.911
85,female,100.0,4.231,different,different,1,0,0,model,Y,0.0,3,0.313,0.209,2.347,1.212
85,female,100.0,6.525,different,different,1,0,0,model,Y,0.0,3,0.313,0.217,4.597,1.247
85,female,50.0,1.916,same,same,1,0,0,model,Y,0.0,0,0.313,0.16,0.632,0.81
85,female,150.0,3.348,same,same,1,0,0,model,Y,0.0,0,0.313,0.278,1.682,1.075
85,female,0.0,1.42,same,same,1,0,0,model,Y,0.0,0,0.313,0.1,0.332,0.674
85,female,150.0,5.915,different,same,0,0,1,model,Y,0.0,3,0.313,0.216,3.997,1.239
85,female,50.0,3.159,different,different,1,0,0,model,Y,0.0,3,0.313,0.128,1.597,0.97
85,female,150.0,4.289,different,different,1,0,0,model,Y,0.0,3,0.313,0.263,2.197,1.366
85,female,100.0,4.953,same,same,1,0,0,model,Y,0.0,3,0.313,0.199,3.097,1.193
85,female,0.0,2.434,different,different,1,0,0,model,Y,0.0,3,0.313,0.1,0.997,0.874
85,female,0.0,2.434,different,different,1,0,0,model,Y,0.0,3,0.313,0.1,0.997,0.874
85,female,0.0,2.434,different,different,1,0,0,model,Y,0.0,3,0.313,0.1,0.997,0.874
85,female,100.0,4.615,different,same,0,0,1,model,Y,0.0,3,0.313,0.232,3.097,0.823
85,female,50.0,1.922,same,same,1,0,0,model,Y,0.0,0,0.313,0.162,0.632,0.815
85,female,0.0,1.42,same,same,1,0,0,model,Y,0.0,0,0.313,0.1,0.332,0.674
85,female,50.0,3.23,different,different,1,0,0,model,Y,0.0,3,0.313,0.146,1.597,1.024
85,female,100.0,4.49,different,different,1,0,0,model,Y,0.0,3,0.313,0.198,2.647,1.182
85,female,150.0,4.165,different,different,1,0,0,model,Y,0.0,3,0.313,0.232,2.647,0.823
85,female,50.0,3.248,different,different,1,0,0,model,Y,0.0,3,0.313,0.152,1.597,1.036
85,female,100.0,4.18,different,different,1,0,0,model,Y,0.0,3,0.313,0.196,2.347,1.174
85,female,50.0,2.773,same,same,1,0,0,model,Y,0.0,1,0.313,0.169,1.415,0.826
85,female,50.0,3.26,different,different,1,0,0,model,Y,0.0,3,0.313,0.156,1.597,1.044
85,female,0.0,2.434,different,different,1,0,0,model,Y,0.0,3,0.313,0.1,0.997,0.874
85,female,50.0,3.268,different,different,1,0,0,model,Y,0.0,3,0.313,0.156,1.597,1.052
85,female,50.0,3.324,different,different,1,0,0,model,Y,0.0,3,0.313,0.132,1.747,0.983
85,female,150.0,2.525,same,same,1,0,0,model,Y,0.0,0,0.313,0.255,0.932,1.024
85,female,100.0,4.097,different,different,1,0,0,model,Y,0.0,3,0.313,0.175,2.347,1.112
85,female,0.0,1.42,same,same,1,0,0,model,Y,0.0,0,0.313,0.1,0.332,0.674
85,female,150.0,2.815,same,same,1,0,0,model,Y,0.0,0,0.313,0.252,1.232,1.017
85,female,150.0,2.469,same,same,1,0,0,model,Y,0.0,0,0.313,0.192,1.082,0.881
85,female,100.0,3.886,different,different,1,0,0,model,Y,0.0,3,0.313,0.197,2.047,1.178
85,female,0.0,1.42,same,same,1,0,0,model,Y,0.0,0,0.313,0.1,0.332,0.674
85,female,150.0,2.694,same,same,1,0,0,model,Y,0.0,0,0.313,0.261,1.082,1.037
85,female,50.0,4.424,different,same,0,0,1,model,Y,0.0,3,0.313,0.133,2.497,1.331
85,female,0.0,1.42,same,same,1,0,0,model,Y,0.0,0,0.313,0.1,0.332,0.674
85,female,50.0,3.369,different,different,1,0,0,model,Y,0.0,3,0.313,0.146,1.747,1.013
85,female,0.0,1.42,same,same,1,0,0,model,Y,0.0,0,0.313,0.1,0.332,0.674
85,female,50.0,1.88,same,same,1,0,0,model,Y,0.0,0,0.313,0.149,0.632,0.786
85,female,50.0,1.901,same,same,1,0,0,model,Y,0.0,0,0.313,0.156,0.632,0.8
85,female,150.0,4.349,different,different,1,0,0,model,Y,0.0,3,0.313,0.236,2.347,1.303
85,female,150.0,3.772,same,same,1,0,0,model,Y,0.0,1,0.313,0.199,2.015,1.195
85,female,0.0,1.42,same,same,1,0,0,model,Y,0.0,0,0.313,0.1,0.332,0.674
85,female,50.0,3.336,different,different,1,0,0,model,Y,0.0,3,0.313,0.141,1.897,0.835
85,female,50.0,3.913,different,different,1,0,0,model,Y,0.0,3,0.313,0.151,2.347,0.951
85,female,150.0,6.739,different,different,1,0,0,model,Y,0.0,3,0.313,0.27,4.597,1.409
85,female,100.0,4.706,different,same,0,0,1,model,Y,0.0,3,0.313,0.208,2.347,1.689
85,female,100.0,3.918,different,same,0,0,1,model,Y,0.0,3,0.313,0.204,2.047,1.203
85,female,100.0,4.215,different,different,1,0,0,model,Y,0.0,3,0.313,0.204,2.347,1.201
85,female,100.0,2.166,same,same,1,0,0,model,Y,0.0,0,0.313,0.191,0.782,0.88
85,female,0.0,1.42,same,same,1,0,0,model,Y,0.0,0,0.313,0.1,0.332,0.674
85,female,100.0,2.505,same,same,1,0,0,model,Y,0.0,0,0.313,0.249,0.932,1.01
85,female,50.0,1.84,same,same,1,0,0,model,Y,0.0,0,0.313,0.137,0.632,0.758
85,female,150.0,5.605,different,same,0,0,1,model,Y,0.0,3,0.313,0.29,3.397,1.456
85,female,50.0,3.216,different,different,1,0,0,model,Y,0.0,3,0.313,0.143,1.597,1.012
85,female,50.0,3.169,different,different,1,0,0,model,Y,0.0,3,0.313,0.132,1.597,0.977
85,female,150.0,4.251,same,same,1,0,0,model,Y,0.0,1,0.313,0.254,2.015,1.619
85,female,100.0,2.128,same,same,1,0,0,model,Y,0.0,0,0.313,0.179,0.782,0.853
85,female,0.0,1.42,same,same,1,0,0,model,Y,0.0,0,0.313,0.1,0.332,0.674
85,female,0.0,2.434,different,different,1,0,0,model,Y,0.0,3,0.313,0.1,0.997,0.874
85,female,0.0,2.434,different,different,1,0,0,model,Y,0.0,3,0.313,0.1,0.997,0.874
85,female,150.0,3.561,same,same,1,0,0,model,Y,0.0,1,0.313,0.276,2.015,0.907
85,female,50.0,3.199,different,different,1,0,0,model,Y,0.0,3,0.313,0.141,1.597,0.998
85,female,100.0,2.242,same,same,1,0,0,model,Y,0.0,0,0.313,0.215,0.782,0.932
85,female,150.0,2.801,same,same,1,0,0,model,Y,0.0,0,0.313,0.202,1.382,0.904
85,female,100.0,6.52,different,different,1,0,0,model,Y,0.0,3,0.313,0.216,4.597,1.244
85,female,50.0,3.431,different,same,0,0,1,model,Y,0.0,3,0.313,0.155,2.047,0.766
86,male,150.0,4.818,different,different,1,0,0,model,Y,0.0,3,0.7,0.205,2.595,1.168
86,male,50.0,3.83,different,different,1,0,0,model,Y,0.0,3,0.7,0.143,1.845,0.993
86,male,150.0,3.161,same,same,1,0,0,model,Y,0.0,0,0.7,0.255,1.215,0.991
86,male,50.0,4.013,same,different,0,1,0,model,Y,0.0,3,0.7,0.156,1.995,1.013
86,male,100.0,2.985,same,same,1,0,0,model,Y,0.0,0,0.7,0.247,1.065,0.974
86,male,150.0,5.923,different,different,1,0,0,model,Y,0.0,3,0.7,0.216,3.645,1.212
86,male,0.0,1.758,same,same,1,0,0,model,Y,0.0,0,0.7,0.1,0.315,0.643
86,male,50.0,4.025,different,different,1,0,0,model,Y,0.0,3,0.7,0.157,1.995,1.024
86,male,50.0,2.177,same,same,1,0,0,model,Y,0.0,0,0.7,0.137,0.615,0.726
86,male,150.0,5.861,different,different,1,0,0,model,Y,0.0,3,0.7,0.315,3.195,1.501
86,male,100.0,5.248,different,different,1,0,0,model,Y,0.0,3,0.7,0.199,3.045,1.155
86,male,50.0,2.224,same,same,1,0,0,model,Y,0.0,0,0.7,0.151,0.615,0.758
86,male,150.0,5.635,different,same,0,0,1,model,Y,0.0,3,0.7,0.264,2.595,1.927
86,male,0.0,1.758,same,same,1,0,0,model,Y,0.0,0,0.7,0.1,0.315,0.643
86,male,50.0,3.782,different,different,1,0,0,model,Y,0.0,3,0.7,0.135,1.845,0.952
86,male,150.0,6.188,same,same,1,0,0,model,Y,0.0,3,0.7,0.231,3.345,1.763
86,male,100.0,4.686,different,different,1,0,0,model,Y,0.0,3,0.7,0.213,2.745,0.878
86,male,0.0,2.738,different,different,1,0,0,model,Y,0.0,3,0.7,0.1,0.945,0.843
86,male,50.0,3.501,different,different,1,0,0,model,Y,0.0,3,0.7,0.139,1.545,0.968
86,male,150.0,5.855,different,same,0,0,1,model,Y,0.0,3,0.7,0.272,3.345,1.389
86,male,150.0,2.907,same,same,1,0,0,model,Y,0.0,0,0.7,0.223,1.065,0.92
86,male,150.0,5.636,different,different,1,0,0,model,Y,0.0,3,0.7,0.221,3.345,1.221
86,male,0.0,2.738,same,different,0,1,0,model,Y,0.0,3,0.7,0.1,0.945,0.843
86,male,0.0,1.758,same,same,1,0,0,model,Y,0.0,0,0.7,0.1,0.315,0.643
86,male,0.0,1.758,same,same,1,0,0,model,Y,0.0,0,0.7,0.1,0.315,0.643
86,male,50.0,3.632,different,different,1,0,0,model,Y,0.0,3,0.7,0.138,1.845,0.8
86,male,50.0,3.551,different,different,1,0,0,model,Y,0.0,3,0.7,0.153,1.545,1.003
86,male,50.0,2.387,same,same,1,0,0,model,Y,0.0,0,0.7,0.155,0.765,0.767
86,male,50.0,3.244,same,same,1,0,0,model,Y,0.0,1,0.7,0.147,1.38,0.968
86,male,50.0,3.66,different,different,1,0,0,model,Y,0.0,3,0.7,0.143,1.695,0.973
86,male,0.0,1.758,same,same,1,0,0,model,Y,0.0,0,0.7,0.1,0.315,0.643
86,male,100.0,4.203,different,different,1,0,0,model,Y,0.0,3,0.7,0.202,1.995,1.157
86,male,0.0,1.758,same,same,1,0,0,model,Y,0.0,0,0.7,0.1,0.315,0.643
86,male,150.0,5.377,different,different,1,0,0,model,Y,0.0,3,0.7,0.267,2.895,1.366
86,male,0.0,1.758,same,same,1,0,0,model,Y,0.0,0,0.7,0.1,0.315,0.643
86,male,50.0,3.483,different,different,1,0,0,model,Y,0.0,3,0.7,0.135,1.545,0.954
86,male,100.0,3.788,same,same,1,0,0,model,Y,0.0,1,0.7,0.198,1.68,1.161
86,male,50.0,2.146,same,same,1,0,0,model,Y,0.0,0,0.7,0.127,0.615,0.704
86,male,150.0,3.01,same,same,1,0,0,model,Y,0.0,0,0.7,0.208,1.215,0.887
86,male,50.0,3.747,different,different,1,0,0,model,Y,0.0,3,0.7,0.163,1.995,0.74
86,male,0.0,1.758,same,same,1,0,0,model,Y,0.0,0,0.7,0.1,0.315,0.643
86,male,150.0,3.102,same,same,1,0,0,model,Y,0.0,0,0.7,0.237,1.215,0.951
86,male,50.0,3.738,different,different,1,0,0,model,Y,0.0,3,0.7,0.157,1.995,0.736
86,male,150.0,2.764,same,same,1,0,0,model,Y,0.0,0,0.7,0.225,0.915,0.924
86,male,0.0,1.758,same,same,1,0,0,model,Y,0.0,0,0.7,0.1,0.315,0.643
86,male,50.0,3.555,different,different,1,0,0,model,Y,0.0,3,0.7,0.153,1.545,1.007
86,male,150.0,4.708,different,different,1,0,0,model,Y,0.0,3,0.7,0.251,2.295,1.312
86,male,150.0,5.84,different,different,1,0,0,model,Y,0.0,3,0.7,0.301,3.645,1.045
86,male,100.0,4.194,different,different,1,0,0,model,Y,0.0,3,0.7,0.199,1.995,1.15
86,male,150.0,5.398,different,different,1,0,0,model,Y,0.0,3,0.7,0.274,2.895,1.38
86,male,100.0,7.26,different,different,1,0,0,model,Y,0.0,3,0.7,0.198,5.445,0.767
86,male,0.0,1.758,same,same,1,0,0,model,Y,0.0,0,0.7,0.1,0.315,0.643
86,male,150.0,3.047,same,same,1,0,0,model,Y,0.0,0,0.7,0.22,1.215,0.913
86,male,100.0,6.076,different,different,1,0,0,model,Y,0.0,3,0.7,0.217,3.795,1.215
86,male,150.0,4.66,different,different,1,0,0,model,Y,0.0,3,0.7,0.243,2.295,1.272
86,male,100.0,4.073,different,different,1,0,0,model,Y,0.0,3,0.7,0.204,1.845,1.174
86,male,100.0,4.84,different,same,0,0,1,model,Y,0.0,3,0.7,0.173,2.745,1.072
86,male,50.0,3.288,same,same,1,0,0,model,Y,0.0,1,0.7,0.156,1.38,1.003
86,male,0.0,2.738,different,different,1,0,0,model,Y,0.0,3,0.7,0.1,0.945,0.843
86,male,0.0,2.738,different,different,1,0,0,model,Y,0.0,3,0.7,0.1,0.945,0.843
86,male,150.0,6.206,different,same,0,0,1,model,Y,0.0,3,0.7,0.235,3.345,1.777
86,male,150.0,5.267,different,same,0,0,1,model,Y,0.0,3,0.7,0.239,2.895,1.283
86,male,0.0,2.738,different,different,1,0,0,model,Y,0.0,3,0.7,0.1,0.945,0.843
86,male,100.0,2.713,same,same,1,0,0,model,Y,0.0,0,0.7,0.209,0.915,0.889
86,male,100.0,2.776,same,same,1,0,0,model,Y,0.0,0,0.7,0.228,0.915,0.932
86,male,0.0,1.758,same,same,1,0,0,model,Y,0.0,0,0.7,0.1,0.315,0.643
86,male,50.0,2.213,same,same,1,0,0,model,Y,0.0,0,0.7,0.148,0.615,0.75
86,male,150.0,5.994,different,different,1,0,0,model,Y,0.0,3,0.7,0.234,3.645,1.266
86,male,50.0,2.2,same,same,1,0,0,model,Y,0.0,0,0.7,0.144,0.615,0.742
86,male,150.0,2.952,same,same,1,0,0,model,Y,0.0,0,0.7,0.19,1.215,0.847
86,male,150.0,2.98,same,same,1,0,0,model,Y,0.0,0,0.7,0.245,1.065,0.97
86,male,150.0,3.162,same,same,1,0,0,model,Y,0.0,0,0.7,0.209,1.365,0.888
86,male,50.0,3.51,different,different,1,0,0,model,Y,0.0,3,0.7,0.141,1.695,0.824
86,male,0.0,2.738,different,different,1,0,0,model,Y,0.0,3,0.7,0.1,0.945,0.843
86,male,50.0,2.263,same,same,1,0,0,model,Y,0.0,0,0.7,0.163,0.615,0.785
86,male,100.0,3.959,same,same,1,0,0,model,Y,0.0,1,0.7,0.198,1.68,1.332
86,male,50.0,4.067,different,same,0,0,1,model,Y,0.0,3,0.7,0.167,1.995,1.056
86,male,100.0,4.228,different,different,1,0,0,model,Y,0.0,3,0.7,0.17,2.145,1.063
86,male,50.0,2.451,same,same,1,0,0,model,Y,0.0,0,0.7,0.129,0.915,0.707
86,male,0.0,2.738,different,different,1,0,0,model,Y,0.0,3,0.7,0.1,0.945,0.843
86,male,50.0,3.669,different,different,1,0,0,model,Y,0.0,3,0.7,0.142,1.695,0.982
86,male,50.0,4.003,different,same,0,0,1,model,Y,0.0,3,0.7,0.152,1.995,1.007
86,male,100.0,4.103,different,different,1,0,0,model,Y,0.0,3,0.7,0.178,1.995,1.081
86,male,0.0,1.758,same,same,1,0,0,model,Y,0.0,0,0.7,0.1,0.315,0.643
86,male,0.0,2.738,different,different,1,0,0,model,Y,0.0,3,0.7,0.1,0.945,0.843
86,male,50.0,2.239,same,same,1,0,0,model,Y,0.0,0,0.7,0.156,0.615,0.768
86,male,150.0,8.133,different,same,0,0,1,model,Y,0.0,3,0.7,0.207,5.895,1.182
86,male,150.0,2.984,same,same,1,0,0,model,Y,0.0,0,0.7,0.293,0.915,1.077
86,male,50.0,2.21,same,same,1,0,0,model,Y,0.0,0,0.7,0.147,0.615,0.749
86,male,150.0,5.517,different,different,1,0,0,model,Y,0.0,3,0.7,0.265,3.045,1.357
86,male,150.0,5.247,different,different,1,0,0,model,Y,0.0,3,0.7,0.248,3.345,0.805
86,male,0.0,2.738,different,different,1,0,0,model,Y,0.0,3,0.7,0.1,0.945,0.843
86,male,0.0,1.758,same,same,1,0,0,model,Y,0.0,0,0.7,0.1,0.315,0.643
86,male,150.0,3.286,same,same,1,0,0,model,Y,0.0,0,0.7,0.293,1.215,1.078
86,male,0.0,1.758,same,same,1,0,0,model,Y,0.0,0,0.7,0.1,0.315,0.643
86,male,0.0,1.758,same,same,1,0,0,model,Y,0.0,0,0.7,0.1,0.315,0.643
87,male,100.0,2.894,same,same,1,0,0,model,Y,0.0,0,0.5,0.207,1.159,1.027
87,male,150.0,3.409,same,same,1,0,0,model,Y,0.0,0,0.5,0.32,1.309,1.28
87,male,150.0,4.11,different,different,1,0,0,model,Y,0.0,3,0.5,0.259,1.977,1.224
87,male,100.0,4.713,same,different,0,1,0,model,Y,0.0,3,0.5,0.199,2.577,1.286
87,male,150.0,3.053,same,same,1,0,0,model,Y,0.0,0,0.5,0.256,1.159,1.137
87,male,50.0,4.799,different,different,1,0,0,model,Y,0.0,3,0.5,0.146,2.877,1.126
87,male,0.0,2.513,different,different,1,0,0,model,Y,0.0,3,0.5,0.1,0.777,0.986
87,male,50.0,3.442,same,different,0,1,0,model,Y,0.0,3,0.5,0.143,1.527,1.122
87,male,150.0,8.678,different,different,1,0,0,model,Y,0.0,3,0.5,0.291,6.177,1.56
87,male,50.0,3.784,different,different,1,0,0,model,Y,0.0,3,0.5,0.153,1.827,1.154
87,male,150.0,4.601,different,different,1,0,0,model,Y,0.0,3,0.5,0.209,2.427,1.315
87,male,0.0,2.513,different,different,1,0,0,model,Y,0.0,3,0.5,0.1,0.777,0.986
87,male,50.0,2.138,same,same,1,0,0,model,Y,0.0,0,0.5,0.16,0.559,0.92
87,male,50.0,2.105,same,same,1,0,0,model,Y,0.0,0,0.5,0.149,0.559,0.896
87,male,50.0,3.587,different,different,1,0,0,model,Y,0.0,3,0.5,0.143,1.677,1.117
87,male,150.0,4.755,different,different,1,0,0,model,Y,0.0,3,0.5,0.322,2.127,1.656
87,male,0.0,1.645,same,same,1,0,0,model,Y,0.0,0,0.5,0.1,0.259,0.786
87,male,100.0,2.643,same,same,1,0,0,model,Y,0.0,0,0.5,0.223,0.859,1.061
87,male,150.0,4.16,same,same,1,0,0,model,Y,0.0,0,0.5,0.274,2.209,1.177
87,male,50.0,4.374,different,different,1,0,0,model,Y,0.0,3,0.5,0.152,2.427,1.145
87,male,150.0,3.025,same,same,1,0,0,model,Y,0.0,0,0.5,0.248,1.159,1.118
87,male,100.0,3.619,different,different,1,0,0,model,Y,0.0,3,0.5,0.151,1.677,1.141
87,male,0.0,2.513,different,different,1,0,0,model,Y,0.0,3,0.5,0.1,0.777,0.986
87,male,150.0,4.689,different,different,1,0,0,model,Y,0.0,3,0.5,0.23,2.427,1.382
87,male,50.0,3.696,different,different,1,0,0,model,Y,0.0,3,0.5,0.153,1.827,1.066
87,male,0.0,2.513,different,different,1,0,0,model,Y,0.0,3,0.5,0.1,0.777,0.986
87,male,150.0,4.648,different,different,1,0,0,model,Y,0.0,3,0.5,0.293,2.127,1.578
87,male,50.0,2.071,same,same,1,0,0,model,Y,0.0,0,0.5,0.139,0.559,0.873
87,male,150.0,3.504,same,same,1,0,0,model,Y,0.0,0,0.5,0.211,1.759,1.035
87,male,100.0,2.961,same,same,1,0,0,model,Y,0.0,0,0.5,0.228,1.159,1.074
87,male,0.0,1.645,same,same,1,0,0,model,Y,0.0,0,0.5,0.1,0.259,0.786
87,male,100.0,8.139,different,different,1,0,0,model,Y,0.0,3,0.5,0.229,5.877,1.383
87,male,150.0,3.332,same,same,1,0,0,model,Y,0.0,0,0.5,0.296,1.309,1.227
87,male,0.0,2.513,same,different,0,1,0,model,Y,0.0,3,0.5,0.1,0.777,0.986
87,male,150.0,5.112,different,different,1,0,0,model,Y,0.0,3,0.5,0.262,2.727,1.472
87,male,50.0,3.656,different,different,1,0,0,model,Y,0.0,3,0.5,0.159,1.677,1.171
87,male,100.0,5.105,different,different,1,0,0,model,Y,0.0,3,0.5,0.222,2.877,1.356
87,male,50.0,2.255,same,same,1,0,0,model,Y,0.0,0,0.5,0.149,0.709,0.897
87,male,0.0,1.645,same,same,1,0,0,model,Y,0.0,0,0.5,0.1,0.259,0.786
87,male,150.0,3.468,same,same,1,0,0,model,Y,0.0,0,0.5,0.292,1.459,1.217
87,male,0.0,1.645,same,same,1,0,0,model,Y,0.0,0,0.5,0.1,0.259,0.786
87,male,0.0,1.645,same,same,1,0,0,model,Y,0.0,0,0.5,0.1,0.259,0.786
87,male,150.0,4.59,different,different,1,0,0,model,Y,0.0,3,0.5,0.271,2.427,1.242
87,male,0.0,2.513,different,different,1,0,0,model,Y,0.0,3,0.5,0.1,0.777,0.986
87,male,100.0,4.368,different,different,1,0,0,model,Y,0.0,3,0.5,0.187,2.277,1.253
87,male,0.0,1.645,same,same,1,0,0,model,Y,0.0,0,0.5,0.1,0.259,0.786
87,male,50.0,3.7,different,different,1,0,0,model,Y,0.0,3,0.5,0.134,1.827,1.089
87,male,100.0,4.398,different,different,1,0,0,model,Y,0.0,3,0.5,0.194,2.427,1.127
87,male,0.0,1.645,same,same,1,0,0,model,Y,0.0,0,0.5,0.1,0.259,0.786
87,male,100.0,2.353,same,same,1,0,0,model,Y,0.0,0,0.5,0.18,0.709,0.965
87,male,50.0,2.257,same,same,1,0,0,model,Y,0.0,0,0.5,0.15,0.709,0.898
87,male,150.0,4.5,different,different,1,0,0,model,Y,0.0,3,0.5,0.258,2.127,1.466
87,male,150.0,4.358,different,different,1,0,0,model,Y,0.0,3,0.5,0.298,2.127,1.283
87,male,50.0,2.245,same,same,1,0,0,model,Y,0.0,0,0.5,0.146,0.709,0.89
87,male,0.0,1.645,same,same,1,0,0,model,Y,0.0,0,0.5,0.1,0.259,0.786
87,male,0.0,2.513,different,different,1,0,0,model,Y,0.0,3,0.5,0.1,0.777,0.986
87,male,100.0,4.764,different,different,1,0,0,model,Y,0.0,3,0.5,0.213,2.577,1.324
87,male,150.0,3.096,same,same,1,0,0,model,Y,0.0,0,0.5,0.223,1.309,1.063
87,male,0.0,1.645,same,same,1,0,0,model,Y,0.0,0,0.5,0.1,0.259,0.786
87,male,100.0,3.828,different,different,1,0,0,model,Y,0.0,3,0.5,0.202,1.677,1.298
87,male,100.0,2.611,same,same,1,0,0,model,Y,0.0,0,0.5,0.213,0.859,1.039
87,male,150.0,4.909,same,same,1,0,0,model,Y,0.0,0,0.5,0.227,3.109,1.072
87,male,150.0,2.563,same,same,1,0,0,model,Y,0.0,0,0.5,0.198,0.859,1.006
87,male,0.0,2.513,different,different,1,0,0,model,Y,0.0,3,0.5,0.1,0.777,0.986
87,male,0.0,1.645,same,same,1,0,0,model,Y,0.0,0,0.5,0.1,0.259,0.786
87,male,0.0,1.645,same,same,1,0,0,model,Y,0.0,0,0.5,0.1,0.259,0.786
87,male,150.0,4.64,different,different,1,0,0,model,Y,0.0,3,0.5,0.218,2.427,1.346
87,male,0.0,1.645,same,same,1,0,0,model,Y,0.0,0,0.5,0.1,0.259,0.786
87,male,100.0,2.459,same,same,1,0,0,model,Y,0.0,0,0.5,0.212,0.709,1.038
87,male,100.0,5.318,different,different,1,0,0,model,Y,0.0,3,0.5,0.2,3.177,1.291
87,male,50.0,2.196,same,same,1,0,0,model,Y,0.0,0,0.5,0.131,0.709,0.856
87,male,150.0,2.989,same,same,1,0,0,model,Y,0.0,0,0.5,0.237,1.159,1.094
87,male,150.0,3.101,same,same,1,0,0,model,Y,0.0,0,0.5,0.271,1.159,1.171
87,male,50.0,2.1,same,same,1,0,0,model,Y,0.0,0,0.5,0.148,0.559,0.893
87,male,50.0,2.289,same,same,1,0,0,model,Y,0.0,0,0.5,0.16,0.709,0.92
87,male,50.0,3.253,different,different,1,0,0,model,Y,0.0,3,0.5,0.135,1.377,1.091
87,male,150.0,4.677,different,different,1,0,0,model,Y,0.0,3,0.5,0.226,2.427,1.374
87,male,150.0,2.906,same,same,1,0,0,model,Y,0.0,0,0.5,0.211,1.159,1.036
87,male,150.0,5.286,different,different,1,0,0,model,Y,0.0,3,0.5,0.304,2.727,1.605
87,male,0.0,2.513,different,different,1,0,0,model,Y,0.0,3,0.5,0.1,0.777,0.986
87,male,150.0,8.679,different,different,1,0,0,model,Y,0.0,3,0.5,0.254,6.327,1.448
87,male,150.0,5.733,different,different,1,0,0,model,Y,0.0,3,0.5,0.303,3.177,1.603
87,male,50.0,4.075,different,different,1,0,0,model,Y,0.0,3,0.5,0.15,2.127,1.148
87,male,150.0,2.757,same,same,1,0,0,model,Y,0.0,0,0.5,0.258,0.859,1.14
87,male,150.0,4.783,different,different,1,0,0,model,Y,0.0,3,0.5,0.254,2.427,1.453
87,male,100.0,4.607,different,different,1,0,0,model,Y,0.0,3,0.5,0.21,2.427,1.32
87,male,150.0,3.179,same,same,1,0,0,model,Y,0.0,0,0.5,0.249,1.309,1.121
87,male,100.0,4.324,different,different,1,0,0,model,Y,0.0,3,0.5,0.165,2.427,1.083
87,male,0.0,1.645,same,same,1,0,0,model,Y,0.0,0,0.5,0.1,0.259,0.786
87,male,150.0,2.756,same,same,1,0,0,model,Y,0.0,0,0.5,0.211,1.009,1.036
87,male,50.0,2.419,same,same,1,0,0,model,Y,0.0,0,0.5,0.154,0.859,0.907
87,male,150.0,3.161,same,same,1,0,0,model,Y,0.0,0,0.5,0.197,1.459,1.005
87,male,150.0,5.178,different,different,1,0,0,model,Y,0.0,3,0.5,0.24,2.877,1.411
87,male,100.0,4.318,different,different,1,0,0,model,Y,0.0,3,0.5,0.213,2.127,1.328
87,male,0.0,2.513,different,different,1,0,0,model,Y,0.0,3,0.5,0.1,0.777,0.986
87,male,150.0,4.512,different,different,1,0,0,model,Y,0.0,3,0.5,0.24,2.427,1.195
88,male,100.0,2.469,same,same,1,0,0,model,Y,0.0,0,0.561,0.169,0.906,0.833
88,male,150.0,4.705,different,different,1,0,0,model,Y,0.0,3,0.561,0.323,2.118,1.552
88,male,50.0,2.781,same,same,1,0,0,model,Y,0.0,0,0.561,0.172,1.206,0.842
88,male,50.0,2.407,same,same,1,0,0,model,Y,0.0,0,0.561,0.149,0.906,0.79
88,male,50.0,4.181,different,different,1,0,0,model,Y,0.0,3,0.561,0.129,2.418,0.923
88,male,150.0,9.363,different,different,1,0,0,model,Y,0.0,3,0.561,0.283,6.918,1.451
88,male,150.0,2.827,same,same,1,0,0,model,Y,0.0,0,0.561,0.186,1.206,0.873
88,male,0.0,1.646,same,same,1,0,0,model,Y,0.0,0,0.561,0.1,0.306,0.679
88,male,100.0,2.668,same,same,1,0,0,model,Y,0.0,0,0.561,0.183,1.056,0.867
88,male,50.0,3.626,different,different,1,0,0,model,Y,0.0,3,0.561,0.164,1.668,1.083
88,male,150.0,2.742,same,same,1,0,0,model,Y,0.0,0,0.561,0.206,1.056,0.918
88,male,50.0,3.714,different,different,1,0,0,model,Y,0.0,3,0.561,0.148,1.818,1.037
88,male,0.0,1.646,same,same,1,0,0,model,Y,0.0,0,0.561,0.1,0.306,0.679
88,male,100.0,4.076,different,different,1,0,0,model,Y,0.0,3,0.561,0.204,1.968,1.193
88,male,0.0,2.608,different,different,1,0,0,model,Y,0.0,3,0.561,0.1,0.918,0.879
88,male,100.0,4.851,different,different,1,0,0,model,Y,0.0,3,0.561,0.246,2.568,1.326
88,male,100.0,2.585,same,same,1,0,0,model,Y,0.0,0,0.561,0.204,0.906,0.913
88,male,150.0,2.861,same,same,1,0,0,model,Y,0.0,0,0.561,0.243,1.056,1.001
88,male,0.0,1.646,same,same,1,0,0,model,Y,0.0,0,0.561,0.1,0.306,0.679
88,male,0.0,1.646,same,same,1,0,0,model,Y,0.0,0,0.561,0.1,0.306,0.679
88,male,50.0,3.82,different,different,1,0,0,model,Y,0.0,3,0.561,0.139,1.968,1.001
88,male,50.0,2.246,same,same,1,0,0,model,Y,0.0,0,0.561,0.146,0.756,0.783
88,male,150.0,4.511,same,different,0,1,0,model,Y,0.0,3,0.561,0.198,2.418,1.184
88,male,50.0,2.251,same,same,1,0,0,model,Y,0.0,0,0.561,0.148,0.756,0.786
88,male,150.0,3.021,same,same,1,0,0,model,Y,0.0,0,0.561,0.292,1.056,1.111
88,male,0.0,2.608,different,different,1,0,0,model,Y,0.0,3,0.561,0.1,0.918,0.879
88,male,50.0,2.244,same,same,1,0,0,model,Y,0.0,0,0.561,0.145,0.756,0.781
88,male,50.0,3.042,same,same,1,0,0,model,Y,0.0,0,0.561,0.16,1.506,0.814
88,male,100.0,3.599,same,same,1,0,0,model,Y,0.0,0,0.561,0.239,1.806,0.992
88,male,0.0,2.608,different,different,1,0,0,model,Y,0.0,3,0.561,0.1,0.918,0.879
88,male,100.0,4.401,different,different,1,0,0,model,Y,0.0,3,0.561,0.209,2.268,1.212
88,male,150.0,5.202,different,different,1,0,0,model,Y,0.0,3,0.561,0.221,3.018,1.251
88,male,100.0,5.031,different,different,1,0,0,model,Y,0.0,3,0.561,0.216,2.868,1.235
88,male,0.0,1.646,same,same,1,0,0,model,Y,0.0,0,0.561,0.1,0.306,0.679
88,male,50.0,4.168,different,different,1,0,0,model,Y,0.0,3,0.561,0.148,2.268,1.04
88,male,100.0,2.98,same,same,1,0,0,model,Y,0.0,0,0.561,0.233,1.206,0.979
88,male,150.0,3.132,same,same,1,0,0,model,Y,0.0,0,0.561,0.28,1.206,1.084
88,male,100.0,4.336,different,different,1,0,0,model,Y,0.0,3,0.561,0.192,2.268,1.164
88,male,50.0,3.391,different,different,1,0,0,model,Y,0.0,3,0.561,0.143,1.518,1.018
88,male,100.0,3.092,same,same,1,0,0,model,Y,0.0,0,0.561,0.222,1.356,0.953
88,male,100.0,4.465,different,different,1,0,0,model,Y,0.0,3,0.561,0.225,2.268,1.261
88,male,150.0,6.106,different,different,1,0,0,model,Y,0.0,3,0.561,0.259,3.768,1.368
88,male,150.0,2.934,same,same,1,0,0,model,Y,0.0,0,0.561,0.265,1.056,1.051
88,male,150.0,3.144,same,same,1,0,0,model,Y,0.0,0,0.561,0.238,1.356,0.989
88,male,0.0,1.646,same,same,1,0,0,model,Y,0.0,0,0.561,0.1,0.306,0.679
88,male,100.0,4.232,same,different,0,1,0,model,Y,0.0,3,0.561,0.242,1.968,1.31
88,male,100.0,2.535,same,same,1,0,0,model,Y,0.0,0,0.561,0.189,0.906,0.878
88,male,150.0,5.245,different,different,1,0,0,model,Y,0.0,3,0.561,0.255,3.168,1.111
88,male,50.0,3.923,different,different,1,0,0,model,Y,0.0,3,0.561,0.164,1.968,1.08
88,male,150.0,3.383,same,same,1,0,0,model,Y,0.0,0,0.561,0.265,1.506,1.05
88,male,0.0,1.646,same,same,1,0,0,model,Y,0.0,0,0.561,0.1,0.306,0.679
88,male,150.0,2.734,same,same,1,0,0,model,Y,0.0,0,0.561,0.204,1.056,0.913
88,male,100.0,2.583,same,same,1,0,0,model,Y,0.0,0,0.561,0.157,1.056,0.808
88,male,0.0,2.608,different,different,1,0,0,model,Y,0.0,3,0.561,0.1,0.918,0.879
88,male,150.0,2.64,same,same,1,0,0,model,Y,0.0,0,0.561,0.221,0.906,0.952
88,male,150.0,2.92,same,same,1,0,0,model,Y,0.0,0,0.561,0.215,1.206,0.938
88,male,50.0,3.749,different,different,1,0,0,model,Y,0.0,3,0.561,0.156,1.818,1.064
88,male,50.0,2.269,same,same,1,0,0,model,Y,0.0,0,0.561,0.153,0.756,0.799
88,male,100.0,4.91,different,different,1,0,0,model,Y,0.0,3,0.561,0.187,2.868,1.144
88,male,0.0,1.646,same,same,1,0,0,model,Y,0.0,0,0.561,0.1,0.306,0.679
88,male,150.0,5.271,different,different,1,0,0,model,Y,0.0,3,0.561,0.239,3.018,1.304
88,male,100.0,2.649,same,same,1,0,0,model,Y,0.0,0,0.561,0.178,1.056,0.854
88,male,50.0,3.766,different,different,1,0,0,model,Y,0.0,3,0.561,0.126,1.968,0.961
88,male,0.0,2.608,different,different,1,0,0,model,Y,0.0,3,0.561,0.1,0.918,0.879
88,male,100.0,4.006,different,different,1,0,0,model,Y,0.0,3,0.561,0.179,2.118,0.998
88,male,50.0,3.855,different,different,1,0,0,model,Y,0.0,3,0.561,0.148,1.968,1.028
88,male,150.0,4.67,different,different,1,0,0,model,Y,0.0,3,0.561,0.237,2.418,1.304
88,male,150.0,4.855,different,different,1,0,0,model,Y,0.0,3,0.561,0.322,2.268,1.554
88,male,50.0,2.257,same,same,1,0,0,model,Y,0.0,0,0.561,0.149,0.756,0.79
88,male,0.0,1.646,same,same,1,0,0,model,Y,0.0,0,0.561,0.1,0.306,0.679
88,male,150.0,3.28,same,same,1,0,0,model,Y,0.0,0,0.561,0.234,1.506,0.979
88,male,0.0,2.608,different,different,1,0,0,model,Y,0.0,3,0.561,0.1,0.918,0.879
88,male,100.0,2.582,same,same,1,0,0,model,Y,0.0,0,0.561,0.203,0.906,0.911
88,male,100.0,2.426,same,same,1,0,0,model,Y,0.0,0,0.561,0.202,0.756,0.907
88,male,0.0,2.608,different,different,1,0,0,model,Y,0.0,3,0.561,0.1,0.918,0.879
88,male,150.0,5.876,different,different,1,0,0,model,Y,0.0,3,0.561,0.202,3.768,1.195
88,male,0.0,1.646,same,same,1,0,0,model,Y,0.0,0,0.561,0.1,0.306,0.679
88,male,0.0,1.646,same,same,1,0,0,model,Y,0.0,0,0.561,0.1,0.306,0.679
88,male,0.0,1.646,same,same,1,0,0,model,Y,0.0,0,0.561,0.1,0.306,0.679
88,male,150.0,3.162,same,same,1,0,0,model,Y,0.0,0,0.561,0.289,1.206,1.105
88,male,50.0,2.042,same,same,1,0,0,model,Y,0.0,0,0.561,0.13,0.606,0.745
88,male,0.0,2.608,different,different,1,0,0,model,Y,0.0,3,0.561,0.1,0.918,0.879
88,male,100.0,2.379,same,same,1,0,0,model,Y,0.0,0,0.561,0.187,0.756,0.875
88,male,100.0,4.225,different,different,1,0,0,model,Y,0.0,3,0.561,0.203,2.118,1.193
88,male,150.0,3.561,same,same,1,0,0,model,Y,0.0,0,0.561,0.182,1.956,0.862
88,male,50.0,2.263,same,same,1,0,0,model,Y,0.0,0,0.561,0.151,0.756,0.794
88,male,100.0,4.01,different,different,1,0,0,model,Y,0.0,3,0.561,0.188,1.968,1.143
88,male,0.0,1.646,same,same,1,0,0,model,Y,0.0,0,0.561,0.1,0.306,0.679
88,male,100.0,4.013,different,different,1,0,0,model,Y,0.0,3,0.561,0.224,1.818,1.26
88,male,150.0,2.997,same,same,1,0,0,model,Y,0.0,0,0.561,0.239,1.206,0.991
88,male,150.0,3.015,same,same,1,0,0,model,Y,0.0,0,0.561,0.244,1.206,1.003
88,male,50.0,2.23,same,same,1,0,0,model,Y,0.0,0,0.561,0.141,0.756,0.771
88,male,100.0,4.343,different,different,1,0,0,model,Y,0.0,3,0.561,0.194,2.268,1.169
88,male,100.0,5.207,different,different,1,0,0,model,Y,0.0,3,0.561,0.222,3.018,1.256
88,male,50.0,3.723,different,different,1,0,0,model,Y,0.0,3,0.561,0.153,1.818,1.041
88,male,100.0,5.372,different,different,1,0,0,model,Y,0.0,3,0.561,0.245,3.318,1.097
89,male,50.0,3.853,same,different,0,1,0,model,Y,0.0,2,0.57,0.126,2.138,0.919
89,male,100.0,2.873,same,same,1,0,0,model,Y,0.0,0,0.57,0.228,0.994,1.08
89,male,0.0,1.855,same,same,1,0,0,model,Y,0.0,0,0.57,0.1,0.394,0.791
89,male,50.0,3.656,same,different,0,1,0,model,Y,0.0,2,0.57,0.152,1.838,0.996
89,male,150.0,3.168,same,same,1,0,0,model,Y,0.0,0,0.57,0.227,1.294,1.077
89,male,150.0,3.029,same,same,1,0,0,model,Y,0.0,0,0.57,0.23,1.144,1.085
89,male,150.0,3.226,same,same,1,0,0,model,Y,0.0,0,0.57,0.199,1.444,1.013
89,male,150.0,3.971,same,same,1,0,0,model,Y,0.0,0,0.57,0.243,2.044,1.114
89,male,50.0,3.335,same,different,0,1,0,model,Y,0.0,2,0.57,0.146,1.538,0.98
89,male,100.0,2.826,same,same,1,0,0,model,Y,0.0,0,0.57,0.214,0.994,1.048
89,male,50.0,2.482,same,same,1,0,0,model,Y,0.0,0,0.57,0.154,0.844,0.913
89,male,150.0,2.793,same,same,1,0,0,model,Y,0.0,0,0.57,0.204,0.994,1.025
89,male,100.0,3.973,same,different,0,1,0,model,Y,0.0,2,0.57,0.156,2.138,1.009
89,male,100.0,3.86,different,different,1,0,0,model,Y,0.0,2,0.57,0.165,1.988,1.037
89,male,100.0,3.124,same,same,1,0,0,model,Y,0.0,0,0.57,0.213,1.294,1.046
89,male,100.0,3.24,same,same,1,0,0,model,Y,0.0,0,0.57,0.203,1.444,1.023
89,male,150.0,3.287,same,same,1,0,0,model,Y,0.0,0,0.57,0.263,1.294,1.159
89,male,150.0,5.326,different,different,1,0,0,model,Y,0.0,2,0.57,0.269,3.038,1.349
89,male,100.0,2.853,same,same,1,0,0,model,Y,0.0,0,0.57,0.176,1.144,0.963
89,male,0.0,2.399,different,different,1,0,0,model,Y,0.0,2,0.57,0.1,0.788,0.841
89,male,50.0,2.314,same,same,1,0,0,model,Y,0.0,0,0.57,0.149,0.694,0.901
89,male,0.0,2.399,different,different,1,0,0,model,Y,0.0,2,0.57,0.1,0.788,0.841
89,male,100.0,4.701,different,different,1,0,0,model,Y,0.0,2,0.57,0.225,2.588,1.218
89,male,150.0,3.218,same,same,1,0,0,model,Y,0.0,0,0.57,0.242,1.294,1.112
89,male,0.0,1.855,same,same,1,0,0,model,Y,0.0,0,0.57,0.1,0.394,0.791
89,male,150.0,3.85,different,different,1,0,0,model,Y,0.0,2,0.57,0.2,1.988,0.991
89,male,150.0,4.739,different,different,1,0,0,model,Y,0.0,2,0.57,0.272,2.438,1.358
89,male,0.0,1.855,same,same,1,0,0,model,Y,0.0,0,0.57,0.1,0.394,0.791
89,male,50.0,2.671,same,same,1,0,0,model,Y,0.0,0,0.57,0.166,0.994,0.94
89,male,0.0,2.399,different,different,1,0,0,model,Y,0.0,2,0.57,0.1,0.788,0.841
89,male,100.0,2.474,same,same,1,0,0,model,Y,0.0,0,0.57,0.152,0.844,0.908
89,male,150.0,4.859,same,different,0,1,0,model,Y,0.0,2,0.57,0.265,2.588,1.336
89,male,150.0,4.45,same,same,1,0,0,model,Y,0.0,0,0.57,0.206,2.644,1.03
89,male,150.0,4.794,different,different,1,0,0,model,Y,0.0,2,0.57,0.286,2.438,1.4
89,male,0.0,2.399,different,different,1,0,0,model,Y,0.0,2,0.57,0.1,0.788,0.841
89,male,100.0,4.45,different,different,1,0,0,model,Y,0.0,2,0.57,0.2,2.438,1.142
89,male,100.0,4.032,different,different,1,0,0,model,Y,0.0,2,0.57,0.171,2.138,1.053
89,male,0.0,1.855,same,same,1,0,0,model,Y,0.0,0,0.57,0.1,0.394,0.791
89,male,100.0,4.693,different,different,1,0,0,model,Y,0.0,2,0.57,0.186,2.738,1.099
89,male,100.0,3.978,same,different,0,1,0,model,Y,0.0,2,0.57,0.191,2.138,0.978
89,male,0.0,1.855,same,same,1,0,0,model,Y,0.0,0,0.57,0.1,0.394,0.791
89,male,150.0,3.299,same,same,1,0,0,model,Y,0.0,0,0.57,0.267,1.294,1.168
89,male,100.0,3.287,same,same,1,0,0,model,Y,0.0,0,0.57,0.171,1.594,0.951
89,male,100.0,3.363,same,same,1,0,0,model,Y,0.0,0,0.57,0.241,1.444,1.108
89,male,50.0,3.527,different,different,1,0,0,model,Y,0.0,2,0.57,0.157,1.688,1.012
89,male,100.0,3.865,different,different,1,0,0,model,Y,0.0,2,0.57,0.166,1.988,1.04
89,male,150.0,4.167,different,different,1,0,0,model,Y,0.0,2,0.57,0.204,2.138,1.154
89,male,100.0,3.143,same,same,1,0,0,model,Y,0.0,0,0.57,0.219,1.294,1.059
89,male,150.0,2.884,same,same,1,0,0,model,Y,0.0,0,0.57,0.232,0.994,1.088
89,male,100.0,3.386,same,same,1,0,0,model,Y,0.0,0,0.57,0.202,1.594,1.02
89,male,100.0,3.734,different,different,1,0,0,model,Y,0.0,2,0.57,0.214,1.838,1.012
89,male,150.0,3.556,same,same,1,0,0,model,Y,0.0,0,0.57,0.208,1.744,1.034
89,male,50.0,2.445,same,same,1,0,0,model,Y,0.0,0,0.57,0.143,0.844,0.888
89,male,0.0,2.399,different,different,1,0,0,model,Y,0.0,2,0.57,0.1,0.788,0.841
89,male,50.0,3.383,same,different,0,1,0,model,Y,0.0,2,0.57,0.158,1.538,1.016
89,male,100.0,3.185,same,same,1,0,0,model,Y,0.0,0,0.57,0.186,1.444,0.985
89,male,0.0,2.399,different,different,1,0,0,model,Y,0.0,2,0.57,0.1,0.788,0.841
89,male,50.0,2.313,same,same,1,0,0,model,Y,0.0,0,0.57,0.148,0.694,0.9
89,male,150.0,2.963,same,same,1,0,0,model,Y,0.0,0,0.57,0.21,1.144,1.039
89,male,150.0,2.803,same,same,1,0,0,model,Y,0.0,0,0.57,0.207,0.994,1.032
89,male,0.0,2.399,different,different,1,0,0,model,Y,0.0,2,0.57,0.1,0.788,0.841
89,male,50.0,3.622,different,different,1,0,0,model,Y,0.0,2,0.57,0.143,1.838,0.971
89,male,0.0,1.855,same,same,1,0,0,model,Y,0.0,0,0.57,0.1,0.394,0.791
89,male,150.0,4.325,different,different,1,0,0,model,Y,0.0,2,0.57,0.281,1.988,1.385
89,male,0.0,1.855,same,same,1,0,0,model,Y,0.0,0,0.57,0.1,0.394,0.791
89,male,150.0,5.905,different,different,1,0,0,model,Y,0.0,2,0.57,0.264,3.638,1.333
89,male,150.0,5.531,different,different,1,0,0,model,Y,0.0,2,0.57,0.283,3.188,1.39
89,male,0.0,2.399,different,different,1,0,0,model,Y,0.0,2,0.57,0.1,0.788,0.841
89,male,0.0,2.399,different,different,1,0,0,model,Y,0.0,2,0.57,0.1,0.788,0.841
89,male,50.0,2.37,same,same,1,0,0,model,Y,0.0,0,0.57,0.166,0.694,0.94
89,male,0.0,1.855,same,same,1,0,0,model,Y,0.0,0,0.57,0.1,0.394,0.791
89,male,0.0,1.855,same,same,1,0,0,model,Y,0.0,0,0.57,0.1,0.394,0.791
89,male,50.0,3.226,different,different,1,0,0,model,Y,0.0,2,0.57,0.131,1.538,0.887
89,male,0.0,1.855,same,same,1,0,0,model,Y,0.0,0,0.57,0.1,0.394,0.791
89,male,100.0,4.078,same,different,0,1,0,model,Y,0.0,2,0.57,0.22,1.988,1.2
89,male,100.0,3.244,same,same,1,0,0,model,Y,0.0,0,0.57,0.158,1.594,0.922
89,male,50.0,3.535,different,different,1,0,0,model,Y,0.0,2,0.57,0.159,1.688,1.018
89,male,0.0,2.399,different,different,1,0,0,model,Y,0.0,2,0.57,0.1,0.788,0.841
89,male,100.0,2.831,same,same,1,0,0,model,Y,0.0,0,0.57,0.215,0.994,1.051
89,male,150.0,3.148,same,same,1,0,0,model,Y,0.0,0,0.57,0.267,1.144,1.167
89,male,50.0,3.083,same,same,1,0,0,model,Y,0.0,0,0.57,0.155,1.444,0.914
89,male,50.0,4.441,different,different,1,0,0,model,Y,0.0,2,0.57,0.16,2.588,1.022
89,male,0.0,2.399,same,different,0,1,0,model,Y,0.0,2,0.57,0.1,0.788,0.841
89,male,50.0,3.614,different,different,1,0,0,model,Y,0.0,2,0.57,0.141,1.838,0.965
89,male,50.0,2.595,same,same,1,0,0,model,Y,0.0,0,0.57,0.143,0.994,0.888
89,male,100.0,5.171,same,different,0,1,0,model,Y,0.0,2,0.57,0.155,3.338,1.007
89,male,100.0,3.771,same,different,0,1,0,model,Y,0.0,2,0.57,0.18,1.838,1.082
89,male,0.0,2.399,different,different,1,0,0,model,Y,0.0,2,0.57,0.1,0.788,0.841
89,male,100.0,2.542,same,same,1,0,0,model,Y,0.0,0,0.57,0.173,0.844,0.955
89,male,0.0,2.399,different,different,1,0,0,model,Y,0.0,2,0.57,0.1,0.788,0.841
89,male,100.0,2.778,same,same,1,0,0,model,Y,0.0,0,0.57,0.199,0.994,1.014
89,male,150.0,4.424,different,different,1,0,0,model,Y,0.0,2,0.57,0.194,2.438,1.122
89,male,150.0,2.916,same,same,1,0,0,model,Y,0.0,0,0.57,0.195,1.144,1.006
89,male,50.0,3.574,different,different,1,0,0,model,Y,0.0,2,0.57,0.131,1.838,0.935
89,male,150.0,3.078,same,same,1,0,0,model,Y,0.0,0,0.57,0.246,1.144,1.119
89,male,0.0,2.399,same,different,0,1,0,model,Y,0.0,2,0.57,0.1,0.788,0.841
90,female,150.0,3.462,same,same,1,0,0,model,Y,0.0,0,0.578,0.269,1.619,0.996
90,female,0.0,2.451,different,different,1,0,0,model,Y,0.0,3,0.578,0.1,0.807,0.816
90,female,100.0,3.573,different,different,1,0,0,model,Y,0.0,3,0.578,0.189,1.707,0.95
90,female,50.0,4.433,different,different,1,0,0,model,Y,0.0,3,0.578,0.146,2.607,0.953
90,female,50.0,2.19,same,same,1,0,0,model,Y,0.0,0,0.578,0.154,0.719,0.738
90,female,50.0,2.197,same,same,1,0,0,model,Y,0.0,0,0.578,0.157,0.719,0.744
90,female,0.0,2.451,different,different,1,0,0,model,Y,0.0,3,0.578,0.1,0.807,0.816
90,female,50.0,3.9,different,different,1,0,0,model,Y,0.0,3,0.578,0.162,2.007,1.003
90,female,150.0,3.235,same,same,1,0,0,model,Y,0.0,0,0.578,0.291,1.319,1.047
90,female,0.0,1.563,same,same,1,0,0,model,Y,0.0,0,0.578,0.1,0.269,0.616
90,female,50.0,4.184,different,different,1,0,0,model,Y,0.0,3,0.578,0.156,2.307,0.993
90,female,100.0,6.86,different,different,1,0,0,model,Y,0.0,3,0.578,0.226,4.707,1.199
90,female,100.0,4.625,different,different,1,0,0,model,Y,0.0,3,0.578,0.156,2.757,0.985
90,female,100.0,4.519,different,different,1,0,0,model,Y,0.0,3,0.578,0.204,2.457,1.13
90,female,100.0,2.401,same,same,1,0,0,model,Y,0.0,0,0.578,0.173,0.869,0.781
90,female,50.0,3.693,different,different,1,0,0,model,Y,0.0,3,0.578,0.147,1.857,0.961
90,female,50.0,4.835,different,different,1,0,0,model,Y,0.0,3,0.578,0.154,3.057,0.897
90,female,0.0,1.563,same,same,1,0,0,model,Y,0.0,0,0.578,0.1,0.269,0.616
90,female,150.0,6.796,different,different,1,0,0,model,Y,0.0,3,0.578,0.21,4.707,1.152
90,female,100.0,2.398,same,same,1,0,0,model,Y,0.0,0,0.578,0.172,0.869,0.779
90,female,100.0,4.957,different,different,1,0,0,model,Y,0.0,3,0.578,0.201,2.907,1.122
90,female,100.0,2.577,same,same,1,0,0,model,Y,0.0,0,0.578,0.228,0.869,0.903
90,female,50.0,3.463,different,different,1,0,0,model,Y,0.0,3,0.578,0.128,1.707,0.9
90,female,0.0,2.451,different,different,1,0,0,model,Y,0.0,3,0.578,0.1,0.807,0.816
90,female,0.0,2.451,different,different,1,0,0,model,Y,0.0,3,0.578,0.1,0.807,0.816
90,female,150.0,2.852,same,same,1,0,0,model,Y,0.0,0,0.578,0.22,1.169,0.886
90,female,100.0,4.567,different,different,1,0,0,model,Y,0.0,3,0.578,0.216,2.457,1.166
90,female,150.0,2.985,same,same,1,0,0,model,Y,0.0,0,0.578,0.215,1.319,0.874
90,female,150.0,3.061,same,same,1,0,0,model,Y,0.0,0,0.578,0.238,1.319,0.926
90,female,50.0,3.991,different,different,1,0,0,model,Y,0.0,3,0.578,0.146,2.157,0.96
90,female,150.0,2.874,same,same,1,0,0,model,Y,0.0,0,0.578,0.273,1.019,1.004
90,female,100.0,3.531,same,same,1,0,0,model,Y,0.0,0,0.578,0.244,1.769,0.94
90,female,50.0,2.446,same,same,1,0,0,model,Y,0.0,0,0.578,0.141,1.019,0.708
90,female,150.0,4.283,same,same,1,0,0,model,Y,0.0,0,0.578,0.291,2.369,1.046
90,female,150.0,4.626,different,different,1,0,0,model,Y,0.0,3,0.578,0.269,2.307,1.323
90,female,150.0,2.875,same,same,1,0,0,model,Y,0.0,0,0.578,0.273,1.019,1.005
90,female,50.0,4.45,different,different,1,0,0,model,Y,0.0,3,0.578,0.148,2.607,0.968
90,female,50.0,2.026,same,same,1,0,0,model,Y,0.0,0,0.578,0.15,0.569,0.729
90,female,50.0,1.974,same,same,1,0,0,model,Y,0.0,0,0.578,0.134,0.569,0.693
90,female,100.0,2.783,same,same,1,0,0,model,Y,0.0,0,0.578,0.198,1.169,0.838
90,female,150.0,5.814,different,different,1,0,0,model,Y,0.0,3,0.578,0.227,3.657,1.202
90,female,50.0,2.122,same,same,1,0,0,model,Y,0.0,0,0.578,0.134,0.719,0.692
90,female,100.0,2.922,same,same,1,0,0,model,Y,0.0,0,0.578,0.195,1.319,0.83
90,female,50.0,3.296,different,different,1,0,0,model,Y,0.0,3,0.578,0.159,1.407,1.002
90,female,100.0,4.368,different,different,1,0,0,model,Y,0.0,3,0.578,0.167,2.457,1.017
90,female,100.0,2.525,same,same,1,0,0,model,Y,0.0,0,0.578,0.211,0.869,0.867
90,female,50.0,2.384,same,same,1,0,0,model,Y,0.0,0,0.578,0.168,0.869,0.769
90,female,100.0,2.857,same,same,1,0,0,model,Y,0.0,0,0.578,0.221,1.169,0.889
90,female,150.0,3.743,same,same,1,0,0,model,Y,0.0,0,0.578,0.263,1.919,0.983
90,female,0.0,2.451,different,different,1,0,0,model,Y,0.0,3,0.578,0.1,0.807,0.816
90,female,50.0,4.36,different,different,1,0,0,model,Y,0.0,3,0.578,0.144,2.607,0.882
90,female,50.0,2.38,same,same,1,0,0,model,Y,0.0,0,0.578,0.167,0.869,0.766
90,female,100.0,4.105,different,different,1,0,0,model,Y,0.0,3,0.578,0.222,2.157,0.999
90,female,100.0,2.858,same,same,1,0,0,model,Y,0.0,0,0.578,0.222,1.169,0.89
90,female,150.0,2.971,same,same,1,0,0,model,Y,0.0,0,0.578,0.21,1.319,0.864
90,female,150.0,4.618,same,different,0,1,0,model,Y,0.0,3,0.578,0.229,2.457,1.204
90,female,100.0,3.807,different,different,1,0,0,model,Y,0.0,3,0.578,0.176,1.857,1.046
90,female,100.0,5.52,different,different,1,0,0,model,Y,0.0,3,0.578,0.192,3.507,1.094
90,female,0.0,1.563,same,same,1,0,0,model,Y,0.0,0,0.578,0.1,0.269,0.616
90,female,150.0,7.067,same,different,0,1,0,model,Y,0.0,3,0.578,0.241,4.857,1.241
90,female,50.0,3.79,different,different,1,0,0,model,Y,0.0,3,0.578,0.171,1.857,1.034
90,female,150.0,3.005,same,same,1,0,0,model,Y,0.0,0,0.578,0.267,1.169,0.991
90,female,50.0,2.129,same,same,1,0,0,model,Y,0.0,0,0.578,0.136,0.719,0.697
90,female,0.0,2.451,different,different,1,0,0,model,Y,0.0,3,0.578,0.1,0.807,0.816
90,female,50.0,3.446,different,different,1,0,0,model,Y,0.0,3,0.578,0.138,1.707,0.873
90,female,0.0,2.451,different,different,1,0,0,model,Y,0.0,3,0.578,0.1,0.807,0.816
90,female,0.0,1.563,same,same,1,0,0,model,Y,0.0,0,0.578,0.1,0.269,0.616
90,female,0.0,2.451,different,different,1,0,0,model,Y,0.0,3,0.578,0.1,0.807,0.816
90,female,100.0,2.289,same,same,1,0,0,model,Y,0.0,0,0.578,0.185,0.719,0.807
90,female,100.0,4.919,different,different,1,0,0,model,Y,0.0,3,0.578,0.228,2.757,1.206
90,female,0.0,1.563,same,same,1,0,0,model,Y,0.0,0,0.578,0.1,0.269,0.616
90,female,50.0,3.574,different,different,1,0,0,model,Y,0.0,3,0.578,0.155,1.707,0.984
90,female,0.0,2.451,different,different,1,0,0,model,Y,0.0,3,0.578,0.1,0.807,0.816
90,female,50.0,2.262,same,same,1,0,0,model,Y,0.0,0,0.578,0.13,0.869,0.685
90,female,0.0,2.451,different,different,1,0,0,model,Y,0.0,3,0.578,0.1,0.807,0.816
90,female,0.0,1.563,same,same,1,0,0,model,Y,0.0,0,0.578,0.1,0.269,0.616
90,female,100.0,2.508,same,same,1,0,0,model,Y,0.0,0,0.578,0.206,0.869,0.855
90,female,0.0,1.563,same,same,1,0,0,model,Y,0.0,0,0.578,0.1,0.269,0.616
90,female,0.0,2.451,different,different,1,0,0,model,Y,0.0,3,0.578,0.1,0.807,0.816
90,female,50.0,2.206,same,same,1,0,0,model,Y,0.0,0,0.578,0.16,0.719,0.75
90,female,150.0,4.463,different,different,1,0,0,model,Y,0.0,3,0.578,0.228,2.307,1.2
90,female,100.0,2.494,same,same,1,0,0,model,Y,0.0,0,0.578,0.202,0.869,0.846
90,female,0.0,1.563,same,same,1,0,0,model,Y,0.0,0,0.578,0.1,0.269,0.616
90,female,100.0,4.089,different,different,1,0,0,model,Y,0.0,3,0.578,0.171,2.157,1.033
90,female,0.0,1.563,same,same,1,0,0,model,Y,0.0,0,0.578,0.1,0.269,0.616
90,female,0.0,2.451,different,different,1,0,0,model,Y,0.0,3,0.578,0.1,0.807,0.816
90,female,150.0,2.857,same,same,1,0,0,model,Y,0.0,0,0.578,0.221,1.169,0.889
90,female,150.0,2.849,same,same,1,0,0,model,Y,0.0,0,0.578,0.265,1.019,0.987
90,female,100.0,4.393,different,different,1,0,0,model,Y,0.0,3,0.578,0.173,2.457,1.036
90,female,100.0,2.602,same,same,1,0,0,model,Y,0.0,0,0.578,0.235,0.869,0.92
90,female,100.0,4.363,different,different,1,0,0,model,Y,0.0,3,0.578,0.205,2.457,0.974
90,female,100.0,2.816,same,same,1,0,0,model,Y,0.0,0,0.578,0.209,1.169,0.86
90,female,50.0,2.178,same,same,1,0,0,model,Y,0.0,0,0.578,0.151,0.719,0.731
90,female,100.0,4.773,different,different,1,0,0,model,Y,0.0,3,0.578,0.192,2.757,1.096
90,female,0.0,2.451,different,different,1,0,0,model,Y,0.0,3,0.578,0.1,0.807,0.816
90,female,0.0,1.563,same,same,1,0,0,model,Y,0.0,0,0.578,0.1,0.269,0.616
91,female,100.0,2.731,same,same,1,0,0,model,Y,0.0,0,0.451,0.223,1.113,0.945
91,female,150.0,3.182,same,same,1,0,0,model,Y,0.0,0,0.451,0.269,1.413,1.049
91,female,100.0,2.565,same,same,1,0,0,model,Y,0.0,0,0.451,0.172,1.113,0.83
91,female,0.0,1.583,same,same,1,0,0,model,Y,0.0,0,0.451,0.1,0.363,0.669
91,female,50.0,2.213,same,same,1,0,0,model,Y,0.0,0,0.451,0.155,0.813,0.794
91,female,100.0,3.71,same,same,1,0,0,model,Y,0.0,0,0.451,0.201,2.163,0.896
91,female,150.0,2.891,same,same,1,0,0,model,Y,0.0,0,0.451,0.272,1.113,1.056
91,female,50.0,3.509,different,different,1,0,0,model,Y,0.0,3,0.451,0.163,1.688,1.058
91,female,0.0,1.583,same,same,1,0,0,model,Y,0.0,0,0.451,0.1,0.363,0.669
91,female,0.0,2.658,same,different,0,1,0,model,Y,0.0,3,0.451,0.1,1.088,0.869
91,female,50.0,2.056,same,same,1,0,0,model,Y,0.0,0,0.451,0.153,0.663,0.789
91,female,50.0,2.067,same,same,1,0,0,model,Y,0.0,0,0.451,0.157,0.663,0.797
91,female,100.0,4.471,different,different,1,0,0,model,Y,0.0,3,0.451,0.213,2.438,1.22
91,female,50.0,2.668,same,same,1,0,0,model,Y,0.0,0,0.451,0.157,1.263,0.797
91,female,50.0,3.428,different,different,1,0,0,model,Y,0.0,3,0.451,0.142,1.688,0.997
91,female,150.0,2.842,same,same,1,0,0,model,Y,0.0,0,0.451,0.211,1.263,0.918
91,female,100.0,4.588,different,different,1,0,0,model,Y,0.0,3,0.451,0.212,2.738,1.037
91,female,50.0,3.594,different,different,1,0,0,model,Y,0.0,3,0.451,0.146,1.838,1.009
91,female,50.0,2.026,same,same,1,0,0,model,Y,0.0,0,0.451,0.144,0.663,0.768
91,female,0.0,1.583,same,same,1,0,0,model,Y,0.0,0,0.451,0.1,0.363,0.669
91,female,0.0,1.583,same,same,1,0,0,model,Y,0.0,0,0.451,0.1,0.363,0.669
91,female,50.0,4.176,different,different,1,0,0,model,Y,0.0,3,0.451,0.14,2.438,0.996
91,female,100.0,4.519,different,different,1,0,0,model,Y,0.0,3,0.451,0.225,2.438,1.255
91,female,50.0,3.946,different,different,1,0,0,model,Y,0.0,3,0.451,0.159,2.138,1.048
91,female,0.0,1.583,same,same,1,0,0,model,Y,0.0,0,0.451,0.1,0.363,0.669
91,female,100.0,4.252,different,different,1,0,0,model,Y,0.0,3,0.451,0.197,2.438,1.016
91,female,50.0,2.23,same,same,1,0,0,model,Y,0.0,0,0.451,0.161,0.813,0.806
91,female,150.0,5.525,different,different,1,0,0,model,Y,0.0,3,0.451,0.286,3.188,1.45
91,female,0.0,1.583,same,same,1,0,0,model,Y,0.0,0,0.451,0.1,0.363,0.669
91,female,0.0,1.583,same,same,1,0,0,model,Y,0.0,0,0.451,0.1,0.363,0.669
91,female,150.0,5.438,different,different,1,0,0,model,Y,0.0,3,0.451,0.194,3.488,1.155
91,female,50.0,2.008,same,same,1,0,0,model,Y,0.0,0,0.451,0.138,0.663,0.756
91,female,0.0,2.658,different,different,1,0,0,model,Y,0.0,3,0.451,0.1,1.088,0.869
91,female,150.0,2.598,same,same,1,0,0,model,Y,0.0,0,0.451,0.228,0.963,0.957
91,female,100.0,3.261,same,same,1,0,0,model,Y,0.0,0,0.451,0.201,1.713,0.897
91,female,50.0,2.044,same,same,1,0,0,model,Y,0.0,0,0.451,0.15,0.663,0.781
91,female,100.0,2.486,same,same,1,0,0,model,Y,0.0,0,0.451,0.239,0.813,0.983
91,female,150.0,4.827,different,different,1,0,0,model,Y,0.0,3,0.451,0.227,2.738,1.261
91,female,0.0,1.583,same,same,1,0,0,model,Y,0.0,0,0.451,0.1,0.363,0.669
91,female,50.0,4.295,different,different,1,0,0,model,Y,0.0,3,0.451,0.155,2.588,0.951
91,female,50.0,2.007,same,same,1,0,0,model,Y,0.0,0,0.451,0.138,0.663,0.755
91,female,100.0,5.585,different,different,1,0,0,model,Y,0.0,3,0.451,0.191,3.638,1.156
91,female,150.0,2.913,same,same,1,0,0,model,Y,0.0,0,0.451,0.186,1.413,0.863
91,female,100.0,2.742,same,same,1,0,0,model,Y,0.0,0,0.451,0.18,1.263,0.849
91,female,50.0,3.876,different,different,1,0,0,model,Y,0.0,3,0.451,0.141,2.138,0.996
91,female,0.0,1.583,same,same,1,0,0,model,Y,0.0,0,0.451,0.1,0.363,0.669
91,female,100.0,3.094,same,same,1,0,0,model,Y,0.0,0,0.451,0.196,1.563,0.885
91,female,150.0,5.844,different,different,1,0,0,model,Y,0.0,3,0.451,0.234,3.938,1.071
91,female,150.0,5.484,different,different,1,0,0,model,Y,0.0,3,0.451,0.277,3.188,1.418
91,female,150.0,2.538,same,same,1,0,0,model,Y,0.0,0,0.451,0.209,0.963,0.916
91,female,0.0,1.583,same,same,1,0,0,model,Y,0.0,0,0.451,0.1,0.363,0.669
91,female,50.0,3.956,different,different,1,0,0,model,Y,0.0,3,0.451,0.162,2.138,1.055
91,female,0.0,1.583,same,same,1,0,0,model,Y,0.0,0,0.451,0.1,0.363,0.669
91,female,150.0,3.618,same,same,1,0,0,model,Y,0.0,0,0.451,0.265,1.863,1.04
91,female,150.0,4.97,different,different,1,0,0,model,Y,0.0,3,0.451,0.19,3.038,1.141
91,female,0.0,1.583,same,same,1,0,0,model,Y,0.0,0,0.451,0.1,0.363,0.669
91,female,100.0,2.449,same,same,1,0,0,model,Y,0.0,0,0.451,0.182,0.963,0.853
91,female,100.0,2.287,same,same,1,0,0,model,Y,0.0,0,0.451,0.178,0.813,0.846
91,female,150.0,4.897,different,different,1,0,0,model,Y,0.0,3,0.451,0.247,2.738,1.311
91,female,0.0,2.658,different,different,1,0,0,model,Y,0.0,3,0.451,0.1,1.088,0.869
91,female,50.0,2.076,same,same,1,0,0,model,Y,0.0,0,0.451,0.159,0.663,0.803
91,female,150.0,4.371,different,different,1,0,0,model,Y,0.0,3,0.451,0.223,2.288,1.259
91,female,150.0,5.209,different,different,1,0,0,model,Y,0.0,3,0.451,0.244,3.038,1.326
91,female,150.0,2.77,same,same,1,0,0,model,Y,0.0,0,0.451,0.281,0.963,1.076
91,female,100.0,2.536,same,same,1,0,0,model,Y,0.0,0,0.451,0.209,0.963,0.914
91,female,100.0,2.697,same,same,1,0,0,model,Y,0.0,0,0.451,0.212,1.113,0.921
91,female,0.0,2.658,different,different,1,0,0,model,Y,0.0,3,0.451,0.1,1.088,0.869
91,female,150.0,4.665,different,different,1,0,0,model,Y,0.0,3,0.451,0.187,2.738,1.139
91,female,150.0,5.945,different,different,1,0,0,model,Y,0.0,3,0.451,0.206,3.938,1.2
91,female,50.0,1.985,same,same,1,0,0,model,Y,0.0,0,0.451,0.132,0.663,0.74
91,female,100.0,4.554,different,different,1,0,0,model,Y,0.0,3,0.451,0.231,2.438,1.284
91,female,150.0,5.147,same,different,0,1,0,model,Y,0.0,3,0.451,0.23,3.038,1.278
91,female,50.0,2.103,same,same,1,0,0,model,Y,0.0,0,0.451,0.168,0.663,0.822
91,female,150.0,8.11,different,different,1,0,0,model,Y,0.0,3,0.451,0.241,6.188,1.08
91,female,100.0,4.551,different,different,1,0,0,model,Y,0.0,3,0.451,0.231,2.438,1.28
91,female,50.0,3.687,different,different,1,0,0,model,Y,0.0,3,0.451,0.169,1.838,1.079
91,female,100.0,3.283,same,same,1,0,0,model,Y,0.0,0,0.451,0.208,1.713,0.912
91,female,0.0,1.583,same,same,1,0,0,model,Y,0.0,0,0.451,0.1,0.363,0.669
91,female,0.0,2.658,different,different,1,0,0,model,Y,0.0,3,0.451,0.1,1.088,0.869
91,female,0.0,1.583,same,same,1,0,0,model,Y,0.0,0,0.451,0.1,0.363,0.669
91,female,150.0,3.539,same,same,1,0,0,model,Y,0.0,0,0.451,0.287,1.713,1.089
91,female,50.0,2.078,same,same,1,0,0,model,Y,0.0,0,0.451,0.16,0.663,0.804
91,female,100.0,2.755,same,same,1,0,0,model,Y,0.0,0,0.451,0.184,1.263,0.858
91,female,100.0,4.356,different,different,1,0,0,model,Y,0.0,3,0.451,0.185,2.438,1.133
91,female,100.0,2.562,same,same,1,0,0,model,Y,0.0,0,0.451,0.17,1.113,0.828
91,female,100.0,4.496,different,different,1,0,0,model,Y,0.0,3,0.451,0.218,2.438,1.24
91,female,150.0,2.745,same,same,1,0,0,model,Y,0.0,0,0.451,0.273,0.963,1.058
91,female,0.0,2.658,different,different,1,0,0,model,Y,0.0,3,0.451,0.1,1.088,0.869
91,female,0.0,2.658,different,different,1,0,0,model,Y,0.0,3,0.451,0.1,1.088,0.869
91,female,100.0,5.163,different,different,1,0,0,model,Y,0.0,3,0.451,0.198,3.188,1.176
91,female,0.0,1.583,same,same,1,0,0,model,Y,0.0,0,0.451,0.1,0.363,0.669
91,female,150.0,5.348,different,different,1,0,0,model,Y,0.0,3,0.451,0.279,3.038,1.43
91,female,0.0,2.658,different,different,1,0,0,model,Y,0.0,3,0.451,0.1,1.088,0.869
91,female,50.0,2.039,same,same,1,0,0,model,Y,0.0,0,0.451,0.148,0.663,0.777
91,female,100.0,4.498,different,different,1,0,0,model,Y,0.0,3,0.451,0.22,2.438,1.239
91,female,0.0,1.583,same,same,1,0,0,model,Y,0.0,0,0.451,0.1,0.363,0.669
92,female,0.0,1.445,same,same,1,0,0,model,Y,0.0,0,0.321,0.1,0.372,0.652
92,female,150.0,4.693,same,same,1,0,0,model,Y,0.0,1,0.321,0.221,2.844,1.256
92,female,50.0,2.605,different,different,1,0,0,model,Y,0.0,2,0.321,0.135,1.344,0.704
92,female,150.0,5.67,different,different,1,0,0,model,Y,0.0,2,0.321,0.238,3.894,1.116
92,female,50.0,1.885,same,same,1,0,0,model,Y,0.0,0,0.321,0.143,0.672,0.749
92,female,100.0,3.719,different,different,1,0,0,model,Y,0.0,2,0.321,0.2,2.094,1.003
92,female,50.0,2.896,different,different,1,0,0,model,Y,0.0,2,0.321,0.145,1.494,0.836
92,female,100.0,2.635,same,same,1,0,0,model,Y,0.0,0,0.321,0.189,1.272,0.853
92,female,100.0,6.82,different,different,1,0,0,model,Y,0.0,2,0.321,0.188,5.244,0.967
92,female,100.0,3.499,different,different,1,0,0,model,Y,0.0,2,0.321,0.183,1.944,0.951
92,female,100.0,2.465,same,same,1,0,0,model,Y,0.0,0,0.321,0.183,1.122,0.839
92,female,0.0,1.967,different,different,1,0,0,model,Y,0.0,2,0.321,0.1,0.744,0.702
92,female,0.0,1.445,same,same,1,0,0,model,Y,0.0,0,0.321,0.1,0.372,0.652
92,female,100.0,4.215,same,different,0,1,0,model,Y,0.0,2,0.321,0.174,2.694,0.925
92,female,0.0,1.967,different,different,1,0,0,model,Y,0.0,2,0.321,0.1,0.744,0.702
92,female,100.0,2.434,same,same,1,0,0,model,Y,0.0,0,0.321,0.174,1.122,0.818
92,female,0.0,1.967,different,different,1,0,0,model,Y,0.0,2,0.321,0.1,0.744,0.702
92,female,150.0,5.31,different,different,1,0,0,model,Y,0.0,2,0.321,0.223,3.594,1.072
92,female,100.0,2.477,same,same,1,0,0,model,Y,0.0,0,0.321,0.187,1.122,0.847
92,female,0.0,1.445,same,same,1,0,0,model,Y,0.0,0,0.321,0.1,0.372,0.652
92,female,0.0,1.967,same,different,0,1,0,model,Y,0.0,2,0.321,0.1,0.744,0.702
92,female,100.0,3.522,different,different,1,0,0,model,Y,0.0,2,0.321,0.226,1.794,1.08
92,female,0.0,1.445,same,same,1,0,0,model,Y,0.0,0,0.321,0.1,0.372,0.652
92,female,0.0,1.967,different,different,1,0,0,model,Y,0.0,2,0.321,0.1,0.744,0.702
92,female,50.0,2.003,same,same,1,0,0,model,Y,0.0,0,0.321,0.133,0.822,0.726
92,female,0.0,1.967,different,different,1,0,0,model,Y,0.0,2,0.321,0.1,0.744,0.702
92,female,100.0,2.432,same,same,1,0,0,model,Y,0.0,0,0.321,0.219,0.972,0.92
92,female,0.0,1.967,different,different,1,0,0,model,Y,0.0,2,0.321,0.1,0.744,0.702
92,female,50.0,2.759,different,different,1,0,0,model,Y,0.0,2,0.321,0.148,1.344,0.845
92,female,100.0,2.37,same,same,1,0,0,model,Y,0.0,0,0.321,0.2,0.972,0.877
92,female,150.0,2.414,same,same,1,0,0,model,Y,0.0,0,0.321,0.213,0.972,0.907
92,female,150.0,5.05,different,same,0,0,1,model,Y,0.0,2,0.321,0.271,3.144,1.214
92,female,0.0,1.445,same,same,1,0,0,model,Y,0.0,0,0.321,0.1,0.372,0.652
92,female,50.0,2.72,different,different,1,0,0,model,Y,0.0,2,0.321,0.138,1.344,0.817
92,female,150.0,5.375,same,different,0,1,0,model,Y,0.0,2,0.321,0.239,3.594,1.12
92,female,50.0,2.947,same,different,0,1,0,model,Y,0.0,2,0.321,0.158,1.494,0.875
92,female,0.0,1.967,same,different,0,1,0,model,Y,0.0,2,0.321,0.1,0.744,0.702
92,female,100.0,3.848,different,different,1,0,0,model,Y,0.0,2,0.321,0.233,2.094,1.1
92,female,0.0,1.445,same,same,1,0,0,model,Y,0.0,0,0.321,0.1,0.372,0.652
92,female,150.0,3.078,same,same,1,0,0,model,Y,0.0,0,0.321,0.279,1.422,1.055
92,female,50.0,3.576,different,different,1,0,0,model,Y,0.0,2,0.321,0.165,2.094,0.896
92,female,100.0,3.558,different,different,1,0,0,model,Y,0.0,2,0.321,0.16,2.094,0.883
92,female,50.0,1.923,same,same,1,0,0,model,Y,0.0,0,0.321,0.155,0.672,0.775
92,female,0.0,1.967,different,different,1,0,0,model,Y,0.0,2,0.321,0.1,0.744,0.702
92,female,150.0,4.926,different,same,0,0,1,model,Y,0.0,2,0.321,0.24,3.144,1.121
92,female,0.0,1.967,same,different,0,1,0,model,Y,0.0,2,0.321,0.1,0.744,0.702
92,female,50.0,3.62,different,same,0,0,1,model,Y,0.0,2,0.321,0.138,2.244,0.817
92,female,50.0,4.235,same,different,0,1,0,model,Y,0.0,2,0.321,0.127,2.994,0.693
92,female,100.0,4.313,different,same,0,0,1,model,Y,0.0,2,0.321,0.19,2.394,1.308
92,female,150.0,2.648,same,same,1,0,0,model,Y,0.0,0,0.321,0.285,0.972,1.069
92,female,100.0,3.479,different,different,1,0,0,model,Y,0.0,2,0.321,0.165,2.094,0.799
92,female,50.0,3.094,different,different,1,0,0,model,Y,0.0,2,0.321,0.157,1.644,0.872
92,female,0.0,1.445,same,same,1,0,0,model,Y,0.0,0,0.321,0.1,0.372,0.652
92,female,50.0,2.835,different,different,1,0,0,model,Y,0.0,2,0.321,0.167,1.344,0.903
92,female,50.0,2.805,different,different,1,0,0,model,Y,0.0,2,0.321,0.159,1.344,0.88
92,female,150.0,2.668,same,same,1,0,0,model,Y,0.0,0,0.321,0.292,0.972,1.084
92,female,50.0,3.076,different,different,1,0,0,model,Y,0.0,2,0.321,0.152,1.644,0.858
92,female,0.0,1.967,same,different,0,1,0,model,Y,0.0,2,0.321,0.1,0.744,0.702
92,female,0.0,1.967,same,different,0,1,0,model,Y,0.0,2,0.321,0.1,0.744,0.702
92,female,50.0,2.79,different,different,1,0,0,model,Y,0.0,2,0.321,0.156,1.344,0.869
92,female,100.0,3.659,different,different,1,0,0,model,Y,0.0,2,0.321,0.223,1.944,1.07
92,female,150.0,2.702,same,same,1,0,0,model,Y,0.0,0,0.321,0.21,1.272,0.899
92,female,150.0,5.377,different,different,1,0,0,model,Y,0.0,2,0.321,0.24,3.594,1.122
92,female,0.0,1.445,same,same,1,0,0,model,Y,0.0,0,0.321,0.1,0.372,0.652
92,female,100.0,5.084,different,different,1,0,0,model,Y,0.0,2,0.321,0.224,3.744,0.695
92,female,100.0,3.795,different,different,1,0,0,model,Y,0.0,2,0.321,0.219,2.094,1.06
92,female,50.0,3.092,same,same,1,0,0,model,Y,0.0,1,0.321,0.168,1.494,1.058
92,female,150.0,5.372,different,different,1,0,0,model,Y,0.0,2,0.321,0.276,3.444,1.23
92,female,50.0,1.889,same,same,1,0,0,model,Y,0.0,0,0.321,0.144,0.672,0.752
92,female,150.0,4.396,different,different,1,0,0,model,Y,0.0,2,0.321,0.295,2.394,1.286
92,female,100.0,3.861,different,different,1,0,0,model,Y,0.0,2,0.321,0.236,2.094,1.11
92,female,50.0,1.941,same,same,1,0,0,model,Y,0.0,0,0.321,0.16,0.672,0.787
92,female,50.0,2.78,different,different,1,0,0,model,Y,0.0,2,0.321,0.164,1.494,0.7
92,female,150.0,4.911,different,different,1,0,0,model,Y,0.0,2,0.321,0.197,3.444,0.848
92,female,0.0,1.445,same,same,1,0,0,model,Y,0.0,0,0.321,0.1,0.372,0.652
92,female,50.0,3.215,different,different,1,0,0,model,Y,0.0,2,0.321,0.149,1.794,0.85
92,female,150.0,2.713,same,same,1,0,0,model,Y,0.0,0,0.321,0.213,1.272,0.907
92,female,100.0,3.456,different,different,1,0,0,model,Y,0.0,2,0.321,0.172,1.944,0.919
92,female,150.0,4.559,same,different,0,1,0,model,Y,0.0,2,0.321,0.26,2.694,1.183
92,female,50.0,3.021,different,different,1,0,0,model,Y,0.0,2,0.321,0.138,1.644,0.817
92,female,0.0,1.445,same,same,1,0,0,model,Y,0.0,0,0.321,0.1,0.372,0.652
92,female,150.0,3.977,different,different,1,0,0,model,Y,0.0,2,0.321,0.19,2.394,0.972
92,female,150.0,5.617,same,same,1,0,0,model,Y,0.0,1,0.321,0.258,3.594,1.394
92,female,100.0,5.324,same,different,0,1,0,model,Y,0.0,2,0.321,0.189,3.744,0.97
92,female,150.0,6.107,different,same,0,0,1,model,Y,0.0,2,0.321,0.235,4.344,1.107
92,female,50.0,2.085,same,same,1,0,0,model,Y,0.0,0,0.321,0.158,0.822,0.783
92,female,50.0,1.9,same,same,1,0,0,model,Y,0.0,0,0.321,0.148,0.672,0.759
92,female,50.0,2.944,same,different,0,1,0,model,Y,0.0,2,0.321,0.151,1.644,0.728
92,female,150.0,5.188,same,same,1,0,0,model,Y,0.0,2,0.321,0.213,3.144,1.41
92,female,150.0,4.958,different,different,1,0,0,model,Y,0.0,2,0.321,0.285,2.994,1.257
92,female,50.0,2.952,different,different,1,0,0,model,Y,0.0,2,0.321,0.134,1.644,0.753
92,female,100.0,3.665,different,different,1,0,0,model,Y,0.0,2,0.321,0.224,1.944,1.075
92,female,150.0,4.462,same,different,0,1,0,model,Y,0.0,2,0.321,0.236,2.694,1.111
92,female,50.0,1.886,same,same,1,0,0,model,Y,0.0,0,0.321,0.143,0.672,0.75
92,female,150.0,2.975,same,same,1,0,0,model,Y,0.0,0,0.321,0.294,1.272,1.088
92,female,100.0,2.233,same,same,1,0,0,model,Y,0.0,0,0.321,0.158,0.972,0.782
93,female,150.0,9.492,different,same,0,0,1,model,Y,0.0,2,0.436,0.197,7.483,1.275
93,female,0.0,2.007,different,different,1,0,0,model,Y,0.0,2,0.436,0.1,0.733,0.638
93,female,0.0,1.491,same,same,1,0,0,model,Y,0.0,0,0.436,0.1,0.366,0.588
93,female,150.0,4.102,same,different,0,1,0,model,Y,0.0,2,0.436,0.286,2.083,1.196
93,female,150.0,4.586,different,different,1,0,0,model,Y,0.0,2,0.436,0.26,3.133,0.658
93,female,0.0,1.491,same,same,1,0,0,model,Y,0.0,0,0.436,0.1,0.366,0.588
93,female,0.0,1.491,same,same,1,0,0,model,Y,0.0,0,0.436,0.1,0.366,0.588
93,female,150.0,6.283,different,different,1,0,0,model,Y,0.0,2,0.436,0.269,4.333,1.145
93,female,150.0,4.269,different,different,1,0,0,model,Y,0.0,2,0.436,0.291,2.233,1.209
93,female,50.0,3.203,different,different,1,0,0,model,Y,0.0,2,0.436,0.136,1.783,0.747
93,female,50.0,3.965,same,different,0,1,0,model,Y,0.0,2,0.436,0.139,2.533,0.756
93,female,150.0,4.935,same,different,0,1,0,model,Y,0.0,2,0.436,0.307,2.833,1.258
93,female,150.0,5.861,different,different,1,0,0,model,Y,0.0,2,0.436,0.238,4.033,1.053
93,female,100.0,5.823,different,different,1,0,0,model,Y,0.0,2,0.436,0.229,4.033,1.025
93,female,150.0,7.972,different,different,1,0,0,model,Y,0.0,2,0.436,0.204,6.283,0.949
93,female,0.0,2.007,same,different,0,1,0,model,Y,0.0,2,0.436,0.1,0.733,0.638
93,female,100.0,2.419,same,same,1,0,0,model,Y,0.0,0,0.436,0.201,0.966,0.815
93,female,50.0,2.981,different,different,1,0,0,model,Y,0.0,2,0.436,0.156,1.483,0.806
93,female,100.0,2.53,same,same,1,0,0,model,Y,0.0,0,0.436,0.189,1.116,0.788
93,female,0.0,1.491,same,same,1,0,0,model,Y,0.0,0,0.436,0.1,0.366,0.588
93,female,50.0,1.933,same,same,1,0,0,model,Y,0.0,0,0.436,0.144,0.666,0.686
93,female,100.0,2.27,same,same,1,0,0,model,Y,0.0,0,0.436,0.155,0.966,0.712
93,female,100.0,2.401,same,same,1,0,0,model,Y,0.0,0,0.436,0.195,0.966,0.803
93,female,50.0,2.166,same,same,1,0,0,model,Y,0.0,0,0.436,0.169,0.816,0.744
93,female,50.0,1.965,same,same,1,0,0,model,Y,0.0,0,0.436,0.154,0.666,0.708
93,female,100.0,3.513,same,different,0,1,0,model,Y,0.0,2,0.436,0.242,1.933,0.802
93,female,150.0,4.997,different,different,1,0,0,model,Y,0.0,2,0.436,0.248,3.133,1.081
93,female,100.0,4.339,different,same,0,0,1,model,Y,0.0,2,0.436,0.242,2.083,1.477
93,female,150.0,4.849,different,same,0,0,1,model,Y,0.0,2,0.436,0.21,3.133,0.969
93,female,150.0,3.448,same,same,1,0,0,model,Y,0.0,0,0.436,0.287,1.716,1.008
93,female,100.0,4.439,different,different,1,0,0,model,Y,0.0,2,0.436,0.22,2.683,0.999
93,female,150.0,4.335,same,different,0,1,0,model,Y,0.0,2,0.436,0.307,2.233,1.258
93,female,100.0,4.001,different,different,1,0,0,model,Y,0.0,2,0.436,0.186,2.383,0.896
93,female,100.0,3.627,different,different,1,0,0,model,Y,0.0,2,0.436,0.242,1.783,1.065
93,female,100.0,3.347,different,different,1,0,0,model,Y,0.0,2,0.436,0.172,1.783,0.855
93,female,150.0,2.906,same,same,1,0,0,model,Y,0.0,0,0.436,0.259,1.266,0.945
93,female,50.0,3.736,different,same,0,0,1,model,Y,0.0,2,0.436,0.157,2.233,0.81
93,female,0.0,2.007,different,different,1,0,0,model,Y,0.0,2,0.436,0.1,0.733,0.638
93,female,0.0,1.491,same,same,1,0,0,model,Y,0.0,0,0.436,0.1,0.366,0.588
93,female,150.0,3.492,different,different,1,0,0,model,Y,0.0,2,0.436,0.234,1.933,0.789
93,female,50.0,2.798,different,different,1,0,0,model,Y,0.0,2,0.436,0.148,1.333,0.781
93,female,50.0,2.141,same,same,1,0,0,model,Y,0.0,0,0.436,0.162,0.816,0.727
93,female,50.0,2.96,same,different,0,1,0,model,Y,0.0,2,0.436,0.141,1.633,0.649
93,female,100.0,2.467,same,same,1,0,0,model,Y,0.0,0,0.436,0.216,0.966,0.848
93,female,50.0,2.17,same,same,1,0,0,model,Y,0.0,0,0.436,0.17,0.816,0.746
93,female,100.0,4.496,different,different,1,0,0,model,Y,0.0,2,0.436,0.235,2.683,1.042
93,female,50.0,3.608,same,different,0,1,0,model,Y,0.0,2,0.436,0.163,2.083,0.826
93,female,150.0,3.82,different,different,1,0,0,model,Y,0.0,2,0.436,0.25,2.383,0.65
93,female,50.0,2.878,different,different,1,0,0,model,Y,0.0,2,0.436,0.168,1.333,0.841
93,female,150.0,5.48,same,same,1,0,0,model,Y,0.0,1,0.436,0.221,3.583,1.19
93,female,150.0,4.282,different,different,1,0,0,model,Y,0.0,2,0.436,0.228,2.833,0.684
93,female,100.0,4.489,different,different,1,0,0,model,Y,0.0,2,0.436,0.233,2.683,1.037
93,female,0.0,1.491,same,same,1,0,0,model,Y,0.0,0,0.436,0.1,0.366,0.588
93,female,50.0,2.818,different,different,1,0,0,model,Y,0.0,2,0.436,0.153,1.333,0.796
93,female,0.0,2.007,different,different,1,0,0,model,Y,0.0,2,0.436,0.1,0.733,0.638
93,female,0.0,2.007,same,different,0,1,0,model,Y,0.0,2,0.436,0.1,0.733,0.638
93,female,100.0,2.295,same,same,1,0,0,model,Y,0.0,0,0.436,0.209,0.816,0.833
93,female,150.0,3.892,different,different,1,0,0,model,Y,0.0,2,0.436,0.234,2.083,1.039
93,female,0.0,1.491,same,same,1,0,0,model,Y,0.0,0,0.436,0.1,0.366,0.588
93,female,100.0,2.465,same,same,1,0,0,model,Y,0.0,0,0.436,0.215,0.966,0.847
93,female,100.0,4.583,same,different,0,1,0,model,Y,0.0,2,0.436,0.181,2.983,0.882
93,female,50.0,1.897,same,same,1,0,0,model,Y,0.0,0,0.436,0.133,0.666,0.662
93,female,100.0,3.516,different,different,1,0,0,model,Y,0.0,2,0.436,0.215,1.783,0.982
93,female,150.0,2.902,same,same,1,0,0,model,Y,0.0,0,0.436,0.257,1.266,0.942
93,female,100.0,3.526,same,different,0,1,0,model,Y,0.0,2,0.436,0.227,1.933,0.829
93,female,0.0,2.007,different,different,1,0,0,model,Y,0.0,2,0.436,0.1,0.733,0.638
93,female,50.0,3.227,different,different,1,0,0,model,Y,0.0,2,0.436,0.142,1.783,0.765
93,female,0.0,2.007,different,different,1,0,0,model,Y,0.0,2,0.436,0.1,0.733,0.638
93,female,150.0,4.636,different,same,0,0,1,model,Y,0.0,2,0.436,0.242,2.383,1.475
93,female,0.0,1.491,same,same,1,0,0,model,Y,0.0,0,0.436,0.1,0.366,0.588
93,female,0.0,2.007,same,different,0,1,0,model,Y,0.0,2,0.436,0.1,0.733,0.638
93,female,150.0,3.98,different,different,1,0,0,model,Y,0.0,2,0.436,0.256,2.083,1.105
93,female,100.0,3.153,different,different,1,0,0,model,Y,0.0,2,0.436,0.198,1.633,0.785
93,female,0.0,1.491,same,same,1,0,0,model,Y,0.0,0,0.436,0.1,0.366,0.588
93,female,50.0,3.268,different,different,1,0,0,model,Y,0.0,2,0.436,0.153,1.783,0.796
93,female,0.0,2.007,different,different,1,0,0,model,Y,0.0,2,0.436,0.1,0.733,0.638
93,female,0.0,2.007,different,different,1,0,0,model,Y,0.0,2,0.436,0.1,0.733,0.638
93,female,150.0,2.648,same,same,1,0,0,model,Y,0.0,0,0.436,0.225,1.116,0.87
93,female,150.0,2.642,same,same,1,0,0,model,Y,0.0,0,0.436,0.223,1.116,0.866
93,female,0.0,2.007,different,different,1,0,0,model,Y,0.0,2,0.436,0.1,0.733,0.638
93,female,100.0,5.337,different,different,1,0,0,model,Y,0.0,2,0.436,0.183,3.733,0.885
93,female,100.0,5.41,different,different,1,0,0,model,Y,0.0,2,0.436,0.201,3.733,0.94
93,female,50.0,3.251,different,different,1,0,0,model,Y,0.0,2,0.436,0.148,1.783,0.783
93,female,150.0,5.695,different,different,1,0,0,model,Y,0.0,2,0.436,0.272,3.733,1.153
93,female,0.0,1.491,same,same,1,0,0,model,Y,0.0,0,0.436,0.1,0.366,0.588
93,female,50.0,3.093,different,different,1,0,0,model,Y,0.0,2,0.436,0.146,1.633,0.777
93,female,0.0,1.491,same,same,1,0,0,model,Y,0.0,0,0.436,0.1,0.366,0.588
93,female,150.0,8.385,different,different,1,0,0,model,Y,0.0,2,0.436,0.202,7.033,0.614
93,female,150.0,2.823,same,same,1,0,0,model,Y,0.0,0,0.436,0.233,1.266,0.887
93,female,0.0,2.007,different,different,1,0,0,model,Y,0.0,2,0.436,0.1,0.733,0.638
93,female,0.0,1.491,same,same,1,0,0,model,Y,0.0,0,0.436,0.1,0.366,0.588
93,female,50.0,2.943,different,different,1,0,0,model,Y,0.0,2,0.436,0.146,1.483,0.777
93,female,150.0,5.175,same,different,0,1,0,model,Y,0.0,2,0.436,0.292,3.133,1.214
93,female,50.0,3.547,different,same,0,0,1,model,Y,0.0,2,0.436,0.153,1.783,1.075
93,female,0.0,1.491,same,same,1,0,0,model,Y,0.0,0,0.436,0.1,0.366,0.588
93,female,50.0,2.04,same,same,1,0,0,model,Y,0.0,0,0.436,0.13,0.816,0.656
94,female,100.0,5.775,different,different,1,0,0,model,Y,0.0,3,0.508,0.169,3.784,1.163
94,female,150.0,4.671,same,same,1,0,0,model,Y,0.0,0,0.508,0.239,2.861,1.061
94,female,0.0,2.641,different,different,1,0,0,model,Y,0.0,3,0.508,0.1,0.934,0.948
94,female,0.0,1.668,same,same,1,0,0,model,Y,0.0,0,0.508,0.1,0.311,0.748
94,female,150.0,6.916,different,different,1,0,0,model,Y,0.0,3,0.508,0.19,4.984,1.083
94,female,150.0,2.931,same,same,1,0,0,model,Y,0.0,0,0.508,0.258,1.061,1.103
94,female,50.0,2.229,same,same,1,0,0,model,Y,0.0,0,0.508,0.134,0.761,0.825
94,female,50.0,2.855,same,same,1,0,0,model,Y,0.0,0,0.508,0.142,1.361,0.843
94,female,150.0,4.693,different,different,1,0,0,model,Y,0.0,3,0.508,0.311,2.134,1.589
94,female,100.0,4.098,different,different,1,0,0,model,Y,0.0,3,0.508,0.2,1.984,1.255
94,female,50.0,2.328,same,same,1,0,0,model,Y,0.0,0,0.508,0.165,0.761,0.893
94,female,0.0,1.668,same,same,1,0,0,model,Y,0.0,0,0.508,0.1,0.311,0.748
94,female,0.0,1.668,same,same,1,0,0,model,Y,0.0,0,0.508,0.1,0.311,0.748
94,female,0.0,1.668,same,same,1,0,0,model,Y,0.0,0,0.508,0.1,0.311,0.748
94,female,150.0,4.988,different,different,1,0,0,model,Y,0.0,3,0.508,0.273,2.584,1.473
94,female,100.0,7.202,different,different,1,0,0,model,Y,0.0,3,0.508,0.189,5.134,1.221
94,female,150.0,5.816,same,different,0,1,0,model,Y,0.0,3,0.508,0.23,3.784,1.143
94,female,0.0,2.641,different,different,1,0,0,model,Y,0.0,3,0.508,0.1,0.934,0.948
94,female,100.0,2.599,same,same,1,0,0,model,Y,0.0,0,0.508,0.202,0.911,0.977
94,female,100.0,2.42,same,same,1,0,0,model,Y,0.0,0,0.508,0.193,0.761,0.957
94,female,100.0,4.508,different,different,1,0,0,model,Y,0.0,3,0.508,0.227,2.284,1.338
94,female,150.0,3.172,same,same,1,0,0,model,Y,0.0,0,0.508,0.286,1.211,1.166
94,female,0.0,2.641,different,different,1,0,0,model,Y,0.0,3,0.508,0.1,0.934,0.948
94,female,150.0,4.895,different,different,1,0,0,model,Y,0.0,3,0.508,0.25,2.584,1.402
94,female,0.0,1.668,same,same,1,0,0,model,Y,0.0,0,0.508,0.1,0.311,0.748
94,female,50.0,2.42,same,same,1,0,0,model,Y,0.0,0,0.508,0.147,0.911,0.853
94,female,100.0,2.358,same,same,1,0,0,model,Y,0.0,0,0.508,0.174,0.761,0.914
94,female,100.0,4.525,different,different,1,0,0,model,Y,0.0,3,0.508,0.232,2.284,1.35
94,female,0.0,2.641,different,different,1,0,0,model,Y,0.0,3,0.508,0.1,0.934,0.948
94,female,0.0,1.668,same,same,1,0,0,model,Y,0.0,0,0.508,0.1,0.311,0.748
94,female,100.0,4.955,different,different,1,0,0,model,Y,0.0,3,0.508,0.19,2.884,1.222
94,female,50.0,2.245,same,same,1,0,0,model,Y,0.0,0,0.508,0.139,0.761,0.836
94,female,0.0,1.668,same,same,1,0,0,model,Y,0.0,0,0.508,0.1,0.311,0.748
94,female,50.0,3.663,different,different,1,0,0,model,Y,0.0,3,0.508,0.166,1.684,1.154
94,female,0.0,1.668,same,same,1,0,0,model,Y,0.0,0,0.508,0.1,0.311,0.748
94,female,150.0,2.809,same,same,1,0,0,model,Y,0.0,0,0.508,0.266,0.911,1.122
94,female,100.0,5.891,different,different,1,0,0,model,Y,0.0,3,0.508,0.234,3.634,1.364
94,female,0.0,2.641,different,different,1,0,0,model,Y,0.0,3,0.508,0.1,0.934,0.948
94,female,100.0,2.768,same,same,1,0,0,model,Y,0.0,0,0.508,0.208,1.061,0.99
94,female,150.0,3.204,same,same,1,0,0,model,Y,0.0,0,0.508,0.296,1.211,1.188
94,female,100.0,4.653,different,different,1,0,0,model,Y,0.0,3,0.508,0.225,2.434,1.335
94,female,150.0,2.795,same,same,1,0,0,model,Y,0.0,0,0.508,0.216,1.061,1.009
94,female,150.0,2.766,same,same,1,0,0,model,Y,0.0,0,0.508,0.207,1.061,0.989
94,female,0.0,1.668,same,same,1,0,0,model,Y,0.0,0,0.508,0.1,0.311,0.748
94,female,100.0,2.653,same,same,1,0,0,model,Y,0.0,0,0.508,0.173,1.061,0.911
94,female,50.0,3.718,different,different,1,0,0,model,Y,0.0,3,0.508,0.144,1.834,1.081
94,female,0.0,1.668,same,same,1,0,0,model,Y,0.0,0,0.508,0.1,0.311,0.748
94,female,100.0,4.468,different,different,1,0,0,model,Y,0.0,3,0.508,0.171,2.584,1.054
94,female,0.0,1.668,same,same,1,0,0,model,Y,0.0,0,0.508,0.1,0.311,0.748
94,female,150.0,3.44,same,same,1,0,0,model,Y,0.0,0,0.508,0.276,1.511,1.144
94,female,50.0,2.116,same,same,1,0,0,model,Y,0.0,0,0.508,0.146,0.611,0.85
94,female,150.0,4.779,different,different,1,0,0,model,Y,0.0,3,0.508,0.256,2.434,1.43
94,female,150.0,5.431,different,different,1,0,0,model,Y,0.0,3,0.508,0.256,3.334,1.182
94,female,100.0,2.886,same,same,1,0,0,model,Y,0.0,0,0.508,0.244,1.061,1.072
94,female,0.0,1.668,same,same,1,0,0,model,Y,0.0,0,0.508,0.1,0.311,0.748
94,female,50.0,3.469,different,different,1,0,0,model,Y,0.0,3,0.508,0.157,1.534,1.119
94,female,0.0,1.668,same,same,1,0,0,model,Y,0.0,0,0.508,0.1,0.311,0.748
94,female,100.0,2.722,same,same,1,0,0,model,Y,0.0,0,0.508,0.194,1.061,0.958
94,female,50.0,2.264,same,same,1,0,0,model,Y,0.0,0,0.508,0.145,0.761,0.849
94,female,150.0,5.515,different,different,1,0,0,model,Y,0.0,3,0.508,0.292,3.034,1.529
94,female,50.0,2.278,same,same,1,0,0,model,Y,0.0,0,0.508,0.149,0.761,0.859
94,female,100.0,4.389,different,different,1,0,0,model,Y,0.0,3,0.508,0.199,2.284,1.247
94,female,0.0,2.641,different,different,1,0,0,model,Y,0.0,3,0.508,0.1,0.934,0.948
94,female,0.0,1.668,same,same,1,0,0,model,Y,0.0,0,0.508,0.1,0.311,0.748
94,female,50.0,2.474,same,same,1,0,0,model,Y,0.0,0,0.508,0.164,0.911,0.891
94,female,0.0,1.668,same,same,1,0,0,model,Y,0.0,0,0.508,0.1,0.311,0.748
94,female,150.0,7.069,different,different,1,0,0,model,Y,0.0,3,0.508,0.303,4.534,1.573
94,female,100.0,5.198,different,different,1,0,0,model,Y,0.0,3,0.508,0.213,3.034,1.292
94,female,100.0,3.949,different,different,1,0,0,model,Y,0.0,3,0.508,0.2,1.834,1.256
94,female,50.0,5.068,different,different,1,0,0,model,Y,0.0,3,0.508,0.144,3.184,1.081
94,female,100.0,2.722,same,same,1,0,0,model,Y,0.0,0,0.508,0.24,0.911,1.062
94,female,0.0,2.641,different,different,1,0,0,model,Y,0.0,3,0.508,0.1,0.934,0.948
94,female,100.0,2.561,same,same,1,0,0,model,Y,0.0,0,0.508,0.19,0.911,0.951
94,female,0.0,1.668,same,same,1,0,0,model,Y,0.0,0,0.508,0.1,0.311,0.748
94,female,0.0,1.668,same,same,1,0,0,model,Y,0.0,0,0.508,0.1,0.311,0.748
94,female,100.0,4.962,same,different,0,1,0,model,Y,0.0,3,0.508,0.229,2.734,1.34
94,female,100.0,2.585,same,same,1,0,0,model,Y,0.0,0,0.508,0.198,0.911,0.968
94,female,100.0,2.785,same,same,1,0,0,model,Y,0.0,0,0.508,0.167,1.211,0.898
94,female,0.0,2.641,different,different,1,0,0,model,Y,0.0,3,0.508,0.1,0.934,0.948
94,female,0.0,2.641,different,different,1,0,0,model,Y,0.0,3,0.508,0.1,0.934,0.948
94,female,50.0,3.682,different,different,1,0,0,model,Y,0.0,3,0.508,0.133,1.834,1.055
94,female,100.0,2.649,same,same,1,0,0,model,Y,0.0,0,0.508,0.171,1.061,0.908
94,female,0.0,2.641,same,different,0,1,0,model,Y,0.0,3,0.508,0.1,0.934,0.948
94,female,100.0,2.811,same,same,1,0,0,model,Y,0.0,0,0.508,0.221,1.061,1.02
94,female,150.0,4.805,different,different,1,0,0,model,Y,0.0,3,0.508,0.227,2.584,1.334
94,female,150.0,11.186,different,different,1,0,0,model,Y,0.0,3,0.508,0.245,8.884,1.398
94,female,0.0,1.668,same,same,1,0,0,model,Y,0.0,0,0.508,0.1,0.311,0.748
94,female,50.0,4.111,different,different,1,0,0,model,Y,0.0,3,0.508,0.148,2.284,1.02
94,female,50.0,4.192,different,different,1,0,0,model,Y,0.0,3,0.508,0.149,2.284,1.1
94,female,100.0,2.567,same,same,1,0,0,model,Y,0.0,0,0.508,0.192,0.911,0.955
94,female,100.0,2.655,same,same,1,0,0,model,Y,0.0,0,0.508,0.173,1.061,0.912
94,female,50.0,4.176,different,different,1,0,0,model,Y,0.0,3,0.508,0.146,2.284,1.087
94,female,150.0,5.016,different,different,1,0,0,model,Y,0.0,3,0.508,0.243,2.734,1.38
94,female,0.0,2.641,different,different,1,0,0,model,Y,0.0,3,0.508,0.1,0.934,0.948
94,female,100.0,3.028,same,same,1,0,0,model,Y,0.0,0,0.508,0.195,1.361,0.962
94,female,150.0,5.001,different,different,1,0,0,model,Y,0.0,3,0.508,0.264,2.884,1.194
95,female,150.0,4.739,different,different,1,0,0,model,Y,0.0,3,0.415,0.248,2.642,1.284
95,female,150.0,7.227,different,different,1,0,0,model,Y,0.0,3,0.415,0.31,4.892,1.461
95,female,150.0,5.546,different,different,1,0,0,model,Y,0.0,3,0.415,0.244,3.692,1.046
95,female,150.0,2.44,same,same,1,0,0,model,Y,0.0,0,0.415,0.213,0.931,0.883
95,female,100.0,4.669,different,different,1,0,0,model,Y,0.0,3,0.415,0.193,2.942,0.969
95,female,100.0,2.119,same,same,1,0,0,model,Y,0.0,0,0.415,0.16,0.781,0.764
95,female,0.0,1.474,same,same,1,0,0,model,Y,0.0,0,0.415,0.1,0.331,0.629
95,female,0.0,1.474,same,same,1,0,0,model,Y,0.0,0,0.415,0.1,0.331,0.629
95,female,0.0,1.474,same,same,1,0,0,model,Y,0.0,0,0.415,0.1,0.331,0.629
95,female,150.0,6.021,different,different,1,0,0,model,Y,0.0,3,0.415,0.308,3.692,1.457
95,female,50.0,3.502,different,different,1,0,0,model,Y,0.0,3,0.415,0.128,1.892,0.918
95,female,50.0,3.593,different,different,1,0,0,model,Y,0.0,3,0.415,0.149,1.892,0.988
95,female,100.0,4.282,different,different,1,0,0,model,Y,0.0,3,0.415,0.211,2.342,1.164
95,female,150.0,4.378,different,different,1,0,0,model,Y,0.0,3,0.415,0.234,2.342,1.237
95,female,100.0,5.9,different,different,1,0,0,model,Y,0.0,3,0.415,0.202,3.992,1.142
95,female,100.0,2.929,same,same,1,0,0,model,Y,0.0,0,0.415,0.178,1.531,0.806
95,female,0.0,1.474,same,same,1,0,0,model,Y,0.0,0,0.415,0.1,0.331,0.629
95,female,100.0,4.236,different,different,1,0,0,model,Y,0.0,3,0.415,0.199,2.342,1.131
95,female,100.0,3.877,different,different,1,0,0,model,Y,0.0,3,0.415,0.22,1.892,1.201
95,female,150.0,4.514,different,different,1,0,0,model,Y,0.0,3,0.415,0.268,2.342,1.34
95,female,0.0,2.486,different,different,1,0,0,model,Y,0.0,3,0.415,0.1,0.992,0.829
95,female,150.0,3.032,same,same,1,0,0,model,Y,0.0,0,0.415,0.256,1.381,0.981
95,female,50.0,3.636,different,different,1,0,0,model,Y,0.0,3,0.415,0.162,1.892,1.018
95,female,0.0,1.474,same,same,1,0,0,model,Y,0.0,0,0.415,0.1,0.331,0.629
95,female,100.0,4.101,different,different,1,0,0,model,Y,0.0,3,0.415,0.206,2.342,0.988
95,female,150.0,3.095,same,same,1,0,0,model,Y,0.0,0,0.415,0.276,1.381,1.024
95,female,100.0,3.958,different,different,1,0,0,model,Y,0.0,3,0.415,0.206,2.042,1.147
95,female,150.0,7.443,different,different,1,0,0,model,Y,0.0,3,0.415,0.211,5.492,1.176
95,female,50.0,3.477,different,different,1,0,0,model,Y,0.0,3,0.415,0.158,1.742,1.012
95,female,150.0,2.837,same,same,1,0,0,model,Y,0.0,0,0.415,0.242,1.231,0.95
95,female,150.0,5.895,different,different,1,0,0,model,Y,0.0,3,0.415,0.277,3.692,1.362
95,female,50.0,2.034,same,same,1,0,0,model,Y,0.0,0,0.415,0.134,0.781,0.705
95,female,150.0,4.873,different,different,1,0,0,model,Y,0.0,3,0.415,0.246,2.792,1.271
95,female,50.0,2.362,same,same,1,0,0,model,Y,0.0,0,0.415,0.142,1.081,0.725
95,female,50.0,2.496,same,same,1,0,0,model,Y,0.0,0,0.415,0.137,1.231,0.713
95,female,100.0,8.778,different,different,1,0,0,model,Y,0.0,3,0.415,0.245,6.692,1.277
95,female,50.0,3.373,different,different,1,0,0,model,Y,0.0,3,0.415,0.166,1.592,1.051
95,female,50.0,3.463,different,different,1,0,0,model,Y,0.0,3,0.415,0.155,1.742,1.001
95,female,0.0,2.486,different,different,1,0,0,model,Y,0.0,3,0.415,0.1,0.992,0.829
95,female,150.0,6.876,different,different,1,0,0,model,Y,0.0,3,0.415,0.236,5.042,1.033
95,female,50.0,3.762,different,different,1,0,0,model,Y,0.0,3,0.415,0.155,2.042,1.001
95,female,50.0,3.615,different,different,1,0,0,model,Y,0.0,3,0.415,0.157,1.892,1.002
95,female,150.0,2.662,same,same,1,0,0,model,Y,0.0,0,0.415,0.281,0.931,1.036
95,female,50.0,3.552,different,different,1,0,0,model,Y,0.0,3,0.415,0.141,1.892,0.954
95,female,100.0,2.488,same,same,1,0,0,model,Y,0.0,0,0.415,0.227,0.931,0.915
95,female,100.0,2.549,same,same,1,0,0,model,Y,0.0,0,0.415,0.2,1.081,0.854
95,female,100.0,4.524,different,different,1,0,0,model,Y,0.0,3,0.415,0.196,2.642,1.122
95,female,100.0,2.446,same,same,1,0,0,model,Y,0.0,0,0.415,0.168,1.081,0.782
95,female,0.0,2.486,different,different,1,0,0,model,Y,0.0,3,0.415,0.1,0.992,0.829
95,female,100.0,2.538,same,same,1,0,0,model,Y,0.0,0,0.415,0.196,1.081,0.846
95,female,150.0,2.838,same,same,1,0,0,model,Y,0.0,0,0.415,0.243,1.231,0.95
95,female,100.0,2.908,same,same,1,0,0,model,Y,0.0,0,0.415,0.218,1.381,0.895
95,female,50.0,3.523,different,different,1,0,0,model,Y,0.0,3,0.415,0.155,1.892,0.912
95,female,100.0,2.857,same,same,1,0,0,model,Y,0.0,0,0.415,0.202,1.381,0.86
95,female,0.0,2.486,different,different,1,0,0,model,Y,0.0,3,0.415,0.1,0.992,0.829
95,female,50.0,3.325,different,different,1,0,0,model,Y,0.0,3,0.415,0.159,1.592,1.01
95,female,50.0,3.923,different,different,1,0,0,model,Y,0.0,3,0.415,0.156,2.192,1.011
95,female,100.0,5.093,different,different,1,0,0,model,Y,0.0,3,0.415,0.226,3.092,1.211
95,female,50.0,3.581,different,different,1,0,0,model,Y,0.0,3,0.415,0.146,1.892,0.978
95,female,0.0,2.486,different,different,1,0,0,model,Y,0.0,3,0.415,0.1,0.992,0.829
95,female,100.0,4.703,different,different,1,0,0,model,Y,0.0,3,0.415,0.241,2.642,1.257
95,female,150.0,2.942,same,same,1,0,0,model,Y,0.0,0,0.415,0.321,1.081,1.126
95,female,100.0,4.777,different,different,1,0,0,model,Y,0.0,3,0.415,0.184,2.942,1.087
95,female,150.0,2.928,same,same,1,0,0,model,Y,0.0,0,0.415,0.27,1.231,1.013
95,female,100.0,4.442,different,different,1,0,0,model,Y,0.0,3,0.415,0.223,2.642,1.013
95,female,50.0,2.137,same,same,1,0,0,model,Y,0.0,0,0.415,0.165,0.781,0.776
95,female,150.0,2.599,same,same,1,0,0,model,Y,0.0,0,0.415,0.261,0.931,0.993
95,female,150.0,2.625,same,same,1,0,0,model,Y,0.0,0,0.415,0.177,1.231,0.803
95,female,50.0,3.632,different,different,1,0,0,model,Y,0.0,3,0.415,0.161,1.892,1.015
95,female,150.0,2.961,same,same,1,0,0,model,Y,0.0,0,0.415,0.188,1.531,0.827
95,female,0.0,2.486,different,different,1,0,0,model,Y,0.0,3,0.415,0.1,0.992,0.829
95,female,150.0,3.075,same,same,1,0,0,model,Y,0.0,0,0.415,0.269,1.381,1.01
95,female,150.0,3.221,same,same,1,0,0,model,Y,0.0,0,0.415,0.268,1.531,1.007
95,female,50.0,3.497,different,different,1,0,0,model,Y,0.0,3,0.415,0.145,1.892,0.896
95,female,150.0,4.361,different,different,1,0,0,model,Y,0.0,3,0.415,0.229,2.342,1.226
95,female,0.0,2.486,different,different,1,0,0,model,Y,0.0,3,0.415,0.1,0.992,0.829
95,female,150.0,6.68,different,different,1,0,0,model,Y,0.0,3,0.415,0.282,4.442,1.391
95,female,100.0,2.266,same,same,1,0,0,model,Y,0.0,0,0.415,0.205,0.781,0.866
95,female,100.0,2.128,same,same,1,0,0,model,Y,0.0,0,0.415,0.163,0.781,0.77
95,female,100.0,4.091,different,different,1,0,0,model,Y,0.0,3,0.415,0.199,2.192,1.136
95,female,50.0,3.645,different,different,1,0,0,model,Y,0.0,3,0.415,0.161,1.892,1.028
95,female,50.0,1.953,same,same,1,0,0,model,Y,0.0,0,0.415,0.155,0.631,0.753
95,female,100.0,5.221,different,different,1,0,0,model,Y,0.0,3,0.415,0.182,3.392,1.082
95,female,0.0,2.486,different,different,1,0,0,model,Y,0.0,3,0.415,0.1,0.992,0.829
95,female,150.0,5.32,different,different,1,0,0,model,Y,0.0,3,0.415,0.283,3.092,1.381
95,female,0.0,1.474,same,same,1,0,0,model,Y,0.0,0,0.415,0.1,0.331,0.629
95,female,100.0,4.289,different,different,1,0,0,model,Y,0.0,3,0.415,0.213,2.342,1.17
95,female,150.0,4.958,different,different,1,0,0,model,Y,0.0,3,0.415,0.189,3.242,0.963
95,female,100.0,3.877,different,different,1,0,0,model,Y,0.0,3,0.415,0.184,2.042,1.087
95,female,0.0,2.486,same,different,0,1,0,model,Y,0.0,3,0.415,0.1,0.992,0.829
95,female,150.0,2.724,same,same,1,0,0,model,Y,0.0,0,0.415,0.254,1.081,0.975
95,female,0.0,2.486,different,different,1,0,0,model,Y,0.0,3,0.415,0.1,0.992,0.829
95,female,150.0,2.576,same,same,1,0,0,model,Y,0.0,0,0.415,0.254,0.931,0.977
95,female,0.0,2.486,different,different,1,0,0,model,Y,0.0,3,0.415,0.1,0.992,0.829
95,female,150.0,3.677,same,same,1,0,0,model,Y,0.0,0,0.415,0.27,1.981,1.012
95,female,0.0,2.486,same,different,0,1,0,model,Y,0.0,3,0.415,0.1,0.992,0.829
96,female,0.0,1.526,same,same,1,0,0,model,Y,0.0,0,0.469,0.1,0.223,0.734
96,female,50.0,2.678,same,different,0,1,0,model,Y,0.0,2,0.469,0.145,1.046,0.918
96,female,50.0,3.076,same,different,0,1,0,model,Y,0.0,2,0.469,0.151,1.496,0.861
96,female,0.0,1.526,same,same,1,0,0,model,Y,0.0,0,0.469,0.1,0.223,0.734
96,female,150.0,2.908,same,same,1,0,0,model,Y,0.0,0,0.469,0.294,0.973,1.172
96,female,100.0,2.401,same,same,1,0,0,model,Y,0.0,0,0.469,0.185,0.823,0.925
96,female,100.0,3.315,same,same,1,0,0,model,Y,0.0,0,0.469,0.189,1.723,0.934
96,female,100.0,3.169,different,different,1,0,0,model,Y,0.0,2,0.469,0.192,1.346,1.062
96,female,150.0,4.306,same,different,0,1,0,model,Y,0.0,2,0.469,0.214,2.396,1.127
96,female,150.0,3.33,same,same,1,0,0,model,Y,0.0,0,0.469,0.286,1.423,1.152
96,female,150.0,2.772,same,same,1,0,0,model,Y,0.0,0,0.469,0.206,1.123,0.974
96,female,0.0,1.899,different,different,1,0,0,model,Y,0.0,2,0.469,0.1,0.446,0.784
96,female,150.0,3.442,same,same,1,0,0,model,Y,0.0,0,0.469,0.274,1.573,1.126
96,female,0.0,1.899,different,different,1,0,0,model,Y,0.0,2,0.469,0.1,0.446,0.784
96,female,0.0,1.899,different,different,1,0,0,model,Y,0.0,2,0.469,0.1,0.446,0.784
96,female,0.0,1.899,different,different,1,0,0,model,Y,0.0,2,0.469,0.1,0.446,0.784
96,female,150.0,5.945,different,different,1,0,0,model,Y,0.0,2,0.469,0.218,4.196,0.962
96,female,100.0,3.62,same,different,0,1,0,model,Y,0.0,2,0.469,0.193,1.796,1.063
96,female,100.0,3.591,same,different,0,1,0,model,Y,0.0,2,0.469,0.223,1.646,1.153
96,female,0.0,1.899,different,different,1,0,0,model,Y,0.0,2,0.469,0.1,0.446,0.784
96,female,50.0,2.009,same,same,1,0,0,model,Y,0.0,0,0.469,0.156,0.523,0.861
96,female,0.0,1.899,different,different,1,0,0,model,Y,0.0,2,0.469,0.1,0.446,0.784
96,female,100.0,3.18,different,different,1,0,0,model,Y,0.0,2,0.469,0.158,1.496,0.957
96,female,0.0,1.899,same,different,0,1,0,model,Y,0.0,2,0.469,0.1,0.446,0.784
96,female,50.0,3.099,same,different,0,1,0,model,Y,0.0,2,0.469,0.16,1.496,0.874
96,female,100.0,2.395,same,same,1,0,0,model,Y,0.0,0,0.469,0.183,0.823,0.921
96,female,100.0,2.589,same,same,1,0,0,model,Y,0.0,0,0.469,0.196,0.973,0.951
96,female,150.0,3.161,same,same,1,0,0,model,Y,0.0,0,0.469,0.234,1.423,1.036
96,female,100.0,3.449,different,different,1,0,0,model,Y,0.0,2,0.469,0.225,1.496,1.16
96,female,50.0,2.174,same,same,1,0,0,model,Y,0.0,0,0.469,0.161,0.673,0.871
96,female,50.0,2.011,same,same,1,0,0,model,Y,0.0,0,0.469,0.157,0.523,0.862
96,female,0.0,1.526,same,same,1,0,0,model,Y,0.0,0,0.469,0.1,0.223,0.734
96,female,50.0,2.883,same,different,0,1,0,model,Y,0.0,2,0.469,0.159,1.196,0.96
96,female,100.0,3.614,same,same,1,0,0,model,Y,0.0,1,0.469,0.229,1.496,1.37
96,female,150.0,2.622,same,same,1,0,0,model,Y,0.0,0,0.469,0.253,0.823,1.078
96,female,150.0,2.845,same,same,1,0,0,model,Y,0.0,0,0.469,0.275,0.973,1.128
96,female,0.0,1.526,same,same,1,0,0,model,Y,0.0,0,0.469,0.1,0.223,0.734
96,female,150.0,4.021,different,different,1,0,0,model,Y,0.0,2,0.469,0.293,1.796,1.363
96,female,50.0,2.666,same,different,0,1,0,model,Y,0.0,2,0.469,0.142,1.046,0.91
96,female,150.0,9.551,different,different,1,0,0,model,Y,0.0,2,0.469,0.281,7.646,1.055
96,female,150.0,2.635,same,same,1,0,0,model,Y,0.0,0,0.469,0.21,0.973,0.982
96,female,50.0,2.748,same,different,0,1,0,model,Y,0.0,2,0.469,0.162,1.046,0.971
96,female,100.0,3.465,different,different,1,0,0,model,Y,0.0,2,0.469,0.246,1.646,1.004
96,female,0.0,1.526,same,same,1,0,0,model,Y,0.0,0,0.469,0.1,0.223,0.734
96,female,50.0,2.001,same,same,1,0,0,model,Y,0.0,0,0.469,0.154,0.523,0.856
96,female,0.0,1.526,same,same,1,0,0,model,Y,0.0,0,0.469,0.1,0.223,0.734
96,female,150.0,3.591,same,same,1,0,0,model,Y,0.0,0,0.469,0.274,1.723,1.125
96,female,100.0,2.909,same,same,1,0,0,model,Y,0.0,0,0.469,0.202,1.273,0.965
96,female,100.0,2.361,same,same,1,0,0,model,Y,0.0,0,0.469,0.172,0.823,0.897
96,female,0.0,1.526,same,same,1,0,0,model,Y,0.0,0,0.469,0.1,0.223,0.734
96,female,0.0,1.899,different,different,1,0,0,model,Y,0.0,2,0.469,0.1,0.446,0.784
96,female,100.0,3.623,different,different,1,0,0,model,Y,0.0,2,0.469,0.193,1.796,1.065
96,female,150.0,6.247,different,different,1,0,0,model,Y,0.0,2,0.469,0.279,4.346,1.053
96,female,50.0,4.064,different,different,1,0,0,model,Y,0.0,2,0.469,0.154,2.396,0.946
96,female,0.0,1.526,same,same,1,0,0,model,Y,0.0,0,0.469,0.1,0.223,0.734
96,female,150.0,4.166,different,different,1,0,0,model,Y,0.0,2,0.469,0.292,1.946,1.36
96,female,50.0,2.128,same,same,1,0,0,model,Y,0.0,0,0.469,0.147,0.673,0.839
96,female,100.0,4.052,different,different,1,0,0,model,Y,0.0,2,0.469,0.188,2.246,1.049
96,female,0.0,1.899,different,different,1,0,0,model,Y,0.0,2,0.469,0.1,0.446,0.784
96,female,50.0,2.212,same,same,1,0,0,model,Y,0.0,0,0.469,0.172,0.673,0.897
96,female,150.0,4.92,same,different,0,1,0,model,Y,0.0,2,0.469,0.293,2.696,1.362
96,female,0.0,1.526,same,same,1,0,0,model,Y,0.0,0,0.469,0.1,0.223,0.734
96,female,100.0,4.058,different,different,1,0,0,model,Y,0.0,2,0.469,0.227,2.096,1.166
96,female,100.0,2.808,same,same,1,0,0,model,Y,0.0,0,0.469,0.217,1.123,0.998
96,female,100.0,3.239,same,same,1,0,0,model,Y,0.0,0,0.469,0.211,1.573,0.985
96,female,50.0,3.587,same,different,0,1,0,model,Y,0.0,2,0.469,0.147,1.946,0.925
96,female,50.0,4.06,same,different,0,1,0,model,Y,0.0,2,0.469,0.153,2.396,0.943
96,female,100.0,3.973,different,different,1,0,0,model,Y,0.0,2,0.469,0.206,2.096,1.102
96,female,150.0,3.853,different,different,1,0,0,model,Y,0.0,2,0.469,0.213,1.946,1.125
96,female,50.0,2.094,same,same,1,0,0,model,Y,0.0,0,0.469,0.136,0.673,0.816
96,female,150.0,4.231,same,same,1,0,0,model,Y,0.0,0,0.469,0.194,2.623,0.945
96,female,150.0,2.998,same,same,1,0,0,model,Y,0.0,0,0.469,0.23,1.273,1.026
96,female,150.0,4.818,different,different,1,0,0,model,Y,0.0,2,0.469,0.307,2.846,1.096
96,female,100.0,3.798,same,same,1,0,0,model,Y,0.0,0,0.469,0.245,2.023,1.061
96,female,50.0,3.173,different,different,1,0,0,model,Y,0.0,2,0.469,0.156,1.496,0.952
96,female,150.0,5.579,same,different,0,1,0,model,Y,0.0,2,0.469,0.27,3.446,1.294
96,female,150.0,3.075,same,same,1,0,0,model,Y,0.0,0,0.469,0.3,1.123,1.184
96,female,50.0,2.757,different,different,1,0,0,model,Y,0.0,2,0.469,0.127,1.196,0.865
96,female,150.0,2.792,same,same,1,0,0,model,Y,0.0,0,0.469,0.305,0.823,1.195
96,female,150.0,4.761,different,different,1,0,0,model,Y,0.0,2,0.469,0.253,2.696,1.244
96,female,0.0,1.526,same,same,1,0,0,model,Y,0.0,0,0.469,0.1,0.223,0.734
96,female,150.0,9.586,different,different,1,0,0,model,Y,0.0,2,0.469,0.222,7.646,1.15
96,female,150.0,4.103,different,different,1,0,0,model,Y,0.0,2,0.469,0.238,2.096,1.2
96,female,0.0,1.899,different,different,1,0,0,model,Y,0.0,2,0.469,0.1,0.446,0.784
96,female,150.0,2.741,same,same,1,0,0,model,Y,0.0,0,0.469,0.289,0.823,1.16
96,female,100.0,2.604,same,same,1,0,0,model,Y,0.0,0,0.469,0.155,1.123,0.858
96,female,0.0,1.526,same,same,1,0,0,model,Y,0.0,0,0.469,0.1,0.223,0.734
96,female,150.0,4.143,same,different,0,1,0,model,Y,0.0,2,0.469,0.217,2.396,0.961
96,female,150.0,5.146,different,different,1,0,0,model,Y,0.0,2,0.469,0.237,3.146,1.194
96,female,50.0,1.966,same,same,1,0,0,model,Y,0.0,0,0.469,0.143,0.523,0.831
96,female,100.0,3.704,different,different,1,0,0,model,Y,0.0,2,0.469,0.162,2.096,0.877
96,female,50.0,2.143,same,same,1,0,0,model,Y,0.0,0,0.469,0.151,0.673,0.85
96,female,100.0,3.42,different,different,1,0,0,model,Y,0.0,2,0.469,0.18,1.646,1.025
96,female,100.0,3.762,same,same,1,0,0,model,Y,0.0,1,0.469,0.22,1.496,1.527
96,female,0.0,1.899,different,different,1,0,0,model,Y,0.0,2,0.469,0.1,0.446,0.784
96,female,100.0,3.465,same,different,0,1,0,model,Y,0.0,2,0.469,0.186,1.796,0.914
97,female,100.0,2.294,same,same,1,0,0,model,Y,0.0,0,0.425,0.229,0.769,0.871
97,female,100.0,8.348,different,different,1,0,0,model,Y,0.0,3,0.425,0.228,6.357,1.187
97,female,150.0,4.291,different,different,1,0,0,model,Y,0.0,3,0.425,0.252,2.457,1.007
97,female,50.0,2.181,same,same,1,0,0,model,Y,0.0,0,0.425,0.149,0.919,0.689
97,female,150.0,3.037,same,same,1,0,0,model,Y,0.0,0,0.425,0.273,1.369,0.969
97,female,0.0,1.423,same,same,1,0,0,model,Y,0.0,0,0.425,0.1,0.319,0.579
97,female,50.0,1.832,same,same,1,0,0,model,Y,0.0,0,0.425,0.133,0.619,0.655
97,female,0.0,1.423,same,same,1,0,0,model,Y,0.0,0,0.425,0.1,0.319,0.579
97,female,100.0,2.225,same,same,1,0,0,model,Y,0.0,0,0.425,0.162,0.919,0.719
97,female,100.0,2.85,same,same,1,0,0,model,Y,0.0,0,0.425,0.216,1.369,0.84
97,female,0.0,1.423,same,same,1,0,0,model,Y,0.0,0,0.425,0.1,0.319,0.579
97,female,100.0,3.982,different,different,1,0,0,model,Y,0.0,3,0.425,0.23,2.007,1.17
97,female,100.0,2.188,same,same,1,0,0,model,Y,0.0,0,0.425,0.197,0.769,0.797
97,female,100.0,2.396,same,same,1,0,0,model,Y,0.0,0,0.425,0.215,0.919,0.837
97,female,150.0,5.489,different,different,1,0,0,model,Y,0.0,3,0.425,0.3,3.207,1.408
97,female,0.0,1.423,same,same,1,0,0,model,Y,0.0,0,0.425,0.1,0.319,0.579
97,female,100.0,2.264,same,same,1,0,0,model,Y,0.0,0,0.425,0.22,0.769,0.85
97,female,0.0,2.411,different,different,1,0,0,model,Y,0.0,3,0.425,0.1,0.957,0.779
97,female,150.0,4.469,different,different,1,0,0,model,Y,0.0,3,0.425,0.275,2.307,1.312
97,female,150.0,2.792,same,same,1,0,0,model,Y,0.0,0,0.425,0.244,1.219,0.904
97,female,100.0,5.478,different,different,1,0,0,model,Y,0.0,3,0.425,0.225,3.507,1.171
97,female,50.0,3.727,same,different,0,1,0,model,Y,0.0,3,0.425,0.164,2.007,0.981
97,female,150.0,4.714,different,different,1,0,0,model,Y,0.0,3,0.425,0.186,2.907,1.046
97,female,150.0,2.641,same,same,1,0,0,model,Y,0.0,0,0.425,0.244,1.069,0.903
97,female,50.0,3.281,different,different,1,0,0,model,Y,0.0,3,0.425,0.148,1.707,0.851
97,female,100.0,2.217,same,same,1,0,0,model,Y,0.0,0,0.425,0.16,0.919,0.713
97,female,50.0,3.958,different,different,1,0,0,model,Y,0.0,3,0.425,0.147,2.307,0.929
97,female,50.0,3.183,different,different,1,0,0,model,Y,0.0,3,0.425,0.143,1.557,0.909
97,female,0.0,2.411,different,different,1,0,0,model,Y,0.0,3,0.425,0.1,0.957,0.779
97,female,0.0,2.411,different,different,1,0,0,model,Y,0.0,3,0.425,0.1,0.957,0.779
97,female,150.0,4.324,different,different,1,0,0,model,Y,0.0,3,0.425,0.201,2.457,1.091
97,female,150.0,4.21,different,different,1,0,0,model,Y,0.0,3,0.425,0.244,2.157,1.235
97,female,150.0,2.826,same,same,1,0,0,model,Y,0.0,0,0.425,0.255,1.219,0.927
97,female,0.0,1.423,same,same,1,0,0,model,Y,0.0,0,0.425,0.1,0.319,0.579
97,female,100.0,4.927,different,different,1,0,0,model,Y,0.0,3,0.425,0.201,3.057,1.094
97,female,100.0,3.58,different,different,1,0,0,model,Y,0.0,3,0.425,0.204,1.707,1.093
97,female,50.0,1.882,same,same,1,0,0,model,Y,0.0,0,0.425,0.149,0.619,0.689
97,female,0.0,1.423,same,same,1,0,0,model,Y,0.0,0,0.425,0.1,0.319,0.579
97,female,50.0,3.629,different,different,1,0,0,model,Y,0.0,3,0.425,0.175,1.857,1.022
97,female,150.0,2.676,same,same,1,0,0,model,Y,0.0,0,0.425,0.255,1.069,0.927
97,female,150.0,4.702,different,different,1,0,0,model,Y,0.0,3,0.425,0.256,2.607,1.263
97,female,50.0,3.294,different,different,1,0,0,model,Y,0.0,3,0.425,0.167,1.557,0.995
97,female,0.0,1.423,same,same,1,0,0,model,Y,0.0,0,0.425,0.1,0.319,0.579
97,female,100.0,3.611,different,different,1,0,0,model,Y,0.0,3,0.425,0.173,1.857,1.006
97,female,0.0,1.423,same,same,1,0,0,model,Y,0.0,0,0.425,0.1,0.319,0.579
97,female,150.0,5.42,different,different,1,0,0,model,Y,0.0,3,0.425,0.282,3.207,1.356
97,female,100.0,2.16,same,same,1,0,0,model,Y,0.0,0,0.425,0.188,0.769,0.778
97,female,50.0,2.171,same,same,1,0,0,model,Y,0.0,0,0.425,0.145,0.919,0.682
97,female,0.0,1.423,same,same,1,0,0,model,Y,0.0,0,0.425,0.1,0.319,0.579
97,female,50.0,3.203,different,different,1,0,0,model,Y,0.0,3,0.425,0.144,1.557,0.928
97,female,100.0,2.41,same,same,1,0,0,model,Y,0.0,0,0.425,0.173,1.069,0.743
97,female,50.0,1.877,same,same,1,0,0,model,Y,0.0,0,0.425,0.147,0.619,0.686
97,female,100.0,3.568,different,different,1,0,0,model,Y,0.0,3,0.425,0.203,1.857,0.933
97,female,150.0,5.401,different,different,1,0,0,model,Y,0.0,3,0.425,0.244,3.357,1.226
97,female,50.0,2.123,same,same,1,0,0,model,Y,0.0,0,0.425,0.131,0.919,0.648
97,female,100.0,3.87,different,different,1,0,0,model,Y,0.0,3,0.425,0.2,2.007,1.088
97,female,100.0,2.99,same,same,1,0,0,model,Y,0.0,0,0.425,0.167,1.669,0.729
97,female,100.0,2.042,same,same,1,0,0,model,Y,0.0,0,0.425,0.152,0.769,0.696
97,female,0.0,1.423,same,same,1,0,0,model,Y,0.0,0,0.425,0.1,0.319,0.579
97,female,150.0,5.133,different,different,1,0,0,model,Y,0.0,3,0.425,0.29,2.907,1.36
97,female,50.0,1.877,same,same,1,0,0,model,Y,0.0,0,0.425,0.147,0.619,0.686
97,female,100.0,2.52,same,same,1,0,0,model,Y,0.0,0,0.425,0.207,1.069,0.819
97,female,50.0,3.643,different,different,1,0,0,model,Y,0.0,3,0.425,0.144,2.007,0.916
97,female,150.0,4.933,different,different,1,0,0,model,Y,0.0,3,0.425,0.239,2.907,1.212
97,female,150.0,3.008,same,same,1,0,0,model,Y,0.0,0,0.425,0.265,1.369,0.95
97,female,100.0,2.213,same,same,1,0,0,model,Y,0.0,0,0.425,0.205,0.769,0.815
97,female,0.0,1.423,same,same,1,0,0,model,Y,0.0,0,0.425,0.1,0.319,0.579
97,female,0.0,2.411,different,different,1,0,0,model,Y,0.0,3,0.425,0.1,0.957,0.779
97,female,50.0,3.16,different,different,1,0,0,model,Y,0.0,3,0.425,0.172,1.407,1.006
97,female,100.0,2.632,same,same,1,0,0,model,Y,0.0,0,0.425,0.195,1.219,0.793
97,female,50.0,2.003,same,same,1,0,0,model,Y,0.0,0,0.425,0.14,0.769,0.669
97,female,150.0,3.335,same,same,1,0,0,model,Y,0.0,0,0.425,0.273,1.669,0.968
97,female,0.0,1.423,same,same,1,0,0,model,Y,0.0,0,0.425,0.1,0.319,0.579
97,female,0.0,1.423,same,same,1,0,0,model,Y,0.0,0,0.425,0.1,0.319,0.579
97,female,0.0,1.423,same,same,1,0,0,model,Y,0.0,0,0.425,0.1,0.319,0.579
97,female,0.0,1.423,same,same,1,0,0,model,Y,0.0,0,0.425,0.1,0.319,0.579
97,female,0.0,1.423,same,same,1,0,0,model,Y,0.0,0,0.425,0.1,0.319,0.579
97,female,0.0,2.411,different,different,1,0,0,model,Y,0.0,3,0.425,0.1,0.957,0.779
97,female,100.0,2.717,same,same,1,0,0,model,Y,0.0,0,0.425,0.221,1.219,0.852
97,female,50.0,4.151,different,different,1,0,0,model,Y,0.0,3,0.425,0.158,2.457,0.961
97,female,150.0,2.789,same,same,1,0,0,model,Y,0.0,0,0.425,0.289,1.069,1.005
97,female,150.0,2.661,same,same,1,0,0,model,Y,0.0,0,0.425,0.296,0.919,1.021
97,female,50.0,2.021,same,same,1,0,0,model,Y,0.0,0,0.425,0.146,0.769,0.682
97,female,150.0,3.368,same,same,1,0,0,model,Y,0.0,0,0.425,0.283,1.669,0.991
97,female,50.0,3.393,different,different,1,0,0,model,Y,0.0,3,0.425,0.155,1.707,0.956
97,female,0.0,1.423,same,same,1,0,0,model,Y,0.0,0,0.425,0.1,0.319,0.579
97,female,150.0,2.649,same,same,1,0,0,model,Y,0.0,0,0.425,0.293,0.919,1.013
97,female,150.0,2.805,same,same,1,0,0,model,Y,0.0,0,0.425,0.248,1.219,0.913
97,female,100.0,3.942,different,different,1,0,0,model,Y,0.0,3,0.425,0.218,2.007,1.142
97,female,50.0,2.329,same,same,1,0,0,model,Y,0.0,0,0.425,0.148,1.069,0.687
97,female,0.0,2.411,different,different,1,0,0,model,Y,0.0,3,0.425,0.1,0.957,0.779
97,female,100.0,2.49,same,same,1,0,0,model,Y,0.0,0,0.425,0.244,0.919,0.903
97,female,0.0,2.411,different,different,1,0,0,model,Y,0.0,3,0.425,0.1,0.957,0.779
97,female,100.0,4.49,different,different,1,0,0,model,Y,0.0,3,0.425,0.203,2.607,1.105
97,female,0.0,2.411,different,different,1,0,0,model,Y,0.0,3,0.425,0.1,0.957,0.779
97,female,0.0,1.423,same,same,1,0,0,model,Y,0.0,0,0.425,0.1,0.319,0.579
98,female,50.0,2.725,different,different,1,0,0,model,Y,0.0,2,0.458,0.17,1.054,0.943
98,female,150.0,4.473,same,same,1,0,0,model,Y,0.0,0,0.458,0.286,2.627,1.102
98,female,50.0,2.768,different,different,1,0,0,model,Y,0.0,2,0.458,0.169,1.204,0.837
98,female,0.0,1.468,same,same,1,0,0,model,Y,0.0,0,0.458,0.1,0.227,0.683
98,female,100.0,2.504,same,same,1,0,0,model,Y,0.0,0,0.458,0.188,0.977,0.881
98,female,50.0,3.238,different,different,1,0,0,model,Y,0.0,2,0.458,0.148,1.654,0.878
98,female,100.0,2.354,same,same,1,0,0,model,Y,0.0,0,0.458,0.188,0.827,0.881
98,female,100.0,3.498,different,different,1,0,0,model,Y,0.0,2,0.458,0.176,1.804,0.961
98,female,50.0,2.255,same,same,1,0,0,model,Y,0.0,0,0.458,0.158,0.827,0.813
98,female,0.0,1.468,same,same,1,0,0,model,Y,0.0,0,0.458,0.1,0.227,0.683
98,female,0.0,1.468,same,same,1,0,0,model,Y,0.0,0,0.458,0.1,0.227,0.683
98,female,100.0,2.38,same,same,1,0,0,model,Y,0.0,0,0.458,0.196,0.827,0.9
98,female,100.0,3.366,different,different,1,0,0,model,Y,0.0,2,0.458,0.218,1.504,1.086
98,female,150.0,3.62,different,different,1,0,0,model,Y,0.0,2,0.458,0.206,1.804,1.052
98,female,100.0,2.303,same,same,1,0,0,model,Y,0.0,0,0.458,0.172,0.827,0.846
98,female,100.0,4.17,different,different,1,0,0,model,Y,0.0,2,0.458,0.231,2.254,1.127
98,female,150.0,3.515,different,different,1,0,0,model,Y,0.0,2,0.458,0.228,1.804,0.925
98,female,150.0,2.712,same,same,1,0,0,model,Y,0.0,0,0.458,0.206,1.127,0.921
98,female,50.0,1.906,same,same,1,0,0,model,Y,0.0,0,0.458,0.142,0.527,0.779
98,female,0.0,1.845,different,different,1,0,0,model,Y,0.0,2,0.458,0.1,0.454,0.733
98,female,0.0,1.845,different,different,1,0,0,model,Y,0.0,2,0.458,0.1,0.454,0.733
98,female,150.0,4.93,different,different,1,0,0,model,Y,0.0,2,0.458,0.271,2.854,1.247
98,female,50.0,2.354,same,same,1,0,0,model,Y,0.0,0,0.458,0.142,0.977,0.778
98,female,150.0,3.548,different,different,1,0,0,model,Y,0.0,2,0.458,0.188,1.804,0.998
98,female,0.0,1.845,different,different,1,0,0,model,Y,0.0,2,0.458,0.1,0.454,0.733
98,female,100.0,3.972,different,different,1,0,0,model,Y,0.0,2,0.458,0.231,2.254,0.929
98,female,0.0,1.845,different,different,1,0,0,model,Y,0.0,2,0.458,0.1,0.454,0.733
98,female,150.0,3.033,same,same,1,0,0,model,Y,0.0,0,0.458,0.305,1.127,1.144
98,female,100.0,2.419,same,same,1,0,0,model,Y,0.0,0,0.458,0.208,0.827,0.926
98,female,150.0,2.638,same,same,1,0,0,model,Y,0.0,0,0.458,0.229,0.977,0.974
98,female,50.0,3.428,different,different,1,0,0,model,Y,0.0,2,0.458,0.158,1.804,0.908
98,female,50.0,1.878,same,same,1,0,0,model,Y,0.0,0,0.458,0.134,0.527,0.76
98,female,150.0,2.811,same,same,1,0,0,model,Y,0.0,0,0.458,0.283,0.977,1.094
98,female,50.0,2.615,different,different,1,0,0,model,Y,0.0,2,0.458,0.142,1.054,0.861
98,female,150.0,2.411,same,same,1,0,0,model,Y,0.0,0,0.458,0.205,0.827,0.921
98,female,150.0,2.974,same,same,1,0,0,model,Y,0.0,0,0.458,0.286,1.127,1.103
98,female,50.0,2.928,different,different,1,0,0,model,Y,0.0,2,0.458,0.146,1.354,0.871
98,female,0.0,1.845,different,different,1,0,0,model,Y,0.0,2,0.458,0.1,0.454,0.733
98,female,0.0,1.468,same,same,1,0,0,model,Y,0.0,0,0.458,0.1,0.227,0.683
98,female,100.0,2.108,same,same,1,0,0,model,Y,0.0,0,0.458,0.158,0.677,0.815
98,female,100.0,3.99,different,different,1,0,0,model,Y,0.0,2,0.458,0.186,2.254,0.992
98,female,0.0,1.468,same,same,1,0,0,model,Y,0.0,0,0.458,0.1,0.227,0.683
98,female,150.0,4.207,different,different,1,0,0,model,Y,0.0,2,0.458,0.265,2.404,0.981
98,female,150.0,2.901,same,same,1,0,0,model,Y,0.0,0,0.458,0.31,0.977,1.156
98,female,50.0,2.218,same,same,1,0,0,model,Y,0.0,0,0.458,0.146,0.827,0.787
98,female,150.0,3.049,same,same,1,0,0,model,Y,0.0,0,0.458,0.263,1.277,1.051
98,female,100.0,2.619,same,same,1,0,0,model,Y,0.0,0,0.458,0.223,0.977,0.961
98,female,150.0,4.394,different,different,1,0,0,model,Y,0.0,2,0.458,0.22,2.704,0.913
98,female,50.0,2.774,different,different,1,0,0,model,Y,0.0,2,0.458,0.145,1.204,0.868
98,female,50.0,1.932,same,same,1,0,0,model,Y,0.0,0,0.458,0.15,0.527,0.797
98,female,0.0,1.845,different,different,1,0,0,model,Y,0.0,2,0.458,0.1,0.454,0.733
98,female,0.0,1.845,different,different,1,0,0,model,Y,0.0,2,0.458,0.1,0.454,0.733
98,female,100.0,3.775,different,different,1,0,0,model,Y,0.0,2,0.458,0.212,2.104,0.901
98,female,0.0,1.845,different,different,1,0,0,model,Y,0.0,2,0.458,0.1,0.454,0.733
98,female,150.0,2.912,same,same,1,0,0,model,Y,0.0,0,0.458,0.221,1.277,0.956
98,female,150.0,3.029,same,same,1,0,0,model,Y,0.0,0,0.458,0.304,1.127,1.141
98,female,50.0,2.659,different,different,1,0,0,model,Y,0.0,2,0.458,0.154,1.054,0.894
98,female,100.0,2.351,same,same,1,0,0,model,Y,0.0,0,0.458,0.187,0.827,0.879
98,female,50.0,2.929,same,different,0,1,0,model,Y,0.0,2,0.458,0.146,1.354,0.871
98,female,0.0,1.468,same,same,1,0,0,model,Y,0.0,0,0.458,0.1,0.227,0.683
98,female,100.0,3.673,different,different,1,0,0,model,Y,0.0,2,0.458,0.219,1.804,1.092
98,female,100.0,5.66,different,different,1,0,0,model,Y,0.0,2,0.458,0.191,3.904,1.007
98,female,100.0,2.321,same,same,1,0,0,model,Y,0.0,0,0.458,0.178,0.827,0.858
98,female,150.0,4.601,different,different,1,0,0,model,Y,0.0,2,0.458,0.189,2.854,1.0
98,female,100.0,2.271,same,same,1,0,0,model,Y,0.0,0,0.458,0.209,0.677,0.928
98,female,50.0,2.088,same,same,1,0,0,model,Y,0.0,0,0.458,0.152,0.677,0.801
98,female,0.0,1.468,same,same,1,0,0,model,Y,0.0,0,0.458,0.1,0.227,0.683
98,female,50.0,2.05,same,same,1,0,0,model,Y,0.0,0,0.458,0.14,0.677,0.774
98,female,150.0,3.426,different,different,1,0,0,model,Y,0.0,2,0.458,0.195,1.654,1.019
98,female,150.0,6.941,different,different,1,0,0,model,Y,0.0,2,0.458,0.249,4.954,1.181
98,female,0.0,1.468,same,same,1,0,0,model,Y,0.0,0,0.458,0.1,0.227,0.683
98,female,50.0,2.12,same,same,1,0,0,model,Y,0.0,0,0.458,0.162,0.677,0.823
98,female,0.0,1.468,same,same,1,0,0,model,Y,0.0,0,0.458,0.1,0.227,0.683
98,female,50.0,1.994,same,same,1,0,0,model,Y,0.0,0,0.458,0.17,0.527,0.84
98,female,50.0,2.042,same,same,1,0,0,model,Y,0.0,0,0.458,0.138,0.677,0.769
98,female,50.0,1.895,same,same,1,0,0,model,Y,0.0,0,0.458,0.139,0.527,0.772
98,female,100.0,3.594,different,different,1,0,0,model,Y,0.0,2,0.458,0.237,1.654,1.145
98,female,100.0,2.379,same,same,1,0,0,model,Y,0.0,0,0.458,0.196,0.827,0.899
98,female,100.0,2.595,same,same,1,0,0,model,Y,0.0,0,0.458,0.216,0.977,0.944
98,female,150.0,4.027,different,different,1,0,0,model,Y,0.0,2,0.458,0.233,2.104,1.132
98,female,50.0,2.095,same,same,1,0,0,model,Y,0.0,0,0.458,0.154,0.677,0.806
98,female,100.0,3.251,same,same,1,0,0,model,Y,0.0,0,0.458,0.187,1.727,0.879
98,female,150.0,2.821,same,same,1,0,0,model,Y,0.0,0,0.458,0.239,1.127,0.997
98,female,150.0,4.341,different,different,1,0,0,model,Y,0.0,2,0.458,0.237,2.404,1.143
98,female,150.0,2.7,same,same,1,0,0,model,Y,0.0,0,0.458,0.248,0.977,1.017
98,female,50.0,1.926,same,same,1,0,0,model,Y,0.0,0,0.458,0.149,0.527,0.793
98,female,150.0,4.124,different,different,1,0,0,model,Y,0.0,2,0.458,0.257,2.104,1.205
98,female,100.0,2.494,same,same,1,0,0,model,Y,0.0,0,0.458,0.231,0.827,0.978
98,female,50.0,2.728,different,different,1,0,0,model,Y,0.0,2,0.458,0.171,1.054,0.946
98,female,0.0,1.468,same,same,1,0,0,model,Y,0.0,0,0.458,0.1,0.227,0.683
98,female,150.0,5.378,different,different,1,0,0,model,Y,0.0,2,0.458,0.253,3.604,0.963
98,female,50.0,3.357,same,different,0,1,0,model,Y,0.0,2,0.458,0.141,1.804,0.855
98,female,100.0,3.226,different,different,1,0,0,model,Y,0.0,2,0.458,0.22,1.354,1.094
98,female,0.0,1.468,same,same,1,0,0,model,Y,0.0,0,0.458,0.1,0.227,0.683
98,female,100.0,2.592,same,same,1,0,0,model,Y,0.0,0,0.458,0.169,1.127,0.838
98,female,0.0,1.845,different,different,1,0,0,model,Y,0.0,2,0.458,0.1,0.454,0.733
99,male,100.0,4.372,different,different,1,0,0,model,Y,0.0,3,0.366,0.214,2.489,1.153
99,male,0.0,1.355,same,same,1,0,0,model,Y,0.0,0,0.366,0.1,0.28,0.609
99,male,100.0,2.304,same,same,1,0,0,model,Y,0.0,0,0.366,0.161,1.03,0.747
99,male,150.0,5.18,different,different,1,0,0,model,Y,0.0,3,0.366,0.265,3.089,1.31
99,male,0.0,1.355,same,same,1,0,0,model,Y,0.0,0,0.366,0.1,0.28,0.609
99,male,50.0,2.127,same,same,1,0,0,model,Y,0.0,0,0.366,0.153,0.88,0.728
99,male,50.0,2.123,same,same,1,0,0,model,Y,0.0,0,0.366,0.152,0.88,0.725
99,male,50.0,2.121,same,same,1,0,0,model,Y,0.0,0,0.366,0.151,0.88,0.724
99,male,150.0,4.671,different,different,1,0,0,model,Y,0.0,3,0.366,0.25,2.639,1.265
99,male,100.0,4.272,different,different,1,0,0,model,Y,0.0,3,0.366,0.221,2.339,1.195
99,male,100.0,3.405,same,same,1,0,0,model,Y,0.0,0,0.366,0.177,2.08,0.782
99,male,0.0,2.264,different,different,1,0,0,model,Y,0.0,3,0.366,0.1,0.839,0.809
99,male,100.0,2.957,same,same,1,0,0,model,Y,0.0,0,0.366,0.224,1.48,0.887
99,male,50.0,2.332,same,same,1,0,0,model,Y,0.0,0,0.366,0.17,1.03,0.766
99,male,0.0,2.264,different,different,1,0,0,model,Y,0.0,3,0.366,0.1,0.839,0.809
99,male,0.0,2.264,different,different,1,0,0,model,Y,0.0,3,0.366,0.1,0.839,0.809
99,male,0.0,2.264,different,different,1,0,0,model,Y,0.0,3,0.366,0.1,0.839,0.809
99,male,100.0,4.73,different,different,1,0,0,model,Y,0.0,3,0.366,0.191,2.939,1.084
99,male,0.0,2.264,different,different,1,0,0,model,Y,0.0,3,0.366,0.1,0.839,0.809
99,male,0.0,2.264,different,different,1,0,0,model,Y,0.0,3,0.366,0.1,0.839,0.809
99,male,100.0,2.634,same,same,1,0,0,model,Y,0.0,0,0.366,0.217,1.18,0.871
99,male,0.0,2.264,different,different,1,0,0,model,Y,0.0,3,0.366,0.1,0.839,0.809
99,male,100.0,2.267,same,same,1,0,0,model,Y,0.0,0,0.366,0.196,0.88,0.825
99,male,150.0,2.33,same,same,1,0,0,model,Y,0.0,0,0.366,0.216,0.88,0.869
99,male,0.0,2.264,different,different,1,0,0,model,Y,0.0,3,0.366,0.1,0.839,0.809
99,male,150.0,2.644,same,same,1,0,0,model,Y,0.0,0,0.366,0.22,1.18,0.879
99,male,150.0,4.915,different,different,1,0,0,model,Y,0.0,3,0.366,0.236,2.939,1.224
99,male,100.0,3.882,same,same,1,0,0,model,Y,0.0,1,0.366,0.209,1.91,1.348
99,male,50.0,1.976,same,same,1,0,0,model,Y,0.0,0,0.366,0.153,0.73,0.727
99,male,100.0,2.157,same,same,1,0,0,model,Y,0.0,0,0.366,0.208,0.73,0.853
99,male,0.0,1.355,same,same,1,0,0,model,Y,0.0,0,0.366,0.1,0.28,0.609
99,male,150.0,4.746,different,different,1,0,0,model,Y,0.0,3,0.366,0.231,2.789,1.209
99,male,0.0,2.264,different,different,1,0,0,model,Y,0.0,3,0.366,0.1,0.839,0.809
99,male,100.0,2.194,same,same,1,0,0,model,Y,0.0,0,0.366,0.22,0.73,0.878
99,male,100.0,6.192,different,different,1,0,0,model,Y,0.0,3,0.366,0.182,4.439,1.055
99,male,150.0,5.372,different,different,1,0,0,model,Y,0.0,3,0.366,0.201,3.539,1.116
99,male,50.0,3.458,different,different,1,0,0,model,Y,0.0,3,0.366,0.134,1.889,0.918
99,male,150.0,5.099,different,different,1,0,0,model,Y,0.0,3,0.366,0.283,2.939,1.361
99,male,50.0,4.057,different,different,1,0,0,model,Y,0.0,3,0.366,0.171,2.339,1.03
99,male,0.0,1.355,same,same,1,0,0,model,Y,0.0,0,0.366,0.1,0.28,0.609
99,male,100.0,2.965,same,same,1,0,0,model,Y,0.0,0,0.366,0.18,1.63,0.789
99,male,100.0,2.563,same,same,1,0,0,model,Y,0.0,0,0.366,0.241,1.03,0.926
99,male,50.0,2.095,same,same,1,0,0,model,Y,0.0,0,0.366,0.143,0.88,0.706
99,male,150.0,3.237,same,same,1,0,0,model,Y,0.0,0,0.366,0.264,1.63,0.977
99,male,50.0,3.536,different,different,1,0,0,model,Y,0.0,3,0.366,0.153,1.889,0.977
99,male,100.0,2.67,same,same,1,0,0,model,Y,0.0,0,0.366,0.228,1.18,0.896
99,male,100.0,2.038,same,same,1,0,0,model,Y,0.0,0,0.366,0.172,0.73,0.771
99,male,100.0,4.028,different,different,1,0,0,model,Y,0.0,3,0.366,0.205,2.339,0.967
99,male,150.0,2.504,same,same,1,0,0,model,Y,0.0,0,0.366,0.223,1.03,0.885
99,male,50.0,3.501,different,different,1,0,0,model,Y,0.0,3,0.366,0.146,1.889,0.95
99,male,0.0,2.264,different,different,1,0,0,model,Y,0.0,3,0.366,0.1,0.839,0.809
99,male,50.0,2.122,same,same,1,0,0,model,Y,0.0,0,0.366,0.151,0.88,0.724
99,male,50.0,2.107,same,same,1,0,0,model,Y,0.0,0,0.366,0.147,0.88,0.714
99,male,100.0,7.882,different,different,1,0,0,model,Y,0.0,3,0.366,0.191,6.089,1.085
99,male,100.0,3.714,different,different,1,0,0,model,Y,0.0,3,0.366,0.199,1.889,1.109
99,male,150.0,4.467,different,different,1,0,0,model,Y,0.0,3,0.366,0.238,2.489,1.224
99,male,100.0,2.279,same,same,1,0,0,model,Y,0.0,0,0.366,0.2,0.88,0.833
99,male,0.0,1.355,same,same,1,0,0,model,Y,0.0,0,0.366,0.1,0.28,0.609
99,male,0.0,2.264,different,different,1,0,0,model,Y,0.0,3,0.366,0.1,0.839,0.809
99,male,0.0,1.355,same,same,1,0,0,model,Y,0.0,0,0.366,0.1,0.28,0.609
99,male,150.0,2.595,same,same,1,0,0,model,Y,0.0,0,0.366,0.205,1.18,0.844
99,male,100.0,4.354,different,different,1,0,0,model,Y,0.0,3,0.366,0.243,2.339,1.256
99,male,0.0,1.355,same,same,1,0,0,model,Y,0.0,0,0.366,0.1,0.28,0.609
99,male,150.0,3.126,same,same,1,0,0,model,Y,0.0,0,0.366,0.276,1.48,1.004
99,male,50.0,2.133,same,same,1,0,0,model,Y,0.0,0,0.366,0.155,0.88,0.732
99,male,100.0,4.388,different,different,1,0,0,model,Y,0.0,3,0.366,0.218,2.489,1.164
99,male,100.0,4.683,different,different,1,0,0,model,Y,0.0,3,0.366,0.18,2.939,1.048
99,male,100.0,4.339,different,different,1,0,0,model,Y,0.0,3,0.366,0.206,2.489,1.128
99,male,50.0,1.909,same,same,1,0,0,model,Y,0.0,0,0.366,0.132,0.73,0.681
99,male,50.0,5.324,different,different,1,0,0,model,Y,0.0,3,0.366,0.151,3.689,0.967
99,male,0.0,1.355,same,same,1,0,0,model,Y,0.0,0,0.366,0.1,0.28,0.609
99,male,0.0,1.355,same,same,1,0,0,model,Y,0.0,0,0.366,0.1,0.28,0.609
99,male,0.0,2.264,different,different,1,0,0,model,Y,0.0,3,0.366,0.1,0.839,0.809
99,male,50.0,2.134,same,same,1,0,0,model,Y,0.0,0,0.366,0.155,0.88,0.733
99,male,150.0,6.979,different,different,1,0,0,model,Y,0.0,3,0.366,0.301,4.739,1.422
99,male,150.0,5.234,different,different,1,0,0,model,Y,0.0,3,0.366,0.242,3.239,1.237
99,male,0.0,1.355,same,same,1,0,0,model,Y,0.0,0,0.366,0.1,0.28,0.609
99,male,0.0,2.264,different,different,1,0,0,model,Y,0.0,3,0.366,0.1,0.839,0.809
99,male,150.0,2.331,same,same,1,0,0,model,Y,0.0,0,0.366,0.216,0.88,0.869
99,male,100.0,4.277,different,different,1,0,0,model,Y,0.0,3,0.366,0.153,2.639,0.969
99,male,50.0,4.211,different,different,1,0,0,model,Y,0.0,3,0.366,0.135,2.639,0.92
99,male,150.0,4.237,same,same,1,0,0,model,Y,0.0,1,0.366,0.195,2.51,1.116
99,male,50.0,3.521,different,different,1,0,0,model,Y,0.0,3,0.366,0.151,1.889,0.964
99,male,0.0,2.264,different,different,1,0,0,model,Y,0.0,3,0.366,0.1,0.839,0.809
99,male,150.0,5.741,different,different,1,0,0,model,Y,0.0,3,0.366,0.293,3.539,1.393
99,male,0.0,2.264,different,different,1,0,0,model,Y,0.0,3,0.366,0.1,0.839,0.809
99,male,100.0,3.261,same,same,1,0,0,model,Y,0.0,1,0.366,0.179,1.61,1.056
99,male,0.0,2.264,different,different,1,0,0,model,Y,0.0,3,0.366,0.1,0.839,0.809
99,male,150.0,2.883,same,same,1,0,0,model,Y,0.0,0,0.366,0.201,1.48,0.836
99,male,0.0,1.355,same,same,1,0,0,model,Y,0.0,0,0.366,0.1,0.28,0.609
99,male,150.0,3.678,same,same,1,0,0,model,Y,0.0,0,0.366,0.261,2.08,0.971
99,male,100.0,2.433,same,same,1,0,0,model,Y,0.0,0,0.366,0.201,1.03,0.836
99,male,0.0,2.264,different,different,1,0,0,model,Y,0.0,3,0.366,0.1,0.839,0.809
99,male,150.0,4.05,different,different,1,0,0,model,Y,0.0,3,0.366,0.207,2.189,1.137
99,male,100.0,2.8,same,same,1,0,0,model,Y,0.0,0,0.366,0.222,1.33,0.882
99,male,0.0,1.355,same,same,1,0,0,model,Y,0.0,0,0.366,0.1,0.28,0.609
100,male,150.0,4.277,different,different,1,0,0,model,Y,0.0,3,0.44,0.271,2.017,1.4
100,male,150.0,3.0,same,same,1,0,0,model,Y,0.0,0,0.44,0.242,1.322,0.996
100,male,150.0,3.198,same,same,1,0,0,model,Y,0.0,0,0.44,0.303,1.322,1.133
100,male,0.0,1.488,same,same,1,0,0,model,Y,0.0,0,0.44,0.1,0.272,0.676
100,male,0.0,2.382,different,different,1,0,0,model,Y,0.0,3,0.44,0.1,0.817,0.876
100,male,150.0,6.015,different,different,1,0,0,model,Y,0.0,3,0.44,0.29,3.667,1.468
100,male,100.0,2.465,same,same,1,0,0,model,Y,0.0,0,0.44,0.17,1.022,0.833
100,male,0.0,2.382,same,different,0,1,0,model,Y,0.0,3,0.44,0.1,0.817,0.876
100,male,100.0,5.055,different,different,1,0,0,model,Y,0.0,3,0.44,0.24,2.917,1.308
100,male,0.0,1.488,same,same,1,0,0,model,Y,0.0,0,0.44,0.1,0.272,0.676
100,male,0.0,2.382,different,different,1,0,0,model,Y,0.0,3,0.44,0.1,0.817,0.876
100,male,50.0,3.396,different,different,1,0,0,model,Y,0.0,3,0.44,0.126,1.717,0.964
100,male,50.0,2.291,same,same,1,0,0,model,Y,0.0,0,0.44,0.163,0.872,0.817
100,male,150.0,2.758,same,same,1,0,0,model,Y,0.0,0,0.44,0.26,1.022,1.036
100,male,100.0,2.456,same,same,1,0,0,model,Y,0.0,0,0.44,0.167,1.022,0.827
100,male,100.0,4.133,different,different,1,0,0,model,Y,0.0,3,0.44,0.2,2.167,1.176
100,male,100.0,2.433,same,same,1,0,0,model,Y,0.0,0,0.44,0.206,0.872,0.915
100,male,150.0,2.7,same,same,1,0,0,model,Y,0.0,0,0.44,0.242,1.022,0.995
100,male,50.0,3.538,different,different,1,0,0,model,Y,0.0,3,0.44,0.162,1.717,1.069
100,male,0.0,2.382,different,different,1,0,0,model,Y,0.0,3,0.44,0.1,0.817,0.876
100,male,100.0,4.485,different,different,1,0,0,model,Y,0.0,3,0.44,0.212,2.467,1.217
100,male,150.0,2.632,same,same,1,0,0,model,Y,0.0,0,0.44,0.175,1.172,0.845
100,male,150.0,5.794,different,different,1,0,0,model,Y,0.0,3,0.44,0.237,3.667,1.301
100,male,100.0,2.422,same,same,1,0,0,model,Y,0.0,0,0.44,0.203,0.872,0.907
100,male,150.0,5.299,different,different,1,0,0,model,Y,0.0,3,0.44,0.307,3.217,1.186
100,male,150.0,4.006,different,different,1,0,0,model,Y,0.0,3,0.44,0.269,2.017,1.13
100,male,50.0,2.108,same,same,1,0,0,model,Y,0.0,0,0.44,0.152,0.722,0.794
100,male,50.0,2.129,same,same,1,0,0,model,Y,0.0,0,0.44,0.159,0.722,0.808
100,male,100.0,2.29,same,same,1,0,0,model,Y,0.0,0,0.44,0.162,0.872,0.815
100,male,50.0,3.123,different,different,1,0,0,model,Y,0.0,3,0.44,0.135,1.417,0.982
100,male,150.0,2.919,same,same,1,0,0,model,Y,0.0,0,0.44,0.31,1.022,1.147
100,male,0.0,2.382,different,different,1,0,0,model,Y,0.0,3,0.44,0.1,0.817,0.876
100,male,0.0,2.382,different,different,1,0,0,model,Y,0.0,3,0.44,0.1,0.817,0.876
100,male,150.0,2.69,same,same,1,0,0,model,Y,0.0,0,0.44,0.193,1.172,0.885
100,male,150.0,4.408,different,different,1,0,0,model,Y,0.0,3,0.44,0.231,2.317,1.27
100,male,0.0,1.488,same,same,1,0,0,model,Y,0.0,0,0.44,0.1,0.272,0.676
100,male,50.0,2.103,same,same,1,0,0,model,Y,0.0,0,0.44,0.151,0.722,0.79
100,male,100.0,4.151,different,different,1,0,0,model,Y,0.0,3,0.44,0.204,2.167,1.191
100,male,150.0,4.802,different,different,1,0,0,model,Y,0.0,3,0.44,0.216,2.767,1.23
100,male,0.0,1.488,same,same,1,0,0,model,Y,0.0,0,0.44,0.1,0.272,0.676
100,male,150.0,4.29,different,different,1,0,0,model,Y,0.0,3,0.44,0.237,2.167,1.297
100,male,100.0,2.76,same,same,1,0,0,model,Y,0.0,0,0.44,0.168,1.322,0.83
100,male,150.0,4.716,different,different,1,0,0,model,Y,0.0,3,0.44,0.254,2.767,1.106
100,male,0.0,1.488,same,same,1,0,0,model,Y,0.0,0,0.44,0.1,0.272,0.676
100,male,100.0,2.22,same,same,1,0,0,model,Y,0.0,0,0.44,0.187,0.722,0.871
100,male,150.0,5.348,different,different,1,0,0,model,Y,0.0,3,0.44,0.238,3.217,1.303
100,male,150.0,5.889,different,different,1,0,0,model,Y,0.0,3,0.44,0.298,3.517,1.484
100,male,100.0,3.966,different,different,1,0,0,model,Y,0.0,3,0.44,0.193,2.167,1.016
100,male,50.0,3.377,different,different,1,0,0,model,Y,0.0,3,0.44,0.158,1.567,1.062
100,male,100.0,2.703,same,same,1,0,0,model,Y,0.0,0,0.44,0.197,1.172,0.894
100,male,100.0,2.591,same,same,1,0,0,model,Y,0.0,0,0.44,0.163,1.172,0.816
100,male,100.0,3.777,different,different,1,0,0,model,Y,0.0,3,0.44,0.186,1.867,1.135
100,male,100.0,2.486,same,same,1,0,0,model,Y,0.0,0,0.44,0.223,0.872,0.951
100,male,150.0,2.703,same,same,1,0,0,model,Y,0.0,0,0.44,0.243,1.022,0.998
100,male,100.0,2.934,same,same,1,0,0,model,Y,0.0,0,0.44,0.222,1.322,0.95
100,male,0.0,2.382,different,different,1,0,0,model,Y,0.0,3,0.44,0.1,0.817,0.876
100,male,100.0,4.47,different,different,1,0,0,model,Y,0.0,3,0.44,0.208,2.467,1.206
100,male,50.0,3.195,different,different,1,0,0,model,Y,0.0,3,0.44,0.15,1.417,1.038
100,male,50.0,2.11,same,same,1,0,0,model,Y,0.0,0,0.44,0.153,0.722,0.795
100,male,100.0,2.753,same,same,1,0,0,model,Y,0.0,0,0.44,0.212,1.172,0.929
100,male,0.0,2.382,different,different,1,0,0,model,Y,0.0,3,0.44,0.1,0.817,0.876
100,male,100.0,3.989,different,different,1,0,0,model,Y,0.0,3,0.44,0.239,1.867,1.294
100,male,100.0,2.764,same,same,1,0,0,model,Y,0.0,0,0.44,0.216,1.172,0.936
100,male,50.0,3.816,different,different,1,0,0,model,Y,0.0,3,0.44,0.157,2.017,1.053
100,male,50.0,3.348,different,different,1,0,0,model,Y,0.0,3,0.44,0.126,1.717,0.915
100,male,50.0,2.06,same,same,1,0,0,model,Y,0.0,0,0.44,0.138,0.722,0.761
100,male,50.0,2.103,same,same,1,0,0,model,Y,0.0,0,0.44,0.151,0.722,0.79
100,male,100.0,2.402,same,same,1,0,0,model,Y,0.0,0,0.44,0.151,1.022,0.79
100,male,50.0,1.958,same,same,1,0,0,model,Y,0.0,0,0.44,0.152,0.572,0.794
100,male,100.0,2.699,same,same,1,0,0,model,Y,0.0,0,0.44,0.196,1.172,0.891
100,male,0.0,2.382,different,different,1,0,0,model,Y,0.0,3,0.44,0.1,0.817,0.876
100,male,50.0,2.229,same,same,1,0,0,model,Y,0.0,0,0.44,0.144,0.872,0.774
100,male,150.0,5.99,different,different,1,0,0,model,Y,0.0,3,0.44,0.283,3.967,1.15
100,male,150.0,4.427,same,different,0,1,0,model,Y,0.0,3,0.44,0.258,2.467,1.113
100,male,150.0,5.076,different,different,1,0,0,model,Y,0.0,3,0.44,0.281,2.767,1.438
100,male,50.0,3.371,different,different,1,0,0,model,Y,0.0,3,0.44,0.157,1.567,1.057
100,male,0.0,2.382,different,different,1,0,0,model,Y,0.0,3,0.44,0.1,0.817,0.876
100,male,150.0,5.602,different,different,1,0,0,model,Y,0.0,3,0.44,0.227,3.517,1.268
100,male,100.0,2.684,same,same,1,0,0,model,Y,0.0,0,0.44,0.191,1.172,0.88
100,male,50.0,1.984,same,same,1,0,0,model,Y,0.0,0,0.44,0.16,0.572,0.811
100,male,50.0,1.935,same,same,1,0,0,model,Y,0.0,0,0.44,0.145,0.572,0.778
100,male,50.0,2.236,same,same,1,0,0,model,Y,0.0,0,0.44,0.146,0.872,0.778
100,male,100.0,3.886,same,same,1,0,0,model,Y,0.0,0,0.44,0.238,2.222,0.986
100,male,150.0,2.96,same,same,1,0,0,model,Y,0.0,0,0.44,0.276,1.172,1.071
100,male,150.0,4.613,different,different,1,0,0,model,Y,0.0,3,0.44,0.244,2.467,1.313
100,male,50.0,3.298,different,different,1,0,0,model,Y,0.0,3,0.44,0.139,1.567,1.002
100,male,100.0,2.566,same,same,1,0,0,model,Y,0.0,0,0.44,0.201,1.022,0.903
100,male,100.0,2.321,same,same,1,0,0,model,Y,0.0,0,0.44,0.172,0.872,0.837
100,male,100.0,4.52,different,different,1,0,0,model,Y,0.0,3,0.44,0.219,2.467,1.245
100,male,150.0,4.34,same,same,1,0,0,model,Y,0.0,0,0.44,0.239,2.672,0.988
100,male,150.0,5.407,different,different,1,0,0,model,Y,0.0,3,0.44,0.23,3.517,1.07
100,male,50.0,3.463,same,different,0,1,0,model,Y,0.0,3,0.44,0.144,1.717,1.012
100,male,100.0,4.091,different,different,1,0,0,model,Y,0.0,3,0.44,0.189,2.167,1.145
100,male,150.0,5.122,different,different,1,0,0,model,Y,0.0,3,0.44,0.293,2.767,1.472
100,male,50.0,2.092,same,same,1,0,0,model,Y,0.0,0,0.44,0.147,0.722,0.782
100,male,0.0,2.382,different,different,1,0,0,model,Y,0.0,3,0.44,0.1,0.817,0.876
101,female,50.0,3.13,different,different,1,0,0,model,Y,0.0,3,0.547,0.159,1.21,1.064
101,female,150.0,2.998,same,same,1,0,0,model,Y,0.0,0,0.547,0.274,1.103,1.074
101,female,0.0,2.29,different,different,1,0,0,model,Y,0.0,3,0.547,0.1,0.61,0.883
101,female,100.0,4.081,different,different,1,0,0,model,Y,0.0,3,0.547,0.207,1.96,1.218
101,female,0.0,1.533,same,same,1,0,0,model,Y,0.0,0,0.547,0.1,0.203,0.683
101,female,50.0,3.314,different,different,1,0,0,model,Y,0.0,3,0.547,0.131,1.51,0.977
101,female,100.0,3.495,same,same,1,0,0,model,Y,0.0,0,0.547,0.196,1.853,0.899
101,female,0.0,1.533,same,same,1,0,0,model,Y,0.0,0,0.547,0.1,0.203,0.683
101,female,0.0,2.29,different,different,1,0,0,model,Y,0.0,3,0.547,0.1,0.61,0.883
101,female,50.0,2.14,same,same,1,0,0,model,Y,0.0,0,0.547,0.148,0.653,0.792
101,female,0.0,2.29,different,different,1,0,0,model,Y,0.0,3,0.547,0.1,0.61,0.883
101,female,150.0,2.792,same,same,1,0,0,model,Y,0.0,0,0.547,0.211,1.103,0.932
101,female,50.0,3.246,different,different,1,0,0,model,Y,0.0,3,0.547,0.151,1.36,1.037
101,female,150.0,2.607,same,same,1,0,0,model,Y,0.0,0,0.547,0.246,0.803,1.011
101,female,50.0,4.297,different,different,1,0,0,model,Y,0.0,3,0.547,0.149,2.41,1.041
101,female,150.0,4.398,different,different,1,0,0,model,Y,0.0,3,0.547,0.212,2.26,1.229
101,female,0.0,1.533,same,same,1,0,0,model,Y,0.0,0,0.547,0.1,0.203,0.683
101,female,150.0,4.585,different,different,1,0,0,model,Y,0.0,3,0.547,0.257,2.26,1.371
101,female,100.0,3.61,different,different,1,0,0,model,Y,0.0,3,0.547,0.166,1.66,1.087
101,female,0.0,2.29,different,different,1,0,0,model,Y,0.0,3,0.547,0.1,0.61,0.883
101,female,100.0,3.929,different,different,1,0,0,model,Y,0.0,3,0.547,0.205,1.81,1.216
101,female,100.0,3.882,different,different,1,0,0,model,Y,0.0,3,0.547,0.194,1.81,1.181
101,female,0.0,1.533,same,same,1,0,0,model,Y,0.0,0,0.547,0.1,0.203,0.683
101,female,50.0,3.92,different,different,1,0,0,model,Y,0.0,3,0.547,0.131,2.11,0.982
101,female,0.0,2.29,different,different,1,0,0,model,Y,0.0,3,0.547,0.1,0.61,0.883
101,female,0.0,2.29,different,different,1,0,0,model,Y,0.0,3,0.547,0.1,0.61,0.883
101,female,100.0,4.784,different,different,1,0,0,model,Y,0.0,3,0.547,0.195,2.71,1.182
101,female,150.0,4.679,different,different,1,0,0,model,Y,0.0,3,0.547,0.245,2.41,1.327
101,female,100.0,2.558,same,same,1,0,0,model,Y,0.0,0,0.547,0.184,0.953,0.873
101,female,100.0,4.533,different,same,0,0,1,model,Y,0.0,3,0.547,0.204,1.96,1.673
101,female,100.0,4.111,different,different,1,0,0,model,Y,0.0,3,0.547,0.216,1.96,1.238
101,female,150.0,5.022,different,different,1,0,0,model,Y,0.0,3,0.547,0.29,2.56,1.475
101,female,0.0,2.29,different,different,1,0,0,model,Y,0.0,3,0.547,0.1,0.61,0.883
101,female,50.0,2.002,same,same,1,0,0,model,Y,0.0,0,0.547,0.152,0.503,0.8
101,female,100.0,2.299,same,same,1,0,0,model,Y,0.0,0,0.547,0.151,0.803,0.798
101,female,50.0,3.34,different,different,1,0,0,model,Y,0.0,3,0.547,0.174,1.36,1.109
101,female,0.0,1.533,same,same,1,0,0,model,Y,0.0,0,0.547,0.1,0.203,0.683
101,female,150.0,2.547,same,same,1,0,0,model,Y,0.0,0,0.547,0.181,0.953,0.866
101,female,100.0,4.374,same,same,1,0,0,model,Y,0.0,1,0.547,0.234,2.207,1.336
101,female,0.0,1.533,same,same,1,0,0,model,Y,0.0,0,0.547,0.1,0.203,0.683
101,female,100.0,2.346,same,same,1,0,0,model,Y,0.0,0,0.547,0.212,0.653,0.934
101,female,100.0,2.228,same,same,1,0,0,model,Y,0.0,0,0.547,0.175,0.653,0.852
101,female,100.0,2.545,same,same,1,0,0,model,Y,0.0,0,0.547,0.181,0.953,0.864
101,female,50.0,2.121,same,same,1,0,0,model,Y,0.0,0,0.547,0.142,0.653,0.778
101,female,150.0,2.89,same,same,1,0,0,model,Y,0.0,0,0.547,0.287,0.953,1.103
101,female,150.0,2.571,same,same,1,0,0,model,Y,0.0,0,0.547,0.235,0.803,0.986
101,female,100.0,2.287,same,same,1,0,0,model,Y,0.0,0,0.547,0.194,0.653,0.893
101,female,100.0,4.432,different,different,1,0,0,model,Y,0.0,3,0.547,0.237,2.41,1.088
101,female,50.0,1.954,same,same,1,0,0,model,Y,0.0,0,0.547,0.137,0.503,0.767
101,female,0.0,2.29,different,different,1,0,0,model,Y,0.0,3,0.547,0.1,0.61,0.883
101,female,150.0,4.023,different,same,0,0,1,model,Y,0.0,3,0.547,0.233,2.26,0.833
101,female,100.0,2.459,same,same,1,0,0,model,Y,0.0,0,0.547,0.154,0.953,0.805
101,female,100.0,4.246,same,different,0,1,0,model,Y,0.0,3,0.547,0.217,2.41,0.921
101,female,0.0,1.533,same,same,1,0,0,model,Y,0.0,0,0.547,0.1,0.203,0.683
101,female,150.0,4.117,different,different,1,0,0,model,Y,0.0,3,0.547,0.255,1.81,1.355
101,female,100.0,2.793,same,same,1,0,0,model,Y,0.0,0,0.547,0.211,1.103,0.932
101,female,50.0,2.027,same,same,1,0,0,model,Y,0.0,0,0.547,0.16,0.503,0.817
101,female,0.0,2.29,different,different,1,0,0,model,Y,0.0,3,0.547,0.1,0.61,0.883
101,female,100.0,2.352,same,same,1,0,0,model,Y,0.0,0,0.547,0.213,0.653,0.938
101,female,150.0,2.718,same,same,1,0,0,model,Y,0.0,0,0.547,0.234,0.953,0.984
101,female,50.0,3.182,different,different,1,0,0,model,Y,0.0,3,0.547,0.135,1.36,0.989
101,female,100.0,5.605,different,same,0,0,1,model,Y,0.0,3,0.547,0.176,3.61,1.122
101,female,100.0,4.408,different,different,1,0,0,model,Y,0.0,3,0.547,0.213,2.26,1.238
101,female,50.0,1.964,same,same,1,0,0,model,Y,0.0,0,0.547,0.14,0.503,0.774
101,female,100.0,2.544,same,same,1,0,0,model,Y,0.0,0,0.547,0.227,0.803,0.968
101,female,150.0,2.916,same,same,1,0,0,model,Y,0.0,0,0.547,0.249,1.103,1.017
101,female,150.0,3.982,different,different,1,0,0,model,Y,0.0,3,0.547,0.258,1.66,1.366
101,female,150.0,5.088,different,same,0,0,1,model,Y,0.0,3,0.547,0.268,2.71,1.412
101,female,100.0,4.549,different,different,1,0,0,model,Y,0.0,3,0.547,0.211,2.41,1.23
101,female,0.0,2.29,different,different,1,0,0,model,Y,0.0,3,0.547,0.1,0.61,0.883
101,female,100.0,4.282,same,different,0,1,0,model,Y,0.0,3,0.547,0.218,2.11,1.257
101,female,50.0,2.003,same,same,1,0,0,model,Y,0.0,0,0.547,0.152,0.503,0.801
101,female,100.0,2.378,same,same,1,0,0,model,Y,0.0,0,0.547,0.175,0.803,0.853
101,female,50.0,2.163,same,same,1,0,0,model,Y,0.0,0,0.547,0.155,0.653,0.807
101,female,0.0,1.533,same,same,1,0,0,model,Y,0.0,0,0.547,0.1,0.203,0.683
101,female,100.0,4.826,different,different,1,0,0,model,Y,0.0,3,0.547,0.241,2.56,1.328
101,female,0.0,2.29,different,different,1,0,0,model,Y,0.0,3,0.547,0.1,0.61,0.883
101,female,100.0,3.971,different,different,1,0,0,model,Y,0.0,3,0.547,0.18,1.96,1.134
101,female,150.0,10.409,different,different,1,0,0,model,Y,0.0,3,0.547,0.252,8.11,1.35
101,female,100.0,2.193,same,same,1,0,0,model,Y,0.0,0,0.547,0.165,0.653,0.828
101,female,100.0,2.332,same,same,1,0,0,model,Y,0.0,0,0.547,0.161,0.803,0.82
101,female,100.0,2.374,same,same,1,0,0,model,Y,0.0,0,0.547,0.174,0.803,0.849
101,female,0.0,1.533,same,same,1,0,0,model,Y,0.0,0,0.547,0.1,0.203,0.683
101,female,150.0,2.456,same,same,1,0,0,model,Y,0.0,0,0.547,0.245,0.653,1.01
101,female,0.0,2.29,different,different,1,0,0,model,Y,0.0,3,0.547,0.1,0.61,0.883
101,female,100.0,3.667,same,same,1,0,0,model,Y,0.0,1,0.547,0.206,1.457,1.408
101,female,100.0,5.179,different,same,0,0,1,model,Y,0.0,3,0.547,0.181,3.16,1.141
101,female,150.0,4.208,different,different,1,0,0,model,Y,0.0,3,0.547,0.207,2.26,1.044
101,female,0.0,2.29,different,different,1,0,0,model,Y,0.0,3,0.547,0.1,0.61,0.883
101,female,50.0,4.017,different,different,1,0,0,model,Y,0.0,3,0.547,0.154,2.11,1.056
101,female,150.0,4.538,different,different,1,0,0,model,Y,0.0,3,0.547,0.219,2.56,1.062
101,female,100.0,3.0,same,same,1,0,0,model,Y,0.0,0,0.547,0.228,1.253,0.972
101,female,150.0,4.488,different,different,1,0,0,model,Y,0.0,3,0.547,0.234,2.26,1.297
101,female,50.0,2.01,same,same,1,0,0,model,Y,0.0,0,0.547,0.155,0.503,0.806
101,female,0.0,1.533,same,same,1,0,0,model,Y,0.0,0,0.547,0.1,0.203,0.683
101,female,0.0,1.533,same,same,1,0,0,model,Y,0.0,0,0.547,0.1,0.203,0.683
102,female,150.0,5.438,different,different,1,0,0,model,Y,0.0,2,0.485,0.219,3.62,1.014
102,female,100.0,2.625,same,same,1,0,0,model,Y,0.0,0,0.485,0.238,0.985,0.917
102,female,150.0,3.31,same,same,1,0,0,model,Y,0.0,0,0.485,0.264,1.585,0.976
102,female,100.0,3.48,different,different,1,0,0,model,Y,0.0,2,0.485,0.217,1.67,1.009
102,female,150.0,3.507,same,different,0,1,0,model,Y,0.0,2,0.485,0.238,1.82,0.864
102,female,0.0,1.813,different,different,1,0,0,model,Y,0.0,2,0.485,0.1,0.47,0.658
102,female,50.0,2.145,same,same,1,0,0,model,Y,0.0,0,0.485,0.136,0.835,0.689
102,female,50.0,2.163,same,same,1,0,0,model,Y,0.0,0,0.485,0.142,0.835,0.701
102,female,100.0,4.664,different,different,1,0,0,model,Y,0.0,2,0.485,0.213,2.87,0.996
102,female,0.0,1.427,same,same,1,0,0,model,Y,0.0,0,0.485,0.1,0.235,0.608
102,female,150.0,4.087,same,same,1,0,0,model,Y,0.0,0,0.485,0.226,2.485,0.891
102,female,100.0,2.28,same,same,1,0,0,model,Y,0.0,0,0.485,0.224,0.685,0.886
102,female,150.0,6.103,different,different,1,0,0,model,Y,0.0,2,0.485,0.31,3.92,1.288
102,female,100.0,3.503,same,different,0,1,0,model,Y,0.0,2,0.485,0.223,1.67,1.025
102,female,150.0,2.939,same,same,1,0,0,model,Y,0.0,0,0.485,0.196,1.435,0.823
102,female,0.0,1.813,different,different,1,0,0,model,Y,0.0,2,0.485,0.1,0.47,0.658
102,female,50.0,1.818,same,same,1,0,0,model,Y,0.0,0,0.485,0.128,0.535,0.67
102,female,0.0,1.427,same,same,1,0,0,model,Y,0.0,0,0.485,0.1,0.235,0.608
102,female,0.0,1.813,same,different,0,1,0,model,Y,0.0,2,0.485,0.1,0.47,0.658
102,female,150.0,4.031,different,different,1,0,0,model,Y,0.0,2,0.485,0.242,2.12,1.084
102,female,100.0,2.731,same,same,1,0,0,model,Y,0.0,0,0.485,0.178,1.285,0.783
102,female,50.0,1.911,same,same,1,0,0,model,Y,0.0,0,0.485,0.156,0.535,0.734
102,female,100.0,2.532,same,same,1,0,0,model,Y,0.0,0,0.485,0.209,0.985,0.853
102,female,0.0,1.427,same,same,1,0,0,model,Y,0.0,0,0.485,0.1,0.235,0.608
102,female,100.0,2.348,same,same,1,0,0,model,Y,0.0,0,0.485,0.199,0.835,0.83
102,female,0.0,1.427,same,same,1,0,0,model,Y,0.0,0,0.485,0.1,0.235,0.608
102,female,100.0,5.158,same,different,0,1,0,model,Y,0.0,2,0.485,0.224,3.32,1.029
102,female,150.0,4.366,different,different,1,0,0,model,Y,0.0,2,0.485,0.251,2.42,1.11
102,female,50.0,1.905,same,same,1,0,0,model,Y,0.0,0,0.485,0.155,0.535,0.731
102,female,150.0,2.687,same,same,1,0,0,model,Y,0.0,0,0.485,0.257,0.985,0.96
102,female,100.0,3.085,same,same,1,0,0,model,Y,0.0,0,0.485,0.194,1.585,0.82
102,female,150.0,8.369,same,different,0,1,0,model,Y,0.0,2,0.485,0.239,6.47,1.075
102,female,0.0,1.427,same,same,1,0,0,model,Y,0.0,0,0.485,0.1,0.235,0.608
102,female,50.0,1.995,same,same,1,0,0,model,Y,0.0,0,0.485,0.136,0.685,0.689
102,female,100.0,3.655,different,different,1,0,0,model,Y,0.0,2,0.485,0.223,1.82,1.027
102,female,50.0,2.12,same,same,1,0,0,model,Y,0.0,0,0.485,0.128,0.835,0.672
102,female,150.0,4.019,different,different,1,0,0,model,Y,0.0,2,0.485,0.239,2.12,1.075
102,female,0.0,1.813,different,different,1,0,0,model,Y,0.0,2,0.485,0.1,0.47,0.658
102,female,50.0,2.005,same,same,1,0,0,model,Y,0.0,0,0.485,0.139,0.685,0.696
102,female,150.0,4.218,different,different,1,0,0,model,Y,0.0,2,0.485,0.282,2.42,0.931
102,female,150.0,5.301,different,different,1,0,0,model,Y,0.0,2,0.485,0.297,3.17,1.249
102,female,0.0,1.427,same,same,1,0,0,model,Y,0.0,0,0.485,0.1,0.235,0.608
102,female,150.0,4.877,same,different,0,1,0,model,Y,0.0,2,0.485,0.246,3.17,0.876
102,female,100.0,3.437,different,different,1,0,0,model,Y,0.0,2,0.485,0.206,1.67,0.976
102,female,100.0,2.369,same,same,1,0,0,model,Y,0.0,0,0.485,0.205,0.835,0.844
102,female,100.0,5.3,different,different,1,0,0,model,Y,0.0,2,0.485,0.184,3.62,0.911
102,female,150.0,6.1,different,different,1,0,0,model,Y,0.0,2,0.485,0.272,4.07,1.173
102,female,0.0,1.813,different,different,1,0,0,model,Y,0.0,2,0.485,0.1,0.47,0.658
102,female,50.0,3.392,same,different,0,1,0,model,Y,0.0,2,0.485,0.157,1.82,0.83
102,female,100.0,2.306,same,same,1,0,0,model,Y,0.0,0,0.485,0.186,0.835,0.801
102,female,50.0,2.832,same,different,0,1,0,model,Y,0.0,2,0.485,0.148,1.37,0.73
102,female,0.0,1.813,different,different,1,0,0,model,Y,0.0,2,0.485,0.1,0.47,0.658
102,female,100.0,5.464,different,different,1,0,0,model,Y,0.0,2,0.485,0.24,3.77,0.868
102,female,150.0,5.4,different,different,1,0,0,model,Y,0.0,2,0.485,0.209,3.62,0.986
102,female,150.0,3.964,same,same,1,0,0,model,Y,0.0,1,0.485,0.195,2.12,1.114
102,female,100.0,3.576,same,same,1,0,0,model,Y,0.0,0,0.485,0.207,2.035,0.849
102,female,50.0,3.077,different,different,1,0,0,model,Y,0.0,2,0.485,0.154,1.52,0.818
102,female,50.0,2.052,same,same,1,0,0,model,Y,0.0,0,0.485,0.154,0.685,0.729
102,female,50.0,2.086,same,same,1,0,0,model,Y,0.0,0,0.485,0.164,0.685,0.752
102,female,0.0,1.427,same,same,1,0,0,model,Y,0.0,0,0.485,0.1,0.235,0.608
102,female,0.0,1.813,different,different,1,0,0,model,Y,0.0,2,0.485,0.1,0.47,0.658
102,female,150.0,2.437,same,same,1,0,0,model,Y,0.0,0,0.485,0.226,0.835,0.891
102,female,100.0,6.25,different,different,1,0,0,model,Y,0.0,2,0.485,0.234,4.37,1.061
102,female,50.0,3.573,different,different,1,0,0,model,Y,0.0,2,0.485,0.128,2.12,0.74
102,female,150.0,4.822,different,different,1,0,0,model,Y,0.0,2,0.485,0.224,3.17,0.843
102,female,150.0,6.277,different,different,1,0,0,model,Y,0.0,2,0.485,0.241,4.37,1.081
102,female,0.0,1.813,different,different,1,0,0,model,Y,0.0,2,0.485,0.1,0.47,0.658
102,female,150.0,3.085,same,same,1,0,0,model,Y,0.0,0,0.485,0.241,1.435,0.924
102,female,150.0,4.439,different,different,1,0,0,model,Y,0.0,2,0.485,0.269,2.42,1.165
102,female,100.0,2.544,same,same,1,0,0,model,Y,0.0,0,0.485,0.213,0.985,0.861
102,female,50.0,3.463,different,different,1,0,0,model,Y,0.0,2,0.485,0.175,1.82,0.883
102,female,100.0,2.256,same,same,1,0,0,model,Y,0.0,0,0.485,0.17,0.835,0.766
102,female,100.0,2.527,same,same,1,0,0,model,Y,0.0,0,0.485,0.207,0.985,0.849
102,female,100.0,3.253,different,different,1,0,0,model,Y,0.0,2,0.485,0.196,1.67,0.802
102,female,50.0,2.085,same,same,1,0,0,model,Y,0.0,0,0.485,0.164,0.685,0.752
102,female,0.0,1.813,different,different,1,0,0,model,Y,0.0,2,0.485,0.1,0.47,0.658
102,female,100.0,2.257,same,same,1,0,0,model,Y,0.0,0,0.485,0.171,0.835,0.767
102,female,100.0,2.211,same,same,1,0,0,model,Y,0.0,0,0.485,0.203,0.685,0.839
102,female,50.0,2.9,different,different,1,0,0,model,Y,0.0,2,0.485,0.147,1.37,0.798
102,female,150.0,3.063,same,same,1,0,0,model,Y,0.0,0,0.485,0.28,1.285,1.013
102,female,100.0,3.32,different,different,1,0,0,model,Y,0.0,2,0.485,0.214,1.52,1.001
102,female,150.0,4.483,different,different,1,0,0,model,Y,0.0,2,0.485,0.28,2.42,1.198
102,female,0.0,1.427,same,same,1,0,0,model,Y,0.0,0,0.485,0.1,0.235,0.608
102,female,0.0,1.813,same,different,0,1,0,model,Y,0.0,2,0.485,0.1,0.47,0.658
102,female,0.0,1.427,same,same,1,0,0,model,Y,0.0,0,0.485,0.1,0.235,0.608
102,female,0.0,1.427,same,same,1,0,0,model,Y,0.0,0,0.485,0.1,0.235,0.608
102,female,100.0,2.585,same,same,1,0,0,model,Y,0.0,0,0.485,0.179,1.135,0.786
102,female,100.0,2.75,same,same,1,0,0,model,Y,0.0,0,0.485,0.184,1.285,0.796
102,female,150.0,2.988,same,same,1,0,0,model,Y,0.0,0,0.485,0.257,1.285,0.961
102,female,50.0,2.051,same,same,1,0,0,model,Y,0.0,0,0.485,0.153,0.685,0.728
102,female,50.0,3.005,different,different,1,0,0,model,Y,0.0,2,0.485,0.157,1.52,0.743
102,female,150.0,3.124,same,same,1,0,0,model,Y,0.0,0,0.485,0.299,1.285,1.055
102,female,100.0,3.356,different,different,1,0,0,model,Y,0.0,2,0.485,0.223,1.52,1.028
102,female,50.0,4.245,different,different,1,0,0,model,Y,0.0,2,0.485,0.146,2.72,0.795
102,female,100.0,2.382,same,same,1,0,0,model,Y,0.0,0,0.485,0.209,0.835,0.853
102,female,0.0,1.427,same,same,1,0,0,model,Y,0.0,0,0.485,0.1,0.235,0.608
103,female,100.0,4.157,same,same,1,0,0,model,Y,0.0,1,0.468,0.171,2.256,1.213
103,female,150.0,2.852,same,same,1,0,0,model,Y,0.0,0,0.468,0.257,1.128,0.999
103,female,150.0,4.143,different,different,1,0,0,model,Y,0.0,2,0.468,0.25,2.406,0.92
103,female,50.0,3.088,different,different,1,0,0,model,Y,0.0,2,0.468,0.155,1.506,0.859
103,female,100.0,3.752,different,different,1,0,0,model,Y,0.0,2,0.468,0.213,2.106,0.865
103,female,50.0,4.255,different,different,1,0,0,model,Y,0.0,2,0.468,0.147,2.706,0.835
103,female,0.0,2.119,different,different,1,0,0,model,Y,0.0,2,0.468,0.1,0.756,0.695
103,female,100.0,3.799,different,different,1,0,0,model,Y,0.0,2,0.468,0.22,1.956,1.055
103,female,100.0,2.713,same,same,1,0,0,model,Y,0.0,0,0.468,0.214,1.128,0.902
103,female,150.0,4.764,different,different,1,0,0,model,Y,0.0,2,0.468,0.236,2.856,1.104
103,female,0.0,1.591,same,same,1,0,0,model,Y,0.0,0,0.468,0.1,0.378,0.645
103,female,150.0,3.152,same,same,1,0,0,model,Y,0.0,0,0.468,0.257,1.428,0.999
103,female,100.0,2.925,same,same,1,0,0,model,Y,0.0,0,0.468,0.233,1.278,0.945
103,female,0.0,2.119,different,different,1,0,0,model,Y,0.0,2,0.468,0.1,0.756,0.695
103,female,150.0,2.992,same,same,1,0,0,model,Y,0.0,0,0.468,0.254,1.278,0.992
103,female,150.0,2.862,same,same,1,0,0,model,Y,0.0,0,0.468,0.26,1.128,1.005
103,female,50.0,3.195,same,different,0,1,0,model,Y,0.0,2,0.468,0.17,1.656,0.801
103,female,100.0,3.106,same,same,1,0,0,model,Y,0.0,0,0.468,0.197,1.578,0.863
103,female,50.0,2.198,same,same,1,0,0,model,Y,0.0,0,0.468,0.148,0.828,0.754
103,female,0.0,1.591,same,same,1,0,0,model,Y,0.0,0,0.468,0.1,0.378,0.645
103,female,150.0,5.443,different,different,1,0,0,model,Y,0.0,2,0.468,0.256,3.456,1.163
103,female,150.0,4.719,different,different,1,0,0,model,Y,0.0,2,0.468,0.263,2.706,1.183
103,female,0.0,1.591,same,same,1,0,0,model,Y,0.0,0,0.468,0.1,0.378,0.645
103,female,0.0,1.591,same,same,1,0,0,model,Y,0.0,0,0.468,0.1,0.378,0.645
103,female,50.0,2.223,same,same,1,0,0,model,Y,0.0,0,0.468,0.156,0.828,0.771
103,female,150.0,5.237,different,different,1,0,0,model,Y,0.0,2,0.468,0.267,3.456,0.946
103,female,100.0,2.556,same,same,1,0,0,model,Y,0.0,0,0.468,0.212,0.978,0.898
103,female,150.0,4.357,different,different,1,0,0,model,Y,0.0,2,0.468,0.247,2.406,1.136
103,female,50.0,3.054,different,different,1,0,0,model,Y,0.0,2,0.468,0.146,1.506,0.834
103,female,150.0,3.199,same,same,1,0,0,model,Y,0.0,0,0.468,0.226,1.578,0.928
103,female,150.0,3.114,same,same,1,0,0,model,Y,0.0,0,0.468,0.246,1.428,0.973
103,female,150.0,2.78,same,same,1,0,0,model,Y,0.0,0,0.468,0.235,1.128,0.949
103,female,0.0,1.591,same,same,1,0,0,model,Y,0.0,0,0.468,0.1,0.378,0.645
103,female,50.0,3.099,same,same,1,0,0,model,Y,0.0,1,0.468,0.138,1.506,0.937
103,female,100.0,3.682,same,different,0,1,0,model,Y,0.0,2,0.468,0.191,1.956,0.967
103,female,150.0,4.157,different,different,1,0,0,model,Y,0.0,2,0.468,0.197,2.406,0.986
103,female,100.0,4.137,same,same,1,0,0,model,Y,0.0,1,0.468,0.198,2.256,1.164
103,female,100.0,2.387,same,same,1,0,0,model,Y,0.0,0,0.468,0.206,0.828,0.885
103,female,50.0,3.075,different,different,1,0,0,model,Y,0.0,2,0.468,0.152,1.506,0.85
103,female,100.0,2.411,same,same,1,0,0,model,Y,0.0,0,0.468,0.214,0.828,0.901
103,female,100.0,3.765,different,different,1,0,0,model,Y,0.0,2,0.468,0.211,1.956,1.029
103,female,100.0,2.75,same,same,1,0,0,model,Y,0.0,0,0.468,0.179,1.278,0.824
103,female,50.0,2.511,same,same,1,0,0,model,Y,0.0,0,0.468,0.152,1.128,0.762
103,female,0.0,1.591,same,same,1,0,0,model,Y,0.0,0,0.468,0.1,0.378,0.645
103,female,100.0,3.976,different,different,1,0,0,model,Y,0.0,2,0.468,0.189,2.256,0.963
103,female,0.0,2.119,same,different,0,1,0,model,Y,0.0,2,0.468,0.1,0.756,0.695
103,female,150.0,6.345,same,different,0,1,0,model,Y,0.0,2,0.468,0.257,4.356,1.165
103,female,0.0,2.119,different,different,1,0,0,model,Y,0.0,2,0.468,0.1,0.756,0.695
103,female,100.0,2.601,same,same,1,0,0,model,Y,0.0,0,0.468,0.226,0.978,0.929
103,female,150.0,4.485,different,different,1,0,0,model,Y,0.0,2,0.468,0.316,2.256,1.344
103,female,150.0,6.055,same,different,0,1,0,model,Y,0.0,2,0.468,0.235,4.356,0.897
103,female,50.0,3.082,different,different,1,0,0,model,Y,0.0,2,0.468,0.153,1.506,0.855
103,female,0.0,2.119,different,different,1,0,0,model,Y,0.0,2,0.468,0.1,0.756,0.695
103,female,100.0,3.883,different,different,1,0,0,model,Y,0.0,2,0.468,0.241,1.956,1.118
103,female,100.0,5.029,different,different,1,0,0,model,Y,0.0,2,0.468,0.152,3.456,0.852
103,female,100.0,3.609,different,different,1,0,0,model,Y,0.0,2,0.468,0.173,1.956,0.913
103,female,150.0,2.903,same,same,1,0,0,model,Y,0.0,0,0.468,0.273,1.128,1.034
103,female,100.0,2.7,same,same,1,0,0,model,Y,0.0,0,0.468,0.21,1.128,0.893
103,female,100.0,4.344,different,different,1,0,0,model,Y,0.0,2,0.468,0.206,2.556,1.014
103,female,100.0,2.599,same,same,1,0,0,model,Y,0.0,0,0.468,0.226,0.978,0.928
103,female,50.0,3.415,same,same,1,0,0,model,Y,0.0,1,0.468,0.145,1.656,1.096
103,female,100.0,2.595,same,same,1,0,0,model,Y,0.0,0,0.468,0.178,1.128,0.821
103,female,50.0,3.376,same,different,0,1,0,model,Y,0.0,2,0.468,0.152,1.806,0.85
103,female,50.0,3.321,different,different,1,0,0,model,Y,0.0,2,0.468,0.138,1.806,0.809
103,female,100.0,2.815,same,same,1,0,0,model,Y,0.0,0,0.468,0.246,1.128,0.973
103,female,50.0,2.033,same,same,1,0,0,model,Y,0.0,0,0.468,0.144,0.678,0.743
103,female,50.0,3.046,different,different,1,0,0,model,Y,0.0,2,0.468,0.144,1.506,0.828
103,female,0.0,2.119,same,different,0,1,0,model,Y,0.0,2,0.468,0.1,0.756,0.695
103,female,100.0,3.812,different,different,1,0,0,model,Y,0.0,2,0.468,0.186,2.106,0.952
103,female,150.0,3.088,same,same,1,0,0,model,Y,0.0,0,0.468,0.237,1.428,0.954
103,female,0.0,1.591,same,same,1,0,0,model,Y,0.0,0,0.468,0.1,0.378,0.645
103,female,150.0,2.976,same,same,1,0,0,model,Y,0.0,0,0.468,0.295,1.128,1.085
103,female,150.0,2.761,same,same,1,0,0,model,Y,0.0,0,0.468,0.229,1.128,0.936
103,female,50.0,2.152,same,same,1,0,0,model,Y,0.0,0,0.468,0.134,0.828,0.721
103,female,100.0,3.065,same,same,1,0,0,model,Y,0.0,0,0.468,0.23,1.428,0.938
103,female,50.0,2.231,same,same,1,0,0,model,Y,0.0,0,0.468,0.158,0.828,0.776
103,female,150.0,5.316,different,different,1,0,0,model,Y,0.0,2,0.468,0.224,3.456,1.067
103,female,50.0,3.106,different,different,1,0,0,model,Y,0.0,2,0.468,0.159,1.506,0.873
103,female,150.0,5.202,different,different,1,0,0,model,Y,0.0,2,0.468,0.271,3.156,1.207
103,female,100.0,5.12,same,different,0,1,0,model,Y,0.0,2,0.468,0.213,3.306,1.034
103,female,100.0,3.774,different,different,1,0,0,model,Y,0.0,2,0.468,0.214,1.956,1.036
103,female,0.0,1.591,same,same,1,0,0,model,Y,0.0,0,0.468,0.1,0.378,0.645
103,female,0.0,1.591,same,same,1,0,0,model,Y,0.0,0,0.468,0.1,0.378,0.645
103,female,50.0,3.328,same,different,0,1,0,model,Y,0.0,2,0.468,0.14,1.806,0.814
103,female,150.0,2.684,same,same,1,0,0,model,Y,0.0,0,0.468,0.205,1.128,0.882
103,female,0.0,1.591,same,same,1,0,0,model,Y,0.0,0,0.468,0.1,0.378,0.645
103,female,50.0,2.39,same,same,1,0,0,model,Y,0.0,0,0.468,0.161,0.978,0.783
103,female,50.0,2.158,same,same,1,0,0,model,Y,0.0,0,0.468,0.136,0.828,0.726
103,female,50.0,2.876,same,different,0,1,0,model,Y,0.0,2,0.468,0.139,1.356,0.813
103,female,50.0,4.49,different,different,1,0,0,model,Y,0.0,2,0.468,0.168,2.856,0.898
103,female,50.0,3.157,same,different,0,1,0,model,Y,0.0,2,0.468,0.155,1.656,0.778
103,female,150.0,4.559,same,different,0,1,0,model,Y,0.0,2,0.468,0.298,2.406,1.288
103,female,0.0,1.591,same,same,1,0,0,model,Y,0.0,0,0.468,0.1,0.378,0.645
103,female,100.0,2.894,same,same,1,0,0,model,Y,0.0,0,0.468,0.224,1.278,0.924
103,female,0.0,1.591,same,same,1,0,0,model,Y,0.0,0,0.468,0.1,0.378,0.645
103,female,150.0,2.974,same,same,1,0,0,model,Y,0.0,0,0.468,0.248,1.278,0.979
104,male,50.0,4.333,different,different,1,0,0,model,Y,0.0,4,0.531,0.148,2.273,1.181
104,male,0.0,1.648,same,same,1,0,0,model,Y,0.0,0,0.531,0.1,0.343,0.674
104,male,50.0,2.122,same,same,1,0,0,model,Y,0.0,0,0.531,0.154,0.643,0.795
104,male,50.0,2.097,same,same,1,0,0,model,Y,0.0,0,0.531,0.146,0.643,0.777
104,male,50.0,4.666,different,different,1,0,0,model,Y,0.0,4,0.531,0.135,2.723,1.077
104,male,100.0,4.468,different,different,1,0,0,model,Y,0.0,4,0.531,0.184,2.273,1.281
104,male,150.0,8.708,different,different,1,0,0,model,Y,0.0,4,0.531,0.194,6.473,1.311
104,male,0.0,3.228,different,different,1,0,0,model,Y,0.0,4,0.531,0.1,1.373,1.024
104,male,50.0,4.404,different,different,1,0,0,model,Y,0.0,4,0.531,0.157,2.273,1.244
104,male,100.0,2.715,same,same,1,0,0,model,Y,0.0,0,0.531,0.198,1.093,0.894
104,male,100.0,7.378,different,different,1,0,0,model,Y,0.0,4,0.531,0.159,5.273,1.216
104,male,50.0,4.078,different,different,1,0,0,model,Y,0.0,4,0.531,0.153,1.973,1.222
104,male,100.0,5.506,different,different,1,0,0,model,Y,0.0,4,0.531,0.177,3.323,1.275
104,male,150.0,2.803,same,same,1,0,0,model,Y,0.0,0,0.531,0.271,0.943,1.058
104,male,100.0,4.565,different,different,1,0,0,model,Y,0.0,4,0.531,0.205,2.273,1.357
104,male,0.0,3.228,different,different,1,0,0,model,Y,0.0,4,0.531,0.1,1.373,1.024
104,male,0.0,3.228,different,different,1,0,0,model,Y,0.0,4,0.531,0.1,1.373,1.024
104,male,150.0,4.192,same,same,1,0,0,model,Y,0.0,1,0.531,0.255,1.736,1.62
104,male,150.0,3.526,same,same,1,0,0,model,Y,0.0,0,0.531,0.216,1.843,0.936
104,male,0.0,1.648,same,same,1,0,0,model,Y,0.0,0,0.531,0.1,0.343,0.674
104,male,150.0,2.554,same,same,1,0,0,model,Y,0.0,0,0.531,0.194,0.943,0.886
104,male,50.0,4.477,different,different,1,0,0,model,Y,0.0,4,0.531,0.148,2.423,1.175
104,male,50.0,2.08,same,same,1,0,0,model,Y,0.0,0,0.531,0.141,0.643,0.765
104,male,100.0,5.285,different,different,1,0,0,model,Y,0.0,4,0.531,0.161,3.173,1.22
104,male,50.0,2.255,same,same,1,0,0,model,Y,0.0,0,0.531,0.148,0.793,0.783
104,male,50.0,2.141,same,same,1,0,0,model,Y,0.0,0,0.531,0.159,0.643,0.808
104,male,150.0,3.151,same,same,1,0,0,model,Y,0.0,0,0.531,0.239,1.393,0.988
104,male,150.0,6.866,different,different,1,0,0,model,Y,0.0,4,0.531,0.248,4.373,1.514
104,male,0.0,3.228,different,different,1,0,0,model,Y,0.0,4,0.531,0.1,1.373,1.024
104,male,0.0,1.648,same,same,1,0,0,model,Y,0.0,0,0.531,0.1,0.343,0.674
104,male,50.0,4.167,different,different,1,0,0,model,Y,0.0,4,0.531,0.143,2.123,1.171
104,male,100.0,2.521,same,same,1,0,0,model,Y,0.0,0,0.531,0.23,0.793,0.967
104,male,150.0,6.136,different,different,1,0,0,model,Y,0.0,4,0.531,0.261,3.623,1.521
104,male,150.0,2.796,same,same,1,0,0,model,Y,0.0,0,0.531,0.269,0.943,1.054
104,male,100.0,5.958,different,different,1,0,0,model,Y,0.0,4,0.531,0.177,3.773,1.277
104,male,50.0,4.772,different,different,1,0,0,model,Y,0.0,4,0.531,0.148,2.723,1.171
104,male,0.0,1.648,same,same,1,0,0,model,Y,0.0,0,0.531,0.1,0.343,0.674
104,male,100.0,2.659,same,same,1,0,0,model,Y,0.0,0,0.531,0.18,1.093,0.855
104,male,0.0,1.648,same,same,1,0,0,model,Y,0.0,0,0.531,0.1,0.343,0.674
104,male,0.0,3.228,different,different,1,0,0,model,Y,0.0,4,0.531,0.1,1.373,1.024
104,male,50.0,2.113,same,same,1,0,0,model,Y,0.0,0,0.531,0.151,0.643,0.788
104,male,0.0,1.648,same,same,1,0,0,model,Y,0.0,0,0.531,0.1,0.343,0.674
104,male,150.0,5.504,different,different,1,0,0,model,Y,0.0,4,0.531,0.231,3.323,1.22
104,male,0.0,1.648,same,same,1,0,0,model,Y,0.0,0,0.531,0.1,0.343,0.674
104,male,100.0,5.592,different,different,1,0,0,model,Y,0.0,4,0.531,0.237,3.173,1.452
104,male,0.0,3.228,different,different,1,0,0,model,Y,0.0,4,0.531,0.1,1.373,1.024
104,male,100.0,2.744,same,same,1,0,0,model,Y,0.0,0,0.531,0.206,1.093,0.913
104,male,100.0,3.205,same,same,1,0,0,model,Y,0.0,0,0.531,0.164,1.693,0.817
104,male,100.0,3.147,same,same,1,0,0,model,Y,0.0,0,0.531,0.192,1.543,0.881
104,male,150.0,5.872,different,different,1,0,0,model,Y,0.0,4,0.531,0.236,3.473,1.433
104,male,0.0,3.228,different,different,1,0,0,model,Y,0.0,4,0.531,0.1,1.373,1.024
104,male,50.0,4.324,different,different,1,0,0,model,Y,0.0,4,0.531,0.148,2.273,1.173
104,male,0.0,1.648,same,same,1,0,0,model,Y,0.0,0,0.531,0.1,0.343,0.674
104,male,0.0,1.648,same,same,1,0,0,model,Y,0.0,0,0.531,0.1,0.343,0.674
104,male,150.0,2.55,same,same,1,0,0,model,Y,0.0,0,0.531,0.193,0.943,0.883
104,male,0.0,1.648,same,same,1,0,0,model,Y,0.0,0,0.531,0.1,0.343,0.674
104,male,100.0,5.328,different,different,1,0,0,model,Y,0.0,4,0.531,0.173,3.173,1.251
104,male,0.0,3.228,different,different,1,0,0,model,Y,0.0,4,0.531,0.1,1.373,1.024
104,male,50.0,2.264,same,same,1,0,0,model,Y,0.0,0,0.531,0.151,0.793,0.789
104,male,150.0,3.223,same,same,1,0,0,model,Y,0.0,0,0.531,0.308,1.243,1.142
104,male,150.0,5.215,different,different,1,0,0,model,Y,0.0,4,0.531,0.182,3.023,1.28
104,male,100.0,5.393,different,different,1,0,0,model,Y,0.0,4,0.531,0.221,3.023,1.419
104,male,50.0,2.202,same,same,1,0,0,model,Y,0.0,0,0.531,0.132,0.793,0.746
104,male,150.0,6.369,different,different,1,0,0,model,Y,0.0,4,0.531,0.309,3.623,1.707
104,male,150.0,5.567,different,different,1,0,0,model,Y,0.0,4,0.531,0.196,3.473,1.168
104,male,100.0,5.028,different,different,1,0,0,model,Y,0.0,4,0.531,0.24,2.573,1.485
104,male,0.0,3.228,different,different,1,0,0,model,Y,0.0,4,0.531,0.1,1.373,1.024
104,male,0.0,1.648,same,same,1,0,0,model,Y,0.0,0,0.531,0.1,0.343,0.674
104,male,0.0,3.228,different,different,1,0,0,model,Y,0.0,4,0.531,0.1,1.373,1.024
104,male,0.0,3.228,different,different,1,0,0,model,Y,0.0,4,0.531,0.1,1.373,1.024
104,male,0.0,1.648,same,same,1,0,0,model,Y,0.0,0,0.531,0.1,0.343,0.674
104,male,0.0,3.228,different,different,1,0,0,model,Y,0.0,4,0.531,0.1,1.373,1.024
104,male,0.0,1.648,same,same,1,0,0,model,Y,0.0,0,0.531,0.1,0.343,0.674
104,male,50.0,2.246,same,same,1,0,0,model,Y,0.0,0,0.531,0.146,0.793,0.777
104,male,100.0,4.851,different,different,1,0,0,model,Y,0.0,4,0.531,0.167,2.723,1.23
104,male,150.0,6.179,different,different,1,0,0,model,Y,0.0,4,0.531,0.196,3.923,1.33
104,male,50.0,2.159,same,same,1,0,0,model,Y,0.0,0,0.531,0.165,0.643,0.82
104,male,150.0,7.019,different,different,1,0,0,model,Y,0.0,4,0.531,0.25,4.523,1.516
104,male,50.0,2.275,same,same,1,0,0,model,Y,0.0,0,0.531,0.154,0.793,0.797
104,male,100.0,2.374,same,same,1,0,0,model,Y,0.0,0,0.531,0.185,0.793,0.865
104,male,0.0,3.228,different,different,1,0,0,model,Y,0.0,4,0.531,0.1,1.373,1.024
104,male,100.0,3.094,same,same,1,0,0,model,Y,0.0,0,0.531,0.222,1.393,0.948
104,male,150.0,4.931,different,different,1,0,0,model,Y,0.0,4,0.531,0.187,2.723,1.291
104,male,150.0,5.662,different,different,1,0,0,model,Y,0.0,4,0.531,0.215,3.323,1.394
104,male,50.0,2.237,same,same,1,0,0,model,Y,0.0,0,0.531,0.143,0.793,0.77
104,male,150.0,5.0,different,different,1,0,0,model,Y,0.0,4,0.531,0.235,2.573,1.461
104,male,100.0,2.378,same,same,1,0,0,model,Y,0.0,0,0.531,0.186,0.793,0.868
104,male,100.0,2.881,same,same,1,0,0,model,Y,0.0,0,0.531,0.202,1.243,0.905
104,male,50.0,2.094,same,same,1,0,0,model,Y,0.0,0,0.531,0.145,0.643,0.776
104,male,50.0,2.072,same,same,1,0,0,model,Y,0.0,0,0.531,0.138,0.643,0.76
104,male,0.0,1.648,same,same,1,0,0,model,Y,0.0,0,0.531,0.1,0.343,0.674
104,male,0.0,3.228,different,different,1,0,0,model,Y,0.0,4,0.531,0.1,1.373,1.024
104,male,100.0,4.847,different,different,1,0,0,model,Y,0.0,4,0.531,0.198,2.573,1.346
104,male,50.0,4.945,different,different,1,0,0,model,Y,0.0,4,0.531,0.152,2.873,1.19
104,male,150.0,5.279,different,different,1,0,0,model,Y,0.0,4,0.531,0.272,2.723,1.554
104,male,100.0,4.609,different,different,1,0,0,model,Y,0.0,4,0.531,0.172,2.573,1.133
