subject_num,gender,angle,time,response,expected_answer,correct,false_positive,false_negative,source,axis,axis_difficulty,num_of_repeats,encoding_time,landmarking_time,rotation_time,decision_time
1,male,0.0,1.355,different,different,1,0,0,gk,Y,0.0,,,,,
1,male,150.0,2.079,different,different,1,0,0,gk,Y,0.0,,,,,
1,male,150.0,1.834,same,same,1,0,0,gk,Y,0.0,,,,,
1,male,100.0,4.78,same,same,1,0,0,gk,Y,0.0,,,,,
1,male,50.0,1.685,same,same,1,0,0,gk,Y,0.0,,,,,
1,male,50.0,1.237,different,different,1,0,0,gk,Y,0.0,,,,,
1,male,100.0,2.961,different,different,1,0,0,gk,Y,0.0,,,,,
1,male,0.0,1.275,same,same,1,0,0,gk,Y,0.0,,,,,
1,male,150.0,4.716,different,different,1,0,0,gk,Y,0.0,,,,,
1,male,150.0,3.794,different,same,0,0,1,gk,Y,0.0,,,,,
1,male,50.0,2.238,different,different,1,0,0,gk,Y,0.0,,,,,
1,male,0.0,1.524,different,different,1,0,0,gk,Y,0.0,,,,,
1,male,0.0,0.964,same,same,1,0,0,gk,Y,0.0,,,,,
1,male,100.0,3.77,different,different,1,0,0,gk,Y,0.0,,,,,
1,male,100.0,2.75,same,same,1,0,0,gk,Y,0.0,,,,,
1,male,50.0,1.226,same,same,1,0,0,gk,Y,0.0,,,,,
1,male,100.0,1.789,different,different,1,0,0,gk,Y,0.0,,,,,
1,male,150.0,1.384,same,same,1,0,0,gk,Y,0.0,,,,,
1,male,50.0,2.548,different,different,1,0,0,gk,Y,0.0,,,,,
1,male,50.0,1.588,same,same,1,0,0,gk,Y,0.0,,,,,
1,male,100.0,2.114,different,different,1,0,0,gk,Y,0.0,,,,,
1,male,0.0,2.158,different,different,1,0,0,gk,Y,0.0,,,,,
1,male,0.0,1.096,same,same,1,0,0,gk,Y,0.0,,,,,
1,male,150.0,3.829,different,different,1,0,0,gk,Y,0.0,,,,,
1,male,150.0,4.725,different,different,1,0,0,gk,Y,0.0,,,,,
1,male,50.0,3.211,different,different,1,0,0,gk,Y,0.0,,,,,
1,male,50.0,1.541,same,same,1,0,0,gk,Y,0.0,,,,,
1,male,100.0,3.219,same,same,1,0,0,gk,Y,0.0,,,,,
1,male,0.0,1.421,same,same,1,0,0,gk,Y,0.0,,,,,
1,male,0.0,1.308,different,different,1,0,0,gk,Y,0.0,,,,,
1,male,150.0,3.781,same,same,1,0,0,gk,Y,0.0,,,,,
1,male,100.0,2.665,different,different,1,0,0,gk,Y,0.0,,,,,
1,male,50.0,1.831,different,same,0,0,1,gk,Y,0.0,,,,,
1,male,100.0,4.636,same,same,1,0,0,gk,Y,0.0,,,,,
1,male,150.0,3.149,same,same,1,0,0,gk,Y,0.0,,,,,
1,male,0.0,1.202,different,different,1,0,0,gk,Y,0.0,,,,,
1,male,100.0,2.735,same,same,1,0,0,gk,Y,0.0,,,,,
1,male,150.0,3.211,different,different,1,0,0,gk,Y,0.0,,,,,
1,male,0.0,1.406,same,same,1,0,0,gk,Y,0.0,,,,,
1,male,50.0,1.383,different,different,1,0,0,gk,Y,0.0,,,,,
1,male,150.0,2.668,same,same,1,0,0,gk,Y,0.0,,,,,
1,male,0.0,2.203,different,different,1,0,0,gk,Y,0.0,,,,,
1,male,100.0,5.983,different,same,0,0,1,gk,Y,0.0,,,,,
1,male,150.0,2.75,same,different,0,1,0,gk,Y,0.0,,,,,
1,male,50.0,2.672,different,different,1,0,0,gk,Y,0.0,,,,,
1,male,100.0,1.975,different,different,1,0,0,gk,Y,0.0,,,,,
1,male,0.0,1.081,same,same,1,0,0,gk,Y,0.0,,,,,
1,male,50.0,2.144,different,same,0,0,1,gk,Y,0.0,,,,,
1,male,100.0,2.113,different,different,1,0,0,gk,Y,0.0,,,,,
1,male,150.0,1.967,different,different,1,0,0,gk,Y,0.0,,,,,
1,male,0.0,0.917,same,same,1,0,0,gk,Y,0.0,,,,,
1,male,0.0,1.51,different,different,1,0,0,gk,Y,0.0,,,,,
1,male,100.0,3.031,same,same,1,0,0,gk,Y,0.0,,,,,
1,male,50.0,1.181,different,different,1,0,0,gk,Y,0.0,,,,,
1,male,150.0,5.975,different,same,0,0,1,gk,Y,0.0,,,,,
1,male,50.0,1.216,same,same,1,0,0,gk,Y,0.0,,,,,
1,male,150.0,1.487,different,different,1,0,0,gk,Y,0.0,,,,,
1,male,100.0,2.208,different,different,1,0,0,gk,Y,0.0,,,,,
1,male,150.0,2.007,same,same,1,0,0,gk,Y,0.0,,,,,
1,male,100.0,1.594,different,same,0,0,1,gk,Y,0.0,,,,,
1,male,0.0,0.854,same,same,1,0,0,gk,Y,0.0,,,,,
1,male,0.0,1.791,different,different,1,0,0,gk,Y,0.0,,,,,
1,male,50.0,2.273,different,different,1,0,0,gk,Y,0.0,,,,,
1,male,50.0,1.992,same,same,1,0,0,gk,Y,0.0,,,,,
1,male,150.0,2.413,different,different,1,0,0,gk,Y,0.0,,,,,
1,male,0.0,1.423,same,same,1,0,0,gk,Y,0.0,,,,,
1,male,150.0,3.209,same,same,1,0,0,gk,Y,0.0,,,,,
1,male,0.0,1.435,different,different,1,0,0,gk,Y,0.0,,,,,
1,male,50.0,2.213,different,different,1,0,0,gk,Y,0.0,,,,,
1,male,50.0,2.598,same,same,1,0,0,gk,Y,0.0,,,,,
1,male,100.0,2.018,same,same,1,0,0,gk,Y,0.0,,,,,
1,male,100.0,6.237,same,different,0,1,0,gk,Y,0.0,,,,,
1,male,100.0,2.944,same,same,1,0,0,gk,Y,0.0,,,,,
1,male,100.0,1.448,different,different,1,0,0,gk,Y,0.0,,,,,
1,male,150.0,3.868,same,same,1,0,0,gk,Y,0.0,,,,,
1,male,0.0,4.086,different,different,1,0,0,gk,Y,0.0,,,,,
1,male,0.0,1.364,same,same,1,0,0,gk,Y,0.0,,,,,
1,male,50.0,2.642,different,same,0,0,1,gk,Y,0.0,,,,,
1,male,50.0,2.136,different,different,1,0,0,gk,Y,0.0,,,,,
1,male,150.0,2.775,different,different,1,0,0,gk,Y,0.0,,,,,
1,male,50.0,2.794,same,different,0,1,0,gk,Y,0.0,,,,,
1,male,0.0,0.742,same,same,1,0,0,gk,Y,0.0,,,,,
1,male,150.0,2.645,different,different,1,0,0,gk,Y,0.0,,,,,
1,male,50.0,3.445,same,same,1,0,0,gk,Y,0.0,,,,,
1,male,100.0,1.756,different,same,0,0,1,gk,Y,0.0,,,,,
1,male,0.0,1.625,different,different,1,0,0,gk,Y,0.0,,,,,
1,male,150.0,4.461,same,same,1,0,0,gk,Y,0.0,,,,,
1,male,100.0,4.26,different,different,1,0,0,gk,Y,0.0,,,,,
1,male,100.0,2.612,different,different,1,0,0,gk,Y,0.0,,,,,
1,male,50.0,1.207,same,same,1,0,0,gk,Y,0.0,,,,,
1,male,0.0,0.831,same,same,1,0,0,gk,Y,0.0,,,,,
1,male,150.0,2.74,same,same,1,0,0,gk,Y,0.0,,,,,
1,male,150.0,2.606,different,different,1,0,0,gk,Y,0.0,,,,,
1,male,50.0,1.945,different,different,1,0,0,gk,Y,0.0,,,,,
1,male,100.0,1.398,same,same,1,0,0,gk,Y,0.0,,,,,
1,male,0.0,2.72,different,different,1,0,0,gk,Y,0.0,,,,,
2,female,0.0,3.644,different,different,1,0,0,gk,Y,0.0,,,,,
2,female,150.0,7.243,different,different,1,0,0,gk,Y,0.0,,,,,
2,female,150.0,1.846,same,same,1,0,0,gk,Y,0.0,,,,,
2,female,100.0,1.835,same,same,1,0,0,gk,Y,0.0,,,,,
2,female,50.0,1.557,same,same,1,0,0,gk,Y,0.0,,,,,
2,female,50.0,1.72,different,different,1,0,0,gk,Y,0.0,,,,,
2,female,100.0,6.427,same,different,0,1,0,gk,Y,0.0,,,,,
2,female,0.0,1.174,same,same,1,0,0,gk,Y,0.0,,,,,
2,female,150.0,3.911,different,different,1,0,0,gk,Y,0.0,,,,,
2,female,150.0,3.648,same,same,1,0,0,gk,Y,0.0,,,,,
2,female,50.0,1.491,same,different,0,1,0,gk,Y,0.0,,,,,
2,female,0.0,1.29,different,different,1,0,0,gk,Y,0.0,,,,,
2,female,0.0,0.855,same,same,1,0,0,gk,Y,0.0,,,,,
2,female,100.0,3.528,different,different,1,0,0,gk,Y,0.0,,,,,
2,female,100.0,3.039,same,same,1,0,0,gk,Y,0.0,,,,,
2,female,50.0,1.711,same,same,1,0,0,gk,Y,0.0,,,,,
2,female,50.0,5.811,different,different,1,0,0,gk,Y,0.0,,,,,
2,female,50.0,1.193,same,same,1,0,0,gk,Y,0.0,,,,,
2,female,100.0,3.356,different,different,1,0,0,gk,Y,0.0,,,,,
2,female,0.0,1.433,different,different,1,0,0,gk,Y,0.0,,,,,
2,female,0.0,1.034,same,same,1,0,0,gk,Y,0.0,,,,,
2,female,150.0,1.799,same,different,0,1,0,gk,Y,0.0,,,,,
2,female,150.0,2.462,different,different,1,0,0,gk,Y,0.0,,,,,
2,female,50.0,1.54,different,different,1,0,0,gk,Y,0.0,,,,,
2,female,50.0,2.262,same,same,1,0,0,gk,Y,0.0,,,,,
2,female,100.0,2.247,same,same,1,0,0,gk,Y,0.0,,,,,
2,female,0.0,0.875,same,same,1,0,0,gk,Y,0.0,,,,,
2,female,0.0,1.232,different,different,1,0,0,gk,Y,0.0,,,,,
2,female,150.0,2.214,same,same,1,0,0,gk,Y,0.0,,,,,
2,female,100.0,1.982,different,different,1,0,0,gk,Y,0.0,,,,,
2,female,50.0,2.195,same,same,1,0,0,gk,Y,0.0,,,,,
2,female,100.0,2.061,same,same,1,0,0,gk,Y,0.0,,,,,
2,female,150.0,2.911,same,same,1,0,0,gk,Y,0.0,,,,,
2,female,0.0,1.846,different,different,1,0,0,gk,Y,0.0,,,,,
2,female,100.0,2.382,same,same,1,0,0,gk,Y,0.0,,,,,
2,female,150.0,2.49,different,different,1,0,0,gk,Y,0.0,,,,,
2,female,0.0,1.752,same,same,1,0,0,gk,Y,0.0,,,,,
2,female,50.0,2.547,different,different,1,0,0,gk,Y,0.0,,,,,
2,female,150.0,3.371,same,same,1,0,0,gk,Y,0.0,,,,,
2,female,0.0,0.974,different,different,1,0,0,gk,Y,0.0,,,,,
2,female,100.0,2.432,same,same,1,0,0,gk,Y,0.0,,,,,
2,female,150.0,2.607,different,different,1,0,0,gk,Y,0.0,,,,,
2,female,50.0,1.318,different,different,1,0,0,gk,Y,0.0,,,,,
2,female,100.0,1.78,different,different,1,0,0,gk,Y,0.0,,,,,
2,female,0.0,0.797,same,same,1,0,0,gk,Y,0.0,,,,,
2,female,50.0,1.354,same,same,1,0,0,gk,Y,0.0,,,,,
2,female,100.0,1.548,different,different,1,0,0,gk,Y,0.0,,,,,
2,female,150.0,2.029,different,different,1,0,0,gk,Y,0.0,,,,,
2,female,0.0,0.849,same,same,1,0,0,gk,Y,0.0,,,,,
2,female,0.0,1.199,different,different,1,0,0,gk,Y,0.0,,,,,
2,female,100.0,2.35,same,same,1,0,0,gk,Y,0.0,,,,,
2,female,50.0,1.248,different,different,1,0,0,gk,Y,0.0,,,,,
2,female,150.0,2.216,same,same,1,0,0,gk,Y,0.0,,,,,
2,female,50.0,1.602,same,same,1,0,0,gk,Y,0.0,,,,,
2,female,150.0,1.711,different,different,1,0,0,gk,Y,0.0,,,,,
2,female,100.0,2.365,different,different,1,0,0,gk,Y,0.0,,,,,
2,female,150.0,1.202,same,same,1,0,0,gk,Y,0.0,,,,,
2,female,100.0,2.124,same,same,1,0,0,gk,Y,0.0,,,,,
2,female,0.0,0.96,same,same,1,0,0,gk,Y,0.0,,,,,
2,female,0.0,0.919,different,different,1,0,0,gk,Y,0.0,,,,,
2,female,50.0,1.212,different,different,1,0,0,gk,Y,0.0,,,,,
2,female,50.0,1.421,same,same,1,0,0,gk,Y,0.0,,,,,
2,female,150.0,2.326,different,different,1,0,0,gk,Y,0.0,,,,,
2,female,0.0,1.229,same,same,1,0,0,gk,Y,0.0,,,,,
2,female,150.0,2.415,same,same,1,0,0,gk,Y,0.0,,,,,
2,female,0.0,1.164,different,different,1,0,0,gk,Y,0.0,,,,,
2,female,50.0,1.72,different,different,1,0,0,gk,Y,0.0,,,,,
2,female,50.0,1.098,same,same,1,0,0,gk,Y,0.0,,,,,
2,female,100.0,1.695,same,same,1,0,0,gk,Y,0.0,,,,,
2,female,100.0,1.937,different,different,1,0,0,gk,Y,0.0,,,,,
2,female,100.0,1.869,same,same,1,0,0,gk,Y,0.0,,,,,
2,female,100.0,3.374,different,different,1,0,0,gk,Y,0.0,,,,,
2,female,150.0,2.371,same,same,1,0,0,gk,Y,0.0,,,,,
2,female,0.0,1.177,different,different,1,0,0,gk,Y,0.0,,,,,
2,female,0.0,0.807,same,same,1,0,0,gk,Y,0.0,,,,,
2,female,50.0,0.823,same,same,1,0,0,gk,Y,0.0,,,,,
2,female,50.0,0.883,different,different,1,0,0,gk,Y,0.0,,,,,
2,female,150.0,3.303,same,different,0,1,0,gk,Y,0.0,,,,,
2,female,50.0,3.484,different,different,1,0,0,gk,Y,0.0,,,,,
2,female,0.0,0.748,same,same,1,0,0,gk,Y,0.0,,,,,
2,female,150.0,2.266,different,different,1,0,0,gk,Y,0.0,,,,,
2,female,50.0,1.665,same,same,1,0,0,gk,Y,0.0,,,,,
2,female,100.0,1.856,same,same,1,0,0,gk,Y,0.0,,,,,
2,female,0.0,1.615,different,different,1,0,0,gk,Y,0.0,,,,,
2,female,150.0,1.811,same,same,1,0,0,gk,Y,0.0,,,,,
2,female,100.0,1.693,different,different,1,0,0,gk,Y,0.0,,,,,
2,female,100.0,2.172,different,different,1,0,0,gk,Y,0.0,,,,,
2,female,50.0,1.023,same,same,1,0,0,gk,Y,0.0,,,,,
2,female,0.0,0.642,same,same,1,0,0,gk,Y,0.0,,,,,
2,female,150.0,3.224,same,same,1,0,0,gk,Y,0.0,,,,,
2,female,150.0,5.521,different,different,1,0,0,gk,Y,0.0,,,,,
2,female,50.0,1.543,different,different,1,0,0,gk,Y,0.0,,,,,
2,female,100.0,1.103,different,same,0,0,1,gk,Y,0.0,,,,,
2,female,0.0,1.81,different,different,1,0,0,gk,Y,0.0,,,,,
3,male,0.0,1.394,different,different,1,0,0,gk,Y,0.0,,,,,
3,male,150.0,2.499,different,different,1,0,0,gk,Y,0.0,,,,,
3,male,150.0,2.026,same,same,1,0,0,gk,Y,0.0,,,,,
3,male,100.0,3.996,same,same,1,0,0,gk,Y,0.0,,,,,
3,male,50.0,2.062,same,same,1,0,0,gk,Y,0.0,,,,,
3,male,50.0,1.598,different,different,1,0,0,gk,Y,0.0,,,,,
3,male,100.0,4.838,same,different,0,1,0,gk,Y,0.0,,,,,
3,male,0.0,1.378,same,same,1,0,0,gk,Y,0.0,,,,,
3,male,150.0,2.814,different,different,1,0,0,gk,Y,0.0,,,,,
3,male,150.0,2.601,same,same,1,0,0,gk,Y,0.0,,,,,
3,male,50.0,2.099,different,different,1,0,0,gk,Y,0.0,,,,,
3,male,0.0,1.78,different,different,1,0,0,gk,Y,0.0,,,,,
3,male,0.0,1.102,same,same,1,0,0,gk,Y,0.0,,,,,
3,male,100.0,2.908,different,different,1,0,0,gk,Y,0.0,,,,,
3,male,100.0,1.73,same,same,1,0,0,gk,Y,0.0,,,,,
3,male,50.0,2.425,same,same,1,0,0,gk,Y,0.0,,,,,
3,male,100.0,1.987,different,different,1,0,0,gk,Y,0.0,,,,,
3,male,150.0,2.006,same,same,1,0,0,gk,Y,0.0,,,,,
3,male,50.0,1.513,different,different,1,0,0,gk,Y,0.0,,,,,
3,male,50.0,1.391,same,same,1,0,0,gk,Y,0.0,,,,,
3,male,100.0,2.161,different,different,1,0,0,gk,Y,0.0,,,,,
3,male,0.0,1.238,same,different,0,1,0,gk,Y,0.0,,,,,
3,male,0.0,1.085,same,same,1,0,0,gk,Y,0.0,,,,,
3,male,150.0,4.456,different,different,1,0,0,gk,Y,0.0,,,,,
3,male,150.0,4.213,different,different,1,0,0,gk,Y,0.0,,,,,
3,male,50.0,2.338,different,different,1,0,0,gk,Y,0.0,,,,,
3,male,50.0,2.246,same,same,1,0,0,gk,Y,0.0,,,,,
3,male,100.0,6.278,different,same,0,0,1,gk,Y,0.0,,,,,
3,male,0.0,1.172,same,same,1,0,0,gk,Y,0.0,,,,,
3,male,0.0,2.101,different,different,1,0,0,gk,Y,0.0,,,,,
3,male,150.0,4.12,same,same,1,0,0,gk,Y,0.0,,,,,
3,male,100.0,4.239,different,different,1,0,0,gk,Y,0.0,,,,,
3,male,50.0,1.374,same,same,1,0,0,gk,Y,0.0,,,,,
3,male,100.0,3.811,different,same,0,0,1,gk,Y,0.0,,,,,
3,male,0.0,0.061,same,different,0,1,0,gk,Y,0.0,,,,,
3,male,100.0,3.664,different,same,0,0,1,gk,Y,0.0,,,,,
3,male,150.0,1.987,different,different,1,0,0,gk,Y,0.0,,,,,
3,male,0.0,1.114,same,same,1,0,0,gk,Y,0.0,,,,,
3,male,50.0,3.161,different,different,1,0,0,gk,Y,0.0,,,,,
3,male,150.0,2.274,same,same,1,0,0,gk,Y,0.0,,,,,
3,male,0.0,1.415,different,different,1,0,0,gk,Y,0.0,,,,,
3,male,100.0,3.012,same,same,1,0,0,gk,Y,0.0,,,,,
3,male,150.0,1.653,different,different,1,0,0,gk,Y,0.0,,,,,
3,male,50.0,1.776,different,different,1,0,0,gk,Y,0.0,,,,,
3,male,100.0,2.653,same,different,0,1,0,gk,Y,0.0,,,,,
3,male,0.0,1.273,same,same,1,0,0,gk,Y,0.0,,,,,
3,male,50.0,1.668,same,same,1,0,0,gk,Y,0.0,,,,,
3,male,100.0,1.404,different,different,1,0,0,gk,Y,0.0,,,,,
3,male,150.0,2.425,different,different,1,0,0,gk,Y,0.0,,,,,
3,male,0.0,1.192,same,same,1,0,0,gk,Y,0.0,,,,,
3,male,0.0,2.017,different,different,1,0,0,gk,Y,0.0,,,,,
3,male,100.0,3.413,same,same,1,0,0,gk,Y,0.0,,,,,
3,male,50.0,1.507,different,different,1,0,0,gk,Y,0.0,,,,,
3,male,150.0,2.686,different,same,0,0,1,gk,Y,0.0,,,,,
3,male,50.0,1.133,same,same,1,0,0,gk,Y,0.0,,,,,
3,male,150.0,1.635,different,different,1,0,0,gk,Y,0.0,,,,,
3,male,100.0,2.908,different,different,1,0,0,gk,Y,0.0,,,,,
3,male,150.0,1.802,same,same,1,0,0,gk,Y,0.0,,,,,
3,male,100.0,3.373,same,same,1,0,0,gk,Y,0.0,,,,,
3,male,0.0,0.894,same,same,1,0,0,gk,Y,0.0,,,,,
3,male,0.0,2.735,different,different,1,0,0,gk,Y,0.0,,,,,
3,male,50.0,1.724,different,different,1,0,0,gk,Y,0.0,,,,,
3,male,50.0,1.216,same,same,1,0,0,gk,Y,0.0,,,,,
3,male,150.0,2.052,different,different,1,0,0,gk,Y,0.0,,,,,
3,male,0.0,1.781,same,same,1,0,0,gk,Y,0.0,,,,,
3,male,150.0,3.215,different,same,0,0,1,gk,Y,0.0,,,,,
3,male,0.0,3.247,different,different,1,0,0,gk,Y,0.0,,,,,
3,male,50.0,1.997,different,different,1,0,0,gk,Y,0.0,,,,,
3,male,50.0,1.325,same,same,1,0,0,gk,Y,0.0,,,,,
3,male,100.0,1.394,same,same,1,0,0,gk,Y,0.0,,,,,
3,male,100.0,2.97,different,different,1,0,0,gk,Y,0.0,,,,,
3,male,100.0,1.604,same,same,1,0,0,gk,Y,0.0,,,,,
3,male,100.0,2.364,different,different,1,0,0,gk,Y,0.0,,,,,
3,male,150.0,3.273,same,same,1,0,0,gk,Y,0.0,,,,,
3,male,0.0,2.243,different,different,1,0,0,gk,Y,0.0,,,,,
3,male,0.0,1.283,same,same,1,0,0,gk,Y,0.0,,,,,
3,male,50.0,2.769,same,same,1,0,0,gk,Y,0.0,,,,,
3,male,50.0,2.052,different,different,1,0,0,gk,Y,0.0,,,,,
3,male,150.0,2.67,same,different,0,1,0,gk,Y,0.0,,,,,
3,male,50.0,1.598,different,different,1,0,0,gk,Y,0.0,,,,,
3,male,0.0,0.985,same,same,1,0,0,gk,Y,0.0,,,,,
3,male,150.0,2.374,different,different,1,0,0,gk,Y,0.0,,,,,
3,male,50.0,2.597,same,same,1,0,0,gk,Y,0.0,,,,,
3,male,100.0,2.977,same,same,1,0,0,gk,Y,0.0,,,,,
3,male,0.0,2.644,different,different,1,0,0,gk,Y,0.0,,,,,
3,male,150.0,1.845,same,same,1,0,0,gk,Y,0.0,,,,,
3,male,100.0,2.583,different,different,1,0,0,gk,Y,0.0,,,,,
3,male,100.0,1.915,different,different,1,0,0,gk,Y,0.0,,,,,
3,male,50.0,1.175,same,same,1,0,0,gk,Y,0.0,,,,,
3,male,0.0,0.918,same,same,1,0,0,gk,Y,0.0,,,,,
3,male,150.0,2.73,different,same,0,0,1,gk,Y,0.0,,,,,
3,male,150.0,2.196,different,different,1,0,0,gk,Y,0.0,,,,,
3,male,50.0,1.953,different,different,1,0,0,gk,Y,0.0,,,,,
3,male,100.0,1.336,same,same,1,0,0,gk,Y,0.0,,,,,
3,male,0.0,3.396,different,different,1,0,0,gk,Y,0.0,,,,,
4,female,0.0,1.985,different,different,1,0,0,gk,Y,0.0,,,,,
4,female,150.0,6.425,different,different,1,0,0,gk,Y,0.0,,,,,
4,female,150.0,1.81,same,same,1,0,0,gk,Y,0.0,,,,,
4,female,100.0,2.543,same,same,1,0,0,gk,Y,0.0,,,,,
4,female,50.0,2.553,same,same,1,0,0,gk,Y,0.0,,,,,
4,female,50.0,1.812,same,different,0,1,0,gk,Y,0.0,,,,,
4,female,100.0,2.824,different,different,1,0,0,gk,Y,0.0,,,,,
4,female,0.0,1.064,same,same,1,0,0,gk,Y,0.0,,,,,
4,female,150.0,4.954,different,different,1,0,0,gk,Y,0.0,,,,,
4,female,150.0,2.043,same,same,1,0,0,gk,Y,0.0,,,,,
4,female,50.0,2.637,different,different,1,0,0,gk,Y,0.0,,,,,
4,female,0.0,1.293,different,different,1,0,0,gk,Y,0.0,,,,,
4,female,0.0,1.03,same,same,1,0,0,gk,Y,0.0,,,,,
4,female,100.0,2.937,different,different,1,0,0,gk,Y,0.0,,,,,
4,female,100.0,1.402,same,same,1,0,0,gk,Y,0.0,,,,,
4,female,50.0,3.012,same,same,1,0,0,gk,Y,0.0,,,,,
4,female,100.0,1.971,different,different,1,0,0,gk,Y,0.0,,,,,
4,female,150.0,1.743,same,same,1,0,0,gk,Y,0.0,,,,,
4,female,50.0,1.332,different,different,1,0,0,gk,Y,0.0,,,,,
4,female,50.0,1.003,same,same,1,0,0,gk,Y,0.0,,,,,
4,female,100.0,1.971,different,different,1,0,0,gk,Y,0.0,,,,,
4,female,0.0,1.702,different,different,1,0,0,gk,Y,0.0,,,,,
4,female,0.0,1.347,same,same,1,0,0,gk,Y,0.0,,,,,
4,female,150.0,2.973,different,different,1,0,0,gk,Y,0.0,,,,,
4,female,150.0,3.518,same,different,0,1,0,gk,Y,0.0,,,,,
4,female,50.0,1.64,different,different,1,0,0,gk,Y,0.0,,,,,
4,female,50.0,3.254,same,same,1,0,0,gk,Y,0.0,,,,,
4,female,100.0,2.284,different,same,0,0,1,gk,Y,0.0,,,,,
4,female,0.0,1.205,same,same,1,0,0,gk,Y,0.0,,,,,
4,female,0.0,2.502,different,different,1,0,0,gk,Y,0.0,,,,,
4,female,150.0,2.094,same,same,1,0,0,gk,Y,0.0,,,,,
4,female,100.0,2.852,different,different,1,0,0,gk,Y,0.0,,,,,
4,female,50.0,1.751,same,same,1,0,0,gk,Y,0.0,,,,,
4,female,100.0,2.402,same,same,1,0,0,gk,Y,0.0,,,,,
4,female,150.0,2.576,same,same,1,0,0,gk,Y,0.0,,,,,
4,female,0.0,2.254,different,different,1,0,0,gk,Y,0.0,,,,,
4,female,100.0,3.047,same,same,1,0,0,gk,Y,0.0,,,,,
4,female,150.0,2.354,different,different,1,0,0,gk,Y,0.0,,,,,
4,female,0.0,2.61,same,same,1,0,0,gk,Y,0.0,,,,,
4,female,50.0,1.109,different,different,1,0,0,gk,Y,0.0,,,,,
4,female,150.0,2.322,same,same,1,0,0,gk,Y,0.0,,,,,
4,female,0.0,1.355,different,different,1,0,0,gk,Y,0.0,,,,,
4,female,100.0,1.68,same,same,1,0,0,gk,Y,0.0,,,,,
4,female,150.0,1.778,different,different,1,0,0,gk,Y,0.0,,,,,
4,female,50.0,1.512,different,different,1,0,0,gk,Y,0.0,,,,,
4,female,100.0,1.08,different,different,1,0,0,gk,Y,0.0,,,,,
4,female,0.0,1.093,same,same,1,0,0,gk,Y,0.0,,,,,
4,female,50.0,1.622,same,same,1,0,0,gk,Y,0.0,,,,,
4,female,100.0,3.156,different,different,1,0,0,gk,Y,0.0,,,,,
4,female,150.0,1.341,different,different,1,0,0,gk,Y,0.0,,,,,
4,female,0.0,1.451,same,same,1,0,0,gk,Y,0.0,,,,,
4,female,0.0,1.842,different,different,1,0,0,gk,Y,0.0,,,,,
4,female,100.0,1.399,same,same,1,0,0,gk,Y,0.0,,,,,
4,female,50.0,0.901,different,different,1,0,0,gk,Y,0.0,,,,,
4,female,150.0,4.307,same,same,1,0,0,gk,Y,0.0,,,,,
4,female,50.0,1.958,same,same,1,0,0,gk,Y,0.0,,,,,
4,female,150.0,2.51,different,different,1,0,0,gk,Y,0.0,,,,,
4,female,100.0,2.717,different,different,1,0,0,gk,Y,0.0,,,,,
4,female,150.0,1.274,same,same,1,0,0,gk,Y,0.0,,,,,
4,female,100.0,3.171,same,same,1,0,0,gk,Y,0.0,,,,,
4,female,0.0,0.982,same,same,1,0,0,gk,Y,0.0,,,,,
4,female,0.0,1.684,different,different,1,0,0,gk,Y,0.0,,,,,
4,female,50.0,3.823,different,different,1,0,0,gk,Y,0.0,,,,,
4,female,50.0,1.37,same,same,1,0,0,gk,Y,0.0,,,,,
4,female,150.0,1.565,different,different,1,0,0,gk,Y,0.0,,,,,
4,female,0.0,1.192,same,same,1,0,0,gk,Y,0.0,,,,,
4,female,150.0,1.668,same,same,1,0,0,gk,Y,0.0,,,,,
4,female,0.0,1.538,different,different,1,0,0,gk,Y,0.0,,,,,
4,female,50.0,1.71,different,different,1,0,0,gk,Y,0.0,,,,,
4,female,50.0,2.027,same,same,1,0,0,gk,Y,0.0,,,,,
4,female,100.0,1.197,same,same,1,0,0,gk,Y,0.0,,,,,
4,female,100.0,6.484,different,different,1,0,0,gk,Y,0.0,,,,,
4,female,100.0,1.167,same,same,1,0,0,gk,Y,0.0,,,,,
4,female,100.0,1.829,different,different,1,0,0,gk,Y,0.0,,,,,
4,female,150.0,2.12,different,same,0,0,1,gk,Y,0.0,,,,,
4,female,0.0,2.594,different,different,1,0,0,gk,Y,0.0,,,,,
4,female,0.0,1.064,same,same,1,0,0,gk,Y,0.0,,,,,
4,female,50.0,2.826,same,same,1,0,0,gk,Y,0.0,,,,,
4,female,50.0,1.097,different,different,1,0,0,gk,Y,0.0,,,,,
4,female,150.0,1.326,different,different,1,0,0,gk,Y,0.0,,,,,
4,female,50.0,3.614,different,different,1,0,0,gk,Y,0.0,,,,,
4,female,0.0,0.892,same,same,1,0,0,gk,Y,0.0,,,,,
4,female,150.0,1.096,different,different,1,0,0,gk,Y,0.0,,,,,
4,female,50.0,1.967,same,same,1,0,0,gk,Y,0.0,,,,,
4,female,100.0,1.585,same,same,1,0,0,gk,Y,0.0,,,,,
4,female,0.0,1.588,different,different,1,0,0,gk,Y,0.0,,,,,
4,female,150.0,2.856,same,same,1,0,0,gk,Y,0.0,,,,,
4,female,100.0,1.27,different,different,1,0,0,gk,Y,0.0,,,,,
4,female,100.0,1.939,different,different,1,0,0,gk,Y,0.0,,,,,
4,female,50.0,1.276,same,same,1,0,0,gk,Y,0.0,,,,,
4,female,0.0,0.669,same,same,1,0,0,gk,Y,0.0,,,,,
4,female,150.0,1.423,same,same,1,0,0,gk,Y,0.0,,,,,
4,female,150.0,1.33,different,different,1,0,0,gk,Y,0.0,,,,,
4,female,50.0,2.752,different,different,1,0,0,gk,Y,0.0,,,,,
4,female,100.0,1.331,same,same,1,0,0,gk,Y,0.0,,,,,
4,female,0.0,1.078,different,different,1,0,0,gk,Y,0.0,,,,,
5,male,0.0,1.247,different,different,1,0,0,gk,Y,0.0,,,,,
5,male,150.0,1.902,different,different,1,0,0,gk,Y,0.0,,,,,
5,male,150.0,1.461,same,same,1,0,0,gk,Y,0.0,,,,,
5,male,100.0,5.196,same,same,1,0,0,gk,Y,0.0,,,,,
5,male,50.0,1.583,same,same,1,0,0,gk,Y,0.0,,,,,
5,male,50.0,2.641,different,different,1,0,0,gk,Y,0.0,,,,,
5,male,100.0,3.124,same,different,0,1,0,gk,Y,0.0,,,,,
5,male,0.0,2.649,same,same,1,0,0,gk,Y,0.0,,,,,
5,male,150.0,3.44,different,different,1,0,0,gk,Y,0.0,,,,,
5,male,150.0,4.657,same,same,1,0,0,gk,Y,0.0,,,,,
5,male,50.0,6.251,different,different,1,0,0,gk,Y,0.0,,,,,
5,male,0.0,5.385,different,different,1,0,0,gk,Y,0.0,,,,,
5,male,0.0,1.493,same,same,1,0,0,gk,Y,0.0,,,,,
5,male,100.0,3.361,different,different,1,0,0,gk,Y,0.0,,,,,
5,male,100.0,6.16,same,same,1,0,0,gk,Y,0.0,,,,,
5,male,50.0,1.658,same,same,1,0,0,gk,Y,0.0,,,,,
5,male,100.0,3.514,different,different,1,0,0,gk,Y,0.0,,,,,
5,male,150.0,2.205,same,same,1,0,0,gk,Y,0.0,,,,,
5,male,50.0,6.278,different,different,1,0,0,gk,Y,0.0,,,,,
5,male,50.0,1.573,same,same,1,0,0,gk,Y,0.0,,,,,
5,male,100.0,2.195,different,different,1,0,0,gk,Y,0.0,,,,,
5,male,0.0,1.782,different,different,1,0,0,gk,Y,0.0,,,,,
5,male,0.0,1.465,same,same,1,0,0,gk,Y,0.0,,,,,
5,male,150.0,5.533,different,different,1,0,0,gk,Y,0.0,,,,,
5,male,150.0,2.412,different,different,1,0,0,gk,Y,0.0,,,,,
5,male,50.0,5.006,different,different,1,0,0,gk,Y,0.0,,,,,
5,male,50.0,2.132,same,same,1,0,0,gk,Y,0.0,,,,,
5,male,100.0,1.808,same,same,1,0,0,gk,Y,0.0,,,,,
5,male,0.0,2.096,same,same,1,0,0,gk,Y,0.0,,,,,
5,male,0.0,2.876,different,different,1,0,0,gk,Y,0.0,,,,,
5,male,150.0,5.656,same,same,1,0,0,gk,Y,0.0,,,,,
5,male,50.0,1.981,same,same,1,0,0,gk,Y,0.0,,,,,
5,male,100.0,2.002,same,same,1,0,0,gk,Y,0.0,,,,,
5,male,150.0,2.607,same,same,1,0,0,gk,Y,0.0,,,,,
5,male,0.0,3.609,different,different,1,0,0,gk,Y,0.0,,,,,
5,male,100.0,2.542,same,same,1,0,0,gk,Y,0.0,,,,,
5,male,150.0,2.383,different,different,1,0,0,gk,Y,0.0,,,,,
5,male,0.0,1.289,same,same,1,0,0,gk,Y,0.0,,,,,
5,male,50.0,2.555,same,different,0,1,0,gk,Y,0.0,,,,,
5,male,150.0,1.932,same,same,1,0,0,gk,Y,0.0,,,,,
5,male,0.0,4.086,different,different,1,0,0,gk,Y,0.0,,,,,
5,male,100.0,2.093,same,same,1,0,0,gk,Y,0.0,,,,,
5,male,150.0,3.534,different,different,1,0,0,gk,Y,0.0,,,,,
5,male,50.0,2.197,different,different,1,0,0,gk,Y,0.0,,,,,
5,male,100.0,2.531,same,different,0,1,0,gk,Y,0.0,,,,,
5,male,0.0,1.189,same,same,1,0,0,gk,Y,0.0,,,,,
5,male,50.0,1.314,same,same,1,0,0,gk,Y,0.0,,,,,
5,male,100.0,1.918,different,different,1,0,0,gk,Y,0.0,,,,,
5,male,150.0,2.733,different,different,1,0,0,gk,Y,0.0,,,,,
5,male,0.0,1.102,same,same,1,0,0,gk,Y,0.0,,,,,
5,male,0.0,1.312,different,different,1,0,0,gk,Y,0.0,,,,,
5,male,100.0,2.1,same,same,1,0,0,gk,Y,0.0,,,,,
5,male,50.0,1.4,different,different,1,0,0,gk,Y,0.0,,,,,
5,male,150.0,1.74,same,same,1,0,0,gk,Y,0.0,,,,,
5,male,50.0,1.303,same,same,1,0,0,gk,Y,0.0,,,,,
5,male,150.0,1.506,different,different,1,0,0,gk,Y,0.0,,,,,
5,male,100.0,2.197,different,different,1,0,0,gk,Y,0.0,,,,,
5,male,150.0,1.351,same,same,1,0,0,gk,Y,0.0,,,,,
5,male,100.0,1.384,same,same,1,0,0,gk,Y,0.0,,,,,
5,male,0.0,1.258,same,same,1,0,0,gk,Y,0.0,,,,,
5,male,0.0,1.793,different,different,1,0,0,gk,Y,0.0,,,,,
5,male,50.0,2.429,different,different,1,0,0,gk,Y,0.0,,,,,
5,male,50.0,1.408,same,same,1,0,0,gk,Y,0.0,,,,,
5,male,150.0,3.266,different,different,1,0,0,gk,Y,0.0,,,,,
5,male,0.0,1.375,same,same,1,0,0,gk,Y,0.0,,,,,
5,male,150.0,1.939,same,same,1,0,0,gk,Y,0.0,,,,,
5,male,0.0,2.988,same,different,0,1,0,gk,Y,0.0,,,,,
5,male,50.0,3.498,different,different,1,0,0,gk,Y,0.0,,,,,
5,male,50.0,1.231,same,same,1,0,0,gk,Y,0.0,,,,,
5,male,100.0,1.194,same,same,1,0,0,gk,Y,0.0,,,,,
5,male,100.0,4.025,different,different,1,0,0,gk,Y,0.0,,,,,
5,male,100.0,2.368,same,same,1,0,0,gk,Y,0.0,,,,,
5,male,100.0,1.784,different,different,1,0,0,gk,Y,0.0,,,,,
5,male,150.0,2.453,same,same,1,0,0,gk,Y,0.0,,,,,
5,male,0.0,3.399,different,different,1,0,0,gk,Y,0.0,,,,,
5,male,0.0,1.142,same,same,1,0,0,gk,Y,0.0,,,,,
5,male,50.0,1.325,same,same,1,0,0,gk,Y,0.0,,,,,
5,male,50.0,3.171,different,different,1,0,0,gk,Y,0.0,,,,,
5,male,150.0,2.092,same,different,0,1,0,gk,Y,0.0,,,,,
5,male,50.0,4.009,different,different,1,0,0,gk,Y,0.0,,,,,
5,male,0.0,1.246,same,same,1,0,0,gk,Y,0.0,,,,,
5,male,150.0,2.87,different,different,1,0,0,gk,Y,0.0,,,,,
5,male,50.0,1.838,same,same,1,0,0,gk,Y,0.0,,,,,
5,male,100.0,1.506,same,same,1,0,0,gk,Y,0.0,,,,,
5,male,0.0,3.106,different,different,1,0,0,gk,Y,0.0,,,,,
5,male,150.0,2.09,same,same,1,0,0,gk,Y,0.0,,,,,
5,male,100.0,1.977,different,different,1,0,0,gk,Y,0.0,,,,,
5,male,100.0,2.91,different,different,1,0,0,gk,Y,0.0,,,,,
5,male,50.0,1.069,same,same,1,0,0,gk,Y,0.0,,,,,
5,male,0.0,0.775,same,same,1,0,0,gk,Y,0.0,,,,,
5,male,150.0,1.366,same,same,1,0,0,gk,Y,0.0,,,,,
5,male,150.0,1.891,different,different,1,0,0,gk,Y,0.0,,,,,
5,male,50.0,2.445,same,different,0,1,0,gk,Y,0.0,,,,,
5,male,100.0,1.53,same,same,1,0,0,gk,Y,0.0,,,,,
5,male,0.0,3.407,different,different,1,0,0,gk,Y,0.0,,,,,
6,male,0.0,1.186,same,different,0,1,0,gk,Y,0.0,,,,,
6,male,150.0,1.415,different,different,1,0,0,gk,Y,0.0,,,,,
6,male,150.0,1.563,same,same,1,0,0,gk,Y,0.0,,,,,
6,male,100.0,2.832,same,same,1,0,0,gk,Y,0.0,,,,,
6,male,50.0,1.218,same,same,1,0,0,gk,Y,0.0,,,,,
6,male,50.0,1.794,different,different,1,0,0,gk,Y,0.0,,,,,
6,male,100.0,1.654,different,different,1,0,0,gk,Y,0.0,,,,,
6,male,0.0,0.998,same,same,1,0,0,gk,Y,0.0,,,,,
6,male,150.0,2.525,different,different,1,0,0,gk,Y,0.0,,,,,
6,male,150.0,1.512,different,same,0,0,1,gk,Y,0.0,,,,,
6,male,50.0,2.543,different,different,1,0,0,gk,Y,0.0,,,,,
6,male,0.0,1.347,different,different,1,0,0,gk,Y,0.0,,,,,
6,male,0.0,1.495,same,same,1,0,0,gk,Y,0.0,,,,,
6,male,100.0,1.878,different,different,1,0,0,gk,Y,0.0,,,,,
6,male,100.0,1.597,same,same,1,0,0,gk,Y,0.0,,,,,
6,male,50.0,1.192,same,same,1,0,0,gk,Y,0.0,,,,,
6,male,100.0,2.172,different,different,1,0,0,gk,Y,0.0,,,,,
6,male,150.0,1.583,same,same,1,0,0,gk,Y,0.0,,,,,
6,male,50.0,1.453,different,different,1,0,0,gk,Y,0.0,,,,,
6,male,50.0,1.501,same,same,1,0,0,gk,Y,0.0,,,,,
6,male,100.0,1.371,different,different,1,0,0,gk,Y,0.0,,,,,
6,male,0.0,1.991,different,different,1,0,0,gk,Y,0.0,,,,,
6,male,0.0,0.986,same,same,1,0,0,gk,Y,0.0,,,,,
6,male,150.0,2.561,different,different,1,0,0,gk,Y,0.0,,,,,
6,male,150.0,1.674,different,different,1,0,0,gk,Y,0.0,,,,,
6,male,50.0,1.666,different,different,1,0,0,gk,Y,0.0,,,,,
6,male,50.0,1.851,same,same,1,0,0,gk,Y,0.0,,,,,
6,male,100.0,1.675,same,same,1,0,0,gk,Y,0.0,,,,,
6,male,0.0,1.025,same,same,1,0,0,gk,Y,0.0,,,,,
6,male,0.0,1.269,different,different,1,0,0,gk,Y,0.0,,,,,
6,male,150.0,3.372,same,same,1,0,0,gk,Y,0.0,,,,,
6,male,100.0,2.056,different,different,1,0,0,gk,Y,0.0,,,,,
6,male,50.0,1.112,same,same,1,0,0,gk,Y,0.0,,,,,
6,male,100.0,1.775,different,same,0,0,1,gk,Y,0.0,,,,,
6,male,150.0,1.948,same,same,1,0,0,gk,Y,0.0,,,,,
6,male,0.0,1.231,different,different,1,0,0,gk,Y,0.0,,,,,
6,male,100.0,2.098,same,same,1,0,0,gk,Y,0.0,,,,,
6,male,150.0,1.432,different,different,1,0,0,gk,Y,0.0,,,,,
6,male,0.0,1.298,same,same,1,0,0,gk,Y,0.0,,,,,
6,male,50.0,1.104,different,different,1,0,0,gk,Y,0.0,,,,,
6,male,150.0,1.351,same,same,1,0,0,gk,Y,0.0,,,,,
6,male,0.0,3.357,different,different,1,0,0,gk,Y,0.0,,,,,
6,male,100.0,1.489,same,same,1,0,0,gk,Y,0.0,,,,,
6,male,150.0,1.952,different,different,1,0,0,gk,Y,0.0,,,,,
6,male,50.0,1.525,different,different,1,0,0,gk,Y,0.0,,,,,
6,male,100.0,1.606,different,different,1,0,0,gk,Y,0.0,,,,,
6,male,0.0,1.083,same,same,1,0,0,gk,Y,0.0,,,,,
6,male,50.0,1.076,same,same,1,0,0,gk,Y,0.0,,,,,
6,male,100.0,1.828,different,different,1,0,0,gk,Y,0.0,,,,,
6,male,150.0,1.691,different,different,1,0,0,gk,Y,0.0,,,,,
6,male,0.0,1.232,same,same,1,0,0,gk,Y,0.0,,,,,
6,male,0.0,1.217,different,different,1,0,0,gk,Y,0.0,,,,,
6,male,100.0,1.693,same,same,1,0,0,gk,Y,0.0,,,,,
6,male,50.0,1.234,different,different,1,0,0,gk,Y,0.0,,,,,
6,male,150.0,3.58,same,same,1,0,0,gk,Y,0.0,,,,,
6,male,50.0,1.288,same,same,1,0,0,gk,Y,0.0,,,,,
6,male,150.0,1.447,different,different,1,0,0,gk,Y,0.0,,,,,
6,male,100.0,1.145,different,different,1,0,0,gk,Y,0.0,,,,,
6,male,150.0,1.552,same,same,1,0,0,gk,Y,0.0,,,,,
6,male,100.0,1.604,same,same,1,0,0,gk,Y,0.0,,,,,
6,male,0.0,1.13,same,same,1,0,0,gk,Y,0.0,,,,,
6,male,0.0,1.064,different,different,1,0,0,gk,Y,0.0,,,,,
6,male,50.0,1.352,different,different,1,0,0,gk,Y,0.0,,,,,
6,male,50.0,1.228,same,same,1,0,0,gk,Y,0.0,,,,,
6,male,150.0,1.422,different,different,1,0,0,gk,Y,0.0,,,,,
6,male,0.0,1.03,same,same,1,0,0,gk,Y,0.0,,,,,
6,male,150.0,1.265,same,same,1,0,0,gk,Y,0.0,,,,,
6,male,0.0,1.112,different,different,1,0,0,gk,Y,0.0,,,,,
6,male,50.0,1.321,different,different,1,0,0,gk,Y,0.0,,,,,
6,male,50.0,1.085,same,same,1,0,0,gk,Y,0.0,,,,,
6,male,100.0,1.05,same,same,1,0,0,gk,Y,0.0,,,,,
6,male,100.0,1.177,different,different,1,0,0,gk,Y,0.0,,,,,
6,male,100.0,1.04,same,same,1,0,0,gk,Y,0.0,,,,,
6,male,100.0,1.042,different,different,1,0,0,gk,Y,0.0,,,,,
6,male,150.0,1.111,same,same,1,0,0,gk,Y,0.0,,,,,
6,male,0.0,1.363,different,different,1,0,0,gk,Y,0.0,,,,,
6,male,0.0,1.327,same,same,1,0,0,gk,Y,0.0,,,,,
6,male,50.0,1.516,different,same,0,0,1,gk,Y,0.0,,,,,
6,male,50.0,1.041,different,different,1,0,0,gk,Y,0.0,,,,,
6,male,150.0,1.035,different,different,1,0,0,gk,Y,0.0,,,,,
6,male,50.0,1.773,different,different,1,0,0,gk,Y,0.0,,,,,
6,male,0.0,0.927,same,same,1,0,0,gk,Y,0.0,,,,,
6,male,150.0,1.669,different,different,1,0,0,gk,Y,0.0,,,,,
6,male,50.0,1.07,same,same,1,0,0,gk,Y,0.0,,,,,
6,male,100.0,1.032,same,same,1,0,0,gk,Y,0.0,,,,,
6,male,0.0,1.299,different,different,1,0,0,gk,Y,0.0,,,,,
6,male,150.0,4.069,same,same,1,0,0,gk,Y,0.0,,,,,
6,male,100.0,2.142,same,different,0,1,0,gk,Y,0.0,,,,,
6,male,100.0,1.193,different,different,1,0,0,gk,Y,0.0,,,,,
6,male,50.0,1.295,same,same,1,0,0,gk,Y,0.0,,,,,
6,male,0.0,1.075,same,same,1,0,0,gk,Y,0.0,,,,,
6,male,150.0,1.342,same,same,1,0,0,gk,Y,0.0,,,,,
6,male,150.0,1.425,different,different,1,0,0,gk,Y,0.0,,,,,
6,male,50.0,0.937,different,different,1,0,0,gk,Y,0.0,,,,,
6,male,100.0,1.05,same,same,1,0,0,gk,Y,0.0,,,,,
6,male,0.0,1.217,different,different,1,0,0,gk,Y,0.0,,,,,
7,female,0.0,2.727,different,different,1,0,0,gk,Y,0.0,,,,,
7,female,150.0,2.556,different,different,1,0,0,gk,Y,0.0,,,,,
7,female,150.0,1.702,same,same,1,0,0,gk,Y,0.0,,,,,
7,female,100.0,4.219,same,same,1,0,0,gk,Y,0.0,,,,,
7,female,50.0,2.724,same,same,1,0,0,gk,Y,0.0,,,,,
7,female,50.0,4.181,different,different,1,0,0,gk,Y,0.0,,,,,
7,female,100.0,5.22,different,different,1,0,0,gk,Y,0.0,,,,,
7,female,0.0,1.777,same,same,1,0,0,gk,Y,0.0,,,,,
7,female,150.0,3.21,same,different,0,1,0,gk,Y,0.0,,,,,
7,female,150.0,5.298,same,same,1,0,0,gk,Y,0.0,,,,,
7,female,50.0,6.598,different,different,1,0,0,gk,Y,0.0,,,,,
7,female,0.0,2.941,different,different,1,0,0,gk,Y,0.0,,,,,
7,female,0.0,1.796,same,same,1,0,0,gk,Y,0.0,,,,,
7,female,100.0,3.564,different,different,1,0,0,gk,Y,0.0,,,,,
7,female,100.0,3.655,same,same,1,0,0,gk,Y,0.0,,,,,
7,female,50.0,3.061,same,same,1,0,0,gk,Y,0.0,,,,,
7,female,100.0,4.297,different,different,1,0,0,gk,Y,0.0,,,,,
7,female,150.0,2.535,same,same,1,0,0,gk,Y,0.0,,,,,
7,female,50.0,4.351,different,different,1,0,0,gk,Y,0.0,,,,,
7,female,50.0,2.556,same,same,1,0,0,gk,Y,0.0,,,,,
7,female,100.0,3.295,different,different,1,0,0,gk,Y,0.0,,,,,
7,female,0.0,2.902,different,different,1,0,0,gk,Y,0.0,,,,,
7,female,0.0,2.811,same,same,1,0,0,gk,Y,0.0,,,,,
7,female,150.0,3.424,different,different,1,0,0,gk,Y,0.0,,,,,
7,female,150.0,3.065,different,different,1,0,0,gk,Y,0.0,,,,,
7,female,50.0,3.778,different,different,1,0,0,gk,Y,0.0,,,,,
7,female,50.0,2.669,same,same,1,0,0,gk,Y,0.0,,,,,
7,female,100.0,2.99,same,same,1,0,0,gk,Y,0.0,,,,,
7,female,0.0,2.829,same,same,1,0,0,gk,Y,0.0,,,,,
7,female,0.0,2.161,different,different,1,0,0,gk,Y,0.0,,,,,
7,female,150.0,4.594,same,same,1,0,0,gk,Y,0.0,,,,,
7,female,100.0,2.593,different,different,1,0,0,gk,Y,0.0,,,,,
7,female,50.0,2.485,same,same,1,0,0,gk,Y,0.0,,,,,
7,female,100.0,2.189,same,same,1,0,0,gk,Y,0.0,,,,,
7,female,150.0,3.209,different,same,0,0,1,gk,Y,0.0,,,,,
7,female,0.0,2.368,different,different,1,0,0,gk,Y,0.0,,,,,
7,female,100.0,2.161,same,same,1,0,0,gk,Y,0.0,,,,,
7,female,150.0,3.113,different,different,1,0,0,gk,Y,0.0,,,,,
7,female,0.0,1.503,same,same,1,0,0,gk,Y,0.0,,,,,
7,female,50.0,2.104,different,different,1,0,0,gk,Y,0.0,,,,,
7,female,150.0,4.987,same,same,1,0,0,gk,Y,0.0,,,,,
7,female,0.0,1.448,different,different,1,0,0,gk,Y,0.0,,,,,
7,female,100.0,2.001,same,same,1,0,0,gk,Y,0.0,,,,,
7,female,150.0,1.804,different,different,1,0,0,gk,Y,0.0,,,,,
7,female,50.0,2.159,different,different,1,0,0,gk,Y,0.0,,,,,
7,female,100.0,1.819,different,different,1,0,0,gk,Y,0.0,,,,,
7,female,0.0,1.279,same,same,1,0,0,gk,Y,0.0,,,,,
7,female,50.0,3.961,same,same,1,0,0,gk,Y,0.0,,,,,
7,female,100.0,3.355,different,different,1,0,0,gk,Y,0.0,,,,,
7,female,150.0,2.116,different,different,1,0,0,gk,Y,0.0,,,,,
7,female,0.0,1.794,same,same,1,0,0,gk,Y,0.0,,,,,
7,female,0.0,1.555,different,different,1,0,0,gk,Y,0.0,,,,,
7,female,100.0,2.625,same,same,1,0,0,gk,Y,0.0,,,,,
7,female,50.0,1.816,different,different,1,0,0,gk,Y,0.0,,,,,
7,female,150.0,3.857,same,same,1,0,0,gk,Y,0.0,,,,,
7,female,50.0,2.093,same,same,1,0,0,gk,Y,0.0,,,,,
7,female,150.0,2.059,different,different,1,0,0,gk,Y,0.0,,,,,
7,female,100.0,2.707,different,different,1,0,0,gk,Y,0.0,,,,,
7,female,150.0,2.307,same,same,1,0,0,gk,Y,0.0,,,,,
7,female,100.0,2.272,same,same,1,0,0,gk,Y,0.0,,,,,
7,female,0.0,1.077,same,same,1,0,0,gk,Y,0.0,,,,,
7,female,0.0,3.104,different,different,1,0,0,gk,Y,0.0,,,,,
7,female,50.0,2.486,different,different,1,0,0,gk,Y,0.0,,,,,
7,female,50.0,2.484,same,same,1,0,0,gk,Y,0.0,,,,,
7,female,150.0,2.562,different,different,1,0,0,gk,Y,0.0,,,,,
7,female,0.0,1.248,same,same,1,0,0,gk,Y,0.0,,,,,
7,female,150.0,2.073,same,same,1,0,0,gk,Y,0.0,,,,,
7,female,0.0,1.857,different,different,1,0,0,gk,Y,0.0,,,,,
7,female,50.0,2.146,different,different,1,0,0,gk,Y,0.0,,,,,
7,female,50.0,1.372,same,same,1,0,0,gk,Y,0.0,,,,,
7,female,100.0,2.219,same,same,1,0,0,gk,Y,0.0,,,,,
7,female,100.0,2.924,different,different,1,0,0,gk,Y,0.0,,,,,
7,female,100.0,1.938,same,same,1,0,0,gk,Y,0.0,,,,,
7,female,100.0,2.062,different,different,1,0,0,gk,Y,0.0,,,,,
7,female,150.0,1.999,same,same,1,0,0,gk,Y,0.0,,,,,
7,female,0.0,2.81,different,different,1,0,0,gk,Y,0.0,,,,,
7,female,0.0,1.925,same,same,1,0,0,gk,Y,0.0,,,,,
7,female,50.0,4.436,different,same,0,0,1,gk,Y,0.0,,,,,
7,female,50.0,2.993,different,different,1,0,0,gk,Y,0.0,,,,,
7,female,150.0,4.629,different,different,1,0,0,gk,Y,0.0,,,,,
7,female,50.0,4.295,different,different,1,0,0,gk,Y,0.0,,,,,
7,female,0.0,1.457,same,same,1,0,0,gk,Y,0.0,,,,,
7,female,150.0,3.698,different,different,1,0,0,gk,Y,0.0,,,,,
7,female,50.0,3.472,same,same,1,0,0,gk,Y,0.0,,,,,
7,female,100.0,2.708,same,same,1,0,0,gk,Y,0.0,,,,,
7,female,0.0,1.766,different,different,1,0,0,gk,Y,0.0,,,,,
7,female,150.0,4.22,same,same,1,0,0,gk,Y,0.0,,,,,
7,female,100.0,4.068,different,different,1,0,0,gk,Y,0.0,,,,,
7,female,100.0,1.94,different,different,1,0,0,gk,Y,0.0,,,,,
7,female,50.0,2.138,same,same,1,0,0,gk,Y,0.0,,,,,
7,female,0.0,1.539,same,same,1,0,0,gk,Y,0.0,,,,,
7,female,150.0,3.116,same,same,1,0,0,gk,Y,0.0,,,,,
7,female,150.0,2.181,different,different,1,0,0,gk,Y,0.0,,,,,
7,female,50.0,1.981,different,different,1,0,0,gk,Y,0.0,,,,,
7,female,100.0,2.61,same,same,1,0,0,gk,Y,0.0,,,,,
7,female,0.0,6.419,same,different,0,1,0,gk,Y,0.0,,,,,
8,male,0.0,2.703,different,different,1,0,0,gk,Y,0.0,,,,,
8,male,150.0,2.556,different,different,1,0,0,gk,Y,0.0,,,,,
8,male,150.0,3.591,same,same,1,0,0,gk,Y,0.0,,,,,
8,male,100.0,4.128,same,same,1,0,0,gk,Y,0.0,,,,,
8,male,50.0,2.821,same,same,1,0,0,gk,Y,0.0,,,,,
8,male,50.0,2.448,different,different,1,0,0,gk,Y,0.0,,,,,
8,male,100.0,2.811,different,different,1,0,0,gk,Y,0.0,,,,,
8,male,0.0,2.012,same,same,1,0,0,gk,Y,0.0,,,,,
8,male,150.0,3.213,different,different,1,0,0,gk,Y,0.0,,,,,
8,male,150.0,2.719,same,same,1,0,0,gk,Y,0.0,,,,,
8,male,50.0,3.135,different,different,1,0,0,gk,Y,0.0,,,,,
8,male,0.0,1.385,different,different,1,0,0,gk,Y,0.0,,,,,
8,male,0.0,1.196,same,same,1,0,0,gk,Y,0.0,,,,,
8,male,100.0,4.444,different,different,1,0,0,gk,Y,0.0,,,,,
8,male,100.0,2.2,same,same,1,0,0,gk,Y,0.0,,,,,
8,male,50.0,1.684,same,same,1,0,0,gk,Y,0.0,,,,,
8,male,100.0,4.736,different,different,1,0,0,gk,Y,0.0,,,,,
8,male,150.0,1.876,same,same,1,0,0,gk,Y,0.0,,,,,
8,male,50.0,2.081,different,different,1,0,0,gk,Y,0.0,,,,,
8,male,50.0,1.341,same,same,1,0,0,gk,Y,0.0,,,,,
8,male,100.0,2.165,different,different,1,0,0,gk,Y,0.0,,,,,
8,male,0.0,1.824,different,different,1,0,0,gk,Y,0.0,,,,,
8,male,0.0,1.064,same,same,1,0,0,gk,Y,0.0,,,,,
8,male,150.0,4.871,different,different,1,0,0,gk,Y,0.0,,,,,
8,male,150.0,1.992,different,different,1,0,0,gk,Y,0.0,,,,,
8,male,50.0,2.544,different,different,1,0,0,gk,Y,0.0,,,,,
8,male,50.0,2.994,same,same,1,0,0,gk,Y,0.0,,,,,
8,male,100.0,2.822,same,same,1,0,0,gk,Y,0.0,,,,,
8,male,0.0,1.188,same,same,1,0,0,gk,Y,0.0,,,,,
8,male,0.0,1.5,different,different,1,0,0,gk,Y,0.0,,,,,
8,male,150.0,4.093,same,same,1,0,0,gk,Y,0.0,,,,,
8,male,100.0,3.82,different,different,1,0,0,gk,Y,0.0,,,,,
8,male,50.0,1.351,same,same,1,0,0,gk,Y,0.0,,,,,
8,male,100.0,2.692,same,same,1,0,0,gk,Y,0.0,,,,,
8,male,150.0,2.582,same,same,1,0,0,gk,Y,0.0,,,,,
8,male,0.0,2.586,different,different,1,0,0,gk,Y,0.0,,,,,
8,male,100.0,2.719,same,same,1,0,0,gk,Y,0.0,,,,,
8,male,150.0,2.57,different,different,1,0,0,gk,Y,0.0,,,,,
8,male,0.0,0.932,same,same,1,0,0,gk,Y,0.0,,,,,
8,male,50.0,1.06,different,different,1,0,0,gk,Y,0.0,,,,,
8,male,150.0,1.794,same,same,1,0,0,gk,Y,0.0,,,,,
8,male,0.0,1.431,same,different,0,1,0,gk,Y,0.0,,,,,
8,male,100.0,4.619,same,same,1,0,0,gk,Y,0.0,,,,,
8,male,150.0,2.575,different,different,1,0,0,gk,Y,0.0,,,,,
8,male,50.0,1.627,different,different,1,0,0,gk,Y,0.0,,,,,
8,male,100.0,4.16,different,different,1,0,0,gk,Y,0.0,,,,,
8,male,0.0,1.105,same,same,1,0,0,gk,Y,0.0,,,,,
8,male,50.0,1.676,same,same,1,0,0,gk,Y,0.0,,,,,
8,male,100.0,2.28,different,different,1,0,0,gk,Y,0.0,,,,,
8,male,150.0,2.408,different,different,1,0,0,gk,Y,0.0,,,,,
8,male,0.0,1.486,same,same,1,0,0,gk,Y,0.0,,,,,
8,male,0.0,1.065,different,different,1,0,0,gk,Y,0.0,,,,,
8,male,100.0,1.95,same,same,1,0,0,gk,Y,0.0,,,,,
8,male,50.0,0.872,different,different,1,0,0,gk,Y,0.0,,,,,
8,male,150.0,4.967,same,same,1,0,0,gk,Y,0.0,,,,,
8,male,50.0,1.474,same,same,1,0,0,gk,Y,0.0,,,,,
8,male,150.0,1.885,different,different,1,0,0,gk,Y,0.0,,,,,
8,male,100.0,2.387,different,different,1,0,0,gk,Y,0.0,,,,,
8,male,150.0,1.899,same,same,1,0,0,gk,Y,0.0,,,,,
8,male,100.0,3.074,same,same,1,0,0,gk,Y,0.0,,,,,
8,male,0.0,1.033,same,same,1,0,0,gk,Y,0.0,,,,,
8,male,0.0,0.976,different,different,1,0,0,gk,Y,0.0,,,,,
8,male,50.0,1.038,different,different,1,0,0,gk,Y,0.0,,,,,
8,male,50.0,1.416,same,same,1,0,0,gk,Y,0.0,,,,,
8,male,150.0,2.377,different,different,1,0,0,gk,Y,0.0,,,,,
8,male,0.0,1.417,same,same,1,0,0,gk,Y,0.0,,,,,
8,male,150.0,1.892,same,same,1,0,0,gk,Y,0.0,,,,,
8,male,0.0,1.241,different,different,1,0,0,gk,Y,0.0,,,,,
8,male,50.0,1.044,different,different,1,0,0,gk,Y,0.0,,,,,
8,male,50.0,1.017,same,same,1,0,0,gk,Y,0.0,,,,,
8,male,100.0,1.385,same,same,1,0,0,gk,Y,0.0,,,,,
8,male,100.0,3.012,different,different,1,0,0,gk,Y,0.0,,,,,
8,male,100.0,3.287,same,same,1,0,0,gk,Y,0.0,,,,,
8,male,100.0,1.65,different,different,1,0,0,gk,Y,0.0,,,,,
8,male,150.0,1.836,same,same,1,0,0,gk,Y,0.0,,,,,
8,male,0.0,1.414,different,different,1,0,0,gk,Y,0.0,,,,,
8,male,0.0,1.284,same,same,1,0,0,gk,Y,0.0,,,,,
8,male,50.0,1.362,same,same,1,0,0,gk,Y,0.0,,,,,
8,male,50.0,0.899,different,different,1,0,0,gk,Y,0.0,,,,,
8,male,150.0,3.608,different,different,1,0,0,gk,Y,0.0,,,,,
8,male,50.0,5.103,different,different,1,0,0,gk,Y,0.0,,,,,
8,male,0.0,1.159,same,same,1,0,0,gk,Y,0.0,,,,,
8,male,150.0,1.901,different,different,1,0,0,gk,Y,0.0,,,,,
8,male,50.0,1.986,same,same,1,0,0,gk,Y,0.0,,,,,
8,male,100.0,1.561,same,same,1,0,0,gk,Y,0.0,,,,,
8,male,0.0,1.261,different,different,1,0,0,gk,Y,0.0,,,,,
8,male,150.0,3.32,different,same,0,0,1,gk,Y,0.0,,,,,
8,male,100.0,3.435,different,different,1,0,0,gk,Y,0.0,,,,,
8,male,100.0,1.418,different,different,1,0,0,gk,Y,0.0,,,,,
8,male,50.0,1.389,same,same,1,0,0,gk,Y,0.0,,,,,
8,male,0.0,0.886,same,same,1,0,0,gk,Y,0.0,,,,,
8,male,150.0,3.873,same,same,1,0,0,gk,Y,0.0,,,,,
8,male,150.0,2.78,different,different,1,0,0,gk,Y,0.0,,,,,
8,male,50.0,1.417,different,different,1,0,0,gk,Y,0.0,,,,,
8,male,100.0,1.142,same,same,1,0,0,gk,Y,0.0,,,,,
8,male,0.0,2.706,different,different,1,0,0,gk,Y,0.0,,,,,
9,female,0.0,2.788,different,different,1,0,0,gk,Y,0.0,,,,,
9,female,150.0,4.118,different,different,1,0,0,gk,Y,0.0,,,,,
9,female,150.0,3.809,same,same,1,0,0,gk,Y,0.0,,,,,
9,female,100.0,4.317,same,same,1,0,0,gk,Y,0.0,,,,,
9,female,50.0,2.362,same,same,1,0,0,gk,Y,0.0,,,,,
9,female,50.0,2.102,different,different,1,0,0,gk,Y,0.0,,,,,
9,female,100.0,4.183,different,different,1,0,0,gk,Y,0.0,,,,,
9,female,0.0,2.021,same,same,1,0,0,gk,Y,0.0,,,,,
9,female,150.0,4.457,different,different,1,0,0,gk,Y,0.0,,,,,
9,female,50.0,5.709,different,different,1,0,0,gk,Y,0.0,,,,,
9,female,0.0,2.91,different,different,1,0,0,gk,Y,0.0,,,,,
9,female,0.0,0.955,same,same,1,0,0,gk,Y,0.0,,,,,
9,female,100.0,2.456,different,different,1,0,0,gk,Y,0.0,,,,,
9,female,100.0,2.898,same,same,1,0,0,gk,Y,0.0,,,,,
9,female,50.0,4.298,same,same,1,0,0,gk,Y,0.0,,,,,
9,female,100.0,4.397,different,different,1,0,0,gk,Y,0.0,,,,,
9,female,150.0,3.412,same,same,1,0,0,gk,Y,0.0,,,,,
9,female,50.0,1.699,different,different,1,0,0,gk,Y,0.0,,,,,
9,female,50.0,2.365,same,same,1,0,0,gk,Y,0.0,,,,,
9,female,100.0,1.74,different,different,1,0,0,gk,Y,0.0,,,,,
9,female,0.0,2.523,different,different,1,0,0,gk,Y,0.0,,,,,
9,female,0.0,2.5,same,same,1,0,0,gk,Y,0.0,,,,,
9,female,150.0,4.16,different,different,1,0,0,gk,Y,0.0,,,,,
9,female,150.0,3.144,different,different,1,0,0,gk,Y,0.0,,,,,
9,female,50.0,2.396,different,different,1,0,0,gk,Y,0.0,,,,,
9,female,50.0,2.449,same,same,1,0,0,gk,Y,0.0,,,,,
9,female,100.0,3.528,same,same,1,0,0,gk,Y,0.0,,,,,
9,female,0.0,2.02,same,same,1,0,0,gk,Y,0.0,,,,,
9,female,0.0,2.572,different,different,1,0,0,gk,Y,0.0,,,,,
9,female,150.0,4.316,same,same,1,0,0,gk,Y,0.0,,,,,
9,female,100.0,3.776,different,different,1,0,0,gk,Y,0.0,,,,,
9,female,50.0,3.268,same,same,1,0,0,gk,Y,0.0,,,,,
9,female,100.0,3.724,same,same,1,0,0,gk,Y,0.0,,,,,
9,female,150.0,5.406,same,same,1,0,0,gk,Y,0.0,,,,,
9,female,0.0,2.862,different,different,1,0,0,gk,Y,0.0,,,,,
9,female,100.0,2.849,same,same,1,0,0,gk,Y,0.0,,,,,
9,female,150.0,5.159,different,different,1,0,0,gk,Y,0.0,,,,,
9,female,0.0,1.611,same,same,1,0,0,gk,Y,0.0,,,,,
9,female,50.0,1.399,different,different,1,0,0,gk,Y,0.0,,,,,
9,female,150.0,2.821,same,same,1,0,0,gk,Y,0.0,,,,,
9,female,0.0,1.485,different,different,1,0,0,gk,Y,0.0,,,,,
9,female,100.0,3.905,same,same,1,0,0,gk,Y,0.0,,,,,
9,female,150.0,2.572,different,different,1,0,0,gk,Y,0.0,,,,,
9,female,50.0,1.853,different,different,1,0,0,gk,Y,0.0,,,,,
9,female,100.0,2.957,different,different,1,0,0,gk,Y,0.0,,,,,
9,female,0.0,1.613,same,same,1,0,0,gk,Y,0.0,,,,,
9,female,50.0,1.842,same,same,1,0,0,gk,Y,0.0,,,,,
9,female,100.0,3.435,same,different,0,1,0,gk,Y,0.0,,,,,
9,female,150.0,3.191,different,different,1,0,0,gk,Y,0.0,,,,,
9,female,0.0,1.822,same,same,1,0,0,gk,Y,0.0,,,,,
9,female,0.0,1.411,different,different,1,0,0,gk,Y,0.0,,,,,
9,female,100.0,2.475,same,same,1,0,0,gk,Y,0.0,,,,,
9,female,50.0,3.173,different,different,1,0,0,gk,Y,0.0,,,,,
9,female,150.0,3.954,same,same,1,0,0,gk,Y,0.0,,,,,
9,female,50.0,2.17,same,same,1,0,0,gk,Y,0.0,,,,,
9,female,150.0,1.644,different,different,1,0,0,gk,Y,0.0,,,,,
9,female,100.0,2.598,different,different,1,0,0,gk,Y,0.0,,,,,
9,female,150.0,2.845,same,same,1,0,0,gk,Y,0.0,,,,,
9,female,100.0,2.225,same,same,1,0,0,gk,Y,0.0,,,,,
9,female,0.0,1.468,same,same,1,0,0,gk,Y,0.0,,,,,
9,female,0.0,2.02,different,different,1,0,0,gk,Y,0.0,,,,,
9,female,50.0,1.743,different,different,1,0,0,gk,Y,0.0,,,,,
9,female,50.0,2.367,same,same,1,0,0,gk,Y,0.0,,,,,
9,female,150.0,3.537,different,different,1,0,0,gk,Y,0.0,,,,,
9,female,0.0,1.562,same,same,1,0,0,gk,Y,0.0,,,,,
9,female,150.0,2.182,same,same,1,0,0,gk,Y,0.0,,,,,
9,female,0.0,2.159,different,different,1,0,0,gk,Y,0.0,,,,,
9,female,50.0,3.183,different,different,1,0,0,gk,Y,0.0,,,,,
9,female,50.0,2.016,same,same,1,0,0,gk,Y,0.0,,,,,
9,female,100.0,2.131,same,same,1,0,0,gk,Y,0.0,,,,,
9,female,100.0,2.179,different,different,1,0,0,gk,Y,0.0,,,,,
9,female,100.0,2.335,same,same,1,0,0,gk,Y,0.0,,,,,
9,female,100.0,1.997,different,different,1,0,0,gk,Y,0.0,,,,,
9,female,150.0,2.925,different,same,0,0,1,gk,Y,0.0,,,,,
9,female,0.0,3.172,different,different,1,0,0,gk,Y,0.0,,,,,
9,female,0.0,2.833,same,same,1,0,0,gk,Y,0.0,,,,,
9,female,50.0,1.987,different,same,0,0,1,gk,Y,0.0,,,,,
9,female,50.0,1.714,different,different,1,0,0,gk,Y,0.0,,,,,
9,female,150.0,2.986,different,different,1,0,0,gk,Y,0.0,,,,,
9,female,50.0,3.59,different,different,1,0,0,gk,Y,0.0,,,,,
9,female,0.0,1.041,same,same,1,0,0,gk,Y,0.0,,,,,
9,female,150.0,2.204,different,different,1,0,0,gk,Y,0.0,,,,,
9,female,50.0,2.759,same,same,1,0,0,gk,Y,0.0,,,,,
9,female,100.0,2.641,same,same,1,0,0,gk,Y,0.0,,,,,
9,female,0.0,1.463,different,different,1,0,0,gk,Y,0.0,,,,,
9,female,150.0,6.107,same,same,1,0,0,gk,Y,0.0,,,,,
9,female,100.0,3.265,different,different,1,0,0,gk,Y,0.0,,,,,
9,female,100.0,3.083,different,different,1,0,0,gk,Y,0.0,,,,,
9,female,50.0,2.376,same,same,1,0,0,gk,Y,0.0,,,,,
9,female,0.0,1.323,same,same,1,0,0,gk,Y,0.0,,,,,
9,female,150.0,2.434,same,same,1,0,0,gk,Y,0.0,,,,,
9,female,150.0,3.341,same,different,0,1,0,gk,Y,0.0,,,,,
9,female,50.0,1.204,different,different,1,0,0,gk,Y,0.0,,,,,
9,female,100.0,2.084,same,same,1,0,0,gk,Y,0.0,,,,,
9,female,0.0,2.157,different,different,1,0,0,gk,Y,0.0,,,,,
10,female,0.0,4.593,different,different,1,0,0,gk,Y,0.0,,,,,
10,female,150.0,5.214,different,different,1,0,0,gk,Y,0.0,,,,,
10,female,150.0,3.745,same,same,1,0,0,gk,Y,0.0,,,,,
10,female,50.0,3.367,different,same,0,0,1,gk,Y,0.0,,,,,
10,female,50.0,3.203,different,different,1,0,0,gk,Y,0.0,,,,,
10,female,100.0,6.48,different,different,1,0,0,gk,Y,0.0,,,,,
10,female,0.0,1.331,same,same,1,0,0,gk,Y,0.0,,,,,
10,female,150.0,6.014,different,different,1,0,0,gk,Y,0.0,,,,,
10,female,150.0,3.622,different,same,0,0,1,gk,Y,0.0,,,,,
10,female,50.0,4.031,different,different,1,0,0,gk,Y,0.0,,,,,
10,female,0.0,1.379,different,different,1,0,0,gk,Y,0.0,,,,,
10,female,0.0,1.812,same,same,1,0,0,gk,Y,0.0,,,,,
10,female,100.0,3.465,different,different,1,0,0,gk,Y,0.0,,,,,
10,female,100.0,5.93,same,same,1,0,0,gk,Y,0.0,,,,,
10,female,100.0,0.117,same,different,0,1,0,gk,Y,0.0,,,,,
10,female,150.0,2.982,different,same,0,0,1,gk,Y,0.0,,,,,
10,female,50.0,1.994,different,different,1,0,0,gk,Y,0.0,,,,,
10,female,50.0,1.578,same,same,1,0,0,gk,Y,0.0,,,,,
10,female,100.0,4.534,different,different,1,0,0,gk,Y,0.0,,,,,
10,female,0.0,1.38,different,different,1,0,0,gk,Y,0.0,,,,,
10,female,0.0,1.687,same,same,1,0,0,gk,Y,0.0,,,,,
10,female,150.0,2.509,different,different,1,0,0,gk,Y,0.0,,,,,
10,female,150.0,2.556,different,different,1,0,0,gk,Y,0.0,,,,,
10,female,50.0,5.28,different,different,1,0,0,gk,Y,0.0,,,,,
10,female,100.0,3.946,different,same,0,0,1,gk,Y,0.0,,,,,
10,female,0.0,1.0,same,same,1,0,0,gk,Y,0.0,,,,,
10,female,0.0,1.686,different,different,1,0,0,gk,Y,0.0,,,,,
10,female,150.0,3.598,different,same,0,0,1,gk,Y,0.0,,,,,
10,female,100.0,4.577,different,different,1,0,0,gk,Y,0.0,,,,,
10,female,50.0,3.717,same,same,1,0,0,gk,Y,0.0,,,,,
10,female,100.0,6.542,different,same,0,0,1,gk,Y,0.0,,,,,
10,female,150.0,6.042,different,same,0,0,1,gk,Y,0.0,,,,,
10,female,0.0,1.827,different,different,1,0,0,gk,Y,0.0,,,,,
10,female,100.0,4.686,same,same,1,0,0,gk,Y,0.0,,,,,
10,female,150.0,5.282,same,different,0,1,0,gk,Y,0.0,,,,,
10,female,0.0,1.357,same,same,1,0,0,gk,Y,0.0,,,,,
10,female,50.0,4.601,different,different,1,0,0,gk,Y,0.0,,,,,
10,female,150.0,3.516,same,same,1,0,0,gk,Y,0.0,,,,,
10,female,0.0,3.22,different,different,1,0,0,gk,Y,0.0,,,,,
10,female,100.0,7.454,same,same,1,0,0,gk,Y,0.0,,,,,
10,female,150.0,5.791,same,different,0,1,0,gk,Y,0.0,,,,,
10,female,50.0,1.692,different,different,1,0,0,gk,Y,0.0,,,,,
10,female,100.0,4.066,different,different,1,0,0,gk,Y,0.0,,,,,
10,female,0.0,1.034,same,same,1,0,0,gk,Y,0.0,,,,,
10,female,50.0,2.836,same,same,1,0,0,gk,Y,0.0,,,,,
10,female,100.0,1.924,different,different,1,0,0,gk,Y,0.0,,,,,
10,female,150.0,4.835,different,different,1,0,0,gk,Y,0.0,,,,,
10,female,0.0,0.932,same,same,1,0,0,gk,Y,0.0,,,,,
10,female,0.0,1.762,different,different,1,0,0,gk,Y,0.0,,,,,
10,female,100.0,5.567,different,same,0,0,1,gk,Y,0.0,,,,,
10,female,50.0,1.586,different,different,1,0,0,gk,Y,0.0,,,,,
10,female,150.0,4.095,different,same,0,0,1,gk,Y,0.0,,,,,
10,female,50.0,1.718,same,same,1,0,0,gk,Y,0.0,,,,,
10,female,150.0,2.122,different,different,1,0,0,gk,Y,0.0,,,,,
10,female,100.0,6.337,different,different,1,0,0,gk,Y,0.0,,,,,
10,female,150.0,4.381,same,same,1,0,0,gk,Y,0.0,,,,,
10,female,100.0,6.98,different,same,0,0,1,gk,Y,0.0,,,,,
10,female,0.0,1.055,same,same,1,0,0,gk,Y,0.0,,,,,
10,female,0.0,1.632,different,different,1,0,0,gk,Y,0.0,,,,,
10,female,50.0,1.536,different,different,1,0,0,gk,Y,0.0,,,,,
10,female,50.0,1.836,same,same,1,0,0,gk,Y,0.0,,,,,
10,female,150.0,2.694,different,different,1,0,0,gk,Y,0.0,,,,,
10,female,0.0,1.539,same,same,1,0,0,gk,Y,0.0,,,,,
10,female,0.0,2.467,different,different,1,0,0,gk,Y,0.0,,,,,
10,female,50.0,3.979,different,different,1,0,0,gk,Y,0.0,,,,,
10,female,50.0,1.07,same,same,1,0,0,gk,Y,0.0,,,,,
10,female,100.0,3.614,same,same,1,0,0,gk,Y,0.0,,,,,
10,female,100.0,6.315,different,different,1,0,0,gk,Y,0.0,,,,,
10,female,100.0,4.025,same,same,1,0,0,gk,Y,0.0,,,,,
10,female,100.0,4.201,different,different,1,0,0,gk,Y,0.0,,,,,
10,female,150.0,5.124,same,same,1,0,0,gk,Y,0.0,,,,,
10,female,0.0,5.059,different,different,1,0,0,gk,Y,0.0,,,,,
10,female,0.0,1.253,same,same,1,0,0,gk,Y,0.0,,,,,
10,female,50.0,3.27,same,same,1,0,0,gk,Y,0.0,,,,,
10,female,50.0,4.659,different,different,1,0,0,gk,Y,0.0,,,,,
10,female,150.0,4.895,same,different,0,1,0,gk,Y,0.0,,,,,
10,female,50.0,3.899,different,different,1,0,0,gk,Y,0.0,,,,,
10,female,0.0,1.436,same,same,1,0,0,gk,Y,0.0,,,,,
10,female,150.0,2.965,different,different,1,0,0,gk,Y,0.0,,,,,
10,female,50.0,5.778,same,same,1,0,0,gk,Y,0.0,,,,,
10,female,100.0,6.069,different,same,0,0,1,gk,Y,0.0,,,,,
10,female,0.0,2.166,different,different,1,0,0,gk,Y,0.0,,,,,
10,female,150.0,5.106,different,same,0,0,1,gk,Y,0.0,,,,,
10,female,100.0,4.706,different,different,1,0,0,gk,Y,0.0,,,,,
10,female,100.0,5.033,different,different,1,0,0,gk,Y,0.0,,,,,
10,female,50.0,3.481,same,same,1,0,0,gk,Y,0.0,,,,,
10,female,0.0,0.929,same,same,1,0,0,gk,Y,0.0,,,,,
10,female,150.0,5.382,same,same,1,0,0,gk,Y,0.0,,,,,
10,female,150.0,6.668,same,different,0,1,0,gk,Y,0.0,,,,,
10,female,50.0,2.171,different,different,1,0,0,gk,Y,0.0,,,,,
10,female,100.0,3.234,same,same,1,0,0,gk,Y,0.0,,,,,
10,female,0.0,4.008,different,different,1,0,0,gk,Y,0.0,,,,,
11,male,0.0,2.924,different,different,1,0,0,gk,Y,0.0,,,,,
11,male,150.0,3.631,different,different,1,0,0,gk,Y,0.0,,,,,
11,male,150.0,2.993,same,same,1,0,0,gk,Y,0.0,,,,,
11,male,100.0,6.246,same,same,1,0,0,gk,Y,0.0,,,,,
11,male,50.0,2.941,same,same,1,0,0,gk,Y,0.0,,,,,
11,male,50.0,2.402,different,different,1,0,0,gk,Y,0.0,,,,,
11,male,100.0,3.12,different,different,1,0,0,gk,Y,0.0,,,,,
11,male,0.0,1.363,same,same,1,0,0,gk,Y,0.0,,,,,
11,male,150.0,4.43,different,different,1,0,0,gk,Y,0.0,,,,,
11,male,150.0,5.892,same,same,1,0,0,gk,Y,0.0,,,,,
11,male,50.0,4.427,different,different,1,0,0,gk,Y,0.0,,,,,
11,male,0.0,1.822,different,different,1,0,0,gk,Y,0.0,,,,,
11,male,0.0,1.334,same,same,1,0,0,gk,Y,0.0,,,,,
11,male,100.0,3.82,different,different,1,0,0,gk,Y,0.0,,,,,
11,male,100.0,2.778,same,same,1,0,0,gk,Y,0.0,,,,,
11,male,50.0,4.176,same,same,1,0,0,gk,Y,0.0,,,,,
11,male,100.0,5.035,different,different,1,0,0,gk,Y,0.0,,,,,
11,male,150.0,5.399,same,same,1,0,0,gk,Y,0.0,,,,,
11,male,50.0,2.93,different,different,1,0,0,gk,Y,0.0,,,,,
11,male,50.0,1.937,same,same,1,0,0,gk,Y,0.0,,,,,
11,male,100.0,3.236,different,different,1,0,0,gk,Y,0.0,,,,,
11,male,0.0,1.575,different,different,1,0,0,gk,Y,0.0,,,,,
11,male,0.0,1.176,same,same,1,0,0,gk,Y,0.0,,,,,
11,male,150.0,5.368,different,different,1,0,0,gk,Y,0.0,,,,,
11,male,150.0,2.647,different,different,1,0,0,gk,Y,0.0,,,,,
11,male,50.0,5.275,different,different,1,0,0,gk,Y,0.0,,,,,
11,male,50.0,2.859,same,same,1,0,0,gk,Y,0.0,,,,,
11,male,100.0,4.091,same,same,1,0,0,gk,Y,0.0,,,,,
11,male,0.0,1.345,same,same,1,0,0,gk,Y,0.0,,,,,
11,male,0.0,2.533,different,different,1,0,0,gk,Y,0.0,,,,,
11,male,150.0,3.325,different,same,0,0,1,gk,Y,0.0,,,,,
11,male,100.0,5.628,different,different,1,0,0,gk,Y,0.0,,,,,
11,male,50.0,7.356,same,same,1,0,0,gk,Y,0.0,,,,,
11,male,100.0,3.642,same,same,1,0,0,gk,Y,0.0,,,,,
11,male,150.0,4.797,different,same,0,0,1,gk,Y,0.0,,,,,
11,male,0.0,2.03,different,different,1,0,0,gk,Y,0.0,,,,,
11,male,100.0,4.417,same,same,1,0,0,gk,Y,0.0,,,,,
11,male,150.0,3.433,different,different,1,0,0,gk,Y,0.0,,,,,
11,male,0.0,1.342,same,same,1,0,0,gk,Y,0.0,,,,,
11,male,50.0,1.27,different,different,1,0,0,gk,Y,0.0,,,,,
11,male,150.0,6.527,same,same,1,0,0,gk,Y,0.0,,,,,
11,male,0.0,1.325,different,different,1,0,0,gk,Y,0.0,,,,,
11,male,100.0,5.396,same,same,1,0,0,gk,Y,0.0,,,,,
11,male,150.0,6.729,different,different,1,0,0,gk,Y,0.0,,,,,
11,male,50.0,1.616,different,different,1,0,0,gk,Y,0.0,,,,,
11,male,100.0,4.217,different,different,1,0,0,gk,Y,0.0,,,,,
11,male,0.0,1.609,same,same,1,0,0,gk,Y,0.0,,,,,
11,male,50.0,2.639,same,same,1,0,0,gk,Y,0.0,,,,,
11,male,100.0,3.049,different,different,1,0,0,gk,Y,0.0,,,,,
11,male,150.0,3.681,different,different,1,0,0,gk,Y,0.0,,,,,
11,male,0.0,2.711,same,same,1,0,0,gk,Y,0.0,,,,,
11,male,0.0,1.74,different,different,1,0,0,gk,Y,0.0,,,,,
11,male,100.0,3.372,same,same,1,0,0,gk,Y,0.0,,,,,
11,male,50.0,0.963,different,different,1,0,0,gk,Y,0.0,,,,,
11,male,150.0,2.054,same,same,1,0,0,gk,Y,0.0,,,,,
11,male,50.0,2.125,same,same,1,0,0,gk,Y,0.0,,,,,
11,male,150.0,1.76,different,different,1,0,0,gk,Y,0.0,,,,,
11,male,100.0,1.972,different,different,1,0,0,gk,Y,0.0,,,,,
11,male,150.0,5.673,same,same,1,0,0,gk,Y,0.0,,,,,
11,male,0.0,1.703,same,same,1,0,0,gk,Y,0.0,,,,,
11,male,0.0,1.295,different,different,1,0,0,gk,Y,0.0,,,,,
11,male,50.0,1.086,different,different,1,0,0,gk,Y,0.0,,,,,
11,male,50.0,2.183,same,same,1,0,0,gk,Y,0.0,,,,,
11,male,150.0,2.208,different,different,1,0,0,gk,Y,0.0,,,,,
11,male,0.0,1.347,same,same,1,0,0,gk,Y,0.0,,,,,
11,male,150.0,5.904,same,same,1,0,0,gk,Y,0.0,,,,,
11,male,0.0,2.773,different,different,1,0,0,gk,Y,0.0,,,,,
11,male,50.0,1.333,different,different,1,0,0,gk,Y,0.0,,,,,
11,male,50.0,1.726,same,same,1,0,0,gk,Y,0.0,,,,,
11,male,100.0,2.38,same,same,1,0,0,gk,Y,0.0,,,,,
11,male,100.0,5.672,different,different,1,0,0,gk,Y,0.0,,,,,
11,male,100.0,2.97,same,same,1,0,0,gk,Y,0.0,,,,,
11,male,100.0,3.307,different,different,1,0,0,gk,Y,0.0,,,,,
11,male,150.0,6.274,different,same,0,0,1,gk,Y,0.0,,,,,
11,male,0.0,2.292,different,different,1,0,0,gk,Y,0.0,,,,,
11,male,0.0,2.073,same,same,1,0,0,gk,Y,0.0,,,,,
11,male,50.0,1.528,same,same,1,0,0,gk,Y,0.0,,,,,
11,male,50.0,1.692,different,different,1,0,0,gk,Y,0.0,,,,,
11,male,150.0,6.458,different,different,1,0,0,gk,Y,0.0,,,,,
11,male,50.0,6.253,different,different,1,0,0,gk,Y,0.0,,,,,
11,male,0.0,0.95,same,same,1,0,0,gk,Y,0.0,,,,,
11,male,150.0,2.869,different,different,1,0,0,gk,Y,0.0,,,,,
11,male,50.0,2.005,same,same,1,0,0,gk,Y,0.0,,,,,
11,male,100.0,3.645,same,same,1,0,0,gk,Y,0.0,,,,,
11,male,0.0,2.607,different,different,1,0,0,gk,Y,0.0,,,,,
11,male,150.0,3.211,different,same,0,0,1,gk,Y,0.0,,,,,
11,male,100.0,4.031,different,different,1,0,0,gk,Y,0.0,,,,,
11,male,50.0,1.671,same,same,1,0,0,gk,Y,0.0,,,,,
11,male,0.0,1.404,same,same,1,0,0,gk,Y,0.0,,,,,
11,male,150.0,2.72,different,same,0,0,1,gk,Y,0.0,,,,,
11,male,150.0,2.62,different,different,1,0,0,gk,Y,0.0,,,,,
11,male,50.0,2.134,different,different,1,0,0,gk,Y,0.0,,,,,
11,male,100.0,2.399,same,same,1,0,0,gk,Y,0.0,,,,,
11,male,0.0,2.129,different,different,1,0,0,gk,Y,0.0,,,,,
12,female,0.0,1.818,different,different,1,0,0,gk,Y,0.0,,,,,
12,female,150.0,1.646,same,different,0,1,0,gk,Y,0.0,,,,,
12,female,150.0,1.527,same,same,1,0,0,gk,Y,0.0,,,,,
12,female,100.0,3.133,same,same,1,0,0,gk,Y,0.0,,,,,
12,female,50.0,2.435,same,same,1,0,0,gk,Y,0.0,,,,,
12,female,50.0,1.251,different,different,1,0,0,gk,Y,0.0,,,,,
12,female,100.0,2.718,same,different,0,1,0,gk,Y,0.0,,,,,
12,female,0.0,1.2,same,same,1,0,0,gk,Y,0.0,,,,,
12,female,150.0,3.312,different,different,1,0,0,gk,Y,0.0,,,,,
12,female,150.0,4.109,same,same,1,0,0,gk,Y,0.0,,,,,
12,female,50.0,2.292,different,different,1,0,0,gk,Y,0.0,,,,,
12,female,0.0,1.82,different,different,1,0,0,gk,Y,0.0,,,,,
12,female,0.0,1.133,same,same,1,0,0,gk,Y,0.0,,,,,
12,female,100.0,2.347,different,different,1,0,0,gk,Y,0.0,,,,,
12,female,100.0,2.967,same,same,1,0,0,gk,Y,0.0,,,,,
12,female,50.0,2.379,same,same,1,0,0,gk,Y,0.0,,,,,
12,female,100.0,1.921,different,different,1,0,0,gk,Y,0.0,,,,,
12,female,150.0,1.966,same,same,1,0,0,gk,Y,0.0,,,,,
12,female,50.0,3.052,different,different,1,0,0,gk,Y,0.0,,,,,
12,female,50.0,1.372,same,same,1,0,0,gk,Y,0.0,,,,,
12,female,100.0,2.839,different,different,1,0,0,gk,Y,0.0,,,,,
12,female,0.0,3.238,same,different,0,1,0,gk,Y,0.0,,,,,
12,female,0.0,1.429,same,same,1,0,0,gk,Y,0.0,,,,,
12,female,150.0,4.437,different,different,1,0,0,gk,Y,0.0,,,,,
12,female,150.0,2.585,different,different,1,0,0,gk,Y,0.0,,,,,
12,female,50.0,3.376,different,different,1,0,0,gk,Y,0.0,,,,,
12,female,50.0,1.669,same,same,1,0,0,gk,Y,0.0,,,,,
12,female,100.0,3.972,same,same,1,0,0,gk,Y,0.0,,,,,
12,female,0.0,0.982,same,same,1,0,0,gk,Y,0.0,,,,,
12,female,0.0,1.572,different,different,1,0,0,gk,Y,0.0,,,,,
12,female,150.0,2.311,different,same,0,0,1,gk,Y,0.0,,,,,
12,female,100.0,3.295,different,different,1,0,0,gk,Y,0.0,,,,,
12,female,50.0,1.676,same,same,1,0,0,gk,Y,0.0,,,,,
12,female,100.0,2.236,same,same,1,0,0,gk,Y,0.0,,,,,
12,female,150.0,2.927,different,same,0,0,1,gk,Y,0.0,,,,,
12,female,0.0,1.41,different,different,1,0,0,gk,Y,0.0,,,,,
12,female,100.0,2.582,same,same,1,0,0,gk,Y,0.0,,,,,
12,female,150.0,2.0,different,different,1,0,0,gk,Y,0.0,,,,,
12,female,0.0,1.077,same,same,1,0,0,gk,Y,0.0,,,,,
12,female,50.0,1.434,different,different,1,0,0,gk,Y,0.0,,,,,
12,female,150.0,1.949,same,same,1,0,0,gk,Y,0.0,,,,,
12,female,0.0,2.353,different,different,1,0,0,gk,Y,0.0,,,,,
12,female,100.0,3.343,same,same,1,0,0,gk,Y,0.0,,,,,
12,female,150.0,1.649,different,different,1,0,0,gk,Y,0.0,,,,,
12,female,50.0,1.228,different,different,1,0,0,gk,Y,0.0,,,,,
12,female,100.0,2.079,different,different,1,0,0,gk,Y,0.0,,,,,
12,female,0.0,1.283,same,same,1,0,0,gk,Y,0.0,,,,,
12,female,50.0,3.163,same,same,1,0,0,gk,Y,0.0,,,,,
12,female,100.0,2.124,different,different,1,0,0,gk,Y,0.0,,,,,
12,female,150.0,3.277,different,different,1,0,0,gk,Y,0.0,,,,,
12,female,0.0,0.908,same,same,1,0,0,gk,Y,0.0,,,,,
12,female,0.0,1.004,different,different,1,0,0,gk,Y,0.0,,,,,
12,female,100.0,2.104,same,same,1,0,0,gk,Y,0.0,,,,,
12,female,50.0,1.011,different,different,1,0,0,gk,Y,0.0,,,,,
12,female,150.0,1.569,different,same,0,0,1,gk,Y,0.0,,,,,
12,female,50.0,1.258,same,same,1,0,0,gk,Y,0.0,,,,,
12,female,150.0,2.8,different,different,1,0,0,gk,Y,0.0,,,,,
12,female,100.0,3.494,different,different,1,0,0,gk,Y,0.0,,,,,
12,female,150.0,2.989,same,same,1,0,0,gk,Y,0.0,,,,,
12,female,100.0,2.223,same,same,1,0,0,gk,Y,0.0,,,,,
12,female,0.0,0.945,same,same,1,0,0,gk,Y,0.0,,,,,
12,female,0.0,2.952,different,different,1,0,0,gk,Y,0.0,,,,,
12,female,50.0,1.514,different,different,1,0,0,gk,Y,0.0,,,,,
12,female,50.0,1.351,same,same,1,0,0,gk,Y,0.0,,,,,
12,female,150.0,2.95,different,different,1,0,0,gk,Y,0.0,,,,,
12,female,0.0,1.506,same,same,1,0,0,gk,Y,0.0,,,,,
12,female,150.0,1.977,same,same,1,0,0,gk,Y,0.0,,,,,
12,female,0.0,1.091,different,different,1,0,0,gk,Y,0.0,,,,,
12,female,50.0,0.925,different,different,1,0,0,gk,Y,0.0,,,,,
12,female,50.0,1.225,same,same,1,0,0,gk,Y,0.0,,,,,
12,female,100.0,5.81,same,same,1,0,0,gk,Y,0.0,,,,,
12,female,100.0,2.111,different,different,1,0,0,gk,Y,0.0,,,,,
12,female,100.0,1.874,same,same,1,0,0,gk,Y,0.0,,,,,
12,female,100.0,1.424,different,different,1,0,0,gk,Y,0.0,,,,,
12,female,150.0,3.255,same,same,1,0,0,gk,Y,0.0,,,,,
12,female,0.0,2.231,same,different,0,1,0,gk,Y,0.0,,,,,
12,female,0.0,2.633,same,same,1,0,0,gk,Y,0.0,,,,,
12,female,50.0,1.941,same,same,1,0,0,gk,Y,0.0,,,,,
12,female,50.0,1.064,different,different,1,0,0,gk,Y,0.0,,,,,
12,female,150.0,1.714,same,different,0,1,0,gk,Y,0.0,,,,,
12,female,50.0,3.032,different,different,1,0,0,gk,Y,0.0,,,,,
12,female,0.0,0.929,same,same,1,0,0,gk,Y,0.0,,,,,
12,female,150.0,2.776,different,different,1,0,0,gk,Y,0.0,,,,,
12,female,50.0,3.187,same,same,1,0,0,gk,Y,0.0,,,,,
12,female,100.0,2.653,same,same,1,0,0,gk,Y,0.0,,,,,
12,female,0.0,2.254,different,different,1,0,0,gk,Y,0.0,,,,,
12,female,100.0,0.519,different,different,1,0,0,gk,Y,0.0,,,,,
12,female,100.0,2.384,same,different,0,1,0,gk,Y,0.0,,,,,
12,female,50.0,1.984,same,same,1,0,0,gk,Y,0.0,,,,,
12,female,0.0,0.956,same,same,1,0,0,gk,Y,0.0,,,,,
12,female,150.0,3.489,different,same,0,0,1,gk,Y,0.0,,,,,
12,female,150.0,2.125,different,different,1,0,0,gk,Y,0.0,,,,,
12,female,50.0,1.107,different,different,1,0,0,gk,Y,0.0,,,,,
12,female,100.0,1.516,same,same,1,0,0,gk,Y,0.0,,,,,
12,female,0.0,2.657,different,different,1,0,0,gk,Y,0.0,,,,,
13,male,0.0,1.606,different,different,1,0,0,gk,Y,0.0,,,,,
13,male,150.0,2.427,different,different,1,0,0,gk,Y,0.0,,,,,
13,male,150.0,1.109,same,same,1,0,0,gk,Y,0.0,,,,,
13,male,100.0,1.9,same,same,1,0,0,gk,Y,0.0,,,,,
13,male,50.0,1.098,same,same,1,0,0,gk,Y,0.0,,,,,
13,male,50.0,1.496,different,different,1,0,0,gk,Y,0.0,,,,,
13,male,100.0,1.553,same,different,0,1,0,gk,Y,0.0,,,,,
13,male,0.0,0.97,same,same,1,0,0,gk,Y,0.0,,,,,
13,male,150.0,3.402,different,different,1,0,0,gk,Y,0.0,,,,,
13,male,150.0,2.196,different,same,0,0,1,gk,Y,0.0,,,,,
13,male,50.0,2.35,different,different,1,0,0,gk,Y,0.0,,,,,
13,male,0.0,0.996,different,different,1,0,0,gk,Y,0.0,,,,,
13,male,0.0,0.615,same,same,1,0,0,gk,Y,0.0,,,,,
13,male,100.0,4.115,different,different,1,0,0,gk,Y,0.0,,,,,
13,male,100.0,0.902,same,same,1,0,0,gk,Y,0.0,,,,,
13,male,50.0,1.734,same,same,1,0,0,gk,Y,0.0,,,,,
13,male,100.0,1.132,different,different,1,0,0,gk,Y,0.0,,,,,
13,male,150.0,1.108,same,same,1,0,0,gk,Y,0.0,,,,,
13,male,50.0,1.345,different,different,1,0,0,gk,Y,0.0,,,,,
13,male,50.0,1.092,same,same,1,0,0,gk,Y,0.0,,,,,
13,male,100.0,1.397,different,different,1,0,0,gk,Y,0.0,,,,,
13,male,0.0,1.224,different,different,1,0,0,gk,Y,0.0,,,,,
13,male,0.0,0.662,same,same,1,0,0,gk,Y,0.0,,,,,
13,male,150.0,4.073,different,different,1,0,0,gk,Y,0.0,,,,,
13,male,150.0,2.885,different,different,1,0,0,gk,Y,0.0,,,,,
13,male,50.0,1.212,different,different,1,0,0,gk,Y,0.0,,,,,
13,male,50.0,2.961,same,same,1,0,0,gk,Y,0.0,,,,,
13,male,100.0,1.941,same,same,1,0,0,gk,Y,0.0,,,,,
13,male,0.0,0.646,same,same,1,0,0,gk,Y,0.0,,,,,
13,male,0.0,0.705,different,different,1,0,0,gk,Y,0.0,,,,,
13,male,150.0,4.399,different,same,0,0,1,gk,Y,0.0,,,,,
13,male,100.0,1.939,different,different,1,0,0,gk,Y,0.0,,,,,
13,male,50.0,1.655,same,same,1,0,0,gk,Y,0.0,,,,,
13,male,100.0,1.648,same,same,1,0,0,gk,Y,0.0,,,,,
13,male,150.0,3.991,same,same,1,0,0,gk,Y,0.0,,,,,
13,male,0.0,0.709,different,different,1,0,0,gk,Y,0.0,,,,,
13,male,100.0,1.906,same,same,1,0,0,gk,Y,0.0,,,,,
13,male,150.0,1.776,different,different,1,0,0,gk,Y,0.0,,,,,
13,male,0.0,0.66,same,same,1,0,0,gk,Y,0.0,,,,,
13,male,50.0,0.769,different,different,1,0,0,gk,Y,0.0,,,,,
13,male,150.0,1.545,same,same,1,0,0,gk,Y,0.0,,,,,
13,male,0.0,0.909,different,different,1,0,0,gk,Y,0.0,,,,,
13,male,100.0,1.026,same,same,1,0,0,gk,Y,0.0,,,,,
13,male,150.0,1.645,different,different,1,0,0,gk,Y,0.0,,,,,
13,male,50.0,0.942,different,different,1,0,0,gk,Y,0.0,,,,,
13,male,100.0,0.981,different,different,1,0,0,gk,Y,0.0,,,,,
13,male,0.0,0.753,same,same,1,0,0,gk,Y,0.0,,,,,
13,male,50.0,0.633,same,same,1,0,0,gk,Y,0.0,,,,,
13,male,100.0,1.367,different,different,1,0,0,gk,Y,0.0,,,,,
13,male,150.0,1.444,different,different,1,0,0,gk,Y,0.0,,,,,
13,male,0.0,1.772,same,same,1,0,0,gk,Y,0.0,,,,,
13,male,0.0,0.743,different,different,1,0,0,gk,Y,0.0,,,,,
13,male,100.0,3.296,same,same,1,0,0,gk,Y,0.0,,,,,
13,male,50.0,0.714,different,different,1,0,0,gk,Y,0.0,,,,,
13,male,150.0,2.869,same,same,1,0,0,gk,Y,0.0,,,,,
13,male,50.0,0.674,same,same,1,0,0,gk,Y,0.0,,,,,
13,male,150.0,2.146,same,different,0,1,0,gk,Y,0.0,,,,,
13,male,100.0,1.469,different,different,1,0,0,gk,Y,0.0,,,,,
13,male,150.0,1.296,same,same,1,0,0,gk,Y,0.0,,,,,
13,male,100.0,1.606,same,same,1,0,0,gk,Y,0.0,,,,,
13,male,0.0,0.767,same,same,1,0,0,gk,Y,0.0,,,,,
13,male,0.0,0.707,different,different,1,0,0,gk,Y,0.0,,,,,
13,male,50.0,1.074,different,different,1,0,0,gk,Y,0.0,,,,,
13,male,50.0,1.209,same,same,1,0,0,gk,Y,0.0,,,,,
13,male,150.0,1.421,different,different,1,0,0,gk,Y,0.0,,,,,
13,male,0.0,0.733,same,same,1,0,0,gk,Y,0.0,,,,,
13,male,150.0,1.875,same,same,1,0,0,gk,Y,0.0,,,,,
13,male,0.0,0.64,different,different,1,0,0,gk,Y,0.0,,,,,
13,male,50.0,1.166,different,different,1,0,0,gk,Y,0.0,,,,,
13,male,50.0,0.808,same,same,1,0,0,gk,Y,0.0,,,,,
13,male,100.0,1.058,same,same,1,0,0,gk,Y,0.0,,,,,
13,male,100.0,2.337,different,different,1,0,0,gk,Y,0.0,,,,,
13,male,100.0,1.087,same,same,1,0,0,gk,Y,0.0,,,,,
13,male,100.0,0.957,different,different,1,0,0,gk,Y,0.0,,,,,
13,male,150.0,0.96,same,same,1,0,0,gk,Y,0.0,,,,,
13,male,0.0,1.168,different,different,1,0,0,gk,Y,0.0,,,,,
13,male,0.0,0.837,same,same,1,0,0,gk,Y,0.0,,,,,
13,male,50.0,1.107,same,same,1,0,0,gk,Y,0.0,,,,,
13,male,50.0,0.616,different,different,1,0,0,gk,Y,0.0,,,,,
13,male,150.0,1.451,different,different,1,0,0,gk,Y,0.0,,,,,
13,male,50.0,2.138,same,different,0,1,0,gk,Y,0.0,,,,,
13,male,0.0,0.895,same,same,1,0,0,gk,Y,0.0,,,,,
13,male,150.0,2.249,different,different,1,0,0,gk,Y,0.0,,,,,
13,male,50.0,1.129,same,same,1,0,0,gk,Y,0.0,,,,,
13,male,100.0,1.349,same,same,1,0,0,gk,Y,0.0,,,,,
13,male,0.0,0.872,different,different,1,0,0,gk,Y,0.0,,,,,
13,male,150.0,2.23,same,same,1,0,0,gk,Y,0.0,,,,,
13,male,100.0,2.347,different,different,1,0,0,gk,Y,0.0,,,,,
13,male,100.0,1.077,different,different,1,0,0,gk,Y,0.0,,,,,
13,male,50.0,0.77,same,same,1,0,0,gk,Y,0.0,,,,,
13,male,0.0,0.962,same,same,1,0,0,gk,Y,0.0,,,,,
13,male,150.0,1.242,same,same,1,0,0,gk,Y,0.0,,,,,
13,male,150.0,1.352,different,different,1,0,0,gk,Y,0.0,,,,,
13,male,50.0,0.965,different,different,1,0,0,gk,Y,0.0,,,,,
13,male,100.0,1.129,same,same,1,0,0,gk,Y,0.0,,,,,
13,male,0.0,1.541,different,different,1,0,0,gk,Y,0.0,,,,,
14,male,0.0,1.182,different,different,1,0,0,gk,Y,0.0,,,,,
14,male,150.0,1.976,different,different,1,0,0,gk,Y,0.0,,,,,
14,male,150.0,1.523,same,same,1,0,0,gk,Y,0.0,,,,,
14,male,100.0,1.523,same,same,1,0,0,gk,Y,0.0,,,,,
14,male,50.0,2.232,same,same,1,0,0,gk,Y,0.0,,,,,
14,male,50.0,1.993,different,different,1,0,0,gk,Y,0.0,,,,,
14,male,100.0,1.861,different,different,1,0,0,gk,Y,0.0,,,,,
14,male,0.0,1.067,same,same,1,0,0,gk,Y,0.0,,,,,
14,male,150.0,2.498,different,different,1,0,0,gk,Y,0.0,,,,,
14,male,150.0,1.655,same,same,1,0,0,gk,Y,0.0,,,,,
14,male,50.0,2.424,different,different,1,0,0,gk,Y,0.0,,,,,
14,male,0.0,1.597,different,different,1,0,0,gk,Y,0.0,,,,,
14,male,0.0,1.021,same,same,1,0,0,gk,Y,0.0,,,,,
14,male,100.0,2.553,different,different,1,0,0,gk,Y,0.0,,,,,
14,male,100.0,1.75,same,same,1,0,0,gk,Y,0.0,,,,,
14,male,50.0,1.97,same,same,1,0,0,gk,Y,0.0,,,,,
14,male,100.0,1.79,different,different,1,0,0,gk,Y,0.0,,,,,
14,male,150.0,1.986,same,same,1,0,0,gk,Y,0.0,,,,,
14,male,50.0,1.614,different,different,1,0,0,gk,Y,0.0,,,,,
14,male,50.0,1.678,same,same,1,0,0,gk,Y,0.0,,,,,
14,male,100.0,1.958,different,different,1,0,0,gk,Y,0.0,,,,,
14,male,0.0,1.681,different,different,1,0,0,gk,Y,0.0,,,,,
14,male,0.0,1.46,same,same,1,0,0,gk,Y,0.0,,,,,
14,male,150.0,2.462,different,different,1,0,0,gk,Y,0.0,,,,,
14,male,150.0,1.857,different,different,1,0,0,gk,Y,0.0,,,,,
14,male,50.0,1.81,different,different,1,0,0,gk,Y,0.0,,,,,
14,male,50.0,1.149,same,same,1,0,0,gk,Y,0.0,,,,,
14,male,100.0,2.049,same,same,1,0,0,gk,Y,0.0,,,,,
14,male,0.0,1.234,same,same,1,0,0,gk,Y,0.0,,,,,
14,male,0.0,1.204,different,different,1,0,0,gk,Y,0.0,,,,,
14,male,150.0,2.535,different,same,0,0,1,gk,Y,0.0,,,,,
14,male,100.0,2.757,different,different,1,0,0,gk,Y,0.0,,,,,
14,male,50.0,1.306,same,same,1,0,0,gk,Y,0.0,,,,,
14,male,100.0,2.674,same,same,1,0,0,gk,Y,0.0,,,,,
14,male,150.0,1.705,same,same,1,0,0,gk,Y,0.0,,,,,
14,male,0.0,1.359,different,different,1,0,0,gk,Y,0.0,,,,,
14,male,100.0,3.827,same,same,1,0,0,gk,Y,0.0,,,,,
14,male,150.0,1.426,different,different,1,0,0,gk,Y,0.0,,,,,
14,male,0.0,1.468,same,same,1,0,0,gk,Y,0.0,,,,,
14,male,50.0,1.157,different,different,1,0,0,gk,Y,0.0,,,,,
14,male,150.0,1.578,same,same,1,0,0,gk,Y,0.0,,,,,
14,male,0.0,1.117,different,different,1,0,0,gk,Y,0.0,,,,,
14,male,100.0,1.678,same,same,1,0,0,gk,Y,0.0,,,,,
14,male,150.0,1.612,same,different,0,1,0,gk,Y,0.0,,,,,
14,male,50.0,1.032,different,different,1,0,0,gk,Y,0.0,,,,,
14,male,100.0,1.487,different,different,1,0,0,gk,Y,0.0,,,,,
14,male,0.0,1.127,same,same,1,0,0,gk,Y,0.0,,,,,
14,male,50.0,1.878,same,same,1,0,0,gk,Y,0.0,,,,,
14,male,100.0,1.516,different,different,1,0,0,gk,Y,0.0,,,,,
14,male,150.0,1.359,different,different,1,0,0,gk,Y,0.0,,,,,
14,male,0.0,1.041,same,same,1,0,0,gk,Y,0.0,,,,,
14,male,0.0,1.099,different,different,1,0,0,gk,Y,0.0,,,,,
14,male,100.0,1.594,same,same,1,0,0,gk,Y,0.0,,,,,
14,male,50.0,1.234,different,different,1,0,0,gk,Y,0.0,,,,,
14,male,150.0,1.958,same,same,1,0,0,gk,Y,0.0,,,,,
14,male,50.0,1.498,same,same,1,0,0,gk,Y,0.0,,,,,
14,male,150.0,1.36,different,different,1,0,0,gk,Y,0.0,,,,,
14,male,100.0,2.405,same,different,0,1,0,gk,Y,0.0,,,,,
14,male,150.0,1.928,same,same,1,0,0,gk,Y,0.0,,,,,
14,male,100.0,1.493,different,same,0,0,1,gk,Y,0.0,,,,,
14,male,0.0,0.906,same,same,1,0,0,gk,Y,0.0,,,,,
14,male,0.0,1.907,different,different,1,0,0,gk,Y,0.0,,,,,
14,male,50.0,1.27,different,different,1,0,0,gk,Y,0.0,,,,,
14,male,50.0,1.078,same,same,1,0,0,gk,Y,0.0,,,,,
14,male,150.0,1.488,different,different,1,0,0,gk,Y,0.0,,,,,
14,male,0.0,1.016,same,same,1,0,0,gk,Y,0.0,,,,,
14,male,150.0,1.272,same,same,1,0,0,gk,Y,0.0,,,,,
14,male,0.0,0.936,different,different,1,0,0,gk,Y,0.0,,,,,
14,male,50.0,1.471,different,different,1,0,0,gk,Y,0.0,,,,,
14,male,50.0,1.086,same,same,1,0,0,gk,Y,0.0,,,,,
14,male,100.0,1.415,same,same,1,0,0,gk,Y,0.0,,,,,
14,male,100.0,2.472,same,different,0,1,0,gk,Y,0.0,,,,,
14,male,100.0,1.047,same,same,1,0,0,gk,Y,0.0,,,,,
14,male,100.0,1.089,different,different,1,0,0,gk,Y,0.0,,,,,
14,male,150.0,2.343,same,same,1,0,0,gk,Y,0.0,,,,,
14,male,0.0,1.734,different,different,1,0,0,gk,Y,0.0,,,,,
14,male,0.0,1.435,same,same,1,0,0,gk,Y,0.0,,,,,
14,male,50.0,1.845,different,same,0,0,1,gk,Y,0.0,,,,,
14,male,50.0,1.051,different,different,1,0,0,gk,Y,0.0,,,,,
14,male,150.0,2.309,different,different,1,0,0,gk,Y,0.0,,,,,
14,male,50.0,1.838,different,different,1,0,0,gk,Y,0.0,,,,,
14,male,0.0,0.845,same,same,1,0,0,gk,Y,0.0,,,,,
14,male,150.0,1.296,different,different,1,0,0,gk,Y,0.0,,,,,
14,male,50.0,2.126,same,same,1,0,0,gk,Y,0.0,,,,,
14,male,100.0,1.476,same,same,1,0,0,gk,Y,0.0,,,,,
14,male,0.0,1.291,different,different,1,0,0,gk,Y,0.0,,,,,
14,male,150.0,2.337,same,same,1,0,0,gk,Y,0.0,,,,,
14,male,100.0,1.207,different,different,1,0,0,gk,Y,0.0,,,,,
14,male,100.0,2.235,different,different,1,0,0,gk,Y,0.0,,,,,
14,male,50.0,1.06,same,same,1,0,0,gk,Y,0.0,,,,,
14,male,0.0,0.852,same,same,1,0,0,gk,Y,0.0,,,,,
14,male,150.0,1.403,same,same,1,0,0,gk,Y,0.0,,,,,
14,male,150.0,0.894,different,different,1,0,0,gk,Y,0.0,,,,,
14,male,50.0,1.061,different,different,1,0,0,gk,Y,0.0,,,,,
14,male,100.0,1.168,same,same,1,0,0,gk,Y,0.0,,,,,
14,male,0.0,1.354,different,different,1,0,0,gk,Y,0.0,,,,,
15,male,0.0,1.764,different,different,1,0,0,gk,Y,0.0,,,,,
15,male,150.0,1.998,different,different,1,0,0,gk,Y,0.0,,,,,
15,male,150.0,2.377,same,same,1,0,0,gk,Y,0.0,,,,,
15,male,100.0,4.865,same,same,1,0,0,gk,Y,0.0,,,,,
15,male,50.0,3.612,same,same,1,0,0,gk,Y,0.0,,,,,
15,male,50.0,1.884,different,different,1,0,0,gk,Y,0.0,,,,,
15,male,100.0,2.83,same,different,0,1,0,gk,Y,0.0,,,,,
15,male,0.0,1.526,same,same,1,0,0,gk,Y,0.0,,,,,
15,male,150.0,2.94,different,different,1,0,0,gk,Y,0.0,,,,,
15,male,150.0,3.888,same,same,1,0,0,gk,Y,0.0,,,,,
15,male,0.0,2.554,different,different,1,0,0,gk,Y,0.0,,,,,
15,male,0.0,1.524,same,same,1,0,0,gk,Y,0.0,,,,,
15,male,100.0,3.677,different,different,1,0,0,gk,Y,0.0,,,,,
15,male,100.0,1.771,same,same,1,0,0,gk,Y,0.0,,,,,
15,male,50.0,2.375,same,same,1,0,0,gk,Y,0.0,,,,,
15,male,100.0,2.115,different,different,1,0,0,gk,Y,0.0,,,,,
15,male,150.0,2.472,same,same,1,0,0,gk,Y,0.0,,,,,
15,male,50.0,2.234,different,different,1,0,0,gk,Y,0.0,,,,,
15,male,50.0,1.884,same,same,1,0,0,gk,Y,0.0,,,,,
15,male,100.0,2.323,different,different,1,0,0,gk,Y,0.0,,,,,
15,male,0.0,3.417,different,different,1,0,0,gk,Y,0.0,,,,,
15,male,0.0,1.44,same,same,1,0,0,gk,Y,0.0,,,,,
15,male,150.0,3.749,different,different,1,0,0,gk,Y,0.0,,,,,
15,male,150.0,2.527,different,different,1,0,0,gk,Y,0.0,,,,,
15,male,50.0,2.445,different,different,1,0,0,gk,Y,0.0,,,,,
15,male,50.0,1.971,same,same,1,0,0,gk,Y,0.0,,,,,
15,male,100.0,3.757,same,same,1,0,0,gk,Y,0.0,,,,,
15,male,0.0,1.498,same,same,1,0,0,gk,Y,0.0,,,,,
15,male,0.0,1.735,different,different,1,0,0,gk,Y,0.0,,,,,
15,male,150.0,4.407,same,same,1,0,0,gk,Y,0.0,,,,,
15,male,100.0,1.651,different,different,1,0,0,gk,Y,0.0,,,,,
15,male,50.0,1.858,same,same,1,0,0,gk,Y,0.0,,,,,
15,male,100.0,2.339,same,same,1,0,0,gk,Y,0.0,,,,,
15,male,150.0,3.37,same,same,1,0,0,gk,Y,0.0,,,,,
15,male,0.0,1.431,different,different,1,0,0,gk,Y,0.0,,,,,
15,male,100.0,2.127,same,same,1,0,0,gk,Y,0.0,,,,,
15,male,150.0,2.539,different,different,1,0,0,gk,Y,0.0,,,,,
15,male,0.0,1.408,same,same,1,0,0,gk,Y,0.0,,,,,
15,male,50.0,1.956,different,different,1,0,0,gk,Y,0.0,,,,,
15,male,150.0,2.28,same,same,1,0,0,gk,Y,0.0,,,,,
15,male,0.0,3.423,different,different,1,0,0,gk,Y,0.0,,,,,
15,male,100.0,3.05,same,same,1,0,0,gk,Y,0.0,,,,,
15,male,150.0,1.517,same,different,0,1,0,gk,Y,0.0,,,,,
15,male,50.0,1.595,different,different,1,0,0,gk,Y,0.0,,,,,
15,male,100.0,4.173,different,different,1,0,0,gk,Y,0.0,,,,,
15,male,0.0,1.04,same,same,1,0,0,gk,Y,0.0,,,,,
15,male,50.0,1.802,same,same,1,0,0,gk,Y,0.0,,,,,
15,male,100.0,1.716,different,different,1,0,0,gk,Y,0.0,,,,,
15,male,150.0,3.007,different,different,1,0,0,gk,Y,0.0,,,,,
15,male,0.0,1.263,same,same,1,0,0,gk,Y,0.0,,,,,
15,male,0.0,1.16,different,different,1,0,0,gk,Y,0.0,,,,,
15,male,100.0,1.68,different,same,0,0,1,gk,Y,0.0,,,,,
15,male,50.0,1.339,different,different,1,0,0,gk,Y,0.0,,,,,
15,male,150.0,4.146,same,same,1,0,0,gk,Y,0.0,,,,,
15,male,50.0,1.07,same,same,1,0,0,gk,Y,0.0,,,,,
15,male,150.0,2.062,different,different,1,0,0,gk,Y,0.0,,,,,
15,male,100.0,2.919,different,different,1,0,0,gk,Y,0.0,,,,,
15,male,150.0,1.477,same,same,1,0,0,gk,Y,0.0,,,,,
15,male,100.0,3.437,same,same,1,0,0,gk,Y,0.0,,,,,
15,male,0.0,1.037,same,same,1,0,0,gk,Y,0.0,,,,,
15,male,0.0,2.047,different,different,1,0,0,gk,Y,0.0,,,,,
15,male,50.0,1.791,different,different,1,0,0,gk,Y,0.0,,,,,
15,male,50.0,1.363,same,same,1,0,0,gk,Y,0.0,,,,,
15,male,150.0,2.064,different,different,1,0,0,gk,Y,0.0,,,,,
15,male,0.0,1.2,same,same,1,0,0,gk,Y,0.0,,,,,
15,male,150.0,2.026,same,same,1,0,0,gk,Y,0.0,,,,,
15,male,0.0,1.667,different,different,1,0,0,gk,Y,0.0,,,,,
15,male,50.0,1.446,different,different,1,0,0,gk,Y,0.0,,,,,
15,male,50.0,0.901,same,same,1,0,0,gk,Y,0.0,,,,,
15,male,100.0,1.46,same,same,1,0,0,gk,Y,0.0,,,,,
15,male,100.0,4.853,different,different,1,0,0,gk,Y,0.0,,,,,
15,male,100.0,1.752,same,same,1,0,0,gk,Y,0.0,,,,,
15,male,100.0,1.561,different,different,1,0,0,gk,Y,0.0,,,,,
15,male,150.0,2.841,same,same,1,0,0,gk,Y,0.0,,,,,
15,male,0.0,3.062,different,different,1,0,0,gk,Y,0.0,,,,,
15,male,0.0,1.577,same,same,1,0,0,gk,Y,0.0,,,,,
15,male,50.0,5.429,same,same,1,0,0,gk,Y,0.0,,,,,
15,male,50.0,1.493,different,different,1,0,0,gk,Y,0.0,,,,,
15,male,150.0,2.324,same,different,0,1,0,gk,Y,0.0,,,,,
15,male,50.0,2.37,same,different,0,1,0,gk,Y,0.0,,,,,
15,male,0.0,1.727,same,same,1,0,0,gk,Y,0.0,,,,,
15,male,150.0,2.525,different,different,1,0,0,gk,Y,0.0,,,,,
15,male,50.0,1.305,same,same,1,0,0,gk,Y,0.0,,,,,
15,male,100.0,1.767,same,same,1,0,0,gk,Y,0.0,,,,,
15,male,0.0,4.213,different,different,1,0,0,gk,Y,0.0,,,,,
15,male,150.0,3.191,same,same,1,0,0,gk,Y,0.0,,,,,
15,male,100.0,3.115,different,different,1,0,0,gk,Y,0.0,,,,,
15,male,100.0,3.291,different,different,1,0,0,gk,Y,0.0,,,,,
15,male,50.0,1.296,same,same,1,0,0,gk,Y,0.0,,,,,
15,male,0.0,0.839,same,same,1,0,0,gk,Y,0.0,,,,,
15,male,150.0,3.512,different,same,0,0,1,gk,Y,0.0,,,,,
15,male,150.0,4.78,different,different,1,0,0,gk,Y,0.0,,,,,
15,male,50.0,1.233,different,different,1,0,0,gk,Y,0.0,,,,,
15,male,100.0,1.318,same,same,1,0,0,gk,Y,0.0,,,,,
15,male,0.0,3.019,different,different,1,0,0,gk,Y,0.0,,,,,
16,female,0.0,2.652,different,different,1,0,0,gk,Y,0.0,,,,,
16,female,150.0,5.529,different,different,1,0,0,gk,Y,0.0,,,,,
16,female,150.0,3.081,same,same,1,0,0,gk,Y,0.0,,,,,
16,female,100.0,5.655,same,same,1,0,0,gk,Y,0.0,,,,,
16,female,50.0,3.225,same,same,1,0,0,gk,Y,0.0,,,,,
16,female,50.0,2.634,different,different,1,0,0,gk,Y,0.0,,,,,
16,female,100.0,6.214,different,different,1,0,0,gk,Y,0.0,,,,,
16,female,0.0,2.234,same,same,1,0,0,gk,Y,0.0,,,,,
16,female,150.0,2.865,same,same,1,0,0,gk,Y,0.0,,,,,
16,female,50.0,3.664,different,different,1,0,0,gk,Y,0.0,,,,,
16,female,0.0,2.1,different,different,1,0,0,gk,Y,0.0,,,,,
16,female,0.0,1.374,same,same,1,0,0,gk,Y,0.0,,,,,
16,female,100.0,6.694,same,different,0,1,0,gk,Y,0.0,,,,,
16,female,100.0,4.362,same,same,1,0,0,gk,Y,0.0,,,,,
16,female,50.0,2.928,same,same,1,0,0,gk,Y,0.0,,,,,
16,female,100.0,2.527,different,different,1,0,0,gk,Y,0.0,,,,,
16,female,150.0,2.067,same,same,1,0,0,gk,Y,0.0,,,,,
16,female,50.0,2.182,different,different,1,0,0,gk,Y,0.0,,,,,
16,female,50.0,2.095,same,same,1,0,0,gk,Y,0.0,,,,,
16,female,100.0,2.592,different,different,1,0,0,gk,Y,0.0,,,,,
16,female,0.0,1.999,different,different,1,0,0,gk,Y,0.0,,,,,
16,female,0.0,1.786,same,same,1,0,0,gk,Y,0.0,,,,,
16,female,150.0,5.088,different,different,1,0,0,gk,Y,0.0,,,,,
16,female,150.0,2.269,different,different,1,0,0,gk,Y,0.0,,,,,
16,female,50.0,3.333,different,different,1,0,0,gk,Y,0.0,,,,,
16,female,50.0,1.798,same,same,1,0,0,gk,Y,0.0,,,,,
16,female,100.0,5.351,same,same,1,0,0,gk,Y,0.0,,,,,
16,female,0.0,3.111,same,same,1,0,0,gk,Y,0.0,,,,,
16,female,0.0,2.233,different,different,1,0,0,gk,Y,0.0,,,,,
16,female,150.0,4.083,same,same,1,0,0,gk,Y,0.0,,,,,
16,female,100.0,2.052,different,different,1,0,0,gk,Y,0.0,,,,,
16,female,50.0,2.5,same,same,1,0,0,gk,Y,0.0,,,,,
16,female,100.0,2.931,same,same,1,0,0,gk,Y,0.0,,,,,
16,female,150.0,4.05,same,same,1,0,0,gk,Y,0.0,,,,,
16,female,0.0,1.436,different,different,1,0,0,gk,Y,0.0,,,,,
16,female,100.0,5.165,same,same,1,0,0,gk,Y,0.0,,,,,
16,female,150.0,2.662,different,different,1,0,0,gk,Y,0.0,,,,,
16,female,0.0,1.369,same,same,1,0,0,gk,Y,0.0,,,,,
16,female,50.0,2.498,different,different,1,0,0,gk,Y,0.0,,,,,
16,female,150.0,4.047,same,same,1,0,0,gk,Y,0.0,,,,,
16,female,0.0,1.41,different,different,1,0,0,gk,Y,0.0,,,,,
16,female,100.0,2.915,same,same,1,0,0,gk,Y,0.0,,,,,
16,female,150.0,1.81,different,different,1,0,0,gk,Y,0.0,,,,,
16,female,50.0,2.461,different,different,1,0,0,gk,Y,0.0,,,,,
16,female,100.0,2.031,different,different,1,0,0,gk,Y,0.0,,,,,
16,female,0.0,1.975,same,same,1,0,0,gk,Y,0.0,,,,,
16,female,50.0,2.585,different,same,0,0,1,gk,Y,0.0,,,,,
16,female,100.0,2.33,same,different,0,1,0,gk,Y,0.0,,,,,
16,female,150.0,2.552,different,different,1,0,0,gk,Y,0.0,,,,,
16,female,0.0,1.321,same,same,1,0,0,gk,Y,0.0,,,,,
16,female,0.0,2.991,different,different,1,0,0,gk,Y,0.0,,,,,
16,female,100.0,3.386,same,same,1,0,0,gk,Y,0.0,,,,,
16,female,50.0,1.237,different,different,1,0,0,gk,Y,0.0,,,,,
16,female,150.0,6.64,same,same,1,0,0,gk,Y,0.0,,,,,
16,female,50.0,1.939,same,same,1,0,0,gk,Y,0.0,,,,,
16,female,150.0,2.291,different,different,1,0,0,gk,Y,0.0,,,,,
16,female,100.0,2.499,different,different,1,0,0,gk,Y,0.0,,,,,
16,female,150.0,2.898,same,same,1,0,0,gk,Y,0.0,,,,,
16,female,100.0,1.909,different,same,0,0,1,gk,Y,0.0,,,,,
16,female,0.0,2.231,same,same,1,0,0,gk,Y,0.0,,,,,
16,female,0.0,1.416,different,different,1,0,0,gk,Y,0.0,,,,,
16,female,50.0,1.993,different,different,1,0,0,gk,Y,0.0,,,,,
16,female,50.0,2.077,same,same,1,0,0,gk,Y,0.0,,,,,
16,female,150.0,3.281,different,different,1,0,0,gk,Y,0.0,,,,,
16,female,0.0,2.198,same,same,1,0,0,gk,Y,0.0,,,,,
16,female,150.0,3.183,same,same,1,0,0,gk,Y,0.0,,,,,
16,female,0.0,1.499,different,different,1,0,0,gk,Y,0.0,,,,,
16,female,50.0,5.749,same,different,0,1,0,gk,Y,0.0,,,,,
16,female,50.0,2.647,same,same,1,0,0,gk,Y,0.0,,,,,
16,female,100.0,2.52,same,same,1,0,0,gk,Y,0.0,,,,,
16,female,100.0,3.248,different,different,1,0,0,gk,Y,0.0,,,,,
16,female,100.0,2.5,same,same,1,0,0,gk,Y,0.0,,,,,
16,female,100.0,2.199,different,different,1,0,0,gk,Y,0.0,,,,,
16,female,150.0,3.289,same,same,1,0,0,gk,Y,0.0,,,,,
16,female,0.0,3.831,different,different,1,0,0,gk,Y,0.0,,,,,
16,female,0.0,2.938,same,same,1,0,0,gk,Y,0.0,,,,,
16,female,50.0,3.333,same,same,1,0,0,gk,Y,0.0,,,,,
16,female,50.0,1.074,different,different,1,0,0,gk,Y,0.0,,,,,
16,female,150.0,2.66,different,different,1,0,0,gk,Y,0.0,,,,,
16,female,50.0,3.772,different,different,1,0,0,gk,Y,0.0,,,,,
16,female,0.0,1.51,same,same,1,0,0,gk,Y,0.0,,,,,
16,female,150.0,3.478,different,different,1,0,0,gk,Y,0.0,,,,,
16,female,50.0,1.861,same,same,1,0,0,gk,Y,0.0,,,,,
16,female,100.0,2.999,same,same,1,0,0,gk,Y,0.0,,,,,
16,female,0.0,2.133,different,different,1,0,0,gk,Y,0.0,,,,,
16,female,150.0,3.396,same,same,1,0,0,gk,Y,0.0,,,,,
16,female,100.0,3.232,different,different,1,0,0,gk,Y,0.0,,,,,
16,female,100.0,1.756,different,different,1,0,0,gk,Y,0.0,,,,,
16,female,50.0,2.76,same,same,1,0,0,gk,Y,0.0,,,,,
16,female,0.0,1.291,same,same,1,0,0,gk,Y,0.0,,,,,
16,female,150.0,3.674,same,same,1,0,0,gk,Y,0.0,,,,,
16,female,150.0,2.017,different,different,1,0,0,gk,Y,0.0,,,,,
16,female,50.0,2.607,different,different,1,0,0,gk,Y,0.0,,,,,
16,female,100.0,1.983,same,same,1,0,0,gk,Y,0.0,,,,,
16,female,0.0,2.225,different,different,1,0,0,gk,Y,0.0,,,,,
17,female,0.0,1.757,different,different,1,0,0,gk,Y,0.0,,,,,
17,female,150.0,3.883,same,different,0,1,0,gk,Y,0.0,,,,,
17,female,150.0,3.018,same,same,1,0,0,gk,Y,0.0,,,,,
17,female,100.0,3.122,same,same,1,0,0,gk,Y,0.0,,,,,
17,female,50.0,4.211,same,same,1,0,0,gk,Y,0.0,,,,,
17,female,50.0,2.005,different,different,1,0,0,gk,Y,0.0,,,,,
17,female,100.0,4.07,different,different,1,0,0,gk,Y,0.0,,,,,
17,female,0.0,2.414,same,same,1,0,0,gk,Y,0.0,,,,,
17,female,150.0,7.29,same,different,0,1,0,gk,Y,0.0,,,,,
17,female,50.0,3.079,different,different,1,0,0,gk,Y,0.0,,,,,
17,female,0.0,1.368,different,different,1,0,0,gk,Y,0.0,,,,,
17,female,0.0,1.018,same,same,1,0,0,gk,Y,0.0,,,,,
17,female,100.0,3.807,different,different,1,0,0,gk,Y,0.0,,,,,
17,female,100.0,4.663,same,same,1,0,0,gk,Y,0.0,,,,,
17,female,50.0,2.793,same,same,1,0,0,gk,Y,0.0,,,,,
17,female,100.0,3.725,same,different,0,1,0,gk,Y,0.0,,,,,
17,female,150.0,3.145,different,same,0,0,1,gk,Y,0.0,,,,,
17,female,50.0,3.0,same,different,0,1,0,gk,Y,0.0,,,,,
17,female,50.0,2.755,same,same,1,0,0,gk,Y,0.0,,,,,
17,female,100.0,2.126,different,different,1,0,0,gk,Y,0.0,,,,,
17,female,0.0,1.922,different,different,1,0,0,gk,Y,0.0,,,,,
17,female,0.0,3.23,same,same,1,0,0,gk,Y,0.0,,,,,
17,female,150.0,3.82,different,different,1,0,0,gk,Y,0.0,,,,,
17,female,150.0,1.981,different,different,1,0,0,gk,Y,0.0,,,,,
17,female,50.0,1.574,different,different,1,0,0,gk,Y,0.0,,,,,
17,female,50.0,2.866,same,same,1,0,0,gk,Y,0.0,,,,,
17,female,100.0,3.838,same,same,1,0,0,gk,Y,0.0,,,,,
17,female,0.0,1.436,same,same,1,0,0,gk,Y,0.0,,,,,
17,female,0.0,1.142,different,different,1,0,0,gk,Y,0.0,,,,,
17,female,150.0,6.863,same,same,1,0,0,gk,Y,0.0,,,,,
17,female,100.0,2.586,different,different,1,0,0,gk,Y,0.0,,,,,
17,female,50.0,2.621,same,same,1,0,0,gk,Y,0.0,,,,,
17,female,100.0,4.058,different,same,0,0,1,gk,Y,0.0,,,,,
17,female,150.0,5.018,same,same,1,0,0,gk,Y,0.0,,,,,
17,female,0.0,1.329,different,different,1,0,0,gk,Y,0.0,,,,,
17,female,100.0,5.083,same,same,1,0,0,gk,Y,0.0,,,,,
17,female,150.0,1.55,different,different,1,0,0,gk,Y,0.0,,,,,
17,female,0.0,1.341,same,same,1,0,0,gk,Y,0.0,,,,,
17,female,50.0,1.17,different,different,1,0,0,gk,Y,0.0,,,,,
17,female,150.0,6.241,same,same,1,0,0,gk,Y,0.0,,,,,
17,female,0.0,1.736,different,different,1,0,0,gk,Y,0.0,,,,,
17,female,100.0,4.651,same,same,1,0,0,gk,Y,0.0,,,,,
17,female,150.0,3.15,different,different,1,0,0,gk,Y,0.0,,,,,
17,female,50.0,1.9,different,different,1,0,0,gk,Y,0.0,,,,,
17,female,100.0,3.081,different,different,1,0,0,gk,Y,0.0,,,,,
17,female,0.0,1.449,same,same,1,0,0,gk,Y,0.0,,,,,
17,female,50.0,2.009,same,same,1,0,0,gk,Y,0.0,,,,,
17,female,100.0,2.21,different,different,1,0,0,gk,Y,0.0,,,,,
17,female,150.0,1.833,same,different,0,1,0,gk,Y,0.0,,,,,
17,female,0.0,1.745,same,same,1,0,0,gk,Y,0.0,,,,,
17,female,0.0,1.406,different,different,1,0,0,gk,Y,0.0,,,,,
17,female,100.0,2.155,same,same,1,0,0,gk,Y,0.0,,,,,
17,female,50.0,0.805,different,different,1,0,0,gk,Y,0.0,,,,,
17,female,150.0,2.459,different,same,0,0,1,gk,Y,0.0,,,,,
17,female,50.0,1.033,same,same,1,0,0,gk,Y,0.0,,,,,
17,female,150.0,1.028,different,different,1,0,0,gk,Y,0.0,,,,,
17,female,100.0,2.308,different,different,1,0,0,gk,Y,0.0,,,,,
17,female,150.0,1.624,same,same,1,0,0,gk,Y,0.0,,,,,
17,female,100.0,2.323,same,same,1,0,0,gk,Y,0.0,,,,,
17,female,0.0,0.854,different,same,0,0,1,gk,Y,0.0,,,,,
17,female,0.0,0.929,different,different,1,0,0,gk,Y,0.0,,,,,
17,female,50.0,1.912,different,different,1,0,0,gk,Y,0.0,,,,,
17,female,50.0,1.171,same,same,1,0,0,gk,Y,0.0,,,,,
17,female,150.0,1.921,different,different,1,0,0,gk,Y,0.0,,,,,
17,female,0.0,1.613,same,same,1,0,0,gk,Y,0.0,,,,,
17,female,150.0,2.665,same,same,1,0,0,gk,Y,0.0,,,,,
17,female,0.0,1.258,different,different,1,0,0,gk,Y,0.0,,,,,
17,female,50.0,1.499,different,different,1,0,0,gk,Y,0.0,,,,,
17,female,50.0,1.341,same,same,1,0,0,gk,Y,0.0,,,,,
17,female,100.0,1.38,same,same,1,0,0,gk,Y,0.0,,,,,
17,female,100.0,2.025,different,different,1,0,0,gk,Y,0.0,,,,,
17,female,100.0,1.571,same,same,1,0,0,gk,Y,0.0,,,,,
17,female,100.0,2.007,different,different,1,0,0,gk,Y,0.0,,,,,
17,female,150.0,3.809,same,same,1,0,0,gk,Y,0.0,,,,,
17,female,0.0,2.051,different,different,1,0,0,gk,Y,0.0,,,,,
17,female,0.0,1.289,same,same,1,0,0,gk,Y,0.0,,,,,
17,female,50.0,3.338,same,same,1,0,0,gk,Y,0.0,,,,,
17,female,50.0,0.88,different,different,1,0,0,gk,Y,0.0,,,,,
17,female,150.0,2.622,same,different,0,1,0,gk,Y,0.0,,,,,
17,female,50.0,3.782,different,different,1,0,0,gk,Y,0.0,,,,,
17,female,0.0,0.875,same,same,1,0,0,gk,Y,0.0,,,,,
17,female,150.0,2.205,different,different,1,0,0,gk,Y,0.0,,,,,
17,female,50.0,3.078,same,same,1,0,0,gk,Y,0.0,,,,,
17,female,100.0,2.909,same,same,1,0,0,gk,Y,0.0,,,,,
17,female,0.0,3.41,different,different,1,0,0,gk,Y,0.0,,,,,
17,female,150.0,3.039,different,same,0,0,1,gk,Y,0.0,,,,,
17,female,100.0,1.8,different,different,1,0,0,gk,Y,0.0,,,,,
17,female,100.0,3.788,different,different,1,0,0,gk,Y,0.0,,,,,
17,female,50.0,1.268,same,same,1,0,0,gk,Y,0.0,,,,,
17,female,0.0,0.892,same,same,1,0,0,gk,Y,0.0,,,,,
17,female,150.0,4.926,same,same,1,0,0,gk,Y,0.0,,,,,
17,female,150.0,4.513,different,different,1,0,0,gk,Y,0.0,,,,,
17,female,50.0,0.95,different,different,1,0,0,gk,Y,0.0,,,,,
17,female,100.0,2.16,same,same,1,0,0,gk,Y,0.0,,,,,
17,female,0.0,1.288,different,different,1,0,0,gk,Y,0.0,,,,,
18,female,0.0,4.567,different,different,1,0,0,gk,Y,0.0,,,,,
18,female,150.0,5.246,different,different,1,0,0,gk,Y,0.0,,,,,
18,female,150.0,4.245,same,same,1,0,0,gk,Y,0.0,,,,,
18,female,50.0,3.33,same,same,1,0,0,gk,Y,0.0,,,,,
18,female,50.0,4.149,different,different,1,0,0,gk,Y,0.0,,,,,
18,female,100.0,5.204,different,different,1,0,0,gk,Y,0.0,,,,,
18,female,0.0,2.053,same,same,1,0,0,gk,Y,0.0,,,,,
18,female,150.0,6.096,different,different,1,0,0,gk,Y,0.0,,,,,
18,female,150.0,4.04,same,same,1,0,0,gk,Y,0.0,,,,,
18,female,50.0,6.2,different,different,1,0,0,gk,Y,0.0,,,,,
18,female,0.0,3.39,different,different,1,0,0,gk,Y,0.0,,,,,
18,female,0.0,1.526,same,same,1,0,0,gk,Y,0.0,,,,,
18,female,100.0,6.317,different,different,1,0,0,gk,Y,0.0,,,,,
18,female,100.0,6.7,different,same,0,0,1,gk,Y,0.0,,,,,
18,female,50.0,2.691,different,same,0,0,1,gk,Y,0.0,,,,,
18,female,100.0,5.274,different,different,1,0,0,gk,Y,0.0,,,,,
18,female,150.0,5.795,same,same,1,0,0,gk,Y,0.0,,,,,
18,female,50.0,6.656,different,different,1,0,0,gk,Y,0.0,,,,,
18,female,50.0,4.448,same,same,1,0,0,gk,Y,0.0,,,,,
18,female,100.0,3.902,different,different,1,0,0,gk,Y,0.0,,,,,
18,female,0.0,2.653,same,different,0,1,0,gk,Y,0.0,,,,,
18,female,0.0,2.451,same,same,1,0,0,gk,Y,0.0,,,,,
18,female,150.0,5.696,same,different,0,1,0,gk,Y,0.0,,,,,
18,female,150.0,3.757,different,different,1,0,0,gk,Y,0.0,,,,,
18,female,50.0,3.41,different,different,1,0,0,gk,Y,0.0,,,,,
18,female,50.0,3.877,same,same,1,0,0,gk,Y,0.0,,,,,
18,female,100.0,5.754,same,same,1,0,0,gk,Y,0.0,,,,,
18,female,0.0,1.855,same,same,1,0,0,gk,Y,0.0,,,,,
18,female,0.0,7.201,different,different,1,0,0,gk,Y,0.0,,,,,
18,female,150.0,4.812,same,same,1,0,0,gk,Y,0.0,,,,,
18,female,100.0,4.817,different,different,1,0,0,gk,Y,0.0,,,,,
18,female,50.0,6.411,same,same,1,0,0,gk,Y,0.0,,,,,
18,female,100.0,4.83,different,same,0,0,1,gk,Y,0.0,,,,,
18,female,150.0,5.208,same,same,1,0,0,gk,Y,0.0,,,,,
18,female,0.0,2.202,different,different,1,0,0,gk,Y,0.0,,,,,
18,female,100.0,4.678,different,same,0,0,1,gk,Y,0.0,,,,,
18,female,0.0,1.998,same,same,1,0,0,gk,Y,0.0,,,,,
18,female,50.0,1.966,different,different,1,0,0,gk,Y,0.0,,,,,
18,female,150.0,5.667,same,same,1,0,0,gk,Y,0.0,,,,,
18,female,0.0,3.485,different,different,1,0,0,gk,Y,0.0,,,,,
18,female,100.0,4.498,same,same,1,0,0,gk,Y,0.0,,,,,
18,female,50.0,0.018,same,different,0,1,0,gk,Y,0.0,,,,,
18,female,100.0,3.352,different,different,1,0,0,gk,Y,0.0,,,,,
18,female,0.0,1.69,same,same,1,0,0,gk,Y,0.0,,,,,
18,female,50.0,4.015,same,same,1,0,0,gk,Y,0.0,,,,,
18,female,100.0,5.102,different,different,1,0,0,gk,Y,0.0,,,,,
18,female,150.0,6.096,same,different,0,1,0,gk,Y,0.0,,,,,
18,female,0.0,1.725,same,same,1,0,0,gk,Y,0.0,,,,,
18,female,0.0,2.443,different,different,1,0,0,gk,Y,0.0,,,,,
18,female,100.0,5.549,same,same,1,0,0,gk,Y,0.0,,,,,
18,female,50.0,2.69,different,different,1,0,0,gk,Y,0.0,,,,,
18,female,50.0,2.601,same,same,1,0,0,gk,Y,0.0,,,,,
18,female,150.0,1.268,different,different,1,0,0,gk,Y,0.0,,,,,
18,female,100.0,4.229,different,different,1,0,0,gk,Y,0.0,,,,,
18,female,150.0,4.593,same,same,1,0,0,gk,Y,0.0,,,,,
18,female,100.0,6.09,same,same,1,0,0,gk,Y,0.0,,,,,
18,female,0.0,1.231,same,same,1,0,0,gk,Y,0.0,,,,,
18,female,0.0,2.186,different,different,1,0,0,gk,Y,0.0,,,,,
18,female,50.0,2.276,different,different,1,0,0,gk,Y,0.0,,,,,
18,female,50.0,2.387,same,same,1,0,0,gk,Y,0.0,,,,,
18,female,150.0,4.073,different,different,1,0,0,gk,Y,0.0,,,,,
18,female,0.0,2.629,same,same,1,0,0,gk,Y,0.0,,,,,
18,female,150.0,1.438,different,same,0,0,1,gk,Y,0.0,,,,,
18,female,0.0,3.075,different,different,1,0,0,gk,Y,0.0,,,,,
18,female,50.0,5.308,different,different,1,0,0,gk,Y,0.0,,,,,
18,female,50.0,1.887,same,same,1,0,0,gk,Y,0.0,,,,,
18,female,100.0,4.852,same,same,1,0,0,gk,Y,0.0,,,,,
18,female,100.0,5.353,different,different,1,0,0,gk,Y,0.0,,,,,
18,female,100.0,4.65,same,same,1,0,0,gk,Y,0.0,,,,,
18,female,100.0,2.43,different,different,1,0,0,gk,Y,0.0,,,,,
18,female,150.0,6.696,same,same,1,0,0,gk,Y,0.0,,,,,
18,female,0.0,2.682,same,same,1,0,0,gk,Y,0.0,,,,,
18,female,50.0,3.641,same,same,1,0,0,gk,Y,0.0,,,,,
18,female,50.0,4.637,different,different,1,0,0,gk,Y,0.0,,,,,
18,female,150.0,7.465,different,different,1,0,0,gk,Y,0.0,,,,,
18,female,50.0,6.556,same,different,0,1,0,gk,Y,0.0,,,,,
18,female,0.0,1.569,same,same,1,0,0,gk,Y,0.0,,,,,
18,female,150.0,6.205,same,different,0,1,0,gk,Y,0.0,,,,,
18,female,50.0,2.91,same,same,1,0,0,gk,Y,0.0,,,,,
18,female,100.0,3.878,different,same,0,0,1,gk,Y,0.0,,,,,
18,female,0.0,4.397,different,different,1,0,0,gk,Y,0.0,,,,,
18,female,150.0,4.298,different,same,0,0,1,gk,Y,0.0,,,,,
18,female,100.0,1.638,different,different,1,0,0,gk,Y,0.0,,,,,
18,female,100.0,4.594,different,different,1,0,0,gk,Y,0.0,,,,,
18,female,50.0,4.117,same,same,1,0,0,gk,Y,0.0,,,,,
18,female,0.0,1.275,same,same,1,0,0,gk,Y,0.0,,,,,
18,female,150.0,4.888,same,same,1,0,0,gk,Y,0.0,,,,,
18,female,50.0,4.217,different,different,1,0,0,gk,Y,0.0,,,,,
18,female,100.0,6.014,different,same,0,0,1,gk,Y,0.0,,,,,
18,female,0.0,5.758,different,different,1,0,0,gk,Y,0.0,,,,,
19,female,150.0,4.796,different,different,1,0,0,gk,Y,0.0,,,,,
19,female,150.0,5.909,different,same,0,0,1,gk,Y,0.0,,,,,
19,female,100.0,7.448,same,same,1,0,0,gk,Y,0.0,,,,,
19,female,100.0,4.236,same,different,0,1,0,gk,Y,0.0,,,,,
19,female,0.0,2.351,same,same,1,0,0,gk,Y,0.0,,,,,
19,female,150.0,3.185,different,different,1,0,0,gk,Y,0.0,,,,,
19,female,0.0,6.642,different,different,1,0,0,gk,Y,0.0,,,,,
19,female,0.0,2.028,same,same,1,0,0,gk,Y,0.0,,,,,
19,female,100.0,7.049,different,different,1,0,0,gk,Y,0.0,,,,,
19,female,50.0,5.241,same,same,1,0,0,gk,Y,0.0,,,,,
19,female,150.0,5.347,same,same,1,0,0,gk,Y,0.0,,,,,
19,female,50.0,7.366,different,different,1,0,0,gk,Y,0.0,,,,,
19,female,50.0,3.909,same,same,1,0,0,gk,Y,0.0,,,,,
19,female,100.0,5.312,different,different,1,0,0,gk,Y,0.0,,,,,
19,female,0.0,2.79,different,different,1,0,0,gk,Y,0.0,,,,,
19,female,0.0,4.633,same,same,1,0,0,gk,Y,0.0,,,,,
19,female,150.0,4.996,different,different,1,0,0,gk,Y,0.0,,,,,
19,female,150.0,4.607,different,different,1,0,0,gk,Y,0.0,,,,,
19,female,50.0,6.325,same,same,1,0,0,gk,Y,0.0,,,,,
19,female,100.0,5.672,different,same,0,0,1,gk,Y,0.0,,,,,
19,female,0.0,1.83,same,same,1,0,0,gk,Y,0.0,,,,,
19,female,0.0,6.673,different,different,1,0,0,gk,Y,0.0,,,,,
19,female,150.0,7.128,different,same,0,0,1,gk,Y,0.0,,,,,
19,female,150.0,6.354,same,same,1,0,0,gk,Y,0.0,,,,,
19,female,0.0,5.211,different,different,1,0,0,gk,Y,0.0,,,,,
19,female,100.0,6.319,same,same,1,0,0,gk,Y,0.0,,,,,
19,female,150.0,3.228,different,different,1,0,0,gk,Y,0.0,,,,,
19,female,0.0,2.632,same,same,1,0,0,gk,Y,0.0,,,,,
19,female,50.0,2.65,same,different,0,1,0,gk,Y,0.0,,,,,
19,female,150.0,3.038,different,same,0,0,1,gk,Y,0.0,,,,,
19,female,0.0,6.116,different,different,1,0,0,gk,Y,0.0,,,,,
19,female,100.0,3.232,different,same,0,0,1,gk,Y,0.0,,,,,
19,female,150.0,4.245,different,different,1,0,0,gk,Y,0.0,,,,,
19,female,50.0,6.151,different,different,1,0,0,gk,Y,0.0,,,,,
19,female,100.0,4.996,different,different,1,0,0,gk,Y,0.0,,,,,
19,female,0.0,1.707,same,same,1,0,0,gk,Y,0.0,,,,,
19,female,50.0,3.805,same,same,1,0,0,gk,Y,0.0,,,,,
19,female,100.0,3.521,different,different,1,0,0,gk,Y,0.0,,,,,
19,female,150.0,3.061,different,different,1,0,0,gk,Y,0.0,,,,,
19,female,0.0,1.314,same,same,1,0,0,gk,Y,0.0,,,,,
19,female,0.0,3.463,different,different,1,0,0,gk,Y,0.0,,,,,
19,female,100.0,4.02,same,same,1,0,0,gk,Y,0.0,,,,,
19,female,50.0,3.545,different,different,1,0,0,gk,Y,0.0,,,,,
19,female,150.0,5.563,same,same,1,0,0,gk,Y,0.0,,,,,
19,female,50.0,1.975,same,same,1,0,0,gk,Y,0.0,,,,,
19,female,150.0,4.354,different,different,1,0,0,gk,Y,0.0,,,,,
19,female,100.0,5.063,same,different,0,1,0,gk,Y,0.0,,,,,
19,female,150.0,3.393,same,same,1,0,0,gk,Y,0.0,,,,,
19,female,100.0,5.322,same,same,1,0,0,gk,Y,0.0,,,,,
19,female,0.0,2.199,same,same,1,0,0,gk,Y,0.0,,,,,
19,female,0.0,6.133,different,different,1,0,0,gk,Y,0.0,,,,,
19,female,50.0,6.36,different,different,1,0,0,gk,Y,0.0,,,,,
19,female,50.0,4.189,same,same,1,0,0,gk,Y,0.0,,,,,
19,female,150.0,5.593,different,different,1,0,0,gk,Y,0.0,,,,,
19,female,0.0,1.436,same,same,1,0,0,gk,Y,0.0,,,,,
19,female,150.0,4.597,different,same,0,0,1,gk,Y,0.0,,,,,
19,female,0.0,5.605,different,different,1,0,0,gk,Y,0.0,,,,,
19,female,50.0,5.358,same,different,0,1,0,gk,Y,0.0,,,,,
19,female,50.0,3.232,same,same,1,0,0,gk,Y,0.0,,,,,
19,female,100.0,2.946,same,same,1,0,0,gk,Y,0.0,,,,,
19,female,100.0,5.199,different,different,1,0,0,gk,Y,0.0,,,,,
19,female,100.0,4.348,same,same,1,0,0,gk,Y,0.0,,,,,
19,female,100.0,4.528,different,different,1,0,0,gk,Y,0.0,,,,,
19,female,150.0,4.198,different,same,0,0,1,gk,Y,0.0,,,,,
19,female,0.0,5.753,different,different,1,0,0,gk,Y,0.0,,,,,
19,female,0.0,3.854,same,same,1,0,0,gk,Y,0.0,,,,,
19,female,50.0,4.181,same,same,1,0,0,gk,Y,0.0,,,,,
19,female,50.0,5.574,different,different,1,0,0,gk,Y,0.0,,,,,
19,female,150.0,6.655,same,different,0,1,0,gk,Y,0.0,,,,,
19,female,50.0,4.933,different,different,1,0,0,gk,Y,0.0,,,,,
19,female,0.0,1.59,same,same,1,0,0,gk,Y,0.0,,,,,
19,female,150.0,5.103,different,different,1,0,0,gk,Y,0.0,,,,,
19,female,50.0,5.254,same,same,1,0,0,gk,Y,0.0,,,,,
19,female,100.0,4.24,same,same,1,0,0,gk,Y,0.0,,,,,
19,female,0.0,2.409,different,different,1,0,0,gk,Y,0.0,,,,,
19,female,150.0,3.98,different,same,0,0,1,gk,Y,0.0,,,,,
19,female,100.0,2.952,same,different,0,1,0,gk,Y,0.0,,,,,
19,female,100.0,5.197,different,different,1,0,0,gk,Y,0.0,,,,,
19,female,50.0,4.078,same,same,1,0,0,gk,Y,0.0,,,,,
19,female,0.0,1.176,same,same,1,0,0,gk,Y,0.0,,,,,
19,female,150.0,5.654,different,same,0,0,1,gk,Y,0.0,,,,,
19,female,150.0,4.643,different,different,1,0,0,gk,Y,0.0,,,,,
19,female,50.0,4.031,different,different,1,0,0,gk,Y,0.0,,,,,
19,female,100.0,3.328,same,same,1,0,0,gk,Y,0.0,,,,,
19,female,0.0,4.02,different,different,1,0,0,gk,Y,0.0,,,,,
20,male,0.0,2.045,different,different,1,0,0,gk,Y,0.0,,,,,
20,male,150.0,2.964,different,different,1,0,0,gk,Y,0.0,,,,,
20,male,150.0,1.985,same,same,1,0,0,gk,Y,0.0,,,,,
20,male,100.0,2.701,same,same,1,0,0,gk,Y,0.0,,,,,
20,male,50.0,2.771,same,same,1,0,0,gk,Y,0.0,,,,,
20,male,50.0,1.743,different,different,1,0,0,gk,Y,0.0,,,,,
20,male,100.0,2.318,same,different,0,1,0,gk,Y,0.0,,,,,
20,male,0.0,1.199,same,same,1,0,0,gk,Y,0.0,,,,,
20,male,150.0,3.23,different,different,1,0,0,gk,Y,0.0,,,,,
20,male,150.0,3.615,same,same,1,0,0,gk,Y,0.0,,,,,
20,male,50.0,2.954,different,different,1,0,0,gk,Y,0.0,,,,,
20,male,0.0,1.249,different,different,1,0,0,gk,Y,0.0,,,,,
20,male,0.0,1.351,same,same,1,0,0,gk,Y,0.0,,,,,
20,male,100.0,4.693,different,different,1,0,0,gk,Y,0.0,,,,,
20,male,100.0,4.354,same,same,1,0,0,gk,Y,0.0,,,,,
20,male,50.0,2.799,same,same,1,0,0,gk,Y,0.0,,,,,
20,male,100.0,1.909,different,different,1,0,0,gk,Y,0.0,,,,,
20,male,150.0,2.252,same,same,1,0,0,gk,Y,0.0,,,,,
20,male,50.0,2.077,different,different,1,0,0,gk,Y,0.0,,,,,
20,male,50.0,2.016,same,same,1,0,0,gk,Y,0.0,,,,,
20,male,100.0,2.164,different,different,1,0,0,gk,Y,0.0,,,,,
20,male,0.0,1.088,same,different,0,1,0,gk,Y,0.0,,,,,
20,male,0.0,2.585,same,same,1,0,0,gk,Y,0.0,,,,,
20,male,150.0,2.229,different,different,1,0,0,gk,Y,0.0,,,,,
20,male,150.0,4.013,different,different,1,0,0,gk,Y,0.0,,,,,
20,male,50.0,4.88,different,different,1,0,0,gk,Y,0.0,,,,,
20,male,50.0,2.664,same,same,1,0,0,gk,Y,0.0,,,,,
20,male,100.0,2.674,same,same,1,0,0,gk,Y,0.0,,,,,
20,male,0.0,1.31,same,same,1,0,0,gk,Y,0.0,,,,,
20,male,0.0,1.301,different,different,1,0,0,gk,Y,0.0,,,,,
20,male,150.0,4.461,same,same,1,0,0,gk,Y,0.0,,,,,
20,male,100.0,4.564,different,different,1,0,0,gk,Y,0.0,,,,,
20,male,50.0,1.848,same,same,1,0,0,gk,Y,0.0,,,,,
20,male,100.0,3.556,same,same,1,0,0,gk,Y,0.0,,,,,
20,male,150.0,3.159,same,same,1,0,0,gk,Y,0.0,,,,,
20,male,0.0,1.482,different,different,1,0,0,gk,Y,0.0,,,,,
20,male,100.0,2.469,different,same,0,0,1,gk,Y,0.0,,,,,
20,male,150.0,5.339,different,different,1,0,0,gk,Y,0.0,,,,,
20,male,0.0,1.401,same,same,1,0,0,gk,Y,0.0,,,,,
20,male,50.0,1.865,different,different,1,0,0,gk,Y,0.0,,,,,
20,male,150.0,1.954,same,same,1,0,0,gk,Y,0.0,,,,,
20,male,0.0,1.366,different,different,1,0,0,gk,Y,0.0,,,,,
20,male,100.0,1.67,same,same,1,0,0,gk,Y,0.0,,,,,
20,male,150.0,1.541,same,different,0,1,0,gk,Y,0.0,,,,,
20,male,50.0,1.403,different,different,1,0,0,gk,Y,0.0,,,,,
20,male,100.0,2.926,different,different,1,0,0,gk,Y,0.0,,,,,
20,male,0.0,1.562,same,same,1,0,0,gk,Y,0.0,,,,,
20,male,50.0,2.406,same,same,1,0,0,gk,Y,0.0,,,,,
20,male,100.0,1.706,different,different,1,0,0,gk,Y,0.0,,,,,
20,male,150.0,1.716,different,different,1,0,0,gk,Y,0.0,,,,,
20,male,0.0,1.104,same,same,1,0,0,gk,Y,0.0,,,,,
20,male,0.0,1.406,different,different,1,0,0,gk,Y,0.0,,,,,
20,male,100.0,2.073,same,same,1,0,0,gk,Y,0.0,,,,,
20,male,50.0,1.56,different,different,1,0,0,gk,Y,0.0,,,,,
20,male,150.0,1.861,different,same,0,0,1,gk,Y,0.0,,,,,
20,male,50.0,1.014,same,same,1,0,0,gk,Y,0.0,,,,,
20,male,150.0,2.038,different,different,1,0,0,gk,Y,0.0,,,,,
20,male,100.0,1.327,different,different,1,0,0,gk,Y,0.0,,,,,
20,male,150.0,2.725,same,same,1,0,0,gk,Y,0.0,,,,,
20,male,100.0,1.884,same,same,1,0,0,gk,Y,0.0,,,,,
20,male,0.0,2.171,same,same,1,0,0,gk,Y,0.0,,,,,
20,male,0.0,0.779,different,different,1,0,0,gk,Y,0.0,,,,,
20,male,50.0,2.106,different,different,1,0,0,gk,Y,0.0,,,,,
20,male,50.0,1.7,same,same,1,0,0,gk,Y,0.0,,,,,
20,male,150.0,1.413,different,different,1,0,0,gk,Y,0.0,,,,,
20,male,0.0,1.239,same,same,1,0,0,gk,Y,0.0,,,,,
20,male,150.0,2.069,same,same,1,0,0,gk,Y,0.0,,,,,
20,male,0.0,0.935,different,different,1,0,0,gk,Y,0.0,,,,,
20,male,50.0,1.192,different,different,1,0,0,gk,Y,0.0,,,,,
20,male,50.0,1.334,same,same,1,0,0,gk,Y,0.0,,,,,
20,male,100.0,2.14,same,same,1,0,0,gk,Y,0.0,,,,,
20,male,100.0,2.842,different,different,1,0,0,gk,Y,0.0,,,,,
20,male,100.0,2.444,same,same,1,0,0,gk,Y,0.0,,,,,
20,male,100.0,1.724,different,different,1,0,0,gk,Y,0.0,,,,,
20,male,150.0,3.178,same,same,1,0,0,gk,Y,0.0,,,,,
20,male,0.0,1.58,different,different,1,0,0,gk,Y,0.0,,,,,
20,male,0.0,0.842,same,same,1,0,0,gk,Y,0.0,,,,,
20,male,50.0,2.052,same,same,1,0,0,gk,Y,0.0,,,,,
20,male,50.0,0.898,different,different,1,0,0,gk,Y,0.0,,,,,
20,male,150.0,1.649,same,different,0,1,0,gk,Y,0.0,,,,,
20,male,50.0,2.09,different,different,1,0,0,gk,Y,0.0,,,,,
20,male,0.0,1.106,same,same,1,0,0,gk,Y,0.0,,,,,
20,male,150.0,1.946,different,different,1,0,0,gk,Y,0.0,,,,,
20,male,50.0,2.308,same,same,1,0,0,gk,Y,0.0,,,,,
20,male,100.0,1.54,same,same,1,0,0,gk,Y,0.0,,,,,
20,male,0.0,1.288,different,different,1,0,0,gk,Y,0.0,,,,,
20,male,150.0,3.4,same,same,1,0,0,gk,Y,0.0,,,,,
20,male,100.0,1.884,different,different,1,0,0,gk,Y,0.0,,,,,
20,male,100.0,2.661,different,different,1,0,0,gk,Y,0.0,,,,,
20,male,50.0,1.73,same,same,1,0,0,gk,Y,0.0,,,,,
20,male,0.0,0.885,same,same,1,0,0,gk,Y,0.0,,,,,
20,male,150.0,2.919,same,same,1,0,0,gk,Y,0.0,,,,,
20,male,150.0,2.844,different,different,1,0,0,gk,Y,0.0,,,,,
20,male,50.0,1.494,different,different,1,0,0,gk,Y,0.0,,,,,
20,male,100.0,1.343,same,same,1,0,0,gk,Y,0.0,,,,,
20,male,0.0,1.667,different,different,1,0,0,gk,Y,0.0,,,,,
21,male,0.0,2.463,different,different,1,0,0,gk,Y,0.0,,,,,
21,male,150.0,2.221,same,different,0,1,0,gk,Y,0.0,,,,,
21,male,150.0,1.269,same,same,1,0,0,gk,Y,0.0,,,,,
21,male,100.0,4.574,different,same,0,0,1,gk,Y,0.0,,,,,
21,male,50.0,3.313,same,same,1,0,0,gk,Y,0.0,,,,,
21,male,50.0,1.958,different,different,1,0,0,gk,Y,0.0,,,,,
21,male,100.0,1.941,same,different,0,1,0,gk,Y,0.0,,,,,
21,male,0.0,1.025,same,same,1,0,0,gk,Y,0.0,,,,,
21,male,150.0,1.828,same,different,0,1,0,gk,Y,0.0,,,,,
21,male,150.0,1.764,same,same,1,0,0,gk,Y,0.0,,,,,
21,male,50.0,1.857,different,different,1,0,0,gk,Y,0.0,,,,,
21,male,0.0,1.229,different,different,1,0,0,gk,Y,0.0,,,,,
21,male,0.0,1.216,same,same,1,0,0,gk,Y,0.0,,,,,
21,male,100.0,1.766,same,different,0,1,0,gk,Y,0.0,,,,,
21,male,100.0,1.527,same,same,1,0,0,gk,Y,0.0,,,,,
21,male,50.0,2.082,same,same,1,0,0,gk,Y,0.0,,,,,
21,male,100.0,1.813,same,different,0,1,0,gk,Y,0.0,,,,,
21,male,150.0,1.849,same,same,1,0,0,gk,Y,0.0,,,,,
21,male,50.0,1.619,same,different,0,1,0,gk,Y,0.0,,,,,
21,male,50.0,2.363,different,same,0,0,1,gk,Y,0.0,,,,,
21,male,100.0,1.959,different,different,1,0,0,gk,Y,0.0,,,,,
21,male,0.0,1.482,different,different,1,0,0,gk,Y,0.0,,,,,
21,male,0.0,1.218,same,same,1,0,0,gk,Y,0.0,,,,,
21,male,150.0,1.605,same,different,0,1,0,gk,Y,0.0,,,,,
21,male,150.0,1.445,different,different,1,0,0,gk,Y,0.0,,,,,
21,male,50.0,1.76,different,different,1,0,0,gk,Y,0.0,,,,,
21,male,50.0,2.003,different,same,0,0,1,gk,Y,0.0,,,,,
21,male,100.0,2.182,different,same,0,0,1,gk,Y,0.0,,,,,
21,male,0.0,1.353,same,same,1,0,0,gk,Y,0.0,,,,,
21,male,0.0,1.357,different,different,1,0,0,gk,Y,0.0,,,,,
21,male,150.0,2.082,same,same,1,0,0,gk,Y,0.0,,,,,
21,male,100.0,2.227,same,different,0,1,0,gk,Y,0.0,,,,,
21,male,50.0,1.901,same,same,1,0,0,gk,Y,0.0,,,,,
21,male,100.0,2.362,different,same,0,0,1,gk,Y,0.0,,,,,
21,male,150.0,1.465,different,same,0,0,1,gk,Y,0.0,,,,,
21,male,0.0,1.711,different,different,1,0,0,gk,Y,0.0,,,,,
21,male,100.0,1.861,different,same,0,0,1,gk,Y,0.0,,,,,
21,male,150.0,2.311,same,different,0,1,0,gk,Y,0.0,,,,,
21,male,0.0,1.118,same,same,1,0,0,gk,Y,0.0,,,,,
21,male,50.0,0.875,different,different,1,0,0,gk,Y,0.0,,,,,
21,male,150.0,1.123,same,same,1,0,0,gk,Y,0.0,,,,,
21,male,0.0,1.031,different,different,1,0,0,gk,Y,0.0,,,,,
21,male,100.0,1.491,same,same,1,0,0,gk,Y,0.0,,,,,
21,male,150.0,1.242,same,different,0,1,0,gk,Y,0.0,,,,,
21,male,50.0,0.906,different,different,1,0,0,gk,Y,0.0,,,,,
21,male,100.0,1.206,same,different,0,1,0,gk,Y,0.0,,,,,
21,male,0.0,1.009,same,same,1,0,0,gk,Y,0.0,,,,,
21,male,50.0,1.634,same,same,1,0,0,gk,Y,0.0,,,,,
21,male,100.0,1.564,same,different,0,1,0,gk,Y,0.0,,,,,
21,male,150.0,1.541,same,different,0,1,0,gk,Y,0.0,,,,,
21,male,0.0,1.528,same,same,1,0,0,gk,Y,0.0,,,,,
21,male,0.0,1.182,different,different,1,0,0,gk,Y,0.0,,,,,
21,male,100.0,1.469,same,same,1,0,0,gk,Y,0.0,,,,,
21,male,50.0,0.984,different,different,1,0,0,gk,Y,0.0,,,,,
21,male,150.0,1.583,different,same,0,0,1,gk,Y,0.0,,,,,
21,male,50.0,1.519,same,same,1,0,0,gk,Y,0.0,,,,,
21,male,150.0,0.805,different,different,1,0,0,gk,Y,0.0,,,,,
21,male,100.0,1.265,same,different,0,1,0,gk,Y,0.0,,,,,
21,male,150.0,1.386,same,same,1,0,0,gk,Y,0.0,,,,,
21,male,100.0,1.256,same,same,1,0,0,gk,Y,0.0,,,,,
21,male,0.0,0.811,same,same,1,0,0,gk,Y,0.0,,,,,
21,male,0.0,0.613,different,different,1,0,0,gk,Y,0.0,,,,,
21,male,50.0,0.769,different,different,1,0,0,gk,Y,0.0,,,,,
21,male,50.0,1.644,same,same,1,0,0,gk,Y,0.0,,,,,
21,male,150.0,2.092,different,different,1,0,0,gk,Y,0.0,,,,,
21,male,0.0,1.004,same,same,1,0,0,gk,Y,0.0,,,,,
21,male,150.0,1.623,same,same,1,0,0,gk,Y,0.0,,,,,
21,male,0.0,1.448,different,different,1,0,0,gk,Y,0.0,,,,,
21,male,50.0,1.17,different,different,1,0,0,gk,Y,0.0,,,,,
21,male,50.0,1.277,same,same,1,0,0,gk,Y,0.0,,,,,
21,male,100.0,1.579,same,same,1,0,0,gk,Y,0.0,,,,,
21,male,100.0,2.306,different,different,1,0,0,gk,Y,0.0,,,,,
21,male,100.0,1.46,same,same,1,0,0,gk,Y,0.0,,,,,
21,male,100.0,2.511,different,different,1,0,0,gk,Y,0.0,,,,,
21,male,150.0,1.67,different,same,0,0,1,gk,Y,0.0,,,,,
21,male,0.0,1.908,different,different,1,0,0,gk,Y,0.0,,,,,
21,male,0.0,0.856,same,same,1,0,0,gk,Y,0.0,,,,,
21,male,50.0,2.949,different,same,0,0,1,gk,Y,0.0,,,,,
21,male,50.0,1.526,different,different,1,0,0,gk,Y,0.0,,,,,
21,male,150.0,2.38,same,different,0,1,0,gk,Y,0.0,,,,,
21,male,50.0,1.449,same,different,0,1,0,gk,Y,0.0,,,,,
21,male,0.0,0.672,same,same,1,0,0,gk,Y,0.0,,,,,
21,male,150.0,2.108,different,different,1,0,0,gk,Y,0.0,,,,,
21,male,50.0,1.914,same,same,1,0,0,gk,Y,0.0,,,,,
21,male,100.0,1.751,same,same,1,0,0,gk,Y,0.0,,,,,
21,male,0.0,1.347,different,different,1,0,0,gk,Y,0.0,,,,,
21,male,150.0,1.554,same,same,1,0,0,gk,Y,0.0,,,,,
21,male,100.0,2.495,different,different,1,0,0,gk,Y,0.0,,,,,
21,male,100.0,1.606,same,different,0,1,0,gk,Y,0.0,,,,,
21,male,50.0,1.03,same,same,1,0,0,gk,Y,0.0,,,,,
21,male,0.0,0.737,same,same,1,0,0,gk,Y,0.0,,,,,
21,male,150.0,2.87,same,same,1,0,0,gk,Y,0.0,,,,,
21,male,150.0,1.754,different,different,1,0,0,gk,Y,0.0,,,,,
21,male,50.0,1.488,different,different,1,0,0,gk,Y,0.0,,,,,
21,male,100.0,1.049,same,same,1,0,0,gk,Y,0.0,,,,,
21,male,0.0,1.248,same,different,0,1,0,gk,Y,0.0,,,,,
22,female,0.0,5.886,different,different,1,0,0,gk,Y,0.0,,,,,
22,female,150.0,3.587,same,same,1,0,0,gk,Y,0.0,,,,,
22,female,100.0,4.741,same,same,1,0,0,gk,Y,0.0,,,,,
22,female,50.0,4.308,same,same,1,0,0,gk,Y,0.0,,,,,
22,female,50.0,4.6,different,different,1,0,0,gk,Y,0.0,,,,,
22,female,100.0,4.659,different,different,1,0,0,gk,Y,0.0,,,,,
22,female,0.0,2.168,same,same,1,0,0,gk,Y,0.0,,,,,
22,female,150.0,6.136,different,different,1,0,0,gk,Y,0.0,,,,,
22,female,150.0,4.123,same,same,1,0,0,gk,Y,0.0,,,,,
22,female,50.0,4.668,different,different,1,0,0,gk,Y,0.0,,,,,
22,female,0.0,3.544,different,different,1,0,0,gk,Y,0.0,,,,,
22,female,0.0,1.58,same,same,1,0,0,gk,Y,0.0,,,,,
22,female,100.0,4.001,different,different,1,0,0,gk,Y,0.0,,,,,
22,female,100.0,3.693,same,same,1,0,0,gk,Y,0.0,,,,,
22,female,50.0,3.868,same,same,1,0,0,gk,Y,0.0,,,,,
22,female,100.0,5.792,different,different,1,0,0,gk,Y,0.0,,,,,
22,female,150.0,3.972,same,same,1,0,0,gk,Y,0.0,,,,,
22,female,50.0,4.433,different,different,1,0,0,gk,Y,0.0,,,,,
22,female,50.0,1.939,same,same,1,0,0,gk,Y,0.0,,,,,
22,female,100.0,6.419,different,different,1,0,0,gk,Y,0.0,,,,,
22,female,0.0,1.827,different,different,1,0,0,gk,Y,0.0,,,,,
22,female,0.0,2.284,same,same,1,0,0,gk,Y,0.0,,,,,
22,female,150.0,6.483,different,different,1,0,0,gk,Y,0.0,,,,,
22,female,50.0,4.656,different,different,1,0,0,gk,Y,0.0,,,,,
22,female,50.0,3.65,same,same,1,0,0,gk,Y,0.0,,,,,
22,female,100.0,2.933,same,same,1,0,0,gk,Y,0.0,,,,,
22,female,0.0,1.605,same,same,1,0,0,gk,Y,0.0,,,,,
22,female,0.0,4.389,different,different,1,0,0,gk,Y,0.0,,,,,
22,female,150.0,5.614,same,same,1,0,0,gk,Y,0.0,,,,,
22,female,100.0,4.03,different,different,1,0,0,gk,Y,0.0,,,,,
22,female,50.0,4.792,same,same,1,0,0,gk,Y,0.0,,,,,
22,female,100.0,3.618,same,same,1,0,0,gk,Y,0.0,,,,,
22,female,150.0,4.231,same,same,1,0,0,gk,Y,0.0,,,,,
22,female,0.0,2.944,different,different,1,0,0,gk,Y,0.0,,,,,
22,female,100.0,5.376,same,same,1,0,0,gk,Y,0.0,,,,,
22,female,150.0,2.321,different,different,1,0,0,gk,Y,0.0,,,,,
22,female,0.0,1.961,same,same,1,0,0,gk,Y,0.0,,,,,
22,female,50.0,5.148,different,different,1,0,0,gk,Y,0.0,,,,,
22,female,150.0,3.643,same,same,1,0,0,gk,Y,0.0,,,,,
22,female,0.0,2.922,different,different,1,0,0,gk,Y,0.0,,,,,
22,female,100.0,5.417,different,same,0,0,1,gk,Y,0.0,,,,,
22,female,150.0,6.4,different,different,1,0,0,gk,Y,0.0,,,,,
22,female,50.0,5.763,different,different,1,0,0,gk,Y,0.0,,,,,
22,female,0.0,1.618,same,same,1,0,0,gk,Y,0.0,,,,,
22,female,50.0,2.488,same,same,1,0,0,gk,Y,0.0,,,,,
22,female,100.0,2.156,different,different,1,0,0,gk,Y,0.0,,,,,
22,female,150.0,3.138,different,different,1,0,0,gk,Y,0.0,,,,,
22,female,0.0,1.533,same,same,1,0,0,gk,Y,0.0,,,,,
22,female,0.0,3.359,different,different,1,0,0,gk,Y,0.0,,,,,
22,female,100.0,4.526,same,same,1,0,0,gk,Y,0.0,,,,,
22,female,50.0,2.28,different,different,1,0,0,gk,Y,0.0,,,,,
22,female,150.0,5.223,same,same,1,0,0,gk,Y,0.0,,,,,
22,female,50.0,2.71,same,same,1,0,0,gk,Y,0.0,,,,,
22,female,150.0,3.109,different,different,1,0,0,gk,Y,0.0,,,,,
22,female,100.0,3.676,different,different,1,0,0,gk,Y,0.0,,,,,
22,female,150.0,2.491,same,same,1,0,0,gk,Y,0.0,,,,,
22,female,100.0,3.689,same,same,1,0,0,gk,Y,0.0,,,,,
22,female,0.0,1.253,same,same,1,0,0,gk,Y,0.0,,,,,
22,female,0.0,2.246,different,different,1,0,0,gk,Y,0.0,,,,,
22,female,50.0,2.633,different,different,1,0,0,gk,Y,0.0,,,,,
22,female,50.0,1.746,same,same,1,0,0,gk,Y,0.0,,,,,
22,female,150.0,1.992,different,different,1,0,0,gk,Y,0.0,,,,,
22,female,0.0,2.135,same,same,1,0,0,gk,Y,0.0,,,,,
22,female,0.0,1.888,different,different,1,0,0,gk,Y,0.0,,,,,
22,female,50.0,6.146,different,different,1,0,0,gk,Y,0.0,,,,,
22,female,50.0,2.516,same,same,1,0,0,gk,Y,0.0,,,,,
22,female,100.0,5.021,same,same,1,0,0,gk,Y,0.0,,,,,
22,female,100.0,3.84,different,different,1,0,0,gk,Y,0.0,,,,,
22,female,100.0,2.673,same,same,1,0,0,gk,Y,0.0,,,,,
22,female,100.0,3.743,different,different,1,0,0,gk,Y,0.0,,,,,
22,female,150.0,4.433,different,same,0,0,1,gk,Y,0.0,,,,,
22,female,0.0,2.68,different,different,1,0,0,gk,Y,0.0,,,,,
22,female,0.0,1.815,same,same,1,0,0,gk,Y,0.0,,,,,
22,female,50.0,4.45,different,same,0,0,1,gk,Y,0.0,,,,,
22,female,50.0,2.617,different,different,1,0,0,gk,Y,0.0,,,,,
22,female,150.0,5.508,different,different,1,0,0,gk,Y,0.0,,,,,
22,female,50.0,5.317,different,different,1,0,0,gk,Y,0.0,,,,,
22,female,0.0,1.318,same,same,1,0,0,gk,Y,0.0,,,,,
22,female,150.0,7.011,different,different,1,0,0,gk,Y,0.0,,,,,
22,female,50.0,3.34,same,same,1,0,0,gk,Y,0.0,,,,,
22,female,100.0,3.838,same,same,1,0,0,gk,Y,0.0,,,,,
22,female,0.0,2.366,different,different,1,0,0,gk,Y,0.0,,,,,
22,female,150.0,5.941,same,same,1,0,0,gk,Y,0.0,,,,,
22,female,100.0,3.87,different,different,1,0,0,gk,Y,0.0,,,,,
22,female,100.0,6.052,different,different,1,0,0,gk,Y,0.0,,,,,
22,female,50.0,1.654,same,same,1,0,0,gk,Y,0.0,,,,,
22,female,0.0,0.987,same,same,1,0,0,gk,Y,0.0,,,,,
22,female,150.0,6.955,same,same,1,0,0,gk,Y,0.0,,,,,
22,female,150.0,4.56,different,different,1,0,0,gk,Y,0.0,,,,,
22,female,50.0,3.625,different,different,1,0,0,gk,Y,0.0,,,,,
22,female,100.0,1.651,same,same,1,0,0,gk,Y,0.0,,,,,
22,female,0.0,6.216,same,different,0,1,0,gk,Y,0.0,,,,,
23,male,0.0,1.683,different,different,1,0,0,gk,Y,0.0,,,,,
23,male,150.0,1.719,different,different,1,0,0,gk,Y,0.0,,,,,
23,male,150.0,2.02,same,same,1,0,0,gk,Y,0.0,,,,,
23,male,100.0,1.888,same,same,1,0,0,gk,Y,0.0,,,,,
23,male,50.0,1.518,same,same,1,0,0,gk,Y,0.0,,,,,
23,male,50.0,1.723,different,different,1,0,0,gk,Y,0.0,,,,,
23,male,100.0,2.488,different,different,1,0,0,gk,Y,0.0,,,,,
23,male,0.0,1.245,same,same,1,0,0,gk,Y,0.0,,,,,
23,male,150.0,1.895,different,different,1,0,0,gk,Y,0.0,,,,,
23,male,150.0,2.022,different,same,0,0,1,gk,Y,0.0,,,,,
23,male,50.0,3.031,different,different,1,0,0,gk,Y,0.0,,,,,
23,male,0.0,1.675,different,different,1,0,0,gk,Y,0.0,,,,,
23,male,0.0,1.024,same,same,1,0,0,gk,Y,0.0,,,,,
23,male,100.0,3.068,different,different,1,0,0,gk,Y,0.0,,,,,
23,male,100.0,1.827,same,same,1,0,0,gk,Y,0.0,,,,,
23,male,50.0,1.468,same,same,1,0,0,gk,Y,0.0,,,,,
23,male,100.0,1.918,different,different,1,0,0,gk,Y,0.0,,,,,
23,male,150.0,3.701,same,same,1,0,0,gk,Y,0.0,,,,,
23,male,50.0,2.197,different,different,1,0,0,gk,Y,0.0,,,,,
23,male,50.0,1.655,same,same,1,0,0,gk,Y,0.0,,,,,
23,male,100.0,3.158,different,different,1,0,0,gk,Y,0.0,,,,,
23,male,0.0,2.706,different,different,1,0,0,gk,Y,0.0,,,,,
23,male,0.0,1.0,same,same,1,0,0,gk,Y,0.0,,,,,
23,male,150.0,1.918,different,different,1,0,0,gk,Y,0.0,,,,,
23,male,150.0,2.969,same,different,0,1,0,gk,Y,0.0,,,,,
23,male,50.0,2.115,different,different,1,0,0,gk,Y,0.0,,,,,
23,male,50.0,2.46,different,same,0,0,1,gk,Y,0.0,,,,,
23,male,100.0,2.35,different,same,0,0,1,gk,Y,0.0,,,,,
23,male,0.0,0.983,same,same,1,0,0,gk,Y,0.0,,,,,
23,male,0.0,1.342,different,different,1,0,0,gk,Y,0.0,,,,,
23,male,150.0,3.769,different,same,0,0,1,gk,Y,0.0,,,,,
23,male,100.0,1.723,different,different,1,0,0,gk,Y,0.0,,,,,
23,male,50.0,1.99,different,same,0,0,1,gk,Y,0.0,,,,,
23,male,100.0,2.81,same,same,1,0,0,gk,Y,0.0,,,,,
23,male,150.0,2.35,different,same,0,0,1,gk,Y,0.0,,,,,
23,male,0.0,2.055,same,different,0,1,0,gk,Y,0.0,,,,,
23,male,100.0,2.844,different,same,0,0,1,gk,Y,0.0,,,,,
23,male,150.0,2.714,different,different,1,0,0,gk,Y,0.0,,,,,
23,male,0.0,1.084,same,same,1,0,0,gk,Y,0.0,,,,,
23,male,50.0,1.058,different,different,1,0,0,gk,Y,0.0,,,,,
23,male,150.0,2.713,same,same,1,0,0,gk,Y,0.0,,,,,
23,male,0.0,1.023,different,different,1,0,0,gk,Y,0.0,,,,,
23,male,100.0,2.77,same,same,1,0,0,gk,Y,0.0,,,,,
23,male,150.0,2.413,different,different,1,0,0,gk,Y,0.0,,,,,
23,male,50.0,1.506,different,different,1,0,0,gk,Y,0.0,,,,,
23,male,100.0,2.622,same,different,0,1,0,gk,Y,0.0,,,,,
23,male,0.0,1.159,same,same,1,0,0,gk,Y,0.0,,,,,
23,male,50.0,1.901,same,same,1,0,0,gk,Y,0.0,,,,,
23,male,100.0,1.61,different,different,1,0,0,gk,Y,0.0,,,,,
23,male,150.0,1.973,different,different,1,0,0,gk,Y,0.0,,,,,
23,male,0.0,1.078,same,same,1,0,0,gk,Y,0.0,,,,,
23,male,0.0,1.024,different,different,1,0,0,gk,Y,0.0,,,,,
23,male,100.0,3.017,different,same,0,0,1,gk,Y,0.0,,,,,
23,male,50.0,1.553,different,different,1,0,0,gk,Y,0.0,,,,,
23,male,150.0,2.951,same,same,1,0,0,gk,Y,0.0,,,,,
23,male,50.0,1.729,same,same,1,0,0,gk,Y,0.0,,,,,
23,male,150.0,0.994,different,different,1,0,0,gk,Y,0.0,,,,,
23,male,100.0,3.067,different,different,1,0,0,gk,Y,0.0,,,,,
23,male,150.0,2.131,same,same,1,0,0,gk,Y,0.0,,,,,
23,male,100.0,2.617,same,same,1,0,0,gk,Y,0.0,,,,,
23,male,0.0,1.692,same,same,1,0,0,gk,Y,0.0,,,,,
23,male,0.0,0.738,different,different,1,0,0,gk,Y,0.0,,,,,
23,male,50.0,0.984,different,different,1,0,0,gk,Y,0.0,,,,,
23,male,50.0,1.461,same,same,1,0,0,gk,Y,0.0,,,,,
23,male,150.0,2.092,different,different,1,0,0,gk,Y,0.0,,,,,
23,male,0.0,1.314,same,same,1,0,0,gk,Y,0.0,,,,,
23,male,150.0,3.407,same,same,1,0,0,gk,Y,0.0,,,,,
23,male,0.0,1.092,different,different,1,0,0,gk,Y,0.0,,,,,
23,male,50.0,2.532,different,different,1,0,0,gk,Y,0.0,,,,,
23,male,50.0,2.288,same,same,1,0,0,gk,Y,0.0,,,,,
23,male,100.0,2.798,same,same,1,0,0,gk,Y,0.0,,,,,
23,male,100.0,1.515,different,different,1,0,0,gk,Y,0.0,,,,,
23,male,100.0,1.993,same,same,1,0,0,gk,Y,0.0,,,,,
23,male,100.0,2.475,different,different,1,0,0,gk,Y,0.0,,,,,
23,male,150.0,2.058,same,same,1,0,0,gk,Y,0.0,,,,,
23,male,0.0,2.435,different,different,1,0,0,gk,Y,0.0,,,,,
23,male,0.0,1.248,same,same,1,0,0,gk,Y,0.0,,,,,
23,male,50.0,3.893,different,same,0,0,1,gk,Y,0.0,,,,,
23,male,50.0,1.624,same,different,0,1,0,gk,Y,0.0,,,,,
23,male,150.0,3.827,different,different,1,0,0,gk,Y,0.0,,,,,
23,male,50.0,3.595,same,different,0,1,0,gk,Y,0.0,,,,,
23,male,0.0,0.928,same,same,1,0,0,gk,Y,0.0,,,,,
23,male,150.0,2.735,different,different,1,0,0,gk,Y,0.0,,,,,
23,male,50.0,2.269,same,same,1,0,0,gk,Y,0.0,,,,,
23,male,100.0,2.677,different,same,0,0,1,gk,Y,0.0,,,,,
23,male,0.0,4.197,different,different,1,0,0,gk,Y,0.0,,,,,
23,male,150.0,2.393,same,same,1,0,0,gk,Y,0.0,,,,,
23,male,100.0,2.492,different,different,1,0,0,gk,Y,0.0,,,,,
23,male,100.0,2.21,different,different,1,0,0,gk,Y,0.0,,,,,
23,male,50.0,3.307,same,same,1,0,0,gk,Y,0.0,,,,,
23,male,0.0,1.041,same,same,1,0,0,gk,Y,0.0,,,,,
23,male,150.0,1.62,same,same,1,0,0,gk,Y,0.0,,,,,
23,male,150.0,4.554,different,different,1,0,0,gk,Y,0.0,,,,,
23,male,50.0,1.665,different,different,1,0,0,gk,Y,0.0,,,,,
23,male,100.0,2.781,same,same,1,0,0,gk,Y,0.0,,,,,
23,male,0.0,4.134,different,different,1,0,0,gk,Y,0.0,,,,,
24,female,0.0,2.443,different,different,1,0,0,gk,Y,0.0,,,,,
24,female,150.0,5.888,different,different,1,0,0,gk,Y,0.0,,,,,
24,female,150.0,3.67,same,same,1,0,0,gk,Y,0.0,,,,,
24,female,100.0,4.012,different,same,0,0,1,gk,Y,0.0,,,,,
24,female,50.0,2.902,same,same,1,0,0,gk,Y,0.0,,,,,
24,female,50.0,3.12,different,different,1,0,0,gk,Y,0.0,,,,,
24,female,100.0,5.431,different,different,1,0,0,gk,Y,0.0,,,,,
24,female,0.0,1.226,same,same,1,0,0,gk,Y,0.0,,,,,
24,female,150.0,5.48,different,different,1,0,0,gk,Y,0.0,,,,,
24,female,150.0,4.745,same,same,1,0,0,gk,Y,0.0,,,,,
24,female,50.0,4.69,different,different,1,0,0,gk,Y,0.0,,,,,
24,female,0.0,2.772,different,different,1,0,0,gk,Y,0.0,,,,,
24,female,0.0,1.265,same,same,1,0,0,gk,Y,0.0,,,,,
24,female,100.0,2.392,different,different,1,0,0,gk,Y,0.0,,,,,
24,female,100.0,4.716,same,same,1,0,0,gk,Y,0.0,,,,,
24,female,50.0,3.418,same,same,1,0,0,gk,Y,0.0,,,,,
24,female,100.0,2.654,different,different,1,0,0,gk,Y,0.0,,,,,
24,female,150.0,2.112,same,same,1,0,0,gk,Y,0.0,,,,,
24,female,50.0,2.702,different,different,1,0,0,gk,Y,0.0,,,,,
24,female,50.0,1.637,same,same,1,0,0,gk,Y,0.0,,,,,
24,female,100.0,2.109,different,different,1,0,0,gk,Y,0.0,,,,,
24,female,0.0,0.884,same,different,0,1,0,gk,Y,0.0,,,,,
24,female,0.0,1.795,same,same,1,0,0,gk,Y,0.0,,,,,
24,female,150.0,4.023,different,different,1,0,0,gk,Y,0.0,,,,,
24,female,150.0,5.98,different,different,1,0,0,gk,Y,0.0,,,,,
24,female,50.0,2.026,different,different,1,0,0,gk,Y,0.0,,,,,
24,female,50.0,3.076,same,same,1,0,0,gk,Y,0.0,,,,,
24,female,100.0,3.157,same,same,1,0,0,gk,Y,0.0,,,,,
24,female,0.0,1.617,same,same,1,0,0,gk,Y,0.0,,,,,
24,female,0.0,2.367,different,different,1,0,0,gk,Y,0.0,,,,,
24,female,100.0,0.33,same,different,0,1,0,gk,Y,0.0,,,,,
24,female,50.0,2.687,different,same,0,0,1,gk,Y,0.0,,,,,
24,female,100.0,4.855,same,same,1,0,0,gk,Y,0.0,,,,,
24,female,150.0,2.719,different,same,0,0,1,gk,Y,0.0,,,,,
24,female,0.0,1.253,different,different,1,0,0,gk,Y,0.0,,,,,
24,female,100.0,2.855,same,same,1,0,0,gk,Y,0.0,,,,,
24,female,150.0,4.301,different,different,1,0,0,gk,Y,0.0,,,,,
24,female,0.0,1.565,same,same,1,0,0,gk,Y,0.0,,,,,
24,female,50.0,1.128,different,different,1,0,0,gk,Y,0.0,,,,,
24,female,150.0,4.087,same,same,1,0,0,gk,Y,0.0,,,,,
24,female,0.0,1.191,different,different,1,0,0,gk,Y,0.0,,,,,
24,female,100.0,2.115,same,same,1,0,0,gk,Y,0.0,,,,,
24,female,150.0,2.101,same,different,0,1,0,gk,Y,0.0,,,,,
24,female,50.0,1.218,different,different,1,0,0,gk,Y,0.0,,,,,
24,female,100.0,1.599,same,different,0,1,0,gk,Y,0.0,,,,,
24,female,0.0,1.632,same,same,1,0,0,gk,Y,0.0,,,,,
24,female,50.0,2.747,same,same,1,0,0,gk,Y,0.0,,,,,
24,female,100.0,2.427,different,different,1,0,0,gk,Y,0.0,,,,,
24,female,150.0,2.595,different,different,1,0,0,gk,Y,0.0,,,,,
24,female,0.0,2.486,same,same,1,0,0,gk,Y,0.0,,,,,
24,female,0.0,2.602,different,different,1,0,0,gk,Y,0.0,,,,,
24,female,100.0,3.139,same,same,1,0,0,gk,Y,0.0,,,,,
24,female,50.0,1.513,different,different,1,0,0,gk,Y,0.0,,,,,
24,female,150.0,4.106,same,same,1,0,0,gk,Y,0.0,,,,,
24,female,50.0,1.815,same,same,1,0,0,gk,Y,0.0,,,,,
24,female,150.0,2.761,different,different,1,0,0,gk,Y,0.0,,,,,
24,female,100.0,2.637,different,different,1,0,0,gk,Y,0.0,,,,,
24,female,150.0,1.784,same,same,1,0,0,gk,Y,0.0,,,,,
24,female,100.0,2.227,same,same,1,0,0,gk,Y,0.0,,,,,
24,female,0.0,1.338,same,same,1,0,0,gk,Y,0.0,,,,,
24,female,0.0,1.145,different,different,1,0,0,gk,Y,0.0,,,,,
24,female,50.0,1.854,different,different,1,0,0,gk,Y,0.0,,,,,
24,female,50.0,1.862,same,same,1,0,0,gk,Y,0.0,,,,,
24,female,150.0,2.316,same,different,0,1,0,gk,Y,0.0,,,,,
24,female,0.0,1.268,same,same,1,0,0,gk,Y,0.0,,,,,
24,female,150.0,2.322,same,same,1,0,0,gk,Y,0.0,,,,,
24,female,0.0,1.377,different,different,1,0,0,gk,Y,0.0,,,,,
24,female,50.0,1.748,different,different,1,0,0,gk,Y,0.0,,,,,
24,female,50.0,1.542,same,same,1,0,0,gk,Y,0.0,,,,,
24,female,100.0,1.46,same,same,1,0,0,gk,Y,0.0,,,,,
24,female,100.0,2.511,different,different,1,0,0,gk,Y,0.0,,,,,
24,female,100.0,1.409,same,same,1,0,0,gk,Y,0.0,,,,,
24,female,100.0,2.863,different,different,1,0,0,gk,Y,0.0,,,,,
24,female,150.0,2.104,same,same,1,0,0,gk,Y,0.0,,,,,
24,female,0.0,2.637,different,different,1,0,0,gk,Y,0.0,,,,,
24,female,0.0,1.727,same,same,1,0,0,gk,Y,0.0,,,,,
24,female,50.0,1.292,different,same,0,0,1,gk,Y,0.0,,,,,
24,female,50.0,1.26,different,different,1,0,0,gk,Y,0.0,,,,,
24,female,150.0,1.411,same,different,0,1,0,gk,Y,0.0,,,,,
24,female,50.0,2.582,same,different,0,1,0,gk,Y,0.0,,,,,
24,female,0.0,1.033,same,same,1,0,0,gk,Y,0.0,,,,,
24,female,150.0,3.028,different,different,1,0,0,gk,Y,0.0,,,,,
24,female,50.0,2.307,different,same,0,0,1,gk,Y,0.0,,,,,
24,female,100.0,2.191,same,same,1,0,0,gk,Y,0.0,,,,,
24,female,0.0,2.083,different,different,1,0,0,gk,Y,0.0,,,,,
24,female,150.0,2.745,same,same,1,0,0,gk,Y,0.0,,,,,
24,female,100.0,2.784,different,different,1,0,0,gk,Y,0.0,,,,,
24,female,100.0,1.781,different,different,1,0,0,gk,Y,0.0,,,,,
24,female,50.0,1.85,same,same,1,0,0,gk,Y,0.0,,,,,
24,female,0.0,1.14,same,same,1,0,0,gk,Y,0.0,,,,,
24,female,150.0,1.949,same,same,1,0,0,gk,Y,0.0,,,,,
24,female,150.0,2.432,different,different,1,0,0,gk,Y,0.0,,,,,
24,female,50.0,1.777,different,different,1,0,0,gk,Y,0.0,,,,,
24,female,100.0,1.287,same,same,1,0,0,gk,Y,0.0,,,,,
24,female,0.0,3.197,different,different,1,0,0,gk,Y,0.0,,,,,
25,male,0.0,1.557,same,different,0,1,0,gk,Y,0.0,,,,,
25,male,150.0,0.942,different,different,1,0,0,gk,Y,0.0,,,,,
25,male,150.0,1.925,same,same,1,0,0,gk,Y,0.0,,,,,
25,male,100.0,1.738,different,same,0,0,1,gk,Y,0.0,,,,,
25,male,50.0,1.803,same,same,1,0,0,gk,Y,0.0,,,,,
25,male,50.0,1.452,different,different,1,0,0,gk,Y,0.0,,,,,
25,male,100.0,2.638,same,different,0,1,0,gk,Y,0.0,,,,,
25,male,0.0,1.057,same,same,1,0,0,gk,Y,0.0,,,,,
25,male,150.0,2.889,same,different,0,1,0,gk,Y,0.0,,,,,
25,male,150.0,1.751,same,same,1,0,0,gk,Y,0.0,,,,,
25,male,50.0,2.089,different,different,1,0,0,gk,Y,0.0,,,,,
25,male,0.0,1.307,different,different,1,0,0,gk,Y,0.0,,,,,
25,male,0.0,0.78,same,same,1,0,0,gk,Y,0.0,,,,,
25,male,100.0,1.334,different,different,1,0,0,gk,Y,0.0,,,,,
25,male,100.0,2.008,same,same,1,0,0,gk,Y,0.0,,,,,
25,male,50.0,0.96,same,same,1,0,0,gk,Y,0.0,,,,,
25,male,100.0,2.617,different,different,1,0,0,gk,Y,0.0,,,,,
25,male,150.0,1.576,same,same,1,0,0,gk,Y,0.0,,,,,
25,male,50.0,1.096,different,different,1,0,0,gk,Y,0.0,,,,,
25,male,50.0,0.753,same,same,1,0,0,gk,Y,0.0,,,,,
25,male,100.0,1.376,different,different,1,0,0,gk,Y,0.0,,,,,
25,male,0.0,0.727,same,different,0,1,0,gk,Y,0.0,,,,,
25,male,0.0,1.101,same,same,1,0,0,gk,Y,0.0,,,,,
25,male,150.0,2.024,same,different,0,1,0,gk,Y,0.0,,,,,
25,male,150.0,3.342,different,different,1,0,0,gk,Y,0.0,,,,,
25,male,50.0,2.179,different,different,1,0,0,gk,Y,0.0,,,,,
25,male,50.0,2.593,different,same,0,0,1,gk,Y,0.0,,,,,
25,male,100.0,1.385,different,same,0,0,1,gk,Y,0.0,,,,,
25,male,0.0,0.858,same,same,1,0,0,gk,Y,0.0,,,,,
25,male,0.0,1.377,different,different,1,0,0,gk,Y,0.0,,,,,
25,male,150.0,2.191,different,same,0,0,1,gk,Y,0.0,,,,,
25,male,100.0,2.176,different,different,1,0,0,gk,Y,0.0,,,,,
25,male,50.0,1.62,same,same,1,0,0,gk,Y,0.0,,,,,
25,male,100.0,3.741,same,same,1,0,0,gk,Y,0.0,,,,,
25,male,150.0,1.636,same,same,1,0,0,gk,Y,0.0,,,,,
25,male,0.0,1.498,different,different,1,0,0,gk,Y,0.0,,,,,
25,male,100.0,2.515,same,same,1,0,0,gk,Y,0.0,,,,,
25,male,150.0,2.625,same,different,0,1,0,gk,Y,0.0,,,,,
25,male,0.0,1.122,same,same,1,0,0,gk,Y,0.0,,,,,
25,male,50.0,1.121,different,different,1,0,0,gk,Y,0.0,,,,,
25,male,150.0,2.887,same,same,1,0,0,gk,Y,0.0,,,,,
25,male,0.0,1.141,different,different,1,0,0,gk,Y,0.0,,,,,
25,male,100.0,1.797,different,same,0,0,1,gk,Y,0.0,,,,,
25,male,150.0,2.008,different,different,1,0,0,gk,Y,0.0,,,,,
25,male,50.0,1.265,different,different,1,0,0,gk,Y,0.0,,,,,
25,male,100.0,1.765,different,different,1,0,0,gk,Y,0.0,,,,,
25,male,0.0,0.791,same,same,1,0,0,gk,Y,0.0,,,,,
25,male,50.0,1.806,same,same,1,0,0,gk,Y,0.0,,,,,
25,male,100.0,2.403,different,different,1,0,0,gk,Y,0.0,,,,,
25,male,150.0,2.147,different,different,1,0,0,gk,Y,0.0,,,,,
25,male,0.0,1.312,same,same,1,0,0,gk,Y,0.0,,,,,
25,male,0.0,1.077,different,different,1,0,0,gk,Y,0.0,,,,,
25,male,100.0,2.701,same,same,1,0,0,gk,Y,0.0,,,,,
25,male,50.0,1.395,different,different,1,0,0,gk,Y,0.0,,,,,
25,male,150.0,1.694,different,same,0,0,1,gk,Y,0.0,,,,,
25,male,50.0,1.22,same,same,1,0,0,gk,Y,0.0,,,,,
25,male,150.0,0.791,different,different,1,0,0,gk,Y,0.0,,,,,
25,male,100.0,1.663,different,different,1,0,0,gk,Y,0.0,,,,,
25,male,150.0,1.883,same,same,1,0,0,gk,Y,0.0,,,,,
25,male,100.0,1.367,different,same,0,0,1,gk,Y,0.0,,,,,
25,male,0.0,0.884,same,same,1,0,0,gk,Y,0.0,,,,,
25,male,0.0,1.41,different,different,1,0,0,gk,Y,0.0,,,,,
25,male,50.0,1.05,different,different,1,0,0,gk,Y,0.0,,,,,
25,male,50.0,0.867,same,same,1,0,0,gk,Y,0.0,,,,,
25,male,150.0,1.748,different,different,1,0,0,gk,Y,0.0,,,,,
25,male,0.0,0.936,same,same,1,0,0,gk,Y,0.0,,,,,
25,male,150.0,1.879,same,same,1,0,0,gk,Y,0.0,,,,,
25,male,0.0,0.921,different,different,1,0,0,gk,Y,0.0,,,,,
25,male,50.0,1.681,different,different,1,0,0,gk,Y,0.0,,,,,
25,male,50.0,1.305,same,same,1,0,0,gk,Y,0.0,,,,,
25,male,100.0,1.749,same,same,1,0,0,gk,Y,0.0,,,,,
25,male,100.0,2.947,different,different,1,0,0,gk,Y,0.0,,,,,
25,male,100.0,1.51,same,same,1,0,0,gk,Y,0.0,,,,,
25,male,100.0,1.885,different,different,1,0,0,gk,Y,0.0,,,,,
25,male,150.0,2.437,different,same,0,0,1,gk,Y,0.0,,,,,
25,male,0.0,2.471,different,different,1,0,0,gk,Y,0.0,,,,,
25,male,0.0,1.886,same,same,1,0,0,gk,Y,0.0,,,,,
25,male,50.0,1.454,same,same,1,0,0,gk,Y,0.0,,,,,
25,male,50.0,0.955,different,different,1,0,0,gk,Y,0.0,,,,,
25,male,150.0,2.196,different,different,1,0,0,gk,Y,0.0,,,,,
25,male,50.0,1.52,different,different,1,0,0,gk,Y,0.0,,,,,
25,male,0.0,0.641,same,same,1,0,0,gk,Y,0.0,,,,,
25,male,150.0,3.003,different,different,1,0,0,gk,Y,0.0,,,,,
25,male,50.0,2.171,same,same,1,0,0,gk,Y,0.0,,,,,
25,male,100.0,2.085,same,same,1,0,0,gk,Y,0.0,,,,,
25,male,0.0,0.923,same,different,0,1,0,gk,Y,0.0,,,,,
25,male,150.0,2.995,different,same,0,0,1,gk,Y,0.0,,,,,
25,male,100.0,3.119,different,different,1,0,0,gk,Y,0.0,,,,,
25,male,100.0,1.817,different,different,1,0,0,gk,Y,0.0,,,,,
25,male,50.0,1.42,same,same,1,0,0,gk,Y,0.0,,,,,
25,male,0.0,0.66,same,same,1,0,0,gk,Y,0.0,,,,,
25,male,150.0,1.601,different,same,0,0,1,gk,Y,0.0,,,,,
25,male,150.0,2.926,different,different,1,0,0,gk,Y,0.0,,,,,
25,male,50.0,1.216,different,different,1,0,0,gk,Y,0.0,,,,,
25,male,100.0,2.064,same,same,1,0,0,gk,Y,0.0,,,,,
25,male,0.0,1.73,different,different,1,0,0,gk,Y,0.0,,,,,
26,female,0.0,2.775,different,different,1,0,0,gk,Y,0.0,,,,,
26,female,150.0,2.129,different,different,1,0,0,gk,Y,0.0,,,,,
26,female,150.0,1.548,same,same,1,0,0,gk,Y,0.0,,,,,
26,female,100.0,4.776,same,same,1,0,0,gk,Y,0.0,,,,,
26,female,50.0,2.467,same,same,1,0,0,gk,Y,0.0,,,,,
26,female,50.0,3.523,different,different,1,0,0,gk,Y,0.0,,,,,
26,female,100.0,4.751,different,different,1,0,0,gk,Y,0.0,,,,,
26,female,0.0,1.177,same,same,1,0,0,gk,Y,0.0,,,,,
26,female,150.0,2.698,different,different,1,0,0,gk,Y,0.0,,,,,
26,female,150.0,4.729,same,same,1,0,0,gk,Y,0.0,,,,,
26,female,50.0,3.871,different,different,1,0,0,gk,Y,0.0,,,,,
26,female,0.0,1.516,different,different,1,0,0,gk,Y,0.0,,,,,
26,female,0.0,1.507,same,same,1,0,0,gk,Y,0.0,,,,,
26,female,100.0,2.007,different,different,1,0,0,gk,Y,0.0,,,,,
26,female,100.0,2.156,same,same,1,0,0,gk,Y,0.0,,,,,
26,female,50.0,1.658,same,same,1,0,0,gk,Y,0.0,,,,,
26,female,100.0,3.726,different,different,1,0,0,gk,Y,0.0,,,,,
26,female,150.0,2.106,same,same,1,0,0,gk,Y,0.0,,,,,
26,female,50.0,2.255,different,different,1,0,0,gk,Y,0.0,,,,,
26,female,50.0,2.031,same,same,1,0,0,gk,Y,0.0,,,,,
26,female,100.0,2.178,different,different,1,0,0,gk,Y,0.0,,,,,
26,female,0.0,1.375,same,different,0,1,0,gk,Y,0.0,,,,,
26,female,0.0,1.225,same,same,1,0,0,gk,Y,0.0,,,,,
26,female,150.0,2.612,same,different,0,1,0,gk,Y,0.0,,,,,
26,female,150.0,1.004,different,different,1,0,0,gk,Y,0.0,,,,,
26,female,50.0,1.845,different,different,1,0,0,gk,Y,0.0,,,,,
26,female,50.0,1.545,same,same,1,0,0,gk,Y,0.0,,,,,
26,female,100.0,1.919,same,same,1,0,0,gk,Y,0.0,,,,,
26,female,0.0,1.098,same,same,1,0,0,gk,Y,0.0,,,,,
26,female,0.0,1.27,different,different,1,0,0,gk,Y,0.0,,,,,
26,female,150.0,5.922,same,same,1,0,0,gk,Y,0.0,,,,,
26,female,100.0,2.646,different,different,1,0,0,gk,Y,0.0,,,,,
26,female,50.0,1.991,same,same,1,0,0,gk,Y,0.0,,,,,
26,female,100.0,2.531,same,same,1,0,0,gk,Y,0.0,,,,,
26,female,150.0,5.373,same,same,1,0,0,gk,Y,0.0,,,,,
26,female,0.0,1.135,different,different,1,0,0,gk,Y,0.0,,,,,
26,female,150.0,3.467,different,different,1,0,0,gk,Y,0.0,,,,,
26,female,0.0,1.002,same,same,1,0,0,gk,Y,0.0,,,,,
26,female,50.0,1.19,different,different,1,0,0,gk,Y,0.0,,,,,
26,female,150.0,2.782,same,same,1,0,0,gk,Y,0.0,,,,,
26,female,0.0,1.142,different,different,1,0,0,gk,Y,0.0,,,,,
26,female,100.0,3.661,different,same,0,0,1,gk,Y,0.0,,,,,
26,female,150.0,2.262,different,different,1,0,0,gk,Y,0.0,,,,,
26,female,50.0,1.345,different,different,1,0,0,gk,Y,0.0,,,,,
26,female,100.0,2.639,different,different,1,0,0,gk,Y,0.0,,,,,
26,female,0.0,1.259,same,same,1,0,0,gk,Y,0.0,,,,,
26,female,50.0,1.359,same,same,1,0,0,gk,Y,0.0,,,,,
26,female,100.0,2.689,different,different,1,0,0,gk,Y,0.0,,,,,
26,female,150.0,1.417,different,different,1,0,0,gk,Y,0.0,,,,,
26,female,0.0,1.144,same,same,1,0,0,gk,Y,0.0,,,,,
26,female,0.0,1.087,different,different,1,0,0,gk,Y,0.0,,,,,
26,female,100.0,2.62,same,same,1,0,0,gk,Y,0.0,,,,,
26,female,50.0,1.046,different,different,1,0,0,gk,Y,0.0,,,,,
26,female,150.0,3.141,same,same,1,0,0,gk,Y,0.0,,,,,
26,female,50.0,1.153,same,same,1,0,0,gk,Y,0.0,,,,,
26,female,150.0,2.143,different,different,1,0,0,gk,Y,0.0,,,,,
26,female,100.0,1.324,different,different,1,0,0,gk,Y,0.0,,,,,
26,female,150.0,1.536,same,same,1,0,0,gk,Y,0.0,,,,,
26,female,100.0,2.958,same,same,1,0,0,gk,Y,0.0,,,,,
26,female,0.0,1.143,same,same,1,0,0,gk,Y,0.0,,,,,
26,female,0.0,1.637,different,different,1,0,0,gk,Y,0.0,,,,,
26,female,50.0,1.783,different,different,1,0,0,gk,Y,0.0,,,,,
26,female,50.0,2.652,same,same,1,0,0,gk,Y,0.0,,,,,
26,female,150.0,3.243,different,different,1,0,0,gk,Y,0.0,,,,,
26,female,0.0,1.135,same,same,1,0,0,gk,Y,0.0,,,,,
26,female,150.0,4.616,same,same,1,0,0,gk,Y,0.0,,,,,
26,female,0.0,0.918,different,different,1,0,0,gk,Y,0.0,,,,,
26,female,50.0,1.878,different,different,1,0,0,gk,Y,0.0,,,,,
26,female,50.0,1.621,same,same,1,0,0,gk,Y,0.0,,,,,
26,female,100.0,1.296,same,same,1,0,0,gk,Y,0.0,,,,,
26,female,100.0,2.889,different,different,1,0,0,gk,Y,0.0,,,,,
26,female,100.0,1.843,same,same,1,0,0,gk,Y,0.0,,,,,
26,female,100.0,1.91,different,different,1,0,0,gk,Y,0.0,,,,,
26,female,150.0,3.006,same,same,1,0,0,gk,Y,0.0,,,,,
26,female,0.0,2.883,different,different,1,0,0,gk,Y,0.0,,,,,
26,female,0.0,2.266,same,same,1,0,0,gk,Y,0.0,,,,,
26,female,50.0,1.857,same,same,1,0,0,gk,Y,0.0,,,,,
26,female,50.0,1.112,different,different,1,0,0,gk,Y,0.0,,,,,
26,female,150.0,3.257,same,different,0,1,0,gk,Y,0.0,,,,,
26,female,50.0,3.586,different,different,1,0,0,gk,Y,0.0,,,,,
26,female,0.0,0.91,same,same,1,0,0,gk,Y,0.0,,,,,
26,female,150.0,2.143,different,different,1,0,0,gk,Y,0.0,,,,,
26,female,50.0,1.883,same,same,1,0,0,gk,Y,0.0,,,,,
26,female,100.0,2.35,same,same,1,0,0,gk,Y,0.0,,,,,
26,female,0.0,2.164,different,different,1,0,0,gk,Y,0.0,,,,,
26,female,150.0,2.962,same,same,1,0,0,gk,Y,0.0,,,,,
26,female,100.0,2.992,different,different,1,0,0,gk,Y,0.0,,,,,
26,female,100.0,2.776,different,different,1,0,0,gk,Y,0.0,,,,,
26,female,50.0,1.129,same,same,1,0,0,gk,Y,0.0,,,,,
26,female,0.0,0.923,same,same,1,0,0,gk,Y,0.0,,,,,
26,female,150.0,5.046,same,same,1,0,0,gk,Y,0.0,,,,,
26,female,150.0,1.785,different,different,1,0,0,gk,Y,0.0,,,,,
26,female,50.0,1.071,different,different,1,0,0,gk,Y,0.0,,,,,
26,female,100.0,1.154,same,same,1,0,0,gk,Y,0.0,,,,,
26,female,0.0,3.52,different,different,1,0,0,gk,Y,0.0,,,,,
27,male,0.0,2.823,same,different,0,1,0,gk,Y,0.0,,,,,
27,male,150.0,4.421,same,different,0,1,0,gk,Y,0.0,,,,,
27,male,100.0,3.352,same,same,1,0,0,gk,Y,0.0,,,,,
27,male,50.0,2.924,same,same,1,0,0,gk,Y,0.0,,,,,
27,male,50.0,2.554,different,different,1,0,0,gk,Y,0.0,,,,,
27,male,100.0,3.72,same,different,0,1,0,gk,Y,0.0,,,,,
27,male,0.0,1.636,same,same,1,0,0,gk,Y,0.0,,,,,
27,male,150.0,3.279,different,different,1,0,0,gk,Y,0.0,,,,,
27,male,150.0,2.454,same,same,1,0,0,gk,Y,0.0,,,,,
27,male,50.0,2.192,different,different,1,0,0,gk,Y,0.0,,,,,
27,male,0.0,2.157,different,different,1,0,0,gk,Y,0.0,,,,,
27,male,0.0,1.655,same,same,1,0,0,gk,Y,0.0,,,,,
27,male,100.0,2.831,different,different,1,0,0,gk,Y,0.0,,,,,
27,male,100.0,2.906,same,same,1,0,0,gk,Y,0.0,,,,,
27,male,50.0,2.042,same,same,1,0,0,gk,Y,0.0,,,,,
27,male,100.0,2.314,same,different,0,1,0,gk,Y,0.0,,,,,
27,male,150.0,2.026,same,same,1,0,0,gk,Y,0.0,,,,,
27,male,50.0,2.635,different,different,1,0,0,gk,Y,0.0,,,,,
27,male,50.0,2.094,same,same,1,0,0,gk,Y,0.0,,,,,
27,male,100.0,1.9,same,different,0,1,0,gk,Y,0.0,,,,,
27,male,0.0,1.89,different,different,1,0,0,gk,Y,0.0,,,,,
27,male,0.0,2.232,same,same,1,0,0,gk,Y,0.0,,,,,
27,male,150.0,2.141,same,different,0,1,0,gk,Y,0.0,,,,,
27,male,150.0,4.082,different,different,1,0,0,gk,Y,0.0,,,,,
27,male,50.0,4.081,different,different,1,0,0,gk,Y,0.0,,,,,
27,male,50.0,3.277,same,same,1,0,0,gk,Y,0.0,,,,,
27,male,100.0,3.553,same,same,1,0,0,gk,Y,0.0,,,,,
27,male,0.0,1.597,same,same,1,0,0,gk,Y,0.0,,,,,
27,male,0.0,1.991,different,different,1,0,0,gk,Y,0.0,,,,,
27,male,150.0,3.211,different,same,0,0,1,gk,Y,0.0,,,,,
27,male,100.0,2.614,different,different,1,0,0,gk,Y,0.0,,,,,
27,male,50.0,2.808,same,same,1,0,0,gk,Y,0.0,,,,,
27,male,100.0,2.947,same,same,1,0,0,gk,Y,0.0,,,,,
27,male,150.0,3.672,same,same,1,0,0,gk,Y,0.0,,,,,
27,male,0.0,2.385,different,different,1,0,0,gk,Y,0.0,,,,,
27,male,100.0,2.62,different,same,0,0,1,gk,Y,0.0,,,,,
27,male,150.0,2.477,same,different,0,1,0,gk,Y,0.0,,,,,
27,male,0.0,1.335,same,same,1,0,0,gk,Y,0.0,,,,,
27,male,50.0,2.004,different,different,1,0,0,gk,Y,0.0,,,,,
27,male,150.0,2.67,different,same,0,0,1,gk,Y,0.0,,,,,
27,male,0.0,1.719,different,different,1,0,0,gk,Y,0.0,,,,,
27,male,100.0,2.51,same,same,1,0,0,gk,Y,0.0,,,,,
27,male,150.0,3.084,same,different,0,1,0,gk,Y,0.0,,,,,
27,male,50.0,2.66,different,different,1,0,0,gk,Y,0.0,,,,,
27,male,100.0,2.332,same,different,0,1,0,gk,Y,0.0,,,,,
27,male,0.0,1.339,same,same,1,0,0,gk,Y,0.0,,,,,
27,male,50.0,3.543,same,same,1,0,0,gk,Y,0.0,,,,,
27,male,100.0,2.486,different,different,1,0,0,gk,Y,0.0,,,,,
27,male,150.0,3.121,same,different,0,1,0,gk,Y,0.0,,,,,
27,male,0.0,2.576,same,same,1,0,0,gk,Y,0.0,,,,,
27,male,0.0,2.043,different,different,1,0,0,gk,Y,0.0,,,,,
27,male,100.0,2.597,same,same,1,0,0,gk,Y,0.0,,,,,
27,male,50.0,2.214,different,different,1,0,0,gk,Y,0.0,,,,,
27,male,150.0,4.538,different,same,0,0,1,gk,Y,0.0,,,,,
27,male,50.0,1.743,same,same,1,0,0,gk,Y,0.0,,,,,
27,male,150.0,2.492,different,different,1,0,0,gk,Y,0.0,,,,,
27,male,100.0,2.987,different,different,1,0,0,gk,Y,0.0,,,,,
27,male,150.0,3.888,same,same,1,0,0,gk,Y,0.0,,,,,
27,male,100.0,1.863,same,same,1,0,0,gk,Y,0.0,,,,,
27,male,0.0,1.958,same,same,1,0,0,gk,Y,0.0,,,,,
27,male,0.0,1.93,different,different,1,0,0,gk,Y,0.0,,,,,
27,male,50.0,2.752,different,different,1,0,0,gk,Y,0.0,,,,,
27,male,50.0,2.765,same,same,1,0,0,gk,Y,0.0,,,,,
27,male,150.0,2.73,different,different,1,0,0,gk,Y,0.0,,,,,
27,male,0.0,2.033,same,same,1,0,0,gk,Y,0.0,,,,,
27,male,150.0,2.257,same,same,1,0,0,gk,Y,0.0,,,,,
27,male,0.0,1.61,different,different,1,0,0,gk,Y,0.0,,,,,
27,male,50.0,2.237,different,different,1,0,0,gk,Y,0.0,,,,,
27,male,50.0,1.382,same,same,1,0,0,gk,Y,0.0,,,,,
27,male,100.0,1.88,same,same,1,0,0,gk,Y,0.0,,,,,
27,male,100.0,2.608,different,different,1,0,0,gk,Y,0.0,,,,,
27,male,100.0,2.237,same,same,1,0,0,gk,Y,0.0,,,,,
27,male,100.0,2.55,different,different,1,0,0,gk,Y,0.0,,,,,
27,male,150.0,1.836,same,same,1,0,0,gk,Y,0.0,,,,,
27,male,0.0,4.357,same,different,0,1,0,gk,Y,0.0,,,,,
27,male,0.0,4.009,same,same,1,0,0,gk,Y,0.0,,,,,
27,male,50.0,3.052,different,same,0,0,1,gk,Y,0.0,,,,,
27,male,50.0,3.036,different,different,1,0,0,gk,Y,0.0,,,,,
27,male,150.0,3.67,same,different,0,1,0,gk,Y,0.0,,,,,
27,male,50.0,3.559,different,different,1,0,0,gk,Y,0.0,,,,,
27,male,0.0,1.932,same,same,1,0,0,gk,Y,0.0,,,,,
27,male,150.0,3.145,different,different,1,0,0,gk,Y,0.0,,,,,
27,male,50.0,3.11,different,same,0,0,1,gk,Y,0.0,,,,,
27,male,100.0,2.46,same,same,1,0,0,gk,Y,0.0,,,,,
27,male,0.0,1.749,different,different,1,0,0,gk,Y,0.0,,,,,
27,male,150.0,3.555,same,same,1,0,0,gk,Y,0.0,,,,,
27,male,100.0,2.776,different,different,1,0,0,gk,Y,0.0,,,,,
27,male,100.0,3.262,same,different,0,1,0,gk,Y,0.0,,,,,
27,male,50.0,2.5,same,same,1,0,0,gk,Y,0.0,,,,,
27,male,0.0,1.745,same,same,1,0,0,gk,Y,0.0,,,,,
27,male,150.0,4.526,different,same,0,0,1,gk,Y,0.0,,,,,
27,male,150.0,2.773,same,different,0,1,0,gk,Y,0.0,,,,,
27,male,50.0,2.008,different,different,1,0,0,gk,Y,0.0,,,,,
27,male,100.0,2.477,same,same,1,0,0,gk,Y,0.0,,,,,
27,male,0.0,2.083,different,different,1,0,0,gk,Y,0.0,,,,,
28,female,0.0,1.894,different,different,1,0,0,gk,Y,0.0,,,,,
28,female,150.0,3.015,different,different,1,0,0,gk,Y,0.0,,,,,
28,female,150.0,2.359,same,same,1,0,0,gk,Y,0.0,,,,,
28,female,100.0,1.638,different,same,0,0,1,gk,Y,0.0,,,,,
28,female,50.0,2.807,same,same,1,0,0,gk,Y,0.0,,,,,
28,female,50.0,3.106,different,different,1,0,0,gk,Y,0.0,,,,,
28,female,100.0,2.361,different,different,1,0,0,gk,Y,0.0,,,,,
28,female,0.0,1.2,same,same,1,0,0,gk,Y,0.0,,,,,
28,female,150.0,4.306,different,different,1,0,0,gk,Y,0.0,,,,,
28,female,150.0,3.367,same,same,1,0,0,gk,Y,0.0,,,,,
28,female,50.0,1.996,same,different,0,1,0,gk,Y,0.0,,,,,
28,female,0.0,1.177,different,different,1,0,0,gk,Y,0.0,,,,,
28,female,0.0,1.342,same,same,1,0,0,gk,Y,0.0,,,,,
28,female,100.0,4.265,different,different,1,0,0,gk,Y,0.0,,,,,
28,female,100.0,2.96,same,same,1,0,0,gk,Y,0.0,,,,,
28,female,50.0,2.364,same,same,1,0,0,gk,Y,0.0,,,,,
28,female,100.0,3.866,different,different,1,0,0,gk,Y,0.0,,,,,
28,female,150.0,2.771,same,same,1,0,0,gk,Y,0.0,,,,,
28,female,50.0,2.055,different,different,1,0,0,gk,Y,0.0,,,,,
28,female,50.0,1.912,same,same,1,0,0,gk,Y,0.0,,,,,
28,female,100.0,2.077,different,different,1,0,0,gk,Y,0.0,,,,,
28,female,0.0,1.908,different,different,1,0,0,gk,Y,0.0,,,,,
28,female,0.0,1.01,same,same,1,0,0,gk,Y,0.0,,,,,
28,female,150.0,6.103,different,different,1,0,0,gk,Y,0.0,,,,,
28,female,150.0,2.188,different,different,1,0,0,gk,Y,0.0,,,,,
28,female,50.0,4.082,different,different,1,0,0,gk,Y,0.0,,,,,
28,female,50.0,5.328,different,same,0,0,1,gk,Y,0.0,,,,,
28,female,100.0,2.839,same,same,1,0,0,gk,Y,0.0,,,,,
28,female,0.0,1.367,same,same,1,0,0,gk,Y,0.0,,,,,
28,female,0.0,2.381,different,different,1,0,0,gk,Y,0.0,,,,,
28,female,150.0,3.16,same,same,1,0,0,gk,Y,0.0,,,,,
28,female,100.0,6.668,different,different,1,0,0,gk,Y,0.0,,,,,
28,female,50.0,2.813,same,same,1,0,0,gk,Y,0.0,,,,,
28,female,100.0,6.993,same,same,1,0,0,gk,Y,0.0,,,,,
28,female,150.0,4.764,same,same,1,0,0,gk,Y,0.0,,,,,
28,female,0.0,2.296,different,different,1,0,0,gk,Y,0.0,,,,,
28,female,100.0,2.84,same,same,1,0,0,gk,Y,0.0,,,,,
28,female,150.0,3.265,different,different,1,0,0,gk,Y,0.0,,,,,
28,female,0.0,1.578,same,same,1,0,0,gk,Y,0.0,,,,,
28,female,50.0,1.789,different,different,1,0,0,gk,Y,0.0,,,,,
28,female,150.0,2.976,same,same,1,0,0,gk,Y,0.0,,,,,
28,female,0.0,2.221,different,different,1,0,0,gk,Y,0.0,,,,,
28,female,100.0,3.607,same,same,1,0,0,gk,Y,0.0,,,,,
28,female,150.0,2.818,different,different,1,0,0,gk,Y,0.0,,,,,
28,female,50.0,2.246,different,different,1,0,0,gk,Y,0.0,,,,,
28,female,100.0,2.182,different,different,1,0,0,gk,Y,0.0,,,,,
28,female,0.0,1.088,same,same,1,0,0,gk,Y,0.0,,,,,
28,female,50.0,1.89,same,same,1,0,0,gk,Y,0.0,,,,,
28,female,100.0,2.124,different,different,1,0,0,gk,Y,0.0,,,,,
28,female,150.0,1.914,different,different,1,0,0,gk,Y,0.0,,,,,
28,female,0.0,0.888,same,same,1,0,0,gk,Y,0.0,,,,,
28,female,0.0,1.152,different,different,1,0,0,gk,Y,0.0,,,,,
28,female,100.0,2.558,same,same,1,0,0,gk,Y,0.0,,,,,
28,female,50.0,1.08,different,different,1,0,0,gk,Y,0.0,,,,,
28,female,150.0,4.682,different,same,0,0,1,gk,Y,0.0,,,,,
28,female,50.0,1.176,same,same,1,0,0,gk,Y,0.0,,,,,
28,female,150.0,1.097,different,different,1,0,0,gk,Y,0.0,,,,,
28,female,100.0,3.443,different,different,1,0,0,gk,Y,0.0,,,,,
28,female,150.0,1.972,same,same,1,0,0,gk,Y,0.0,,,,,
28,female,100.0,2.72,same,same,1,0,0,gk,Y,0.0,,,,,
28,female,0.0,0.885,same,same,1,0,0,gk,Y,0.0,,,,,
28,female,0.0,2.565,different,different,1,0,0,gk,Y,0.0,,,,,
28,female,50.0,1.177,different,different,1,0,0,gk,Y,0.0,,,,,
28,female,50.0,1.6,same,same,1,0,0,gk,Y,0.0,,,,,
28,female,150.0,1.992,same,different,0,1,0,gk,Y,0.0,,,,,
28,female,0.0,1.019,same,same,1,0,0,gk,Y,0.0,,,,,
28,female,150.0,1.767,same,same,1,0,0,gk,Y,0.0,,,,,
28,female,0.0,0.843,different,different,1,0,0,gk,Y,0.0,,,,,
28,female,50.0,1.638,different,different,1,0,0,gk,Y,0.0,,,,,
28,female,50.0,0.989,same,same,1,0,0,gk,Y,0.0,,,,,
28,female,100.0,1.304,same,same,1,0,0,gk,Y,0.0,,,,,
28,female,100.0,1.713,different,different,1,0,0,gk,Y,0.0,,,,,
28,female,100.0,1.262,same,same,1,0,0,gk,Y,0.0,,,,,
28,female,100.0,1.262,different,different,1,0,0,gk,Y,0.0,,,,,
28,female,150.0,1.51,same,same,1,0,0,gk,Y,0.0,,,,,
28,female,0.0,2.372,different,different,1,0,0,gk,Y,0.0,,,,,
28,female,0.0,2.399,same,same,1,0,0,gk,Y,0.0,,,,,
28,female,50.0,3.835,same,same,1,0,0,gk,Y,0.0,,,,,
28,female,50.0,1.236,different,different,1,0,0,gk,Y,0.0,,,,,
28,female,150.0,2.814,different,different,1,0,0,gk,Y,0.0,,,,,
28,female,50.0,3.954,different,different,1,0,0,gk,Y,0.0,,,,,
28,female,0.0,0.784,same,same,1,0,0,gk,Y,0.0,,,,,
28,female,150.0,3.212,different,different,1,0,0,gk,Y,0.0,,,,,
28,female,50.0,6.181,same,same,1,0,0,gk,Y,0.0,,,,,
28,female,100.0,3.873,same,same,1,0,0,gk,Y,0.0,,,,,
28,female,0.0,3.169,different,different,1,0,0,gk,Y,0.0,,,,,
28,female,150.0,3.204,same,same,1,0,0,gk,Y,0.0,,,,,
28,female,100.0,2.84,different,different,1,0,0,gk,Y,0.0,,,,,
28,female,100.0,1.667,different,different,1,0,0,gk,Y,0.0,,,,,
28,female,50.0,1.338,same,same,1,0,0,gk,Y,0.0,,,,,
28,female,0.0,0.733,same,same,1,0,0,gk,Y,0.0,,,,,
28,female,150.0,2.541,same,same,1,0,0,gk,Y,0.0,,,,,
28,female,150.0,3.392,same,different,0,1,0,gk,Y,0.0,,,,,
28,female,50.0,1.94,different,different,1,0,0,gk,Y,0.0,,,,,
28,female,100.0,1.74,same,same,1,0,0,gk,Y,0.0,,,,,
28,female,0.0,4.048,different,different,1,0,0,gk,Y,0.0,,,,,
29,male,0.0,1.184,same,different,0,1,0,gk,Y,0.0,,,,,
29,male,150.0,3.699,different,different,1,0,0,gk,Y,0.0,,,,,
29,male,150.0,2.08,same,same,1,0,0,gk,Y,0.0,,,,,
29,male,100.0,2.437,same,same,1,0,0,gk,Y,0.0,,,,,
29,male,50.0,1.744,same,same,1,0,0,gk,Y,0.0,,,,,
29,male,50.0,5.516,different,different,1,0,0,gk,Y,0.0,,,,,
29,male,100.0,2.919,different,different,1,0,0,gk,Y,0.0,,,,,
29,male,0.0,1.161,same,same,1,0,0,gk,Y,0.0,,,,,
29,male,150.0,2.892,same,different,0,1,0,gk,Y,0.0,,,,,
29,male,150.0,3.1,same,same,1,0,0,gk,Y,0.0,,,,,
29,male,0.0,2.464,same,different,0,1,0,gk,Y,0.0,,,,,
29,male,0.0,1.591,same,same,1,0,0,gk,Y,0.0,,,,,
29,male,100.0,2.04,different,different,1,0,0,gk,Y,0.0,,,,,
29,male,100.0,3.884,different,same,0,0,1,gk,Y,0.0,,,,,
29,male,50.0,3.092,same,same,1,0,0,gk,Y,0.0,,,,,
29,male,150.0,2.211,same,same,1,0,0,gk,Y,0.0,,,,,
29,male,50.0,2.573,different,different,1,0,0,gk,Y,0.0,,,,,
29,male,50.0,1.678,same,same,1,0,0,gk,Y,0.0,,,,,
29,male,100.0,2.202,different,different,1,0,0,gk,Y,0.0,,,,,
29,male,0.0,0.035,different,same,0,0,1,gk,Y,0.0,,,,,
29,male,150.0,6.246,different,different,1,0,0,gk,Y,0.0,,,,,
29,male,150.0,7.099,different,different,1,0,0,gk,Y,0.0,,,,,
29,male,50.0,2.288,different,different,1,0,0,gk,Y,0.0,,,,,
29,male,50.0,2.742,same,same,1,0,0,gk,Y,0.0,,,,,
29,male,100.0,4.906,same,same,1,0,0,gk,Y,0.0,,,,,
29,male,0.0,1.364,same,same,1,0,0,gk,Y,0.0,,,,,
29,male,0.0,6.054,different,different,1,0,0,gk,Y,0.0,,,,,
29,male,150.0,5.458,same,same,1,0,0,gk,Y,0.0,,,,,
29,male,100.0,3.912,different,different,1,0,0,gk,Y,0.0,,,,,
29,male,50.0,5.208,same,same,1,0,0,gk,Y,0.0,,,,,
29,male,100.0,4.483,same,same,1,0,0,gk,Y,0.0,,,,,
29,male,150.0,2.828,different,same,0,0,1,gk,Y,0.0,,,,,
29,male,0.0,5.711,different,different,1,0,0,gk,Y,0.0,,,,,
29,male,100.0,4.133,different,same,0,0,1,gk,Y,0.0,,,,,
29,male,150.0,4.201,different,different,1,0,0,gk,Y,0.0,,,,,
29,male,0.0,1.956,same,same,1,0,0,gk,Y,0.0,,,,,
29,male,50.0,1.458,different,different,1,0,0,gk,Y,0.0,,,,,
29,male,0.0,2.707,different,different,1,0,0,gk,Y,0.0,,,,,
29,male,150.0,4.129,different,different,1,0,0,gk,Y,0.0,,,,,
29,male,50.0,1.464,different,different,1,0,0,gk,Y,0.0,,,,,
29,male,100.0,3.237,same,different,0,1,0,gk,Y,0.0,,,,,
29,male,0.0,1.057,same,same,1,0,0,gk,Y,0.0,,,,,
29,male,50.0,2.522,same,same,1,0,0,gk,Y,0.0,,,,,
29,male,100.0,2.743,different,different,1,0,0,gk,Y,0.0,,,,,
29,male,150.0,3.251,different,different,1,0,0,gk,Y,0.0,,,,,
29,male,0.0,2.2,same,same,1,0,0,gk,Y,0.0,,,,,
29,male,0.0,1.877,different,different,1,0,0,gk,Y,0.0,,,,,
29,male,100.0,5.355,same,same,1,0,0,gk,Y,0.0,,,,,
29,male,50.0,1.396,different,different,1,0,0,gk,Y,0.0,,,,,
29,male,150.0,4.718,same,same,1,0,0,gk,Y,0.0,,,,,
29,male,50.0,1.163,same,same,1,0,0,gk,Y,0.0,,,,,
29,male,150.0,1.34,different,different,1,0,0,gk,Y,0.0,,,,,
29,male,100.0,4.645,different,different,1,0,0,gk,Y,0.0,,,,,
29,male,150.0,1.693,same,same,1,0,0,gk,Y,0.0,,,,,
29,male,100.0,5.268,same,same,1,0,0,gk,Y,0.0,,,,,
29,male,0.0,0.943,same,same,1,0,0,gk,Y,0.0,,,,,
29,male,0.0,2.188,different,different,1,0,0,gk,Y,0.0,,,,,
29,male,50.0,2.449,different,different,1,0,0,gk,Y,0.0,,,,,
29,male,50.0,2.996,same,same,1,0,0,gk,Y,0.0,,,,,
29,male,150.0,2.23,different,different,1,0,0,gk,Y,0.0,,,,,
29,male,0.0,1.288,same,same,1,0,0,gk,Y,0.0,,,,,
29,male,150.0,3.581,same,same,1,0,0,gk,Y,0.0,,,,,
29,male,0.0,1.682,different,different,1,0,0,gk,Y,0.0,,,,,
29,male,50.0,1.735,different,different,1,0,0,gk,Y,0.0,,,,,
29,male,50.0,2.746,same,same,1,0,0,gk,Y,0.0,,,,,
29,male,100.0,4.088,same,same,1,0,0,gk,Y,0.0,,,,,
29,male,100.0,3.223,different,different,1,0,0,gk,Y,0.0,,,,,
29,male,100.0,3.245,same,same,1,0,0,gk,Y,0.0,,,,,
29,male,100.0,2.159,different,different,1,0,0,gk,Y,0.0,,,,,
29,male,150.0,1.822,same,same,1,0,0,gk,Y,0.0,,,,,
29,male,0.0,3.993,same,different,0,1,0,gk,Y,0.0,,,,,
29,male,0.0,1.651,same,same,1,0,0,gk,Y,0.0,,,,,
29,male,50.0,4.132,same,same,1,0,0,gk,Y,0.0,,,,,
29,male,50.0,3.978,different,different,1,0,0,gk,Y,0.0,,,,,
29,male,150.0,2.647,different,different,1,0,0,gk,Y,0.0,,,,,
29,male,50.0,5.009,same,different,0,1,0,gk,Y,0.0,,,,,
29,male,0.0,1.11,same,same,1,0,0,gk,Y,0.0,,,,,
29,male,150.0,3.957,different,different,1,0,0,gk,Y,0.0,,,,,
29,male,50.0,2.993,same,same,1,0,0,gk,Y,0.0,,,,,
29,male,100.0,1.983,same,same,1,0,0,gk,Y,0.0,,,,,
29,male,0.0,2.146,different,different,1,0,0,gk,Y,0.0,,,,,
29,male,150.0,1.681,same,same,1,0,0,gk,Y,0.0,,,,,
29,male,100.0,3.754,different,different,1,0,0,gk,Y,0.0,,,,,
29,male,100.0,3.568,different,different,1,0,0,gk,Y,0.0,,,,,
29,male,50.0,1.052,same,same,1,0,0,gk,Y,0.0,,,,,
29,male,0.0,1.229,same,same,1,0,0,gk,Y,0.0,,,,,
29,male,150.0,1.418,same,same,1,0,0,gk,Y,0.0,,,,,
29,male,150.0,1.925,different,different,1,0,0,gk,Y,0.0,,,,,
29,male,50.0,1.655,different,different,1,0,0,gk,Y,0.0,,,,,
29,male,100.0,2.08,same,same,1,0,0,gk,Y,0.0,,,,,
29,male,0.0,1.407,same,different,0,1,0,gk,Y,0.0,,,,,
30,female,0.0,4.032,different,different,1,0,0,gk,Y,0.0,,,,,
30,female,150.0,7.398,different,different,1,0,0,gk,Y,0.0,,,,,
30,female,150.0,4.936,same,same,1,0,0,gk,Y,0.0,,,,,
30,female,100.0,6.965,same,same,1,0,0,gk,Y,0.0,,,,,
30,female,50.0,2.697,same,same,1,0,0,gk,Y,0.0,,,,,
30,female,50.0,5.159,different,different,1,0,0,gk,Y,0.0,,,,,
30,female,0.0,1.531,same,same,1,0,0,gk,Y,0.0,,,,,
30,female,150.0,6.92,different,different,1,0,0,gk,Y,0.0,,,,,
30,female,150.0,2.878,different,same,0,0,1,gk,Y,0.0,,,,,
30,female,50.0,4.503,different,different,1,0,0,gk,Y,0.0,,,,,
30,female,0.0,1.626,same,different,0,1,0,gk,Y,0.0,,,,,
30,female,0.0,1.612,same,same,1,0,0,gk,Y,0.0,,,,,
30,female,100.0,3.052,different,different,1,0,0,gk,Y,0.0,,,,,
30,female,100.0,2.775,same,same,1,0,0,gk,Y,0.0,,,,,
30,female,50.0,2.035,same,same,1,0,0,gk,Y,0.0,,,,,
30,female,150.0,2.959,same,same,1,0,0,gk,Y,0.0,,,,,
30,female,50.0,4.585,different,different,1,0,0,gk,Y,0.0,,,,,
30,female,50.0,1.508,same,same,1,0,0,gk,Y,0.0,,,,,
30,female,100.0,5.709,different,different,1,0,0,gk,Y,0.0,,,,,
30,female,0.0,1.857,different,different,1,0,0,gk,Y,0.0,,,,,
30,female,0.0,1.202,same,same,1,0,0,gk,Y,0.0,,,,,
30,female,150.0,2.932,different,different,1,0,0,gk,Y,0.0,,,,,
30,female,50.0,1.774,different,different,1,0,0,gk,Y,0.0,,,,,
30,female,50.0,2.656,different,same,0,0,1,gk,Y,0.0,,,,,
30,female,100.0,5.12,same,same,1,0,0,gk,Y,0.0,,,,,
30,female,0.0,1.585,same,same,1,0,0,gk,Y,0.0,,,,,
30,female,0.0,1.682,different,different,1,0,0,gk,Y,0.0,,,,,
30,female,150.0,2.661,different,same,0,0,1,gk,Y,0.0,,,,,
30,female,100.0,6.347,different,different,1,0,0,gk,Y,0.0,,,,,
30,female,50.0,1.776,same,same,1,0,0,gk,Y,0.0,,,,,
30,female,100.0,3.108,same,same,1,0,0,gk,Y,0.0,,,,,
30,female,0.0,1.341,different,different,1,0,0,gk,Y,0.0,,,,,
30,female,100.0,1.787,same,same,1,0,0,gk,Y,0.0,,,,,
30,female,150.0,4.508,different,different,1,0,0,gk,Y,0.0,,,,,
30,female,0.0,1.21,same,same,1,0,0,gk,Y,0.0,,,,,
30,female,50.0,1.455,different,different,1,0,0,gk,Y,0.0,,,,,
30,female,150.0,4.86,same,same,1,0,0,gk,Y,0.0,,,,,
30,female,0.0,1.792,different,different,1,0,0,gk,Y,0.0,,,,,
30,female,100.0,2.276,same,same,1,0,0,gk,Y,0.0,,,,,
30,female,150.0,4.142,different,different,1,0,0,gk,Y,0.0,,,,,
30,female,50.0,2.645,different,different,1,0,0,gk,Y,0.0,,,,,
30,female,100.0,4.938,different,different,1,0,0,gk,Y,0.0,,,,,
30,female,0.0,1.018,same,same,1,0,0,gk,Y,0.0,,,,,
30,female,50.0,1.362,same,same,1,0,0,gk,Y,0.0,,,,,
30,female,100.0,2.057,different,different,1,0,0,gk,Y,0.0,,,,,
30,female,150.0,2.642,different,different,1,0,0,gk,Y,0.0,,,,,
30,female,0.0,1.304,same,same,1,0,0,gk,Y,0.0,,,,,
30,female,0.0,1.875,different,different,1,0,0,gk,Y,0.0,,,,,
30,female,100.0,6.751,same,same,1,0,0,gk,Y,0.0,,,,,
30,female,50.0,1.338,different,different,1,0,0,gk,Y,0.0,,,,,
30,female,50.0,1.491,same,same,1,0,0,gk,Y,0.0,,,,,
30,female,150.0,4.117,different,different,1,0,0,gk,Y,0.0,,,,,
30,female,100.0,3.418,different,different,1,0,0,gk,Y,0.0,,,,,
30,female,150.0,2.459,same,same,1,0,0,gk,Y,0.0,,,,,
30,female,100.0,2.372,same,same,1,0,0,gk,Y,0.0,,,,,
30,female,0.0,1.293,same,same,1,0,0,gk,Y,0.0,,,,,
30,female,0.0,1.098,different,different,1,0,0,gk,Y,0.0,,,,,
30,female,50.0,7.027,different,different,1,0,0,gk,Y,0.0,,,,,
30,female,50.0,1.595,same,same,1,0,0,gk,Y,0.0,,,,,
30,female,150.0,3.319,different,different,1,0,0,gk,Y,0.0,,,,,
30,female,0.0,0.971,same,same,1,0,0,gk,Y,0.0,,,,,
30,female,150.0,3.854,same,same,1,0,0,gk,Y,0.0,,,,,
30,female,0.0,1.257,different,different,1,0,0,gk,Y,0.0,,,,,
30,female,50.0,1.381,different,different,1,0,0,gk,Y,0.0,,,,,
30,female,50.0,1.118,same,same,1,0,0,gk,Y,0.0,,,,,
30,female,100.0,2.399,same,same,1,0,0,gk,Y,0.0,,,,,
30,female,100.0,5.052,different,different,1,0,0,gk,Y,0.0,,,,,
30,female,100.0,2.526,same,same,1,0,0,gk,Y,0.0,,,,,
30,female,100.0,6.902,different,different,1,0,0,gk,Y,0.0,,,,,
30,female,150.0,6.613,same,same,1,0,0,gk,Y,0.0,,,,,
30,female,0.0,2.57,different,different,1,0,0,gk,Y,0.0,,,,,
30,female,0.0,2.942,same,same,1,0,0,gk,Y,0.0,,,,,
30,female,50.0,5.172,same,same,1,0,0,gk,Y,0.0,,,,,
30,female,50.0,1.184,different,different,1,0,0,gk,Y,0.0,,,,,
30,female,150.0,6.067,different,different,1,0,0,gk,Y,0.0,,,,,
30,female,50.0,4.803,different,different,1,0,0,gk,Y,0.0,,,,,
30,female,0.0,0.952,same,same,1,0,0,gk,Y,0.0,,,,,
30,female,150.0,4.471,different,different,1,0,0,gk,Y,0.0,,,,,
30,female,50.0,2.133,same,same,1,0,0,gk,Y,0.0,,,,,
30,female,100.0,3.389,same,same,1,0,0,gk,Y,0.0,,,,,
30,female,0.0,6.41,different,different,1,0,0,gk,Y,0.0,,,,,
30,female,150.0,2.95,same,same,1,0,0,gk,Y,0.0,,,,,
30,female,100.0,5.319,different,different,1,0,0,gk,Y,0.0,,,,,
30,female,100.0,3.553,different,different,1,0,0,gk,Y,0.0,,,,,
30,female,50.0,2.7,same,same,1,0,0,gk,Y,0.0,,,,,
30,female,0.0,1.319,same,same,1,0,0,gk,Y,0.0,,,,,
30,female,150.0,3.37,same,same,1,0,0,gk,Y,0.0,,,,,
30,female,150.0,5.478,different,different,1,0,0,gk,Y,0.0,,,,,
30,female,50.0,1.41,different,different,1,0,0,gk,Y,0.0,,,,,
30,female,100.0,2.024,same,same,1,0,0,gk,Y,0.0,,,,,
30,female,0.0,4.951,different,different,1,0,0,gk,Y,0.0,,,,,
31,male,0.0,1.55,different,different,1,0,0,gk,Y,0.0,,,,,
31,male,150.0,2.543,same,different,0,1,0,gk,Y,0.0,,,,,
31,male,150.0,3.691,same,same,1,0,0,gk,Y,0.0,,,,,
31,male,100.0,5.219,same,same,1,0,0,gk,Y,0.0,,,,,
31,male,50.0,2.847,same,same,1,0,0,gk,Y,0.0,,,,,
31,male,50.0,3.319,different,different,1,0,0,gk,Y,0.0,,,,,
31,male,100.0,5.294,different,different,1,0,0,gk,Y,0.0,,,,,
31,male,0.0,1.291,same,same,1,0,0,gk,Y,0.0,,,,,
31,male,150.0,6.158,different,different,1,0,0,gk,Y,0.0,,,,,
31,male,150.0,4.976,same,same,1,0,0,gk,Y,0.0,,,,,
31,male,50.0,5.118,different,different,1,0,0,gk,Y,0.0,,,,,
31,male,0.0,3.166,different,different,1,0,0,gk,Y,0.0,,,,,
31,male,0.0,1.256,same,same,1,0,0,gk,Y,0.0,,,,,
31,male,100.0,4.41,different,different,1,0,0,gk,Y,0.0,,,,,
31,male,50.0,2.442,same,same,1,0,0,gk,Y,0.0,,,,,
31,male,100.0,7.294,different,different,1,0,0,gk,Y,0.0,,,,,
31,male,150.0,7.374,same,same,1,0,0,gk,Y,0.0,,,,,
31,male,50.0,4.346,same,same,1,0,0,gk,Y,0.0,,,,,
31,male,100.0,3.773,different,different,1,0,0,gk,Y,0.0,,,,,
31,male,0.0,2.607,different,different,1,0,0,gk,Y,0.0,,,,,
31,male,0.0,1.211,same,same,1,0,0,gk,Y,0.0,,,,,
31,male,150.0,4.169,same,different,0,1,0,gk,Y,0.0,,,,,
31,male,150.0,4.291,different,different,1,0,0,gk,Y,0.0,,,,,
31,male,50.0,2.969,different,different,1,0,0,gk,Y,0.0,,,,,
31,male,50.0,6.448,different,same,0,0,1,gk,Y,0.0,,,,,
31,male,100.0,2.913,same,same,1,0,0,gk,Y,0.0,,,,,
31,male,0.0,1.429,same,same,1,0,0,gk,Y,0.0,,,,,
31,male,0.0,3.336,different,different,1,0,0,gk,Y,0.0,,,,,
31,male,150.0,4.685,same,same,1,0,0,gk,Y,0.0,,,,,
31,male,100.0,5.126,different,different,1,0,0,gk,Y,0.0,,,,,
31,male,50.0,3.5,same,same,1,0,0,gk,Y,0.0,,,,,
31,male,100.0,2.916,same,same,1,0,0,gk,Y,0.0,,,,,
31,male,150.0,5.787,different,same,0,0,1,gk,Y,0.0,,,,,
31,male,0.0,1.894,different,different,1,0,0,gk,Y,0.0,,,,,
31,male,100.0,2.494,same,same,1,0,0,gk,Y,0.0,,,,,
31,male,150.0,5.402,same,different,0,1,0,gk,Y,0.0,,,,,
31,male,0.0,1.504,same,same,1,0,0,gk,Y,0.0,,,,,
31,male,50.0,1.518,different,different,1,0,0,gk,Y,0.0,,,,,
31,male,150.0,3.58,same,same,1,0,0,gk,Y,0.0,,,,,
31,male,0.0,1.848,different,different,1,0,0,gk,Y,0.0,,,,,
31,male,100.0,4.499,same,same,1,0,0,gk,Y,0.0,,,,,
31,male,150.0,4.698,different,different,1,0,0,gk,Y,0.0,,,,,
31,male,50.0,1.61,different,different,1,0,0,gk,Y,0.0,,,,,
31,male,0.0,1.442,same,same,1,0,0,gk,Y,0.0,,,,,
31,male,50.0,2.603,same,same,1,0,0,gk,Y,0.0,,,,,
31,male,100.0,2.779,different,different,1,0,0,gk,Y,0.0,,,,,
31,male,150.0,3.532,different,different,1,0,0,gk,Y,0.0,,,,,
31,male,0.0,1.248,same,same,1,0,0,gk,Y,0.0,,,,,
31,male,0.0,2.111,different,different,1,0,0,gk,Y,0.0,,,,,
31,male,100.0,4.562,same,same,1,0,0,gk,Y,0.0,,,,,
31,male,50.0,1.459,different,different,1,0,0,gk,Y,0.0,,,,,
31,male,150.0,5.263,same,same,1,0,0,gk,Y,0.0,,,,,
31,male,50.0,3.996,same,same,1,0,0,gk,Y,0.0,,,,,
31,male,150.0,3.937,different,different,1,0,0,gk,Y,0.0,,,,,
31,male,100.0,3.879,different,different,1,0,0,gk,Y,0.0,,,,,
31,male,150.0,5.681,same,same,1,0,0,gk,Y,0.0,,,,,
31,male,100.0,4.022,same,same,1,0,0,gk,Y,0.0,,,,,
31,male,0.0,1.368,same,same,1,0,0,gk,Y,0.0,,,,,
31,male,0.0,3.966,different,different,1,0,0,gk,Y,0.0,,,,,
31,male,50.0,1.617,different,different,1,0,0,gk,Y,0.0,,,,,
31,male,50.0,2.876,same,same,1,0,0,gk,Y,0.0,,,,,
31,male,150.0,4.212,different,different,1,0,0,gk,Y,0.0,,,,,
31,male,0.0,1.004,same,same,1,0,0,gk,Y,0.0,,,,,
31,male,150.0,4.978,different,same,0,0,1,gk,Y,0.0,,,,,
31,male,0.0,3.877,different,different,1,0,0,gk,Y,0.0,,,,,
31,male,50.0,1.59,different,different,1,0,0,gk,Y,0.0,,,,,
31,male,50.0,2.986,same,same,1,0,0,gk,Y,0.0,,,,,
31,male,100.0,7.299,different,same,0,0,1,gk,Y,0.0,,,,,
31,male,100.0,3.338,different,different,1,0,0,gk,Y,0.0,,,,,
31,male,100.0,2.945,different,different,1,0,0,gk,Y,0.0,,,,,
31,male,150.0,3.743,same,same,1,0,0,gk,Y,0.0,,,,,
31,male,0.0,2.354,different,different,1,0,0,gk,Y,0.0,,,,,
31,male,0.0,1.687,same,same,1,0,0,gk,Y,0.0,,,,,
31,male,50.0,6.769,same,same,1,0,0,gk,Y,0.0,,,,,
31,male,50.0,2.139,different,different,1,0,0,gk,Y,0.0,,,,,
31,male,150.0,2.609,same,different,0,1,0,gk,Y,0.0,,,,,
31,male,50.0,5.357,same,different,0,1,0,gk,Y,0.0,,,,,
31,male,0.0,1.081,same,same,1,0,0,gk,Y,0.0,,,,,
31,male,150.0,4.818,different,different,1,0,0,gk,Y,0.0,,,,,
31,male,50.0,2.922,same,same,1,0,0,gk,Y,0.0,,,,,
31,male,100.0,5.705,same,same,1,0,0,gk,Y,0.0,,,,,
31,male,0.0,3.559,different,different,1,0,0,gk,Y,0.0,,,,,
31,male,150.0,5.294,different,same,0,0,1,gk,Y,0.0,,,,,
31,male,100.0,6.204,different,different,1,0,0,gk,Y,0.0,,,,,
31,male,100.0,4.347,same,different,0,1,0,gk,Y,0.0,,,,,
31,male,50.0,4.469,same,same,1,0,0,gk,Y,0.0,,,,,
31,male,0.0,0.884,same,same,1,0,0,gk,Y,0.0,,,,,
31,male,150.0,3.982,same,same,1,0,0,gk,Y,0.0,,,,,
31,male,150.0,4.601,different,different,1,0,0,gk,Y,0.0,,,,,
31,male,50.0,1.596,different,different,1,0,0,gk,Y,0.0,,,,,
31,male,100.0,5.137,different,same,0,0,1,gk,Y,0.0,,,,,
31,male,0.0,2.07,different,different,1,0,0,gk,Y,0.0,,,,,
32,female,0.0,6.15,different,different,1,0,0,gk,Y,0.0,,,,,
32,female,150.0,4.895,different,different,1,0,0,gk,Y,0.0,,,,,
32,female,150.0,2.134,same,same,1,0,0,gk,Y,0.0,,,,,
32,female,100.0,4.117,same,same,1,0,0,gk,Y,0.0,,,,,
32,female,50.0,3.01,same,same,1,0,0,gk,Y,0.0,,,,,
32,female,50.0,4.412,different,different,1,0,0,gk,Y,0.0,,,,,
32,female,0.0,1.782,same,same,1,0,0,gk,Y,0.0,,,,,
32,female,150.0,3.708,different,different,1,0,0,gk,Y,0.0,,,,,
32,female,150.0,3.272,same,same,1,0,0,gk,Y,0.0,,,,,
32,female,50.0,3.692,different,different,1,0,0,gk,Y,0.0,,,,,
32,female,0.0,2.915,different,different,1,0,0,gk,Y,0.0,,,,,
32,female,0.0,1.47,same,same,1,0,0,gk,Y,0.0,,,,,
32,female,100.0,2.417,different,different,1,0,0,gk,Y,0.0,,,,,
32,female,100.0,4.307,same,same,1,0,0,gk,Y,0.0,,,,,
32,female,50.0,2.744,same,same,1,0,0,gk,Y,0.0,,,,,
32,female,100.0,3.646,different,different,1,0,0,gk,Y,0.0,,,,,
32,female,150.0,2.289,same,same,1,0,0,gk,Y,0.0,,,,,
32,female,50.0,2.609,different,different,1,0,0,gk,Y,0.0,,,,,
32,female,50.0,1.947,same,same,1,0,0,gk,Y,0.0,,,,,
32,female,100.0,3.525,different,different,1,0,0,gk,Y,0.0,,,,,
32,female,0.0,1.747,different,different,1,0,0,gk,Y,0.0,,,,,
32,female,0.0,2.135,same,same,1,0,0,gk,Y,0.0,,,,,
32,female,150.0,2.745,different,different,1,0,0,gk,Y,0.0,,,,,
32,female,150.0,4.276,different,different,1,0,0,gk,Y,0.0,,,,,
32,female,50.0,2.154,different,different,1,0,0,gk,Y,0.0,,,,,
32,female,50.0,1.736,same,same,1,0,0,gk,Y,0.0,,,,,
32,female,100.0,3.319,same,same,1,0,0,gk,Y,0.0,,,,,
32,female,0.0,1.588,same,same,1,0,0,gk,Y,0.0,,,,,
32,female,0.0,2.327,different,different,1,0,0,gk,Y,0.0,,,,,
32,female,150.0,2.682,different,same,0,0,1,gk,Y,0.0,,,,,
32,female,100.0,2.687,different,different,1,0,0,gk,Y,0.0,,,,,
32,female,50.0,1.622,same,same,1,0,0,gk,Y,0.0,,,,,
32,female,100.0,1.951,same,same,1,0,0,gk,Y,0.0,,,,,
32,female,150.0,3.053,same,same,1,0,0,gk,Y,0.0,,,,,
32,female,0.0,2.423,different,different,1,0,0,gk,Y,0.0,,,,,
32,female,100.0,3.256,same,same,1,0,0,gk,Y,0.0,,,,,
32,female,150.0,2.985,different,different,1,0,0,gk,Y,0.0,,,,,
32,female,0.0,1.285,same,same,1,0,0,gk,Y,0.0,,,,,
32,female,50.0,2.589,same,different,0,1,0,gk,Y,0.0,,,,,
32,female,150.0,3.976,different,same,0,0,1,gk,Y,0.0,,,,,
32,female,0.0,2.18,different,different,1,0,0,gk,Y,0.0,,,,,
32,female,100.0,2.368,same,same,1,0,0,gk,Y,0.0,,,,,
32,female,150.0,3.292,different,different,1,0,0,gk,Y,0.0,,,,,
32,female,50.0,3.158,different,different,1,0,0,gk,Y,0.0,,,,,
32,female,100.0,3.417,different,different,1,0,0,gk,Y,0.0,,,,,
32,female,0.0,1.132,same,same,1,0,0,gk,Y,0.0,,,,,
32,female,50.0,1.289,same,same,1,0,0,gk,Y,0.0,,,,,
32,female,100.0,4.102,different,different,1,0,0,gk,Y,0.0,,,,,
32,female,150.0,2.171,different,different,1,0,0,gk,Y,0.0,,,,,
32,female,0.0,1.15,same,same,1,0,0,gk,Y,0.0,,,,,
32,female,0.0,2.124,different,different,1,0,0,gk,Y,0.0,,,,,
32,female,100.0,3.386,same,same,1,0,0,gk,Y,0.0,,,,,
32,female,50.0,1.451,different,different,1,0,0,gk,Y,0.0,,,,,
32,female,150.0,2.214,same,same,1,0,0,gk,Y,0.0,,,,,
32,female,50.0,1.255,same,same,1,0,0,gk,Y,0.0,,,,,
32,female,150.0,1.336,different,different,1,0,0,gk,Y,0.0,,,,,
32,female,100.0,2.982,different,different,1,0,0,gk,Y,0.0,,,,,
32,female,150.0,2.122,same,same,1,0,0,gk,Y,0.0,,,,,
32,female,100.0,2.192,same,same,1,0,0,gk,Y,0.0,,,,,
32,female,0.0,0.946,same,same,1,0,0,gk,Y,0.0,,,,,
32,female,0.0,2.16,different,different,1,0,0,gk,Y,0.0,,,,,
32,female,50.0,2.25,different,different,1,0,0,gk,Y,0.0,,,,,
32,female,50.0,1.644,same,same,1,0,0,gk,Y,0.0,,,,,
32,female,150.0,3.303,different,different,1,0,0,gk,Y,0.0,,,,,
32,female,0.0,1.636,same,same,1,0,0,gk,Y,0.0,,,,,
32,female,150.0,2.631,same,same,1,0,0,gk,Y,0.0,,,,,
32,female,0.0,4.49,different,different,1,0,0,gk,Y,0.0,,,,,
32,female,50.0,3.394,different,different,1,0,0,gk,Y,0.0,,,,,
32,female,50.0,1.25,same,same,1,0,0,gk,Y,0.0,,,,,
32,female,100.0,2.107,same,same,1,0,0,gk,Y,0.0,,,,,
32,female,100.0,4.02,different,different,1,0,0,gk,Y,0.0,,,,,
32,female,100.0,2.055,same,same,1,0,0,gk,Y,0.0,,,,,
32,female,100.0,3.038,different,different,1,0,0,gk,Y,0.0,,,,,
32,female,150.0,3.376,same,same,1,0,0,gk,Y,0.0,,,,,
32,female,0.0,6.773,different,different,1,0,0,gk,Y,0.0,,,,,
32,female,0.0,1.113,same,same,1,0,0,gk,Y,0.0,,,,,
32,female,50.0,1.673,same,same,1,0,0,gk,Y,0.0,,,,,
32,female,50.0,3.582,different,different,1,0,0,gk,Y,0.0,,,,,
32,female,150.0,3.363,same,different,0,1,0,gk,Y,0.0,,,,,
32,female,50.0,2.4,different,different,1,0,0,gk,Y,0.0,,,,,
32,female,0.0,0.899,same,same,1,0,0,gk,Y,0.0,,,,,
32,female,150.0,2.05,different,different,1,0,0,gk,Y,0.0,,,,,
32,female,50.0,3.074,different,same,0,0,1,gk,Y,0.0,,,,,
32,female,100.0,1.762,same,same,1,0,0,gk,Y,0.0,,,,,
32,female,0.0,2.014,different,different,1,0,0,gk,Y,0.0,,,,,
32,female,150.0,2.498,same,same,1,0,0,gk,Y,0.0,,,,,
32,female,100.0,1.88,different,different,1,0,0,gk,Y,0.0,,,,,
32,female,100.0,3.001,different,different,1,0,0,gk,Y,0.0,,,,,
32,female,50.0,1.612,same,same,1,0,0,gk,Y,0.0,,,,,
32,female,0.0,0.947,same,same,1,0,0,gk,Y,0.0,,,,,
32,female,150.0,2.162,same,same,1,0,0,gk,Y,0.0,,,,,
32,female,150.0,2.853,different,different,1,0,0,gk,Y,0.0,,,,,
32,female,50.0,2.398,different,different,1,0,0,gk,Y,0.0,,,,,
32,female,100.0,2.268,same,same,1,0,0,gk,Y,0.0,,,,,
32,female,0.0,2.283,different,different,1,0,0,gk,Y,0.0,,,,,
33,female,0.0,2.933,different,different,1,0,0,gk,Y,0.0,,,,,
33,female,150.0,2.232,different,different,1,0,0,gk,Y,0.0,,,,,
33,female,150.0,1.396,same,same,1,0,0,gk,Y,0.0,,,,,
33,female,100.0,2.302,different,same,0,0,1,gk,Y,0.0,,,,,
33,female,50.0,2.837,same,same,1,0,0,gk,Y,0.0,,,,,
33,female,50.0,2.975,different,different,1,0,0,gk,Y,0.0,,,,,
33,female,100.0,2.451,different,different,1,0,0,gk,Y,0.0,,,,,
33,female,0.0,1.331,same,same,1,0,0,gk,Y,0.0,,,,,
33,female,150.0,5.97,different,different,1,0,0,gk,Y,0.0,,,,,
33,female,150.0,2.71,same,same,1,0,0,gk,Y,0.0,,,,,
33,female,50.0,3.157,different,different,1,0,0,gk,Y,0.0,,,,,
33,female,0.0,1.682,different,different,1,0,0,gk,Y,0.0,,,,,
33,female,0.0,1.112,same,same,1,0,0,gk,Y,0.0,,,,,
33,female,100.0,3.048,different,different,1,0,0,gk,Y,0.0,,,,,
33,female,100.0,2.295,same,same,1,0,0,gk,Y,0.0,,,,,
33,female,50.0,1.768,different,same,0,0,1,gk,Y,0.0,,,,,
33,female,100.0,1.236,different,different,1,0,0,gk,Y,0.0,,,,,
33,female,150.0,3.23,same,same,1,0,0,gk,Y,0.0,,,,,
33,female,50.0,3.376,different,different,1,0,0,gk,Y,0.0,,,,,
33,female,50.0,1.076,same,same,1,0,0,gk,Y,0.0,,,,,
33,female,100.0,1.524,different,different,1,0,0,gk,Y,0.0,,,,,
33,female,0.0,0.966,same,different,0,1,0,gk,Y,0.0,,,,,
33,female,0.0,2.172,same,same,1,0,0,gk,Y,0.0,,,,,
33,female,150.0,3.618,different,different,1,0,0,gk,Y,0.0,,,,,
33,female,150.0,4.434,different,different,1,0,0,gk,Y,0.0,,,,,
33,female,50.0,3.124,different,different,1,0,0,gk,Y,0.0,,,,,
33,female,50.0,2.636,same,same,1,0,0,gk,Y,0.0,,,,,
33,female,100.0,2.453,same,same,1,0,0,gk,Y,0.0,,,,,
33,female,0.0,2.028,same,same,1,0,0,gk,Y,0.0,,,,,
33,female,0.0,1.607,different,different,1,0,0,gk,Y,0.0,,,,,
33,female,150.0,1.466,different,same,0,0,1,gk,Y,0.0,,,,,
33,female,50.0,2.624,same,same,1,0,0,gk,Y,0.0,,,,,
33,female,100.0,2.46,different,same,0,0,1,gk,Y,0.0,,,,,
33,female,150.0,2.499,same,same,1,0,0,gk,Y,0.0,,,,,
33,female,0.0,1.394,different,different,1,0,0,gk,Y,0.0,,,,,
33,female,100.0,2.022,same,same,1,0,0,gk,Y,0.0,,,,,
33,female,150.0,2.52,different,different,1,0,0,gk,Y,0.0,,,,,
33,female,0.0,1.039,same,same,1,0,0,gk,Y,0.0,,,,,
33,female,50.0,1.6,different,different,1,0,0,gk,Y,0.0,,,,,
33,female,150.0,1.545,same,same,1,0,0,gk,Y,0.0,,,,,
33,female,0.0,2.432,different,different,1,0,0,gk,Y,0.0,,,,,
33,female,100.0,2.186,same,same,1,0,0,gk,Y,0.0,,,,,
33,female,150.0,1.46,different,different,1,0,0,gk,Y,0.0,,,,,
33,female,50.0,1.678,different,different,1,0,0,gk,Y,0.0,,,,,
33,female,100.0,1.606,different,different,1,0,0,gk,Y,0.0,,,,,
33,female,0.0,1.127,same,same,1,0,0,gk,Y,0.0,,,,,
33,female,50.0,1.15,same,same,1,0,0,gk,Y,0.0,,,,,
33,female,100.0,1.164,same,different,0,1,0,gk,Y,0.0,,,,,
33,female,150.0,1.165,different,different,1,0,0,gk,Y,0.0,,,,,
33,female,0.0,1.304,same,same,1,0,0,gk,Y,0.0,,,,,
33,female,0.0,0.997,different,different,1,0,0,gk,Y,0.0,,,,,
33,female,100.0,1.897,same,same,1,0,0,gk,Y,0.0,,,,,
33,female,50.0,0.926,different,different,1,0,0,gk,Y,0.0,,,,,
33,female,150.0,2.175,same,same,1,0,0,gk,Y,0.0,,,,,
33,female,50.0,0.928,same,same,1,0,0,gk,Y,0.0,,,,,
33,female,150.0,1.527,same,different,0,1,0,gk,Y,0.0,,,,,
33,female,100.0,1.1,different,different,1,0,0,gk,Y,0.0,,,,,
33,female,150.0,1.549,same,same,1,0,0,gk,Y,0.0,,,,,
33,female,100.0,1.456,different,same,0,0,1,gk,Y,0.0,,,,,
33,female,0.0,0.816,same,same,1,0,0,gk,Y,0.0,,,,,
33,female,0.0,0.884,different,different,1,0,0,gk,Y,0.0,,,,,
33,female,50.0,1.122,different,different,1,0,0,gk,Y,0.0,,,,,
33,female,50.0,1.063,same,same,1,0,0,gk,Y,0.0,,,,,
33,female,150.0,1.706,different,different,1,0,0,gk,Y,0.0,,,,,
33,female,0.0,1.248,same,same,1,0,0,gk,Y,0.0,,,,,
33,female,150.0,1.552,same,same,1,0,0,gk,Y,0.0,,,,,
33,female,0.0,0.803,different,different,1,0,0,gk,Y,0.0,,,,,
33,female,50.0,2.346,different,different,1,0,0,gk,Y,0.0,,,,,
33,female,50.0,1.192,same,same,1,0,0,gk,Y,0.0,,,,,
33,female,100.0,1.063,same,same,1,0,0,gk,Y,0.0,,,,,
33,female,100.0,2.202,different,different,1,0,0,gk,Y,0.0,,,,,
33,female,100.0,1.196,same,same,1,0,0,gk,Y,0.0,,,,,
33,female,100.0,1.535,different,different,1,0,0,gk,Y,0.0,,,,,
33,female,150.0,2.659,same,same,1,0,0,gk,Y,0.0,,,,,
33,female,0.0,2.403,same,different,0,1,0,gk,Y,0.0,,,,,
33,female,0.0,1.503,same,same,1,0,0,gk,Y,0.0,,,,,
33,female,50.0,1.423,different,same,0,0,1,gk,Y,0.0,,,,,
33,female,50.0,1.959,different,different,1,0,0,gk,Y,0.0,,,,,
33,female,150.0,1.923,same,different,0,1,0,gk,Y,0.0,,,,,
33,female,50.0,1.699,different,different,1,0,0,gk,Y,0.0,,,,,
33,female,0.0,1.073,same,same,1,0,0,gk,Y,0.0,,,,,
33,female,150.0,5.513,different,different,1,0,0,gk,Y,0.0,,,,,
33,female,50.0,1.718,same,same,1,0,0,gk,Y,0.0,,,,,
33,female,100.0,1.51,same,same,1,0,0,gk,Y,0.0,,,,,
33,female,0.0,2.651,different,different,1,0,0,gk,Y,0.0,,,,,
33,female,150.0,3.366,same,same,1,0,0,gk,Y,0.0,,,,,
33,female,100.0,2.793,different,different,1,0,0,gk,Y,0.0,,,,,
33,female,100.0,1.597,different,different,1,0,0,gk,Y,0.0,,,,,
33,female,50.0,1.328,same,same,1,0,0,gk,Y,0.0,,,,,
33,female,0.0,0.828,same,same,1,0,0,gk,Y,0.0,,,,,
33,female,150.0,2.095,same,same,1,0,0,gk,Y,0.0,,,,,
33,female,150.0,2.125,different,different,1,0,0,gk,Y,0.0,,,,,
33,female,50.0,1.226,different,different,1,0,0,gk,Y,0.0,,,,,
33,female,100.0,2.783,same,same,1,0,0,gk,Y,0.0,,,,,
33,female,0.0,1.017,different,different,1,0,0,gk,Y,0.0,,,,,
34,male,0.0,3.855,different,different,1,0,0,gk,Y,0.0,,,,,
34,male,150.0,6.735,same,different,0,1,0,gk,Y,0.0,,,,,
34,male,150.0,6.563,same,same,1,0,0,gk,Y,0.0,,,,,
34,male,50.0,4.259,same,same,1,0,0,gk,Y,0.0,,,,,
34,male,50.0,4.506,different,different,1,0,0,gk,Y,0.0,,,,,
34,male,100.0,5.17,different,different,1,0,0,gk,Y,0.0,,,,,
34,male,0.0,1.661,same,same,1,0,0,gk,Y,0.0,,,,,
34,male,150.0,3.55,different,different,1,0,0,gk,Y,0.0,,,,,
34,male,150.0,3.355,same,same,1,0,0,gk,Y,0.0,,,,,
34,male,50.0,7.113,different,different,1,0,0,gk,Y,0.0,,,,,
34,male,0.0,1.817,different,different,1,0,0,gk,Y,0.0,,,,,
34,male,0.0,1.96,same,same,1,0,0,gk,Y,0.0,,,,,
34,male,100.0,2.663,different,different,1,0,0,gk,Y,0.0,,,,,
34,male,100.0,3.598,same,same,1,0,0,gk,Y,0.0,,,,,
34,male,50.0,2.498,same,same,1,0,0,gk,Y,0.0,,,,,
34,male,100.0,5.498,different,different,1,0,0,gk,Y,0.0,,,,,
34,male,150.0,3.745,same,same,1,0,0,gk,Y,0.0,,,,,
34,male,50.0,3.911,different,different,1,0,0,gk,Y,0.0,,,,,
34,male,50.0,2.917,same,same,1,0,0,gk,Y,0.0,,,,,
34,male,100.0,2.97,different,different,1,0,0,gk,Y,0.0,,,,,
34,male,0.0,2.599,different,different,1,0,0,gk,Y,0.0,,,,,
34,male,0.0,2.896,same,same,1,0,0,gk,Y,0.0,,,,,
34,male,150.0,6.058,different,different,1,0,0,gk,Y,0.0,,,,,
34,male,150.0,2.106,different,different,1,0,0,gk,Y,0.0,,,,,
34,male,50.0,2.303,different,different,1,0,0,gk,Y,0.0,,,,,
34,male,50.0,3.463,same,same,1,0,0,gk,Y,0.0,,,,,
34,male,100.0,5.825,same,same,1,0,0,gk,Y,0.0,,,,,
34,male,0.0,1.489,same,same,1,0,0,gk,Y,0.0,,,,,
34,male,0.0,1.271,different,different,1,0,0,gk,Y,0.0,,,,,
34,male,150.0,7.249,same,same,1,0,0,gk,Y,0.0,,,,,
34,male,100.0,6.091,different,different,1,0,0,gk,Y,0.0,,,,,
34,male,50.0,4.416,same,same,1,0,0,gk,Y,0.0,,,,,
34,male,100.0,4.685,different,same,0,0,1,gk,Y,0.0,,,,,
34,male,150.0,6.293,same,same,1,0,0,gk,Y,0.0,,,,,
34,male,0.0,2.548,different,different,1,0,0,gk,Y,0.0,,,,,
34,male,100.0,3.225,same,same,1,0,0,gk,Y,0.0,,,,,
34,male,150.0,1.858,different,different,1,0,0,gk,Y,0.0,,,,,
34,male,0.0,1.995,same,same,1,0,0,gk,Y,0.0,,,,,
34,male,50.0,1.278,different,different,1,0,0,gk,Y,0.0,,,,,
34,male,150.0,3.58,same,same,1,0,0,gk,Y,0.0,,,,,
34,male,0.0,1.881,different,different,1,0,0,gk,Y,0.0,,,,,
34,male,100.0,3.753,same,same,1,0,0,gk,Y,0.0,,,,,
34,male,150.0,5.375,different,different,1,0,0,gk,Y,0.0,,,,,
34,male,50.0,3.02,different,different,1,0,0,gk,Y,0.0,,,,,
34,male,100.0,4.565,different,different,1,0,0,gk,Y,0.0,,,,,
34,male,0.0,1.442,same,same,1,0,0,gk,Y,0.0,,,,,
34,male,50.0,2.699,same,same,1,0,0,gk,Y,0.0,,,,,
34,male,100.0,2.492,different,different,1,0,0,gk,Y,0.0,,,,,
34,male,150.0,3.164,same,different,0,1,0,gk,Y,0.0,,,,,
34,male,0.0,1.832,same,same,1,0,0,gk,Y,0.0,,,,,
34,male,0.0,1.608,different,different,1,0,0,gk,Y,0.0,,,,,
34,male,100.0,2.564,same,same,1,0,0,gk,Y,0.0,,,,,
34,male,50.0,1.911,different,different,1,0,0,gk,Y,0.0,,,,,
34,male,150.0,4.023,different,same,0,0,1,gk,Y,0.0,,,,,
34,male,50.0,1.415,same,same,1,0,0,gk,Y,0.0,,,,,
34,male,150.0,1.843,different,different,1,0,0,gk,Y,0.0,,,,,
34,male,100.0,3.666,different,different,1,0,0,gk,Y,0.0,,,,,
34,male,150.0,3.124,same,same,1,0,0,gk,Y,0.0,,,,,
34,male,100.0,3.312,same,same,1,0,0,gk,Y,0.0,,,,,
34,male,0.0,1.686,same,same,1,0,0,gk,Y,0.0,,,,,
34,male,0.0,1.285,different,different,1,0,0,gk,Y,0.0,,,,,
34,male,50.0,2.053,different,different,1,0,0,gk,Y,0.0,,,,,
34,male,50.0,2.134,same,same,1,0,0,gk,Y,0.0,,,,,
34,male,150.0,2.909,different,different,1,0,0,gk,Y,0.0,,,,,
34,male,0.0,1.812,same,same,1,0,0,gk,Y,0.0,,,,,
34,male,150.0,3.7,same,same,1,0,0,gk,Y,0.0,,,,,
34,male,0.0,1.181,different,different,1,0,0,gk,Y,0.0,,,,,
34,male,50.0,2.373,different,different,1,0,0,gk,Y,0.0,,,,,
34,male,50.0,1.722,same,same,1,0,0,gk,Y,0.0,,,,,
34,male,100.0,1.513,same,same,1,0,0,gk,Y,0.0,,,,,
34,male,100.0,4.528,different,different,1,0,0,gk,Y,0.0,,,,,
34,male,100.0,1.575,same,same,1,0,0,gk,Y,0.0,,,,,
34,male,100.0,3.658,different,different,1,0,0,gk,Y,0.0,,,,,
34,male,150.0,2.139,same,same,1,0,0,gk,Y,0.0,,,,,
34,male,0.0,5.103,different,different,1,0,0,gk,Y,0.0,,,,,
34,male,0.0,1.887,same,same,1,0,0,gk,Y,0.0,,,,,
34,male,50.0,2.679,same,same,1,0,0,gk,Y,0.0,,,,,
34,male,50.0,1.884,different,different,1,0,0,gk,Y,0.0,,,,,
34,male,150.0,4.413,different,different,1,0,0,gk,Y,0.0,,,,,
34,male,50.0,3.975,different,different,1,0,0,gk,Y,0.0,,,,,
34,male,0.0,0.987,same,same,1,0,0,gk,Y,0.0,,,,,
34,male,150.0,2.753,different,different,1,0,0,gk,Y,0.0,,,,,
34,male,50.0,4.1,same,same,1,0,0,gk,Y,0.0,,,,,
34,male,100.0,1.955,same,same,1,0,0,gk,Y,0.0,,,,,
34,male,0.0,3.154,same,different,0,1,0,gk,Y,0.0,,,,,
34,male,150.0,4.062,same,same,1,0,0,gk,Y,0.0,,,,,
34,male,100.0,2.792,different,different,1,0,0,gk,Y,0.0,,,,,
34,male,100.0,6.5,different,different,1,0,0,gk,Y,0.0,,,,,
34,male,50.0,2.849,same,same,1,0,0,gk,Y,0.0,,,,,
34,male,0.0,1.2,same,same,1,0,0,gk,Y,0.0,,,,,
34,male,150.0,2.612,same,same,1,0,0,gk,Y,0.0,,,,,
34,male,150.0,4.527,different,different,1,0,0,gk,Y,0.0,,,,,
34,male,50.0,2.858,different,different,1,0,0,gk,Y,0.0,,,,,
34,male,100.0,1.759,same,same,1,0,0,gk,Y,0.0,,,,,
34,male,0.0,2.899,different,different,1,0,0,gk,Y,0.0,,,,,
35,female,0.0,5.076,different,different,1,0,0,gk,Y,0.0,,,,,
35,female,150.0,3.696,different,different,1,0,0,gk,Y,0.0,,,,,
35,female,150.0,3.384,same,same,1,0,0,gk,Y,0.0,,,,,
35,female,100.0,5.059,same,same,1,0,0,gk,Y,0.0,,,,,
35,female,50.0,3.252,same,same,1,0,0,gk,Y,0.0,,,,,
35,female,50.0,4.557,different,different,1,0,0,gk,Y,0.0,,,,,
35,female,0.0,1.712,same,same,1,0,0,gk,Y,0.0,,,,,
35,female,150.0,6.402,different,different,1,0,0,gk,Y,0.0,,,,,
35,female,150.0,4.571,same,same,1,0,0,gk,Y,0.0,,,,,
35,female,50.0,5.753,different,different,1,0,0,gk,Y,0.0,,,,,
35,female,0.0,2.062,different,different,1,0,0,gk,Y,0.0,,,,,
35,female,0.0,1.659,same,same,1,0,0,gk,Y,0.0,,,,,
35,female,100.0,3.863,different,different,1,0,0,gk,Y,0.0,,,,,
35,female,100.0,2.727,same,same,1,0,0,gk,Y,0.0,,,,,
35,female,50.0,3.684,same,same,1,0,0,gk,Y,0.0,,,,,
35,female,100.0,3.684,different,different,1,0,0,gk,Y,0.0,,,,,
35,female,150.0,3.749,same,same,1,0,0,gk,Y,0.0,,,,,
35,female,50.0,3.483,different,different,1,0,0,gk,Y,0.0,,,,,
35,female,50.0,3.458,same,same,1,0,0,gk,Y,0.0,,,,,
35,female,100.0,3.243,different,different,1,0,0,gk,Y,0.0,,,,,
35,female,0.0,2.985,different,different,1,0,0,gk,Y,0.0,,,,,
35,female,0.0,2.124,same,same,1,0,0,gk,Y,0.0,,,,,
35,female,150.0,4.359,different,different,1,0,0,gk,Y,0.0,,,,,
35,female,150.0,3.561,different,different,1,0,0,gk,Y,0.0,,,,,
35,female,50.0,4.413,different,different,1,0,0,gk,Y,0.0,,,,,
35,female,50.0,5.264,same,same,1,0,0,gk,Y,0.0,,,,,
35,female,100.0,4.626,same,same,1,0,0,gk,Y,0.0,,,,,
35,female,0.0,1.233,same,same,1,0,0,gk,Y,0.0,,,,,
35,female,0.0,2.636,different,different,1,0,0,gk,Y,0.0,,,,,
35,female,150.0,3.087,same,same,1,0,0,gk,Y,0.0,,,,,
35,female,100.0,5.358,different,different,1,0,0,gk,Y,0.0,,,,,
35,female,50.0,2.561,same,same,1,0,0,gk,Y,0.0,,,,,
35,female,100.0,3.8,same,same,1,0,0,gk,Y,0.0,,,,,
35,female,150.0,4.707,different,same,0,0,1,gk,Y,0.0,,,,,
35,female,0.0,1.32,different,different,1,0,0,gk,Y,0.0,,,,,
35,female,100.0,4.622,same,same,1,0,0,gk,Y,0.0,,,,,
35,female,150.0,2.56,different,different,1,0,0,gk,Y,0.0,,,,,
35,female,0.0,1.926,same,same,1,0,0,gk,Y,0.0,,,,,
35,female,50.0,2.307,different,different,1,0,0,gk,Y,0.0,,,,,
35,female,150.0,3.298,same,same,1,0,0,gk,Y,0.0,,,,,
35,female,0.0,1.617,different,different,1,0,0,gk,Y,0.0,,,,,
35,female,100.0,5.73,same,same,1,0,0,gk,Y,0.0,,,,,
35,female,150.0,3.011,different,different,1,0,0,gk,Y,0.0,,,,,
35,female,50.0,2.661,different,different,1,0,0,gk,Y,0.0,,,,,
35,female,100.0,3.813,different,different,1,0,0,gk,Y,0.0,,,,,
35,female,0.0,1.495,same,same,1,0,0,gk,Y,0.0,,,,,
35,female,50.0,2.093,same,same,1,0,0,gk,Y,0.0,,,,,
35,female,100.0,2.774,different,different,1,0,0,gk,Y,0.0,,,,,
35,female,150.0,3.036,different,different,1,0,0,gk,Y,0.0,,,,,
35,female,0.0,1.316,same,same,1,0,0,gk,Y,0.0,,,,,
35,female,0.0,2.371,different,different,1,0,0,gk,Y,0.0,,,,,
35,female,100.0,2.489,same,same,1,0,0,gk,Y,0.0,,,,,
35,female,50.0,1.35,different,different,1,0,0,gk,Y,0.0,,,,,
35,female,150.0,4.596,same,same,1,0,0,gk,Y,0.0,,,,,
35,female,50.0,1.2,same,same,1,0,0,gk,Y,0.0,,,,,
35,female,150.0,3.85,different,different,1,0,0,gk,Y,0.0,,,,,
35,female,100.0,3.82,different,different,1,0,0,gk,Y,0.0,,,,,
35,female,150.0,1.494,same,same,1,0,0,gk,Y,0.0,,,,,
35,female,100.0,2.26,same,same,1,0,0,gk,Y,0.0,,,,,
35,female,0.0,0.957,same,same,1,0,0,gk,Y,0.0,,,,,
35,female,0.0,1.386,different,different,1,0,0,gk,Y,0.0,,,,,
35,female,50.0,3.78,different,different,1,0,0,gk,Y,0.0,,,,,
35,female,50.0,1.695,same,same,1,0,0,gk,Y,0.0,,,,,
35,female,150.0,2.4,different,different,1,0,0,gk,Y,0.0,,,,,
35,female,0.0,2.242,same,same,1,0,0,gk,Y,0.0,,,,,
35,female,150.0,1.651,different,same,0,0,1,gk,Y,0.0,,,,,
35,female,0.0,1.789,different,different,1,0,0,gk,Y,0.0,,,,,
35,female,50.0,2.945,different,different,1,0,0,gk,Y,0.0,,,,,
35,female,50.0,1.211,same,same,1,0,0,gk,Y,0.0,,,,,
35,female,100.0,1.35,same,same,1,0,0,gk,Y,0.0,,,,,
35,female,100.0,3.468,different,different,1,0,0,gk,Y,0.0,,,,,
35,female,100.0,2.693,same,same,1,0,0,gk,Y,0.0,,,,,
35,female,100.0,1.852,different,different,1,0,0,gk,Y,0.0,,,,,
35,female,150.0,1.452,same,same,1,0,0,gk,Y,0.0,,,,,
35,female,0.0,3.551,different,different,1,0,0,gk,Y,0.0,,,,,
35,female,0.0,1.828,same,same,1,0,0,gk,Y,0.0,,,,,
35,female,50.0,3.211,same,same,1,0,0,gk,Y,0.0,,,,,
35,female,50.0,1.734,different,different,1,0,0,gk,Y,0.0,,,,,
35,female,150.0,4.243,different,different,1,0,0,gk,Y,0.0,,,,,
35,female,50.0,3.023,different,different,1,0,0,gk,Y,0.0,,,,,
35,female,0.0,0.97,same,same,1,0,0,gk,Y,0.0,,,,,
35,female,150.0,2.501,different,different,1,0,0,gk,Y,0.0,,,,,
35,female,50.0,3.01,same,same,1,0,0,gk,Y,0.0,,,,,
35,female,100.0,2.821,same,same,1,0,0,gk,Y,0.0,,,,,
35,female,0.0,1.961,different,different,1,0,0,gk,Y,0.0,,,,,
35,female,150.0,5.621,same,same,1,0,0,gk,Y,0.0,,,,,
35,female,100.0,2.176,different,different,1,0,0,gk,Y,0.0,,,,,
35,female,100.0,1.819,different,different,1,0,0,gk,Y,0.0,,,,,
35,female,50.0,1.598,same,same,1,0,0,gk,Y,0.0,,,,,
35,female,0.0,1.072,same,same,1,0,0,gk,Y,0.0,,,,,
35,female,150.0,3.952,same,same,1,0,0,gk,Y,0.0,,,,,
35,female,150.0,2.381,different,different,1,0,0,gk,Y,0.0,,,,,
35,female,50.0,4.743,different,different,1,0,0,gk,Y,0.0,,,,,
35,female,100.0,1.567,same,same,1,0,0,gk,Y,0.0,,,,,
35,female,0.0,5.018,different,different,1,0,0,gk,Y,0.0,,,,,
36,female,0.0,2.733,different,different,1,0,0,gk,Y,0.0,,,,,
36,female,150.0,2.313,different,different,1,0,0,gk,Y,0.0,,,,,
36,female,150.0,2.248,different,same,0,0,1,gk,Y,0.0,,,,,
36,female,100.0,3.64,same,same,1,0,0,gk,Y,0.0,,,,,
36,female,50.0,2.674,different,same,0,0,1,gk,Y,0.0,,,,,
36,female,50.0,1.859,different,different,1,0,0,gk,Y,0.0,,,,,
36,female,100.0,2.614,different,different,1,0,0,gk,Y,0.0,,,,,
36,female,0.0,1.587,same,same,1,0,0,gk,Y,0.0,,,,,
36,female,150.0,4.48,different,different,1,0,0,gk,Y,0.0,,,,,
36,female,150.0,2.446,same,same,1,0,0,gk,Y,0.0,,,,,
36,female,50.0,2.562,different,different,1,0,0,gk,Y,0.0,,,,,
36,female,0.0,1.446,different,different,1,0,0,gk,Y,0.0,,,,,
36,female,0.0,1.301,same,same,1,0,0,gk,Y,0.0,,,,,
36,female,100.0,2.7,different,different,1,0,0,gk,Y,0.0,,,,,
36,female,100.0,2.296,same,same,1,0,0,gk,Y,0.0,,,,,
36,female,50.0,1.941,different,same,0,0,1,gk,Y,0.0,,,,,
36,female,100.0,1.775,different,different,1,0,0,gk,Y,0.0,,,,,
36,female,150.0,1.687,same,same,1,0,0,gk,Y,0.0,,,,,
36,female,50.0,2.429,different,different,1,0,0,gk,Y,0.0,,,,,
36,female,50.0,1.644,same,same,1,0,0,gk,Y,0.0,,,,,
36,female,100.0,2.325,different,different,1,0,0,gk,Y,0.0,,,,,
36,female,0.0,1.761,different,different,1,0,0,gk,Y,0.0,,,,,
36,female,0.0,1.109,same,same,1,0,0,gk,Y,0.0,,,,,
36,female,150.0,3.535,different,different,1,0,0,gk,Y,0.0,,,,,
36,female,150.0,3.553,different,different,1,0,0,gk,Y,0.0,,,,,
36,female,50.0,2.18,different,different,1,0,0,gk,Y,0.0,,,,,
36,female,50.0,1.458,same,same,1,0,0,gk,Y,0.0,,,,,
36,female,100.0,2.001,same,same,1,0,0,gk,Y,0.0,,,,,
36,female,0.0,1.081,same,same,1,0,0,gk,Y,0.0,,,,,
36,female,0.0,2.343,different,different,1,0,0,gk,Y,0.0,,,,,
36,female,150.0,4.065,same,same,1,0,0,gk,Y,0.0,,,,,
36,female,100.0,3.188,different,different,1,0,0,gk,Y,0.0,,,,,
36,female,50.0,2.673,same,same,1,0,0,gk,Y,0.0,,,,,
36,female,100.0,2.572,same,same,1,0,0,gk,Y,0.0,,,,,
36,female,150.0,4.624,same,same,1,0,0,gk,Y,0.0,,,,,
36,female,0.0,1.719,different,different,1,0,0,gk,Y,0.0,,,,,
36,female,100.0,4.689,same,same,1,0,0,gk,Y,0.0,,,,,
36,female,150.0,4.391,same,different,0,1,0,gk,Y,0.0,,,,,
36,female,0.0,1.162,same,same,1,0,0,gk,Y,0.0,,,,,
36,female,50.0,1.47,different,different,1,0,0,gk,Y,0.0,,,,,
36,female,150.0,4.128,same,same,1,0,0,gk,Y,0.0,,,,,
36,female,0.0,1.204,different,different,1,0,0,gk,Y,0.0,,,,,
36,female,100.0,4.111,same,same,1,0,0,gk,Y,0.0,,,,,
36,female,150.0,2.728,same,different,0,1,0,gk,Y,0.0,,,,,
36,female,50.0,1.245,different,different,1,0,0,gk,Y,0.0,,,,,
36,female,100.0,2.071,different,different,1,0,0,gk,Y,0.0,,,,,
36,female,0.0,1.39,same,same,1,0,0,gk,Y,0.0,,,,,
36,female,50.0,3.024,same,same,1,0,0,gk,Y,0.0,,,,,
36,female,100.0,1.828,different,different,1,0,0,gk,Y,0.0,,,,,
36,female,150.0,2.453,different,different,1,0,0,gk,Y,0.0,,,,,
36,female,0.0,1.255,same,same,1,0,0,gk,Y,0.0,,,,,
36,female,0.0,1.125,different,different,1,0,0,gk,Y,0.0,,,,,
36,female,100.0,2.9,same,same,1,0,0,gk,Y,0.0,,,,,
36,female,50.0,1.705,different,different,1,0,0,gk,Y,0.0,,,,,
36,female,150.0,6.553,same,same,1,0,0,gk,Y,0.0,,,,,
36,female,50.0,1.206,same,same,1,0,0,gk,Y,0.0,,,,,
36,female,150.0,2.896,different,different,1,0,0,gk,Y,0.0,,,,,
36,female,100.0,3.775,different,different,1,0,0,gk,Y,0.0,,,,,
36,female,150.0,2.108,same,same,1,0,0,gk,Y,0.0,,,,,
36,female,100.0,2.369,same,same,1,0,0,gk,Y,0.0,,,,,
36,female,0.0,0.973,same,same,1,0,0,gk,Y,0.0,,,,,
36,female,0.0,1.168,different,different,1,0,0,gk,Y,0.0,,,,,
36,female,50.0,3.365,different,different,1,0,0,gk,Y,0.0,,,,,
36,female,50.0,1.488,same,same,1,0,0,gk,Y,0.0,,,,,
36,female,150.0,2.887,different,different,1,0,0,gk,Y,0.0,,,,,
36,female,0.0,0.974,same,same,1,0,0,gk,Y,0.0,,,,,
36,female,150.0,3.651,same,same,1,0,0,gk,Y,0.0,,,,,
36,female,0.0,1.205,different,different,1,0,0,gk,Y,0.0,,,,,
36,female,50.0,1.957,different,different,1,0,0,gk,Y,0.0,,,,,
36,female,50.0,1.725,same,same,1,0,0,gk,Y,0.0,,,,,
36,female,100.0,2.036,same,same,1,0,0,gk,Y,0.0,,,,,
36,female,100.0,4.041,different,different,1,0,0,gk,Y,0.0,,,,,
36,female,100.0,1.553,same,same,1,0,0,gk,Y,0.0,,,,,
36,female,100.0,2.091,different,different,1,0,0,gk,Y,0.0,,,,,
36,female,150.0,3.225,same,same,1,0,0,gk,Y,0.0,,,,,
36,female,0.0,2.023,different,different,1,0,0,gk,Y,0.0,,,,,
36,female,0.0,1.608,same,same,1,0,0,gk,Y,0.0,,,,,
36,female,50.0,3.799,same,same,1,0,0,gk,Y,0.0,,,,,
36,female,50.0,1.087,different,different,1,0,0,gk,Y,0.0,,,,,
36,female,150.0,1.701,different,different,1,0,0,gk,Y,0.0,,,,,
36,female,50.0,2.352,different,different,1,0,0,gk,Y,0.0,,,,,
36,female,0.0,1.046,same,same,1,0,0,gk,Y,0.0,,,,,
36,female,150.0,2.609,different,different,1,0,0,gk,Y,0.0,,,,,
36,female,50.0,2.242,same,same,1,0,0,gk,Y,0.0,,,,,
36,female,100.0,3.251,same,same,1,0,0,gk,Y,0.0,,,,,
36,female,0.0,1.766,different,different,1,0,0,gk,Y,0.0,,,,,
36,female,150.0,3.944,same,same,1,0,0,gk,Y,0.0,,,,,
36,female,100.0,3.521,different,different,1,0,0,gk,Y,0.0,,,,,
36,female,100.0,3.428,different,different,1,0,0,gk,Y,0.0,,,,,
36,female,50.0,1.599,same,same,1,0,0,gk,Y,0.0,,,,,
36,female,0.0,1.176,same,same,1,0,0,gk,Y,0.0,,,,,
36,female,150.0,3.449,same,same,1,0,0,gk,Y,0.0,,,,,
36,female,150.0,1.579,different,different,1,0,0,gk,Y,0.0,,,,,
36,female,50.0,1.417,different,different,1,0,0,gk,Y,0.0,,,,,
36,female,100.0,1.38,same,same,1,0,0,gk,Y,0.0,,,,,
36,female,0.0,4.526,different,different,1,0,0,gk,Y,0.0,,,,,
37,male,0.0,1.78,different,different,1,0,0,gk,Y,0.0,,,,,
37,male,150.0,3.019,different,different,1,0,0,gk,Y,0.0,,,,,
37,male,150.0,2.061,same,same,1,0,0,gk,Y,0.0,,,,,
37,male,100.0,2.472,same,same,1,0,0,gk,Y,0.0,,,,,
37,male,50.0,2.281,different,same,0,0,1,gk,Y,0.0,,,,,
37,male,50.0,1.967,different,different,1,0,0,gk,Y,0.0,,,,,
37,male,100.0,2.233,different,different,1,0,0,gk,Y,0.0,,,,,
37,male,0.0,1.242,same,same,1,0,0,gk,Y,0.0,,,,,
37,male,150.0,3.319,different,different,1,0,0,gk,Y,0.0,,,,,
37,male,150.0,3.403,same,same,1,0,0,gk,Y,0.0,,,,,
37,male,50.0,2.464,different,different,1,0,0,gk,Y,0.0,,,,,
37,male,0.0,1.922,different,different,1,0,0,gk,Y,0.0,,,,,
37,male,0.0,1.271,same,same,1,0,0,gk,Y,0.0,,,,,
37,male,100.0,2.64,different,different,1,0,0,gk,Y,0.0,,,,,
37,male,100.0,1.869,same,same,1,0,0,gk,Y,0.0,,,,,
37,male,50.0,3.312,same,same,1,0,0,gk,Y,0.0,,,,,
37,male,100.0,3.062,different,different,1,0,0,gk,Y,0.0,,,,,
37,male,150.0,2.782,same,same,1,0,0,gk,Y,0.0,,,,,
37,male,50.0,1.699,different,different,1,0,0,gk,Y,0.0,,,,,
37,male,50.0,3.068,same,same,1,0,0,gk,Y,0.0,,,,,
37,male,100.0,3.128,different,different,1,0,0,gk,Y,0.0,,,,,
37,male,0.0,1.918,different,different,1,0,0,gk,Y,0.0,,,,,
37,male,0.0,1.382,same,same,1,0,0,gk,Y,0.0,,,,,
37,male,150.0,2.212,different,different,1,0,0,gk,Y,0.0,,,,,
37,male,150.0,3.149,different,different,1,0,0,gk,Y,0.0,,,,,
37,male,50.0,4.162,different,different,1,0,0,gk,Y,0.0,,,,,
37,male,50.0,2.744,same,same,1,0,0,gk,Y,0.0,,,,,
37,male,100.0,3.885,different,same,0,0,1,gk,Y,0.0,,,,,
37,male,0.0,1.432,same,same,1,0,0,gk,Y,0.0,,,,,
37,male,0.0,2.136,different,different,1,0,0,gk,Y,0.0,,,,,
37,male,150.0,2.992,different,same,0,0,1,gk,Y,0.0,,,,,
37,male,100.0,3.35,different,different,1,0,0,gk,Y,0.0,,,,,
37,male,50.0,2.817,same,same,1,0,0,gk,Y,0.0,,,,,
37,male,100.0,3.58,different,same,0,0,1,gk,Y,0.0,,,,,
37,male,150.0,2.968,same,same,1,0,0,gk,Y,0.0,,,,,
37,male,0.0,2.155,different,different,1,0,0,gk,Y,0.0,,,,,
37,male,100.0,3.163,same,same,1,0,0,gk,Y,0.0,,,,,
37,male,150.0,3.146,different,different,1,0,0,gk,Y,0.0,,,,,
37,male,0.0,1.538,same,same,1,0,0,gk,Y,0.0,,,,,
37,male,50.0,2.24,different,different,1,0,0,gk,Y,0.0,,,,,
37,male,150.0,2.225,same,same,1,0,0,gk,Y,0.0,,,,,
37,male,0.0,1.627,different,different,1,0,0,gk,Y,0.0,,,,,
37,male,100.0,2.452,same,same,1,0,0,gk,Y,0.0,,,,,
37,male,150.0,2.688,same,different,0,1,0,gk,Y,0.0,,,,,
37,male,50.0,1.726,different,different,1,0,0,gk,Y,0.0,,,,,
37,male,100.0,1.82,same,different,0,1,0,gk,Y,0.0,,,,,
37,male,0.0,2.206,same,same,1,0,0,gk,Y,0.0,,,,,
37,male,50.0,2.759,different,same,0,0,1,gk,Y,0.0,,,,,
37,male,100.0,2.132,different,different,1,0,0,gk,Y,0.0,,,,,
37,male,150.0,2.41,different,different,1,0,0,gk,Y,0.0,,,,,
37,male,0.0,1.45,same,same,1,0,0,gk,Y,0.0,,,,,
37,male,0.0,1.533,different,different,1,0,0,gk,Y,0.0,,,,,
37,male,100.0,2.905,same,same,1,0,0,gk,Y,0.0,,,,,
37,male,50.0,1.745,different,different,1,0,0,gk,Y,0.0,,,,,
37,male,150.0,2.855,different,same,0,0,1,gk,Y,0.0,,,,,
37,male,50.0,2.087,same,same,1,0,0,gk,Y,0.0,,,,,
37,male,150.0,1.806,different,different,1,0,0,gk,Y,0.0,,,,,
37,male,100.0,2.815,different,different,1,0,0,gk,Y,0.0,,,,,
37,male,150.0,2.339,same,same,1,0,0,gk,Y,0.0,,,,,
37,male,100.0,2.705,same,same,1,0,0,gk,Y,0.0,,,,,
37,male,0.0,1.288,same,same,1,0,0,gk,Y,0.0,,,,,
37,male,0.0,1.657,different,different,1,0,0,gk,Y,0.0,,,,,
37,male,50.0,3.446,different,different,1,0,0,gk,Y,0.0,,,,,
37,male,50.0,2.511,same,same,1,0,0,gk,Y,0.0,,,,,
37,male,150.0,2.758,different,different,1,0,0,gk,Y,0.0,,,,,
37,male,0.0,1.387,same,same,1,0,0,gk,Y,0.0,,,,,
37,male,150.0,3.149,same,same,1,0,0,gk,Y,0.0,,,,,
37,male,0.0,2.066,different,different,1,0,0,gk,Y,0.0,,,,,
37,male,50.0,3.107,different,different,1,0,0,gk,Y,0.0,,,,,
37,male,50.0,2.078,same,same,1,0,0,gk,Y,0.0,,,,,
37,male,100.0,2.577,same,same,1,0,0,gk,Y,0.0,,,,,
37,male,100.0,4.334,same,different,0,1,0,gk,Y,0.0,,,,,
37,male,100.0,2.051,same,same,1,0,0,gk,Y,0.0,,,,,
37,male,100.0,2.334,different,different,1,0,0,gk,Y,0.0,,,,,
37,male,150.0,3.927,same,same,1,0,0,gk,Y,0.0,,,,,
37,male,0.0,2.656,different,different,1,0,0,gk,Y,0.0,,,,,
37,male,0.0,2.048,same,same,1,0,0,gk,Y,0.0,,,,,
37,male,50.0,2.617,same,same,1,0,0,gk,Y,0.0,,,,,
37,male,50.0,2.088,different,different,1,0,0,gk,Y,0.0,,,,,
37,male,150.0,2.649,different,different,1,0,0,gk,Y,0.0,,,,,
37,male,50.0,3.132,different,different,1,0,0,gk,Y,0.0,,,,,
37,male,0.0,1.288,same,same,1,0,0,gk,Y,0.0,,,,,
37,male,150.0,2.583,different,different,1,0,0,gk,Y,0.0,,,,,
37,male,50.0,2.781,same,same,1,0,0,gk,Y,0.0,,,,,
37,male,100.0,1.984,same,same,1,0,0,gk,Y,0.0,,,,,
37,male,0.0,2.163,different,different,1,0,0,gk,Y,0.0,,,,,
37,male,150.0,4.167,same,same,1,0,0,gk,Y,0.0,,,,,
37,male,100.0,2.507,same,different,0,1,0,gk,Y,0.0,,,,,
37,male,100.0,2.285,different,different,1,0,0,gk,Y,0.0,,,,,
37,male,50.0,2.289,same,same,1,0,0,gk,Y,0.0,,,,,
37,male,0.0,1.215,same,same,1,0,0,gk,Y,0.0,,,,,
37,male,150.0,2.339,same,same,1,0,0,gk,Y,0.0,,,,,
37,male,150.0,3.758,different,different,1,0,0,gk,Y,0.0,,,,,
37,male,50.0,1.873,different,different,1,0,0,gk,Y,0.0,,,,,
37,male,100.0,2.03,same,same,1,0,0,gk,Y,0.0,,,,,
37,male,0.0,2.102,different,different,1,0,0,gk,Y,0.0,,,,,
38,female,0.0,5.814,different,different,1,0,0,gk,Y,0.0,,,,,
38,female,150.0,5.351,different,different,1,0,0,gk,Y,0.0,,,,,
38,female,150.0,4.852,same,same,1,0,0,gk,Y,0.0,,,,,
38,female,100.0,6.869,different,same,0,0,1,gk,Y,0.0,,,,,
38,female,50.0,3.681,same,same,1,0,0,gk,Y,0.0,,,,,
38,female,50.0,4.445,different,different,1,0,0,gk,Y,0.0,,,,,
38,female,100.0,5.543,different,different,1,0,0,gk,Y,0.0,,,,,
38,female,0.0,1.777,same,same,1,0,0,gk,Y,0.0,,,,,
38,female,150.0,5.481,different,different,1,0,0,gk,Y,0.0,,,,,
38,female,50.0,5.27,different,different,1,0,0,gk,Y,0.0,,,,,
38,female,0.0,3.679,different,different,1,0,0,gk,Y,0.0,,,,,
38,female,0.0,1.741,same,same,1,0,0,gk,Y,0.0,,,,,
38,female,100.0,4.772,different,different,1,0,0,gk,Y,0.0,,,,,
38,female,100.0,4.231,same,same,1,0,0,gk,Y,0.0,,,,,
38,female,50.0,3.961,same,same,1,0,0,gk,Y,0.0,,,,,
38,female,100.0,5.735,different,different,1,0,0,gk,Y,0.0,,,,,
38,female,150.0,3.276,same,same,1,0,0,gk,Y,0.0,,,,,
38,female,50.0,4.374,different,different,1,0,0,gk,Y,0.0,,,,,
38,female,50.0,2.258,same,same,1,0,0,gk,Y,0.0,,,,,
38,female,100.0,4.61,different,different,1,0,0,gk,Y,0.0,,,,,
38,female,0.0,1.988,different,different,1,0,0,gk,Y,0.0,,,,,
38,female,0.0,1.749,same,same,1,0,0,gk,Y,0.0,,,,,
38,female,150.0,4.943,different,different,1,0,0,gk,Y,0.0,,,,,
38,female,150.0,4.529,different,different,1,0,0,gk,Y,0.0,,,,,
38,female,50.0,5.816,different,different,1,0,0,gk,Y,0.0,,,,,
38,female,50.0,3.954,same,same,1,0,0,gk,Y,0.0,,,,,
38,female,100.0,3.608,same,same,1,0,0,gk,Y,0.0,,,,,
38,female,0.0,1.232,same,same,1,0,0,gk,Y,0.0,,,,,
38,female,0.0,3.805,different,different,1,0,0,gk,Y,0.0,,,,,
38,female,150.0,4.914,same,same,1,0,0,gk,Y,0.0,,,,,
38,female,100.0,4.181,different,different,1,0,0,gk,Y,0.0,,,,,
38,female,50.0,4.069,same,same,1,0,0,gk,Y,0.0,,,,,
38,female,100.0,5.593,same,same,1,0,0,gk,Y,0.0,,,,,
38,female,150.0,6.309,same,same,1,0,0,gk,Y,0.0,,,,,
38,female,0.0,4.177,different,different,1,0,0,gk,Y,0.0,,,,,
38,female,100.0,4.81,different,same,0,0,1,gk,Y,0.0,,,,,
38,female,150.0,3.902,different,different,1,0,0,gk,Y,0.0,,,,,
38,female,0.0,1.27,same,same,1,0,0,gk,Y,0.0,,,,,
38,female,50.0,3.336,different,different,1,0,0,gk,Y,0.0,,,,,
38,female,150.0,4.068,same,same,1,0,0,gk,Y,0.0,,,,,
38,female,0.0,2.885,different,different,1,0,0,gk,Y,0.0,,,,,
38,female,100.0,6.108,same,same,1,0,0,gk,Y,0.0,,,,,
38,female,150.0,2.916,different,different,1,0,0,gk,Y,0.0,,,,,
38,female,50.0,3.73,different,different,1,0,0,gk,Y,0.0,,,,,
38,female,100.0,3.618,different,different,1,0,0,gk,Y,0.0,,,,,
38,female,0.0,1.489,same,same,1,0,0,gk,Y,0.0,,,,,
38,female,50.0,2.137,same,same,1,0,0,gk,Y,0.0,,,,,
38,female,100.0,3.385,different,different,1,0,0,gk,Y,0.0,,,,,
38,female,150.0,3.22,different,different,1,0,0,gk,Y,0.0,,,,,
38,female,0.0,1.235,same,same,1,0,0,gk,Y,0.0,,,,,
38,female,0.0,2.685,different,different,1,0,0,gk,Y,0.0,,,,,
38,female,100.0,2.935,same,same,1,0,0,gk,Y,0.0,,,,,
38,female,50.0,1.827,different,different,1,0,0,gk,Y,0.0,,,,,
38,female,150.0,3.11,same,same,1,0,0,gk,Y,0.0,,,,,
38,female,50.0,2.859,same,same,1,0,0,gk,Y,0.0,,,,,
38,female,150.0,2.588,different,different,1,0,0,gk,Y,0.0,,,,,
38,female,100.0,3.632,different,different,1,0,0,gk,Y,0.0,,,,,
38,female,150.0,2.77,same,same,1,0,0,gk,Y,0.0,,,,,
38,female,100.0,4.151,same,same,1,0,0,gk,Y,0.0,,,,,
38,female,0.0,1.562,same,same,1,0,0,gk,Y,0.0,,,,,
38,female,0.0,2.4,different,different,1,0,0,gk,Y,0.0,,,,,
38,female,50.0,1.874,different,different,1,0,0,gk,Y,0.0,,,,,
38,female,50.0,2.241,same,same,1,0,0,gk,Y,0.0,,,,,
38,female,150.0,3.21,different,different,1,0,0,gk,Y,0.0,,,,,
38,female,0.0,1.549,same,same,1,0,0,gk,Y,0.0,,,,,
38,female,150.0,3.147,same,same,1,0,0,gk,Y,0.0,,,,,
38,female,0.0,2.207,different,different,1,0,0,gk,Y,0.0,,,,,
38,female,50.0,4.027,different,different,1,0,0,gk,Y,0.0,,,,,
38,female,50.0,1.619,same,same,1,0,0,gk,Y,0.0,,,,,
38,female,100.0,2.045,same,same,1,0,0,gk,Y,0.0,,,,,
38,female,100.0,3.593,different,different,1,0,0,gk,Y,0.0,,,,,
38,female,100.0,1.611,same,same,1,0,0,gk,Y,0.0,,,,,
38,female,100.0,3.588,different,different,1,0,0,gk,Y,0.0,,,,,
38,female,150.0,3.326,different,same,0,0,1,gk,Y,0.0,,,,,
38,female,0.0,3.118,different,different,1,0,0,gk,Y,0.0,,,,,
38,female,0.0,2.004,same,same,1,0,0,gk,Y,0.0,,,,,
38,female,50.0,2.622,same,same,1,0,0,gk,Y,0.0,,,,,
38,female,50.0,1.725,different,different,1,0,0,gk,Y,0.0,,,,,
38,female,150.0,2.743,same,different,0,1,0,gk,Y,0.0,,,,,
38,female,50.0,2.052,different,different,1,0,0,gk,Y,0.0,,,,,
38,female,0.0,1.22,same,same,1,0,0,gk,Y,0.0,,,,,
38,female,150.0,2.862,different,different,1,0,0,gk,Y,0.0,,,,,
38,female,50.0,2.839,same,same,1,0,0,gk,Y,0.0,,,,,
38,female,100.0,2.992,same,same,1,0,0,gk,Y,0.0,,,,,
38,female,0.0,2.417,different,different,1,0,0,gk,Y,0.0,,,,,
38,female,150.0,3.942,same,same,1,0,0,gk,Y,0.0,,,,,
38,female,100.0,4.498,different,different,1,0,0,gk,Y,0.0,,,,,
38,female,100.0,4.884,different,different,1,0,0,gk,Y,0.0,,,,,
38,female,50.0,1.985,same,same,1,0,0,gk,Y,0.0,,,,,
38,female,0.0,1.197,same,same,1,0,0,gk,Y,0.0,,,,,
38,female,150.0,2.43,same,same,1,0,0,gk,Y,0.0,,,,,
38,female,150.0,2.561,same,different,0,1,0,gk,Y,0.0,,,,,
38,female,50.0,2.523,different,different,1,0,0,gk,Y,0.0,,,,,
38,female,100.0,2.172,same,same,1,0,0,gk,Y,0.0,,,,,
38,female,0.0,3.999,different,different,1,0,0,gk,Y,0.0,,,,,
39,male,0.0,1.518,different,different,1,0,0,gk,Y,0.0,,,,,
39,male,150.0,3.277,different,different,1,0,0,gk,Y,0.0,,,,,
39,male,150.0,2.526,same,same,1,0,0,gk,Y,0.0,,,,,
39,male,100.0,2.413,same,same,1,0,0,gk,Y,0.0,,,,,
39,male,50.0,3.305,same,same,1,0,0,gk,Y,0.0,,,,,
39,male,50.0,2.493,different,different,1,0,0,gk,Y,0.0,,,,,
39,male,100.0,3.07,different,different,1,0,0,gk,Y,0.0,,,,,
39,male,0.0,1.446,same,same,1,0,0,gk,Y,0.0,,,,,
39,male,150.0,3.001,different,different,1,0,0,gk,Y,0.0,,,,,
39,male,150.0,2.866,same,same,1,0,0,gk,Y,0.0,,,,,
39,male,50.0,2.372,same,different,0,1,0,gk,Y,0.0,,,,,
39,male,0.0,2.625,different,different,1,0,0,gk,Y,0.0,,,,,
39,male,0.0,1.71,same,same,1,0,0,gk,Y,0.0,,,,,
39,male,100.0,1.673,different,different,1,0,0,gk,Y,0.0,,,,,
39,male,100.0,3.256,different,same,0,0,1,gk,Y,0.0,,,,,
39,male,50.0,2.64,different,same,0,0,1,gk,Y,0.0,,,,,
39,male,100.0,2.787,different,different,1,0,0,gk,Y,0.0,,,,,
39,male,150.0,2.558,different,same,0,0,1,gk,Y,0.0,,,,,
39,male,50.0,3.356,different,different,1,0,0,gk,Y,0.0,,,,,
39,male,50.0,4.112,different,same,0,0,1,gk,Y,0.0,,,,,
39,male,100.0,3.435,different,different,1,0,0,gk,Y,0.0,,,,,
39,male,0.0,1.998,different,different,1,0,0,gk,Y,0.0,,,,,
39,male,0.0,1.889,same,same,1,0,0,gk,Y,0.0,,,,,
39,male,150.0,2.058,same,different,0,1,0,gk,Y,0.0,,,,,
39,male,150.0,2.657,different,different,1,0,0,gk,Y,0.0,,,,,
39,male,50.0,2.481,different,different,1,0,0,gk,Y,0.0,,,,,
39,male,50.0,2.531,same,same,1,0,0,gk,Y,0.0,,,,,
39,male,100.0,3.736,same,same,1,0,0,gk,Y,0.0,,,,,
39,male,0.0,2.325,same,same,1,0,0,gk,Y,0.0,,,,,
39,male,0.0,2.67,different,different,1,0,0,gk,Y,0.0,,,,,
39,male,150.0,3.753,different,same,0,0,1,gk,Y,0.0,,,,,
39,male,100.0,2.375,different,different,1,0,0,gk,Y,0.0,,,,,
39,male,50.0,2.338,same,same,1,0,0,gk,Y,0.0,,,,,
39,male,100.0,2.345,different,same,0,0,1,gk,Y,0.0,,,,,
39,male,150.0,5.263,same,same,1,0,0,gk,Y,0.0,,,,,
39,male,0.0,3.854,different,different,1,0,0,gk,Y,0.0,,,,,
39,male,100.0,2.553,same,same,1,0,0,gk,Y,0.0,,,,,
39,male,150.0,2.42,different,different,1,0,0,gk,Y,0.0,,,,,
39,male,0.0,2.563,same,same,1,0,0,gk,Y,0.0,,,,,
39,male,50.0,2.825,different,different,1,0,0,gk,Y,0.0,,,,,
39,male,150.0,3.019,different,same,0,0,1,gk,Y,0.0,,,,,
39,male,0.0,2.686,different,different,1,0,0,gk,Y,0.0,,,,,
39,male,100.0,2.095,same,same,1,0,0,gk,Y,0.0,,,,,
39,male,150.0,2.741,different,different,1,0,0,gk,Y,0.0,,,,,
39,male,50.0,2.075,different,different,1,0,0,gk,Y,0.0,,,,,
39,male,100.0,4.1,different,different,1,0,0,gk,Y,0.0,,,,,
39,male,0.0,1.474,same,same,1,0,0,gk,Y,0.0,,,,,
39,male,50.0,1.929,same,same,1,0,0,gk,Y,0.0,,,,,
39,male,100.0,2.172,different,different,1,0,0,gk,Y,0.0,,,,,
39,male,150.0,2.154,different,different,1,0,0,gk,Y,0.0,,,,,
39,male,0.0,1.254,same,same,1,0,0,gk,Y,0.0,,,,,
39,male,0.0,1.853,different,different,1,0,0,gk,Y,0.0,,,,,
39,male,100.0,2.559,same,same,1,0,0,gk,Y,0.0,,,,,
39,male,50.0,1.915,different,different,1,0,0,gk,Y,0.0,,,,,
39,male,150.0,3.262,different,same,0,0,1,gk,Y,0.0,,,,,
39,male,50.0,4.375,same,same,1,0,0,gk,Y,0.0,,,,,
39,male,150.0,3.061,same,different,0,1,0,gk,Y,0.0,,,,,
39,male,100.0,2.852,same,different,0,1,0,gk,Y,0.0,,,,,
39,male,150.0,2.71,different,same,0,0,1,gk,Y,0.0,,,,,
39,male,100.0,2.044,same,same,1,0,0,gk,Y,0.0,,,,,
39,male,0.0,1.31,same,same,1,0,0,gk,Y,0.0,,,,,
39,male,0.0,1.842,different,different,1,0,0,gk,Y,0.0,,,,,
39,male,50.0,3.324,different,different,1,0,0,gk,Y,0.0,,,,,
39,male,50.0,1.496,different,same,0,0,1,gk,Y,0.0,,,,,
39,male,150.0,2.416,different,different,1,0,0,gk,Y,0.0,,,,,
39,male,0.0,1.193,same,same,1,0,0,gk,Y,0.0,,,,,
39,male,150.0,2.204,different,same,0,0,1,gk,Y,0.0,,,,,
39,male,0.0,2.905,different,different,1,0,0,gk,Y,0.0,,,,,
39,male,50.0,2.856,different,different,1,0,0,gk,Y,0.0,,,,,
39,male,50.0,1.246,same,same,1,0,0,gk,Y,0.0,,,,,
39,male,100.0,1.978,same,same,1,0,0,gk,Y,0.0,,,,,
39,male,100.0,3.901,different,different,1,0,0,gk,Y,0.0,,,,,
39,male,100.0,2.444,same,same,1,0,0,gk,Y,0.0,,,,,
39,male,100.0,2.629,different,different,1,0,0,gk,Y,0.0,,,,,
39,male,150.0,4.068,different,same,0,0,1,gk,Y,0.0,,,,,
39,male,0.0,3.02,different,different,1,0,0,gk,Y,0.0,,,,,
39,male,0.0,1.152,same,same,1,0,0,gk,Y,0.0,,,,,
39,male,50.0,2.743,different,same,0,0,1,gk,Y,0.0,,,,,
39,male,50.0,2.058,different,different,1,0,0,gk,Y,0.0,,,,,
39,male,150.0,3.299,different,different,1,0,0,gk,Y,0.0,,,,,
39,male,50.0,3.362,different,different,1,0,0,gk,Y,0.0,,,,,
39,male,0.0,3.975,same,same,1,0,0,gk,Y,0.0,,,,,
39,male,150.0,1.906,different,different,1,0,0,gk,Y,0.0,,,,,
39,male,50.0,2.704,same,same,1,0,0,gk,Y,0.0,,,,,
39,male,100.0,3.216,same,same,1,0,0,gk,Y,0.0,,,,,
39,male,0.0,1.634,different,different,1,0,0,gk,Y,0.0,,,,,
39,male,150.0,4.06,different,same,0,0,1,gk,Y,0.0,,,,,
39,male,100.0,1.95,same,different,0,1,0,gk,Y,0.0,,,,,
39,male,100.0,4.228,different,different,1,0,0,gk,Y,0.0,,,,,
39,male,50.0,1.715,same,same,1,0,0,gk,Y,0.0,,,,,
39,male,0.0,1.154,same,same,1,0,0,gk,Y,0.0,,,,,
39,male,150.0,3.342,different,same,0,0,1,gk,Y,0.0,,,,,
39,male,150.0,3.347,different,different,1,0,0,gk,Y,0.0,,,,,
39,male,50.0,2.411,different,different,1,0,0,gk,Y,0.0,,,,,
39,male,100.0,2.749,same,same,1,0,0,gk,Y,0.0,,,,,
39,male,0.0,1.183,same,different,0,1,0,gk,Y,0.0,,,,,
40,female,0.0,2.165,different,different,1,0,0,gk,Y,0.0,,,,,
40,female,150.0,4.028,different,different,1,0,0,gk,Y,0.0,,,,,
40,female,150.0,3.911,same,same,1,0,0,gk,Y,0.0,,,,,
40,female,100.0,6.65,same,same,1,0,0,gk,Y,0.0,,,,,
40,female,50.0,3.081,same,same,1,0,0,gk,Y,0.0,,,,,
40,female,50.0,4.584,different,different,1,0,0,gk,Y,0.0,,,,,
40,female,100.0,4.118,different,different,1,0,0,gk,Y,0.0,,,,,
40,female,0.0,2.539,same,same,1,0,0,gk,Y,0.0,,,,,
40,female,150.0,4.424,different,different,1,0,0,gk,Y,0.0,,,,,
40,female,50.0,3.083,different,different,1,0,0,gk,Y,0.0,,,,,
40,female,0.0,1.852,different,different,1,0,0,gk,Y,0.0,,,,,
40,female,0.0,2.004,same,same,1,0,0,gk,Y,0.0,,,,,
40,female,100.0,2.063,different,different,1,0,0,gk,Y,0.0,,,,,
40,female,100.0,3.558,same,same,1,0,0,gk,Y,0.0,,,,,
40,female,50.0,2.348,same,same,1,0,0,gk,Y,0.0,,,,,
40,female,100.0,3.89,different,different,1,0,0,gk,Y,0.0,,,,,
40,female,150.0,3.21,same,same,1,0,0,gk,Y,0.0,,,,,
40,female,50.0,2.124,different,different,1,0,0,gk,Y,0.0,,,,,
40,female,50.0,2.514,same,same,1,0,0,gk,Y,0.0,,,,,
40,female,100.0,2.015,different,different,1,0,0,gk,Y,0.0,,,,,
40,female,0.0,2.553,different,different,1,0,0,gk,Y,0.0,,,,,
40,female,0.0,3.188,same,same,1,0,0,gk,Y,0.0,,,,,
40,female,150.0,3.009,different,different,1,0,0,gk,Y,0.0,,,,,
40,female,150.0,3.257,different,different,1,0,0,gk,Y,0.0,,,,,
40,female,50.0,2.797,different,different,1,0,0,gk,Y,0.0,,,,,
40,female,50.0,4.32,same,same,1,0,0,gk,Y,0.0,,,,,
40,female,100.0,4.888,same,same,1,0,0,gk,Y,0.0,,,,,
40,female,0.0,2.037,same,same,1,0,0,gk,Y,0.0,,,,,
40,female,0.0,3.99,different,different,1,0,0,gk,Y,0.0,,,,,
40,female,150.0,4.549,different,same,0,0,1,gk,Y,0.0,,,,,
40,female,100.0,4.848,different,different,1,0,0,gk,Y,0.0,,,,,
40,female,50.0,2.966,same,same,1,0,0,gk,Y,0.0,,,,,
40,female,100.0,6.631,same,same,1,0,0,gk,Y,0.0,,,,,
40,female,150.0,6.713,same,same,1,0,0,gk,Y,0.0,,,,,
40,female,0.0,2.182,different,different,1,0,0,gk,Y,0.0,,,,,
40,female,100.0,3.812,same,same,1,0,0,gk,Y,0.0,,,,,
40,female,150.0,5.613,different,different,1,0,0,gk,Y,0.0,,,,,
40,female,0.0,1.68,same,same,1,0,0,gk,Y,0.0,,,,,
40,female,50.0,3.701,different,different,1,0,0,gk,Y,0.0,,,,,
40,female,150.0,5.292,same,same,1,0,0,gk,Y,0.0,,,,,
40,female,0.0,2.3,different,different,1,0,0,gk,Y,0.0,,,,,
40,female,100.0,2.413,same,same,1,0,0,gk,Y,0.0,,,,,
40,female,150.0,4.696,different,different,1,0,0,gk,Y,0.0,,,,,
40,female,50.0,2.264,different,different,1,0,0,gk,Y,0.0,,,,,
40,female,100.0,3.255,different,different,1,0,0,gk,Y,0.0,,,,,
40,female,0.0,1.095,same,same,1,0,0,gk,Y,0.0,,,,,
40,female,50.0,3.656,same,same,1,0,0,gk,Y,0.0,,,,,
40,female,100.0,2.982,different,different,1,0,0,gk,Y,0.0,,,,,
40,female,150.0,2.381,different,different,1,0,0,gk,Y,0.0,,,,,
40,female,0.0,1.351,same,same,1,0,0,gk,Y,0.0,,,,,
40,female,0.0,4.494,different,different,1,0,0,gk,Y,0.0,,,,,
40,female,100.0,3.108,same,same,1,0,0,gk,Y,0.0,,,,,
40,female,50.0,1.367,different,different,1,0,0,gk,Y,0.0,,,,,
40,female,150.0,6.816,different,same,0,0,1,gk,Y,0.0,,,,,
40,female,50.0,2.273,same,same,1,0,0,gk,Y,0.0,,,,,
40,female,150.0,2.385,different,different,1,0,0,gk,Y,0.0,,,,,
40,female,100.0,2.056,different,different,1,0,0,gk,Y,0.0,,,,,
40,female,150.0,2.741,same,same,1,0,0,gk,Y,0.0,,,,,
40,female,100.0,3.555,same,same,1,0,0,gk,Y,0.0,,,,,
40,female,0.0,1.213,same,same,1,0,0,gk,Y,0.0,,,,,
40,female,0.0,1.193,different,different,1,0,0,gk,Y,0.0,,,,,
40,female,50.0,2.308,different,different,1,0,0,gk,Y,0.0,,,,,
40,female,50.0,2.319,same,same,1,0,0,gk,Y,0.0,,,,,
40,female,150.0,5.089,different,different,1,0,0,gk,Y,0.0,,,,,
40,female,0.0,1.983,same,same,1,0,0,gk,Y,0.0,,,,,
40,female,150.0,3.05,same,same,1,0,0,gk,Y,0.0,,,,,
40,female,0.0,1.251,different,different,1,0,0,gk,Y,0.0,,,,,
40,female,50.0,3.149,different,different,1,0,0,gk,Y,0.0,,,,,
40,female,50.0,1.792,same,same,1,0,0,gk,Y,0.0,,,,,
40,female,100.0,2.465,same,same,1,0,0,gk,Y,0.0,,,,,
40,female,100.0,0.075,different,same,0,0,1,gk,Y,0.0,,,,,
40,female,100.0,3.259,different,different,1,0,0,gk,Y,0.0,,,,,
40,female,150.0,3.634,same,same,1,0,0,gk,Y,0.0,,,,,
40,female,0.0,2.987,different,different,1,0,0,gk,Y,0.0,,,,,
40,female,0.0,2.618,same,same,1,0,0,gk,Y,0.0,,,,,
40,female,50.0,3.796,different,same,0,0,1,gk,Y,0.0,,,,,
40,female,50.0,3.749,different,different,1,0,0,gk,Y,0.0,,,,,
40,female,150.0,3.219,different,different,1,0,0,gk,Y,0.0,,,,,
40,female,50.0,3.735,different,different,1,0,0,gk,Y,0.0,,,,,
40,female,0.0,1.034,same,same,1,0,0,gk,Y,0.0,,,,,
40,female,150.0,5.456,different,different,1,0,0,gk,Y,0.0,,,,,
40,female,50.0,5.269,same,same,1,0,0,gk,Y,0.0,,,,,
40,female,100.0,2.335,same,same,1,0,0,gk,Y,0.0,,,,,
40,female,0.0,2.038,different,different,1,0,0,gk,Y,0.0,,,,,
40,female,150.0,3.111,different,same,0,0,1,gk,Y,0.0,,,,,
40,female,100.0,1.8,different,different,1,0,0,gk,Y,0.0,,,,,
40,female,100.0,2.281,different,different,1,0,0,gk,Y,0.0,,,,,
40,female,50.0,1.685,same,same,1,0,0,gk,Y,0.0,,,,,
40,female,0.0,0.989,same,same,1,0,0,gk,Y,0.0,,,,,
40,female,150.0,6.498,different,same,0,0,1,gk,Y,0.0,,,,,
40,female,150.0,3.983,different,different,1,0,0,gk,Y,0.0,,,,,
40,female,50.0,4.361,different,different,1,0,0,gk,Y,0.0,,,,,
40,female,100.0,1.65,same,same,1,0,0,gk,Y,0.0,,,,,
40,female,0.0,1.97,different,different,1,0,0,gk,Y,0.0,,,,,
41,female,0.0,2.058,different,different,1,0,0,gk,Y,0.0,,,,,
41,female,150.0,4.156,different,different,1,0,0,gk,Y,0.0,,,,,
41,female,150.0,2.457,same,same,1,0,0,gk,Y,0.0,,,,,
41,female,100.0,5.33,same,same,1,0,0,gk,Y,0.0,,,,,
41,female,50.0,5.08,same,same,1,0,0,gk,Y,0.0,,,,,
41,female,50.0,3.782,different,different,1,0,0,gk,Y,0.0,,,,,
41,female,100.0,2.83,different,different,1,0,0,gk,Y,0.0,,,,,
41,female,0.0,1.979,same,same,1,0,0,gk,Y,0.0,,,,,
41,female,150.0,4.033,different,different,1,0,0,gk,Y,0.0,,,,,
41,female,150.0,7.45,same,same,1,0,0,gk,Y,0.0,,,,,
41,female,50.0,3.684,different,different,1,0,0,gk,Y,0.0,,,,,
41,female,0.0,1.626,different,different,1,0,0,gk,Y,0.0,,,,,
41,female,0.0,1.94,same,same,1,0,0,gk,Y,0.0,,,,,
41,female,100.0,4.023,different,different,1,0,0,gk,Y,0.0,,,,,
41,female,100.0,3.366,same,same,1,0,0,gk,Y,0.0,,,,,
41,female,50.0,3.297,same,same,1,0,0,gk,Y,0.0,,,,,
41,female,100.0,4.26,different,different,1,0,0,gk,Y,0.0,,,,,
41,female,150.0,5.97,same,same,1,0,0,gk,Y,0.0,,,,,
41,female,50.0,2.055,different,different,1,0,0,gk,Y,0.0,,,,,
41,female,50.0,1.75,same,same,1,0,0,gk,Y,0.0,,,,,
41,female,100.0,2.133,different,different,1,0,0,gk,Y,0.0,,,,,
41,female,0.0,1.295,different,different,1,0,0,gk,Y,0.0,,,,,
41,female,0.0,1.679,same,same,1,0,0,gk,Y,0.0,,,,,
41,female,150.0,4.49,different,different,1,0,0,gk,Y,0.0,,,,,
41,female,150.0,2.591,different,different,1,0,0,gk,Y,0.0,,,,,
41,female,50.0,1.447,different,different,1,0,0,gk,Y,0.0,,,,,
41,female,50.0,4.915,same,same,1,0,0,gk,Y,0.0,,,,,
41,female,100.0,3.802,same,same,1,0,0,gk,Y,0.0,,,,,
41,female,0.0,1.323,same,same,1,0,0,gk,Y,0.0,,,,,
41,female,0.0,1.448,different,different,1,0,0,gk,Y,0.0,,,,,
41,female,150.0,5.703,same,same,1,0,0,gk,Y,0.0,,,,,
41,female,100.0,3.401,different,different,1,0,0,gk,Y,0.0,,,,,
41,female,50.0,3.545,same,same,1,0,0,gk,Y,0.0,,,,,
41,female,100.0,4.563,same,same,1,0,0,gk,Y,0.0,,,,,
41,female,150.0,6.882,same,same,1,0,0,gk,Y,0.0,,,,,
41,female,0.0,2.589,different,different,1,0,0,gk,Y,0.0,,,,,
41,female,100.0,2.733,same,same,1,0,0,gk,Y,0.0,,,,,
41,female,150.0,3.992,different,different,1,0,0,gk,Y,0.0,,,,,
41,female,0.0,1.132,same,same,1,0,0,gk,Y,0.0,,,,,
41,female,50.0,1.163,different,different,1,0,0,gk,Y,0.0,,,,,
41,female,0.0,1.477,different,different,1,0,0,gk,Y,0.0,,,,,
41,female,100.0,2.487,different,same,0,0,1,gk,Y,0.0,,,,,
41,female,150.0,2.768,different,different,1,0,0,gk,Y,0.0,,,,,
41,female,50.0,1.1,different,different,1,0,0,gk,Y,0.0,,,,,
41,female,100.0,1.778,different,different,1,0,0,gk,Y,0.0,,,,,
41,female,0.0,1.259,same,same,1,0,0,gk,Y,0.0,,,,,
41,female,50.0,2.323,same,same,1,0,0,gk,Y,0.0,,,,,
41,female,100.0,1.816,different,different,1,0,0,gk,Y,0.0,,,,,
41,female,150.0,2.123,different,different,1,0,0,gk,Y,0.0,,,,,
41,female,0.0,1.065,same,same,1,0,0,gk,Y,0.0,,,,,
41,female,0.0,1.577,different,different,1,0,0,gk,Y,0.0,,,,,
41,female,100.0,3.189,same,same,1,0,0,gk,Y,0.0,,,,,
41,female,50.0,0.985,different,different,1,0,0,gk,Y,0.0,,,,,
41,female,150.0,1.749,different,same,0,0,1,gk,Y,0.0,,,,,
41,female,50.0,1.192,same,same,1,0,0,gk,Y,0.0,,,,,
41,female,150.0,1.559,different,different,1,0,0,gk,Y,0.0,,,,,
41,female,100.0,1.876,different,different,1,0,0,gk,Y,0.0,,,,,
41,female,150.0,2.071,same,same,1,0,0,gk,Y,0.0,,,,,
41,female,100.0,2.639,same,same,1,0,0,gk,Y,0.0,,,,,
41,female,0.0,1.132,same,same,1,0,0,gk,Y,0.0,,,,,
41,female,0.0,1.045,different,different,1,0,0,gk,Y,0.0,,,,,
41,female,50.0,1.286,different,different,1,0,0,gk,Y,0.0,,,,,
41,female,50.0,1.46,same,same,1,0,0,gk,Y,0.0,,,,,
41,female,150.0,1.299,different,different,1,0,0,gk,Y,0.0,,,,,
41,female,0.0,2.436,same,same,1,0,0,gk,Y,0.0,,,,,
41,female,150.0,3.428,same,same,1,0,0,gk,Y,0.0,,,,,
41,female,0.0,1.122,different,different,1,0,0,gk,Y,0.0,,,,,
41,female,50.0,1.291,different,different,1,0,0,gk,Y,0.0,,,,,
41,female,50.0,1.602,same,same,1,0,0,gk,Y,0.0,,,,,
41,female,100.0,1.836,same,same,1,0,0,gk,Y,0.0,,,,,
41,female,100.0,1.955,same,different,0,1,0,gk,Y,0.0,,,,,
41,female,100.0,1.507,same,same,1,0,0,gk,Y,0.0,,,,,
41,female,100.0,3.206,different,different,1,0,0,gk,Y,0.0,,,,,
41,female,150.0,2.553,different,same,0,0,1,gk,Y,0.0,,,,,
41,female,0.0,1.564,different,different,1,0,0,gk,Y,0.0,,,,,
41,female,0.0,1.068,same,same,1,0,0,gk,Y,0.0,,,,,
41,female,50.0,2.207,same,same,1,0,0,gk,Y,0.0,,,,,
41,female,50.0,0.973,different,different,1,0,0,gk,Y,0.0,,,,,
41,female,150.0,1.799,different,different,1,0,0,gk,Y,0.0,,,,,
41,female,50.0,3.949,different,different,1,0,0,gk,Y,0.0,,,,,
41,female,0.0,0.895,same,same,1,0,0,gk,Y,0.0,,,,,
41,female,150.0,3.684,different,different,1,0,0,gk,Y,0.0,,,,,
41,female,50.0,4.544,same,same,1,0,0,gk,Y,0.0,,,,,
41,female,100.0,2.132,same,same,1,0,0,gk,Y,0.0,,,,,
41,female,0.0,2.715,different,different,1,0,0,gk,Y,0.0,,,,,
41,female,150.0,3.498,same,same,1,0,0,gk,Y,0.0,,,,,
41,female,100.0,3.005,different,different,1,0,0,gk,Y,0.0,,,,,
41,female,100.0,2.301,different,different,1,0,0,gk,Y,0.0,,,,,
41,female,50.0,1.695,same,same,1,0,0,gk,Y,0.0,,,,,
41,female,0.0,1.0,same,same,1,0,0,gk,Y,0.0,,,,,
41,female,150.0,1.795,different,same,0,0,1,gk,Y,0.0,,,,,
41,female,150.0,2.525,different,different,1,0,0,gk,Y,0.0,,,,,
41,female,50.0,1.302,different,different,1,0,0,gk,Y,0.0,,,,,
41,female,100.0,1.427,same,same,1,0,0,gk,Y,0.0,,,,,
41,female,0.0,1.172,different,different,1,0,0,gk,Y,0.0,,,,,
42,male,0.0,2.205,different,different,1,0,0,gk,Y,0.0,,,,,
42,male,150.0,2.27,different,different,1,0,0,gk,Y,0.0,,,,,
42,male,150.0,1.757,same,same,1,0,0,gk,Y,0.0,,,,,
42,male,100.0,3.663,same,same,1,0,0,gk,Y,0.0,,,,,
42,male,50.0,2.197,same,same,1,0,0,gk,Y,0.0,,,,,
42,male,50.0,1.583,different,different,1,0,0,gk,Y,0.0,,,,,
42,male,100.0,1.901,same,different,0,1,0,gk,Y,0.0,,,,,
42,male,0.0,2.395,same,same,1,0,0,gk,Y,0.0,,,,,
42,male,150.0,7.257,different,different,1,0,0,gk,Y,0.0,,,,,
42,male,150.0,3.722,same,same,1,0,0,gk,Y,0.0,,,,,
42,male,50.0,1.965,different,different,1,0,0,gk,Y,0.0,,,,,
42,male,0.0,2.003,different,different,1,0,0,gk,Y,0.0,,,,,
42,male,0.0,1.649,same,same,1,0,0,gk,Y,0.0,,,,,
42,male,100.0,2.686,different,different,1,0,0,gk,Y,0.0,,,,,
42,male,100.0,2.611,different,same,0,0,1,gk,Y,0.0,,,,,
42,male,50.0,4.375,different,same,0,0,1,gk,Y,0.0,,,,,
42,male,100.0,2.444,different,different,1,0,0,gk,Y,0.0,,,,,
42,male,150.0,4.074,different,same,0,0,1,gk,Y,0.0,,,,,
42,male,50.0,3.211,different,different,1,0,0,gk,Y,0.0,,,,,
42,male,50.0,1.575,same,same,1,0,0,gk,Y,0.0,,,,,
42,male,100.0,1.953,different,different,1,0,0,gk,Y,0.0,,,,,
42,male,0.0,2.588,different,different,1,0,0,gk,Y,0.0,,,,,
42,male,0.0,4.327,same,same,1,0,0,gk,Y,0.0,,,,,
42,male,150.0,2.922,different,different,1,0,0,gk,Y,0.0,,,,,
42,male,150.0,4.404,different,different,1,0,0,gk,Y,0.0,,,,,
42,male,50.0,2.038,different,different,1,0,0,gk,Y,0.0,,,,,
42,male,50.0,2.104,same,same,1,0,0,gk,Y,0.0,,,,,
42,male,100.0,3.422,same,same,1,0,0,gk,Y,0.0,,,,,
42,male,0.0,1.448,same,same,1,0,0,gk,Y,0.0,,,,,
42,male,0.0,2.359,different,different,1,0,0,gk,Y,0.0,,,,,
42,male,150.0,4.509,same,same,1,0,0,gk,Y,0.0,,,,,
42,male,100.0,4.421,different,different,1,0,0,gk,Y,0.0,,,,,
42,male,50.0,1.469,same,same,1,0,0,gk,Y,0.0,,,,,
42,male,100.0,3.887,same,same,1,0,0,gk,Y,0.0,,,,,
42,male,150.0,6.079,same,same,1,0,0,gk,Y,0.0,,,,,
42,male,0.0,1.421,different,different,1,0,0,gk,Y,0.0,,,,,
42,male,100.0,4.345,same,same,1,0,0,gk,Y,0.0,,,,,
42,male,150.0,3.924,different,different,1,0,0,gk,Y,0.0,,,,,
42,male,0.0,2.386,same,same,1,0,0,gk,Y,0.0,,,,,
42,male,50.0,1.192,different,different,1,0,0,gk,Y,0.0,,,,,
42,male,150.0,3.168,same,same,1,0,0,gk,Y,0.0,,,,,
42,male,0.0,1.885,different,different,1,0,0,gk,Y,0.0,,,,,
42,male,100.0,3.126,same,same,1,0,0,gk,Y,0.0,,,,,
42,male,150.0,2.528,different,different,1,0,0,gk,Y,0.0,,,,,
42,male,50.0,1.417,different,different,1,0,0,gk,Y,0.0,,,,,
42,male,100.0,2.253,different,different,1,0,0,gk,Y,0.0,,,,,
42,male,0.0,1.444,same,same,1,0,0,gk,Y,0.0,,,,,
42,male,50.0,2.868,same,same,1,0,0,gk,Y,0.0,,,,,
42,male,100.0,1.499,different,different,1,0,0,gk,Y,0.0,,,,,
42,male,150.0,1.766,different,different,1,0,0,gk,Y,0.0,,,,,
42,male,0.0,1.45,same,same,1,0,0,gk,Y,0.0,,,,,
42,male,0.0,1.538,different,different,1,0,0,gk,Y,0.0,,,,,
42,male,100.0,3.575,same,same,1,0,0,gk,Y,0.0,,,,,
42,male,50.0,1.074,different,different,1,0,0,gk,Y,0.0,,,,,
42,male,150.0,3.933,same,same,1,0,0,gk,Y,0.0,,,,,
42,male,50.0,1.537,same,same,1,0,0,gk,Y,0.0,,,,,
42,male,150.0,1.215,different,different,1,0,0,gk,Y,0.0,,,,,
42,male,100.0,5.474,different,different,1,0,0,gk,Y,0.0,,,,,
42,male,150.0,2.103,same,same,1,0,0,gk,Y,0.0,,,,,
42,male,100.0,2.622,same,same,1,0,0,gk,Y,0.0,,,,,
42,male,0.0,1.269,same,same,1,0,0,gk,Y,0.0,,,,,
42,male,0.0,1.91,different,different,1,0,0,gk,Y,0.0,,,,,
42,male,50.0,2.203,different,different,1,0,0,gk,Y,0.0,,,,,
42,male,50.0,2.095,same,same,1,0,0,gk,Y,0.0,,,,,
42,male,150.0,1.774,different,different,1,0,0,gk,Y,0.0,,,,,
42,male,0.0,1.585,same,same,1,0,0,gk,Y,0.0,,,,,
42,male,150.0,3.076,same,same,1,0,0,gk,Y,0.0,,,,,
42,male,0.0,1.57,different,different,1,0,0,gk,Y,0.0,,,,,
42,male,50.0,1.99,different,different,1,0,0,gk,Y,0.0,,,,,
42,male,50.0,1.57,same,same,1,0,0,gk,Y,0.0,,,,,
42,male,100.0,2.271,same,same,1,0,0,gk,Y,0.0,,,,,
42,male,100.0,5.183,different,different,1,0,0,gk,Y,0.0,,,,,
42,male,100.0,2.283,same,same,1,0,0,gk,Y,0.0,,,,,
42,male,100.0,2.056,different,different,1,0,0,gk,Y,0.0,,,,,
42,male,150.0,4.546,same,same,1,0,0,gk,Y,0.0,,,,,
42,male,0.0,2.784,different,different,1,0,0,gk,Y,0.0,,,,,
42,male,0.0,4.371,same,same,1,0,0,gk,Y,0.0,,,,,
42,male,50.0,6.574,different,same,0,0,1,gk,Y,0.0,,,,,
42,male,50.0,1.258,different,different,1,0,0,gk,Y,0.0,,,,,
42,male,150.0,4.483,different,different,1,0,0,gk,Y,0.0,,,,,
42,male,50.0,3.224,different,different,1,0,0,gk,Y,0.0,,,,,
42,male,0.0,1.155,same,same,1,0,0,gk,Y,0.0,,,,,
42,male,150.0,1.474,different,different,1,0,0,gk,Y,0.0,,,,,
42,male,50.0,2.201,same,same,1,0,0,gk,Y,0.0,,,,,
42,male,100.0,1.46,same,same,1,0,0,gk,Y,0.0,,,,,
42,male,0.0,1.754,different,different,1,0,0,gk,Y,0.0,,,,,
42,male,150.0,1.561,different,same,0,0,1,gk,Y,0.0,,,,,
42,male,100.0,2.044,different,different,1,0,0,gk,Y,0.0,,,,,
42,male,100.0,1.741,different,different,1,0,0,gk,Y,0.0,,,,,
42,male,50.0,2.361,same,same,1,0,0,gk,Y,0.0,,,,,
42,male,0.0,1.173,same,same,1,0,0,gk,Y,0.0,,,,,
42,male,150.0,2.9,same,same,1,0,0,gk,Y,0.0,,,,,
42,male,150.0,4.222,different,different,1,0,0,gk,Y,0.0,,,,,
42,male,50.0,1.56,different,different,1,0,0,gk,Y,0.0,,,,,
42,male,100.0,1.847,same,same,1,0,0,gk,Y,0.0,,,,,
42,male,0.0,5.854,different,different,1,0,0,gk,Y,0.0,,,,,
43,female,0.0,2.069,same,different,0,1,0,gk,Y,0.0,,,,,
43,female,150.0,4.122,same,different,0,1,0,gk,Y,0.0,,,,,
43,female,150.0,2.749,different,same,0,0,1,gk,Y,0.0,,,,,
43,female,100.0,5.067,different,same,0,0,1,gk,Y,0.0,,,,,
43,female,50.0,4.021,same,same,1,0,0,gk,Y,0.0,,,,,
43,female,50.0,3.326,different,different,1,0,0,gk,Y,0.0,,,,,
43,female,100.0,3.774,same,different,0,1,0,gk,Y,0.0,,,,,
43,female,0.0,1.582,same,same,1,0,0,gk,Y,0.0,,,,,
43,female,150.0,4.107,same,same,1,0,0,gk,Y,0.0,,,,,
43,female,50.0,2.371,different,different,1,0,0,gk,Y,0.0,,,,,
43,female,0.0,2.15,different,different,1,0,0,gk,Y,0.0,,,,,
43,female,0.0,2.971,same,same,1,0,0,gk,Y,0.0,,,,,
43,female,100.0,3.444,same,different,0,1,0,gk,Y,0.0,,,,,
43,female,100.0,3.055,same,same,1,0,0,gk,Y,0.0,,,,,
43,female,50.0,5.31,same,same,1,0,0,gk,Y,0.0,,,,,
43,female,100.0,2.46,different,different,1,0,0,gk,Y,0.0,,,,,
43,female,150.0,2.976,same,same,1,0,0,gk,Y,0.0,,,,,
43,female,50.0,2.57,different,different,1,0,0,gk,Y,0.0,,,,,
43,female,50.0,1.727,same,same,1,0,0,gk,Y,0.0,,,,,
43,female,100.0,2.847,same,different,0,1,0,gk,Y,0.0,,,,,
43,female,0.0,1.042,same,different,0,1,0,gk,Y,0.0,,,,,
43,female,0.0,3.125,same,same,1,0,0,gk,Y,0.0,,,,,
43,female,150.0,4.046,different,different,1,0,0,gk,Y,0.0,,,,,
43,female,150.0,5.974,different,different,1,0,0,gk,Y,0.0,,,,,
43,female,50.0,3.8,different,different,1,0,0,gk,Y,0.0,,,,,
43,female,50.0,2.994,same,same,1,0,0,gk,Y,0.0,,,,,
43,female,100.0,6.24,same,same,1,0,0,gk,Y,0.0,,,,,
43,female,0.0,1.078,same,same,1,0,0,gk,Y,0.0,,,,,
43,female,0.0,1.381,different,different,1,0,0,gk,Y,0.0,,,,,
43,female,150.0,3.865,different,same,0,0,1,gk,Y,0.0,,,,,
43,female,50.0,3.994,same,same,1,0,0,gk,Y,0.0,,,,,
43,female,100.0,4.645,different,same,0,0,1,gk,Y,0.0,,,,,
43,female,150.0,4.054,different,same,0,0,1,gk,Y,0.0,,,,,
43,female,0.0,1.307,different,different,1,0,0,gk,Y,0.0,,,,,
43,female,100.0,3.51,same,same,1,0,0,gk,Y,0.0,,,,,
43,female,150.0,3.696,different,different,1,0,0,gk,Y,0.0,,,,,
43,female,0.0,1.378,same,same,1,0,0,gk,Y,0.0,,,,,
43,female,50.0,2.064,different,different,1,0,0,gk,Y,0.0,,,,,
43,female,150.0,3.109,same,same,1,0,0,gk,Y,0.0,,,,,
43,female,0.0,1.355,different,different,1,0,0,gk,Y,0.0,,,,,
43,female,100.0,5.535,same,same,1,0,0,gk,Y,0.0,,,,,
43,female,150.0,3.43,different,different,1,0,0,gk,Y,0.0,,,,,
43,female,50.0,1.624,different,different,1,0,0,gk,Y,0.0,,,,,
43,female,100.0,1.723,different,different,1,0,0,gk,Y,0.0,,,,,
43,female,0.0,1.159,same,same,1,0,0,gk,Y,0.0,,,,,
43,female,50.0,2.18,same,same,1,0,0,gk,Y,0.0,,,,,
43,female,100.0,3.876,same,different,0,1,0,gk,Y,0.0,,,,,
43,female,150.0,1.811,different,different,1,0,0,gk,Y,0.0,,,,,
43,female,0.0,1.239,same,same,1,0,0,gk,Y,0.0,,,,,
43,female,0.0,1.504,different,different,1,0,0,gk,Y,0.0,,,,,
43,female,100.0,3.593,same,same,1,0,0,gk,Y,0.0,,,,,
43,female,50.0,0.952,different,different,1,0,0,gk,Y,0.0,,,,,
43,female,150.0,3.84,different,same,0,0,1,gk,Y,0.0,,,,,
43,female,50.0,1.743,same,same,1,0,0,gk,Y,0.0,,,,,
43,female,150.0,0.948,different,different,1,0,0,gk,Y,0.0,,,,,
43,female,100.0,4.129,different,different,1,0,0,gk,Y,0.0,,,,,
43,female,150.0,3.669,same,same,1,0,0,gk,Y,0.0,,,,,
43,female,100.0,5.877,different,same,0,0,1,gk,Y,0.0,,,,,
43,female,0.0,0.972,same,same,1,0,0,gk,Y,0.0,,,,,
43,female,0.0,4.027,same,different,0,1,0,gk,Y,0.0,,,,,
43,female,50.0,4.92,same,different,0,1,0,gk,Y,0.0,,,,,
43,female,50.0,4.13,different,same,0,0,1,gk,Y,0.0,,,,,
43,female,150.0,6.886,different,different,1,0,0,gk,Y,0.0,,,,,
43,female,0.0,2.04,same,same,1,0,0,gk,Y,0.0,,,,,
43,female,150.0,4.565,same,same,1,0,0,gk,Y,0.0,,,,,
43,female,0.0,2.44,same,different,0,1,0,gk,Y,0.0,,,,,
43,female,50.0,1.525,different,different,1,0,0,gk,Y,0.0,,,,,
43,female,50.0,2.128,same,same,1,0,0,gk,Y,0.0,,,,,
43,female,100.0,4.916,same,same,1,0,0,gk,Y,0.0,,,,,
43,female,100.0,3.374,different,different,1,0,0,gk,Y,0.0,,,,,
43,female,100.0,2.504,same,same,1,0,0,gk,Y,0.0,,,,,
43,female,100.0,2.934,different,different,1,0,0,gk,Y,0.0,,,,,
43,female,150.0,7.139,different,same,0,0,1,gk,Y,0.0,,,,,
43,female,0.0,2.863,same,different,0,1,0,gk,Y,0.0,,,,,
43,female,0.0,4.746,same,same,1,0,0,gk,Y,0.0,,,,,
43,female,50.0,3.278,same,same,1,0,0,gk,Y,0.0,,,,,
43,female,50.0,2.389,different,different,1,0,0,gk,Y,0.0,,,,,
43,female,150.0,6.004,different,different,1,0,0,gk,Y,0.0,,,,,
43,female,50.0,3.578,different,different,1,0,0,gk,Y,0.0,,,,,
43,female,0.0,1.657,same,same,1,0,0,gk,Y,0.0,,,,,
43,female,150.0,3.288,different,different,1,0,0,gk,Y,0.0,,,,,
43,female,50.0,3.424,same,same,1,0,0,gk,Y,0.0,,,,,
43,female,100.0,3.155,same,same,1,0,0,gk,Y,0.0,,,,,
43,female,0.0,2.37,different,different,1,0,0,gk,Y,0.0,,,,,
43,female,150.0,5.336,different,same,0,0,1,gk,Y,0.0,,,,,
43,female,100.0,2.358,different,different,1,0,0,gk,Y,0.0,,,,,
43,female,100.0,4.43,different,different,1,0,0,gk,Y,0.0,,,,,
43,female,50.0,4.692,different,same,0,0,1,gk,Y,0.0,,,,,
43,female,0.0,2.453,same,same,1,0,0,gk,Y,0.0,,,,,
43,female,150.0,5.95,same,same,1,0,0,gk,Y,0.0,,,,,
43,female,150.0,5.898,same,different,0,1,0,gk,Y,0.0,,,,,
43,female,50.0,4.369,different,different,1,0,0,gk,Y,0.0,,,,,
43,female,100.0,2.745,same,same,1,0,0,gk,Y,0.0,,,,,
43,female,0.0,3.285,same,different,0,1,0,gk,Y,0.0,,,,,
44,male,0.0,4.159,different,different,1,0,0,gk,Y,0.0,,,,,
44,male,150.0,4.932,same,same,1,0,0,gk,Y,0.0,,,,,
44,male,100.0,6.622,same,same,1,0,0,gk,Y,0.0,,,,,
44,male,50.0,4.998,different,same,0,0,1,gk,Y,0.0,,,,,
44,male,50.0,6.562,different,different,1,0,0,gk,Y,0.0,,,,,
44,male,0.0,3.75,same,same,1,0,0,gk,Y,0.0,,,,,
44,male,150.0,5.316,different,different,1,0,0,gk,Y,0.0,,,,,
44,male,150.0,5.217,same,same,1,0,0,gk,Y,0.0,,,,,
44,male,50.0,5.579,different,different,1,0,0,gk,Y,0.0,,,,,
44,male,0.0,5.002,different,different,1,0,0,gk,Y,0.0,,,,,
44,male,0.0,3.856,same,same,1,0,0,gk,Y,0.0,,,,,
44,male,100.0,5.652,different,different,1,0,0,gk,Y,0.0,,,,,
44,male,100.0,4.642,same,same,1,0,0,gk,Y,0.0,,,,,
44,male,50.0,6.036,same,same,1,0,0,gk,Y,0.0,,,,,
44,male,100.0,7.041,different,different,1,0,0,gk,Y,0.0,,,,,
44,male,150.0,5.535,same,same,1,0,0,gk,Y,0.0,,,,,
44,male,50.0,3.314,different,different,1,0,0,gk,Y,0.0,,,,,
44,male,50.0,4.453,same,same,1,0,0,gk,Y,0.0,,,,,
44,male,100.0,5.443,different,different,1,0,0,gk,Y,0.0,,,,,
44,male,0.0,3.845,same,different,0,1,0,gk,Y,0.0,,,,,
44,male,0.0,5.173,same,same,1,0,0,gk,Y,0.0,,,,,
44,male,150.0,7.186,different,different,1,0,0,gk,Y,0.0,,,,,
44,male,50.0,6.914,different,different,1,0,0,gk,Y,0.0,,,,,
44,male,50.0,5.334,same,same,1,0,0,gk,Y,0.0,,,,,
44,male,100.0,6.676,same,same,1,0,0,gk,Y,0.0,,,,,
44,male,0.0,3.017,same,same,1,0,0,gk,Y,0.0,,,,,
44,male,0.0,1.957,different,different,1,0,0,gk,Y,0.0,,,,,
44,male,150.0,7.466,different,same,0,0,1,gk,Y,0.0,,,,,
44,male,100.0,3.732,different,different,1,0,0,gk,Y,0.0,,,,,
44,male,50.0,4.601,same,same,1,0,0,gk,Y,0.0,,,,,
44,male,100.0,5.389,same,same,1,0,0,gk,Y,0.0,,,,,
44,male,150.0,5.496,same,same,1,0,0,gk,Y,0.0,,,,,
44,male,0.0,1.995,different,different,1,0,0,gk,Y,0.0,,,,,
44,male,100.0,4.315,same,same,1,0,0,gk,Y,0.0,,,,,
44,male,150.0,5.216,same,different,0,1,0,gk,Y,0.0,,,,,
44,male,0.0,5.397,same,same,1,0,0,gk,Y,0.0,,,,,
44,male,50.0,4.877,different,different,1,0,0,gk,Y,0.0,,,,,
44,male,0.0,3.677,different,different,1,0,0,gk,Y,0.0,,,,,
44,male,100.0,3.613,same,same,1,0,0,gk,Y,0.0,,,,,
44,male,150.0,2.583,same,different,0,1,0,gk,Y,0.0,,,,,
44,male,50.0,4.205,different,different,1,0,0,gk,Y,0.0,,,,,
44,male,100.0,6.776,different,different,1,0,0,gk,Y,0.0,,,,,
44,male,0.0,3.05,same,same,1,0,0,gk,Y,0.0,,,,,
44,male,50.0,3.661,same,same,1,0,0,gk,Y,0.0,,,,,
44,male,100.0,6.597,different,different,1,0,0,gk,Y,0.0,,,,,
44,male,150.0,3.167,same,different,0,1,0,gk,Y,0.0,,,,,
44,male,0.0,2.331,same,same,1,0,0,gk,Y,0.0,,,,,
44,male,0.0,1.759,different,different,1,0,0,gk,Y,0.0,,,,,
44,male,100.0,6.476,same,same,1,0,0,gk,Y,0.0,,,,,
44,male,50.0,1.365,different,different,1,0,0,gk,Y,0.0,,,,,
44,male,150.0,5.136,same,same,1,0,0,gk,Y,0.0,,,,,
44,male,50.0,2.262,same,same,1,0,0,gk,Y,0.0,,,,,
44,male,150.0,5.479,different,different,1,0,0,gk,Y,0.0,,,,,
44,male,100.0,4.447,different,different,1,0,0,gk,Y,0.0,,,,,
44,male,150.0,3.624,same,same,1,0,0,gk,Y,0.0,,,,,
44,male,100.0,3.88,same,same,1,0,0,gk,Y,0.0,,,,,
44,male,0.0,1.449,same,same,1,0,0,gk,Y,0.0,,,,,
44,male,0.0,1.785,different,different,1,0,0,gk,Y,0.0,,,,,
44,male,50.0,5.555,different,different,1,0,0,gk,Y,0.0,,,,,
44,male,50.0,6.034,same,same,1,0,0,gk,Y,0.0,,,,,
44,male,150.0,6.723,different,different,1,0,0,gk,Y,0.0,,,,,
44,male,0.0,2.675,same,same,1,0,0,gk,Y,0.0,,,,,
44,male,150.0,2.537,same,same,1,0,0,gk,Y,0.0,,,,,
44,male,0.0,4.96,different,different,1,0,0,gk,Y,0.0,,,,,
44,male,50.0,5.17,same,same,1,0,0,gk,Y,0.0,,,,,
44,male,100.0,4.791,same,same,1,0,0,gk,Y,0.0,,,,,
44,male,100.0,5.42,different,different,1,0,0,gk,Y,0.0,,,,,
44,male,100.0,2.689,same,same,1,0,0,gk,Y,0.0,,,,,
44,male,100.0,3.553,different,different,1,0,0,gk,Y,0.0,,,,,
44,male,150.0,2.568,same,same,1,0,0,gk,Y,0.0,,,,,
44,male,0.0,3.293,different,different,1,0,0,gk,Y,0.0,,,,,
44,male,0.0,4.637,same,same,1,0,0,gk,Y,0.0,,,,,
44,male,50.0,5.66,same,same,1,0,0,gk,Y,0.0,,,,,
44,male,50.0,4.167,different,different,1,0,0,gk,Y,0.0,,,,,
44,male,150.0,6.722,same,different,0,1,0,gk,Y,0.0,,,,,
44,male,50.0,5.29,different,different,1,0,0,gk,Y,0.0,,,,,
44,male,0.0,1.15,same,same,1,0,0,gk,Y,0.0,,,,,
44,male,150.0,6.646,different,different,1,0,0,gk,Y,0.0,,,,,
44,male,50.0,1.83,same,same,1,0,0,gk,Y,0.0,,,,,
44,male,100.0,3.247,same,same,1,0,0,gk,Y,0.0,,,,,
44,male,0.0,2.305,different,different,1,0,0,gk,Y,0.0,,,,,
44,male,150.0,4.758,same,same,1,0,0,gk,Y,0.0,,,,,
44,male,100.0,4.876,different,different,1,0,0,gk,Y,0.0,,,,,
44,male,100.0,5.161,different,different,1,0,0,gk,Y,0.0,,,,,
44,male,50.0,1.39,same,same,1,0,0,gk,Y,0.0,,,,,
44,male,0.0,1.953,same,same,1,0,0,gk,Y,0.0,,,,,
44,male,150.0,3.245,same,same,1,0,0,gk,Y,0.0,,,,,
44,male,150.0,4.951,different,different,1,0,0,gk,Y,0.0,,,,,
44,male,50.0,3.251,different,different,1,0,0,gk,Y,0.0,,,,,
44,male,100.0,2.688,same,same,1,0,0,gk,Y,0.0,,,,,
44,male,0.0,4.735,same,different,0,1,0,gk,Y,0.0,,,,,
45,female,0.0,5.198,different,different,1,0,0,gk,Y,0.0,,,,,
45,female,150.0,3.703,different,different,1,0,0,gk,Y,0.0,,,,,
45,female,150.0,4.895,same,same,1,0,0,gk,Y,0.0,,,,,
45,female,100.0,5.536,same,same,1,0,0,gk,Y,0.0,,,,,
45,female,50.0,3.168,same,same,1,0,0,gk,Y,0.0,,,,,
45,female,50.0,3.126,different,different,1,0,0,gk,Y,0.0,,,,,
45,female,100.0,4.942,different,different,1,0,0,gk,Y,0.0,,,,,
45,female,0.0,1.28,same,same,1,0,0,gk,Y,0.0,,,,,
45,female,150.0,4.062,different,same,0,0,1,gk,Y,0.0,,,,,
45,female,50.0,5.499,different,different,1,0,0,gk,Y,0.0,,,,,
45,female,0.0,2.635,different,different,1,0,0,gk,Y,0.0,,,,,
45,female,0.0,1.202,same,same,1,0,0,gk,Y,0.0,,,,,
45,female,100.0,6.238,same,same,1,0,0,gk,Y,0.0,,,,,
45,female,50.0,4.655,same,same,1,0,0,gk,Y,0.0,,,,,
45,female,100.0,6.725,different,different,1,0,0,gk,Y,0.0,,,,,
45,female,50.0,6.283,same,different,0,1,0,gk,Y,0.0,,,,,
45,female,50.0,3.455,same,same,1,0,0,gk,Y,0.0,,,,,
45,female,100.0,4.449,different,different,1,0,0,gk,Y,0.0,,,,,
45,female,0.0,1.958,different,different,1,0,0,gk,Y,0.0,,,,,
45,female,0.0,1.41,same,same,1,0,0,gk,Y,0.0,,,,,
45,female,150.0,5.135,different,different,1,0,0,gk,Y,0.0,,,,,
45,female,150.0,3.766,different,different,1,0,0,gk,Y,0.0,,,,,
45,female,50.0,2.657,different,different,1,0,0,gk,Y,0.0,,,,,
45,female,50.0,4.546,same,same,1,0,0,gk,Y,0.0,,,,,
45,female,100.0,5.44,same,same,1,0,0,gk,Y,0.0,,,,,
45,female,0.0,1.061,same,same,1,0,0,gk,Y,0.0,,,,,
45,female,0.0,2.993,different,different,1,0,0,gk,Y,0.0,,,,,
45,female,150.0,5.763,same,same,1,0,0,gk,Y,0.0,,,,,
45,female,50.0,5.121,same,same,1,0,0,gk,Y,0.0,,,,,
45,female,100.0,3.672,same,same,1,0,0,gk,Y,0.0,,,,,
45,female,150.0,5.297,same,same,1,0,0,gk,Y,0.0,,,,,
45,female,0.0,1.124,different,different,1,0,0,gk,Y,0.0,,,,,
45,female,100.0,4.935,same,same,1,0,0,gk,Y,0.0,,,,,
45,female,150.0,3.73,different,different,1,0,0,gk,Y,0.0,,,,,
45,female,0.0,0.968,same,same,1,0,0,gk,Y,0.0,,,,,
45,female,50.0,1.836,different,different,1,0,0,gk,Y,0.0,,,,,
45,female,150.0,5.495,same,same,1,0,0,gk,Y,0.0,,,,,
45,female,0.0,1.893,different,different,1,0,0,gk,Y,0.0,,,,,
45,female,100.0,6.748,different,same,0,0,1,gk,Y,0.0,,,,,
45,female,150.0,3.666,different,different,1,0,0,gk,Y,0.0,,,,,
45,female,50.0,1.692,different,different,1,0,0,gk,Y,0.0,,,,,
45,female,100.0,5.498,different,different,1,0,0,gk,Y,0.0,,,,,
45,female,0.0,1.458,same,same,1,0,0,gk,Y,0.0,,,,,
45,female,50.0,1.849,same,same,1,0,0,gk,Y,0.0,,,,,
45,female,100.0,4.283,different,different,1,0,0,gk,Y,0.0,,,,,
45,female,150.0,2.76,same,different,0,1,0,gk,Y,0.0,,,,,
45,female,0.0,1.211,same,same,1,0,0,gk,Y,0.0,,,,,
45,female,0.0,1.379,different,different,1,0,0,gk,Y,0.0,,,,,
45,female,100.0,3.985,same,same,1,0,0,gk,Y,0.0,,,,,
45,female,50.0,0.923,different,different,1,0,0,gk,Y,0.0,,,,,
45,female,150.0,4.644,same,same,1,0,0,gk,Y,0.0,,,,,
45,female,50.0,1.01,same,same,1,0,0,gk,Y,0.0,,,,,
45,female,150.0,1.213,different,different,1,0,0,gk,Y,0.0,,,,,
45,female,100.0,2.735,different,different,1,0,0,gk,Y,0.0,,,,,
45,female,150.0,3.014,same,same,1,0,0,gk,Y,0.0,,,,,
45,female,100.0,3.535,same,same,1,0,0,gk,Y,0.0,,,,,
45,female,0.0,1.33,same,same,1,0,0,gk,Y,0.0,,,,,
45,female,0.0,1.569,different,different,1,0,0,gk,Y,0.0,,,,,
45,female,50.0,1.75,different,different,1,0,0,gk,Y,0.0,,,,,
45,female,50.0,2.24,same,same,1,0,0,gk,Y,0.0,,,,,
45,female,150.0,3.541,different,different,1,0,0,gk,Y,0.0,,,,,
45,female,0.0,0.944,same,same,1,0,0,gk,Y,0.0,,,,,
45,female,150.0,2.662,different,same,0,0,1,gk,Y,0.0,,,,,
45,female,0.0,2.166,different,different,1,0,0,gk,Y,0.0,,,,,
45,female,50.0,2.164,different,different,1,0,0,gk,Y,0.0,,,,,
45,female,50.0,2.325,same,same,1,0,0,gk,Y,0.0,,,,,
45,female,100.0,2.012,same,same,1,0,0,gk,Y,0.0,,,,,
45,female,100.0,5.041,different,different,1,0,0,gk,Y,0.0,,,,,
45,female,100.0,3.097,same,same,1,0,0,gk,Y,0.0,,,,,
45,female,100.0,3.519,different,different,1,0,0,gk,Y,0.0,,,,,
45,female,150.0,3.997,same,same,1,0,0,gk,Y,0.0,,,,,
45,female,0.0,3.071,different,different,1,0,0,gk,Y,0.0,,,,,
45,female,0.0,2.017,same,same,1,0,0,gk,Y,0.0,,,,,
45,female,50.0,1.773,same,same,1,0,0,gk,Y,0.0,,,,,
45,female,50.0,0.965,different,different,1,0,0,gk,Y,0.0,,,,,
45,female,150.0,3.228,same,different,0,1,0,gk,Y,0.0,,,,,
45,female,50.0,5.051,different,different,1,0,0,gk,Y,0.0,,,,,
45,female,0.0,1.056,same,same,1,0,0,gk,Y,0.0,,,,,
45,female,150.0,1.546,different,different,1,0,0,gk,Y,0.0,,,,,
45,female,50.0,1.533,same,same,1,0,0,gk,Y,0.0,,,,,
45,female,100.0,6.539,same,same,1,0,0,gk,Y,0.0,,,,,
45,female,0.0,2.645,different,different,1,0,0,gk,Y,0.0,,,,,
45,female,150.0,6.448,same,same,1,0,0,gk,Y,0.0,,,,,
45,female,100.0,2.052,different,different,1,0,0,gk,Y,0.0,,,,,
45,female,100.0,4.461,different,different,1,0,0,gk,Y,0.0,,,,,
45,female,50.0,1.604,same,same,1,0,0,gk,Y,0.0,,,,,
45,female,0.0,0.983,same,same,1,0,0,gk,Y,0.0,,,,,
45,female,150.0,3.138,same,same,1,0,0,gk,Y,0.0,,,,,
45,female,150.0,4.158,different,different,1,0,0,gk,Y,0.0,,,,,
45,female,50.0,1.243,different,different,1,0,0,gk,Y,0.0,,,,,
45,female,100.0,1.36,same,same,1,0,0,gk,Y,0.0,,,,,
45,female,0.0,4.008,different,different,1,0,0,gk,Y,0.0,,,,,
46,female,0.0,2.83,different,different,1,0,0,gk,Y,0.0,,,,,
46,female,150.0,4.63,different,different,1,0,0,gk,Y,0.0,,,,,
46,female,150.0,2.303,same,same,1,0,0,gk,Y,0.0,,,,,
46,female,100.0,2.312,different,same,0,0,1,gk,Y,0.0,,,,,
46,female,50.0,2.23,same,same,1,0,0,gk,Y,0.0,,,,,
46,female,50.0,3.936,different,different,1,0,0,gk,Y,0.0,,,,,
46,female,100.0,5.071,different,different,1,0,0,gk,Y,0.0,,,,,
46,female,0.0,1.75,same,same,1,0,0,gk,Y,0.0,,,,,
46,female,150.0,6.412,different,different,1,0,0,gk,Y,0.0,,,,,
46,female,150.0,2.948,same,same,1,0,0,gk,Y,0.0,,,,,
46,female,50.0,5.162,different,different,1,0,0,gk,Y,0.0,,,,,
46,female,0.0,2.241,same,different,0,1,0,gk,Y,0.0,,,,,
46,female,0.0,1.216,same,same,1,0,0,gk,Y,0.0,,,,,
46,female,100.0,3.978,different,different,1,0,0,gk,Y,0.0,,,,,
46,female,100.0,3.382,same,same,1,0,0,gk,Y,0.0,,,,,
46,female,50.0,3.426,same,same,1,0,0,gk,Y,0.0,,,,,
46,female,100.0,5.971,different,different,1,0,0,gk,Y,0.0,,,,,
46,female,150.0,2.969,same,same,1,0,0,gk,Y,0.0,,,,,
46,female,50.0,4.357,different,different,1,0,0,gk,Y,0.0,,,,,
46,female,50.0,2.21,same,same,1,0,0,gk,Y,0.0,,,,,
46,female,100.0,3.099,different,different,1,0,0,gk,Y,0.0,,,,,
46,female,0.0,3.497,different,different,1,0,0,gk,Y,0.0,,,,,
46,female,0.0,2.008,same,same,1,0,0,gk,Y,0.0,,,,,
46,female,150.0,6.34,different,different,1,0,0,gk,Y,0.0,,,,,
46,female,150.0,3.576,different,different,1,0,0,gk,Y,0.0,,,,,
46,female,50.0,6.765,different,different,1,0,0,gk,Y,0.0,,,,,
46,female,50.0,4.346,same,same,1,0,0,gk,Y,0.0,,,,,
46,female,100.0,4.281,same,same,1,0,0,gk,Y,0.0,,,,,
46,female,0.0,2.118,same,same,1,0,0,gk,Y,0.0,,,,,
46,female,0.0,4.673,different,different,1,0,0,gk,Y,0.0,,,,,
46,female,150.0,3.907,same,same,1,0,0,gk,Y,0.0,,,,,
46,female,100.0,4.444,different,different,1,0,0,gk,Y,0.0,,,,,
46,female,50.0,4.383,same,same,1,0,0,gk,Y,0.0,,,,,
46,female,100.0,3.2,same,same,1,0,0,gk,Y,0.0,,,,,
46,female,150.0,7.076,same,same,1,0,0,gk,Y,0.0,,,,,
46,female,0.0,4.134,different,different,1,0,0,gk,Y,0.0,,,,,
46,female,100.0,6.15,same,same,1,0,0,gk,Y,0.0,,,,,
46,female,0.0,1.67,same,same,1,0,0,gk,Y,0.0,,,,,
46,female,50.0,3.822,same,different,0,1,0,gk,Y,0.0,,,,,
46,female,150.0,5.863,same,same,1,0,0,gk,Y,0.0,,,,,
46,female,0.0,2.721,different,different,1,0,0,gk,Y,0.0,,,,,
46,female,100.0,4.317,same,same,1,0,0,gk,Y,0.0,,,,,
46,female,150.0,3.152,same,different,0,1,0,gk,Y,0.0,,,,,
46,female,50.0,3.285,different,different,1,0,0,gk,Y,0.0,,,,,
46,female,100.0,4.955,different,different,1,0,0,gk,Y,0.0,,,,,
46,female,0.0,1.288,same,same,1,0,0,gk,Y,0.0,,,,,
46,female,50.0,2.721,same,same,1,0,0,gk,Y,0.0,,,,,
46,female,100.0,3.946,different,different,1,0,0,gk,Y,0.0,,,,,
46,female,150.0,4.766,different,different,1,0,0,gk,Y,0.0,,,,,
46,female,0.0,1.393,same,same,1,0,0,gk,Y,0.0,,,,,
46,female,0.0,2.212,different,different,1,0,0,gk,Y,0.0,,,,,
46,female,100.0,2.999,different,same,0,0,1,gk,Y,0.0,,,,,
46,female,50.0,2.416,different,different,1,0,0,gk,Y,0.0,,,,,
46,female,50.0,2.083,same,same,1,0,0,gk,Y,0.0,,,,,
46,female,150.0,2.475,different,different,1,0,0,gk,Y,0.0,,,,,
46,female,100.0,4.1,different,different,1,0,0,gk,Y,0.0,,,,,
46,female,150.0,2.722,same,same,1,0,0,gk,Y,0.0,,,,,
46,female,100.0,4.495,same,same,1,0,0,gk,Y,0.0,,,,,
46,female,0.0,1.07,same,same,1,0,0,gk,Y,0.0,,,,,
46,female,0.0,2.399,different,different,1,0,0,gk,Y,0.0,,,,,
46,female,50.0,4.361,different,different,1,0,0,gk,Y,0.0,,,,,
46,female,50.0,4.877,same,same,1,0,0,gk,Y,0.0,,,,,
46,female,150.0,2.527,different,different,1,0,0,gk,Y,0.0,,,,,
46,female,0.0,1.292,same,same,1,0,0,gk,Y,0.0,,,,,
46,female,150.0,3.331,same,same,1,0,0,gk,Y,0.0,,,,,
46,female,50.0,5.96,different,different,1,0,0,gk,Y,0.0,,,,,
46,female,50.0,2.989,same,same,1,0,0,gk,Y,0.0,,,,,
46,female,100.0,1.992,same,same,1,0,0,gk,Y,0.0,,,,,
46,female,100.0,5.582,different,different,1,0,0,gk,Y,0.0,,,,,
46,female,100.0,2.137,same,same,1,0,0,gk,Y,0.0,,,,,
46,female,100.0,5.661,same,different,0,1,0,gk,Y,0.0,,,,,
46,female,150.0,3.215,same,same,1,0,0,gk,Y,0.0,,,,,
46,female,0.0,7.465,different,different,1,0,0,gk,Y,0.0,,,,,
46,female,0.0,2.043,same,same,1,0,0,gk,Y,0.0,,,,,
46,female,50.0,4.93,same,same,1,0,0,gk,Y,0.0,,,,,
46,female,50.0,4.288,different,different,1,0,0,gk,Y,0.0,,,,,
46,female,150.0,4.176,different,different,1,0,0,gk,Y,0.0,,,,,
46,female,50.0,3.685,different,different,1,0,0,gk,Y,0.0,,,,,
46,female,0.0,1.196,same,same,1,0,0,gk,Y,0.0,,,,,
46,female,150.0,4.728,different,different,1,0,0,gk,Y,0.0,,,,,
46,female,50.0,2.241,same,same,1,0,0,gk,Y,0.0,,,,,
46,female,100.0,2.779,same,same,1,0,0,gk,Y,0.0,,,,,
46,female,0.0,1.345,same,different,0,1,0,gk,Y,0.0,,,,,
46,female,150.0,7.184,same,same,1,0,0,gk,Y,0.0,,,,,
46,female,100.0,2.835,different,different,1,0,0,gk,Y,0.0,,,,,
46,female,100.0,4.582,same,different,0,1,0,gk,Y,0.0,,,,,
46,female,50.0,4.97,same,same,1,0,0,gk,Y,0.0,,,,,
46,female,0.0,0.866,same,same,1,0,0,gk,Y,0.0,,,,,
46,female,150.0,2.686,same,same,1,0,0,gk,Y,0.0,,,,,
46,female,150.0,2.426,different,different,1,0,0,gk,Y,0.0,,,,,
46,female,50.0,2.284,different,different,1,0,0,gk,Y,0.0,,,,,
46,female,100.0,1.872,same,same,1,0,0,gk,Y,0.0,,,,,
46,female,0.0,3.432,different,different,1,0,0,gk,Y,0.0,,,,,
47,female,0.0,2.438,different,different,1,0,0,gk,Y,0.0,,,,,
47,female,150.0,3.716,different,different,1,0,0,gk,Y,0.0,,,,,
47,female,150.0,3.202,same,same,1,0,0,gk,Y,0.0,,,,,
47,female,100.0,6.31,different,same,0,0,1,gk,Y,0.0,,,,,
47,female,50.0,3.276,different,same,0,0,1,gk,Y,0.0,,,,,
47,female,50.0,2.746,different,different,1,0,0,gk,Y,0.0,,,,,
47,female,0.0,1.846,same,same,1,0,0,gk,Y,0.0,,,,,
47,female,150.0,3.596,different,different,1,0,0,gk,Y,0.0,,,,,
47,female,150.0,2.572,same,same,1,0,0,gk,Y,0.0,,,,,
47,female,50.0,2.871,different,different,1,0,0,gk,Y,0.0,,,,,
47,female,0.0,2.889,different,different,1,0,0,gk,Y,0.0,,,,,
47,female,0.0,1.418,same,same,1,0,0,gk,Y,0.0,,,,,
47,female,100.0,5.737,different,different,1,0,0,gk,Y,0.0,,,,,
47,female,50.0,2.527,different,same,0,0,1,gk,Y,0.0,,,,,
47,female,100.0,3.539,different,different,1,0,0,gk,Y,0.0,,,,,
47,female,150.0,2.649,same,same,1,0,0,gk,Y,0.0,,,,,
47,female,50.0,2.274,different,different,1,0,0,gk,Y,0.0,,,,,
47,female,50.0,1.79,same,same,1,0,0,gk,Y,0.0,,,,,
47,female,100.0,2.765,different,different,1,0,0,gk,Y,0.0,,,,,
47,female,0.0,1.689,different,different,1,0,0,gk,Y,0.0,,,,,
47,female,0.0,1.119,same,same,1,0,0,gk,Y,0.0,,,,,
47,female,150.0,5.607,different,different,1,0,0,gk,Y,0.0,,,,,
47,female,150.0,4.432,different,different,1,0,0,gk,Y,0.0,,,,,
47,female,50.0,2.946,different,different,1,0,0,gk,Y,0.0,,,,,
47,female,50.0,4.551,same,same,1,0,0,gk,Y,0.0,,,,,
47,female,100.0,4.607,same,same,1,0,0,gk,Y,0.0,,,,,
47,female,0.0,1.03,same,same,1,0,0,gk,Y,0.0,,,,,
47,female,0.0,1.602,different,different,1,0,0,gk,Y,0.0,,,,,
47,female,150.0,4.533,different,same,0,0,1,gk,Y,0.0,,,,,
47,female,100.0,5.707,different,different,1,0,0,gk,Y,0.0,,,,,
47,female,50.0,3.19,same,same,1,0,0,gk,Y,0.0,,,,,
47,female,100.0,4.948,same,same,1,0,0,gk,Y,0.0,,,,,
47,female,150.0,5.841,same,same,1,0,0,gk,Y,0.0,,,,,
47,female,0.0,1.731,different,different,1,0,0,gk,Y,0.0,,,,,
47,female,100.0,4.85,same,same,1,0,0,gk,Y,0.0,,,,,
47,female,150.0,4.343,different,different,1,0,0,gk,Y,0.0,,,,,
47,female,0.0,1.245,same,same,1,0,0,gk,Y,0.0,,,,,
47,female,50.0,1.471,different,different,1,0,0,gk,Y,0.0,,,,,
47,female,150.0,2.903,same,same,1,0,0,gk,Y,0.0,,,,,
47,female,0.0,1.399,different,different,1,0,0,gk,Y,0.0,,,,,
47,female,100.0,3.186,same,same,1,0,0,gk,Y,0.0,,,,,
47,female,150.0,4.305,different,different,1,0,0,gk,Y,0.0,,,,,
47,female,50.0,1.971,different,different,1,0,0,gk,Y,0.0,,,,,
47,female,100.0,2.792,different,different,1,0,0,gk,Y,0.0,,,,,
47,female,0.0,3.201,same,same,1,0,0,gk,Y,0.0,,,,,
47,female,50.0,4.045,same,same,1,0,0,gk,Y,0.0,,,,,
47,female,100.0,2.885,different,different,1,0,0,gk,Y,0.0,,,,,
47,female,150.0,3.92,different,different,1,0,0,gk,Y,0.0,,,,,
47,female,0.0,1.343,same,same,1,0,0,gk,Y,0.0,,,,,
47,female,0.0,1.103,different,different,1,0,0,gk,Y,0.0,,,,,
47,female,100.0,3.532,same,same,1,0,0,gk,Y,0.0,,,,,
47,female,50.0,1.102,different,different,1,0,0,gk,Y,0.0,,,,,
47,female,150.0,4.265,different,same,0,0,1,gk,Y,0.0,,,,,
47,female,50.0,1.398,same,same,1,0,0,gk,Y,0.0,,,,,
47,female,150.0,1.313,different,different,1,0,0,gk,Y,0.0,,,,,
47,female,100.0,2.634,different,different,1,0,0,gk,Y,0.0,,,,,
47,female,150.0,1.888,same,same,1,0,0,gk,Y,0.0,,,,,
47,female,100.0,3.945,same,same,1,0,0,gk,Y,0.0,,,,,
47,female,0.0,0.979,same,same,1,0,0,gk,Y,0.0,,,,,
47,female,0.0,1.033,different,different,1,0,0,gk,Y,0.0,,,,,
47,female,50.0,1.401,different,different,1,0,0,gk,Y,0.0,,,,,
47,female,50.0,1.18,same,same,1,0,0,gk,Y,0.0,,,,,
47,female,150.0,3.445,different,different,1,0,0,gk,Y,0.0,,,,,
47,female,0.0,1.756,same,same,1,0,0,gk,Y,0.0,,,,,
47,female,150.0,5.058,same,same,1,0,0,gk,Y,0.0,,,,,
47,female,0.0,2.403,different,different,1,0,0,gk,Y,0.0,,,,,
47,female,50.0,1.702,different,different,1,0,0,gk,Y,0.0,,,,,
47,female,50.0,1.628,same,same,1,0,0,gk,Y,0.0,,,,,
47,female,100.0,1.595,same,same,1,0,0,gk,Y,0.0,,,,,
47,female,100.0,4.522,different,different,1,0,0,gk,Y,0.0,,,,,
47,female,100.0,1.326,same,same,1,0,0,gk,Y,0.0,,,,,
47,female,100.0,2.258,different,different,1,0,0,gk,Y,0.0,,,,,
47,female,150.0,2.013,same,same,1,0,0,gk,Y,0.0,,,,,
47,female,0.0,1.8,same,same,1,0,0,gk,Y,0.0,,,,,
47,female,50.0,4.738,same,same,1,0,0,gk,Y,0.0,,,,,
47,female,50.0,1.117,different,different,1,0,0,gk,Y,0.0,,,,,
47,female,150.0,3.979,different,different,1,0,0,gk,Y,0.0,,,,,
47,female,50.0,3.538,different,different,1,0,0,gk,Y,0.0,,,,,
47,female,0.0,1.126,same,same,1,0,0,gk,Y,0.0,,,,,
47,female,50.0,3.76,same,same,1,0,0,gk,Y,0.0,,,,,
47,female,100.0,4.112,different,same,0,0,1,gk,Y,0.0,,,,,
47,female,0.0,1.527,different,different,1,0,0,gk,Y,0.0,,,,,
47,female,150.0,3.612,same,same,1,0,0,gk,Y,0.0,,,,,
47,female,100.0,3.016,different,different,1,0,0,gk,Y,0.0,,,,,
47,female,100.0,5.514,same,different,0,1,0,gk,Y,0.0,,,,,
47,female,50.0,3.485,same,same,1,0,0,gk,Y,0.0,,,,,
47,female,0.0,0.942,same,same,1,0,0,gk,Y,0.0,,,,,
47,female,150.0,6.261,different,same,0,0,1,gk,Y,0.0,,,,,
47,female,150.0,5.515,same,different,0,1,0,gk,Y,0.0,,,,,
47,female,50.0,1.323,different,different,1,0,0,gk,Y,0.0,,,,,
47,female,100.0,1.939,same,same,1,0,0,gk,Y,0.0,,,,,
47,female,0.0,3.95,different,different,1,0,0,gk,Y,0.0,,,,,
48,female,0.0,3.954,different,different,1,0,0,gk,Y,0.0,,,,,
48,female,150.0,6.32,different,different,1,0,0,gk,Y,0.0,,,,,
48,female,150.0,2.662,same,same,1,0,0,gk,Y,0.0,,,,,
48,female,100.0,6.871,same,same,1,0,0,gk,Y,0.0,,,,,
48,female,50.0,5.353,same,same,1,0,0,gk,Y,0.0,,,,,
48,female,50.0,2.162,different,different,1,0,0,gk,Y,0.0,,,,,
48,female,100.0,5.114,different,different,1,0,0,gk,Y,0.0,,,,,
48,female,0.0,1.262,same,same,1,0,0,gk,Y,0.0,,,,,
48,female,150.0,4.965,same,same,1,0,0,gk,Y,0.0,,,,,
48,female,50.0,5.828,different,different,1,0,0,gk,Y,0.0,,,,,
48,female,0.0,1.376,different,different,1,0,0,gk,Y,0.0,,,,,
48,female,0.0,0.974,same,same,1,0,0,gk,Y,0.0,,,,,
48,female,100.0,3.23,different,different,1,0,0,gk,Y,0.0,,,,,
48,female,100.0,3.15,same,same,1,0,0,gk,Y,0.0,,,,,
48,female,50.0,3.275,same,same,1,0,0,gk,Y,0.0,,,,,
48,female,100.0,2.891,different,different,1,0,0,gk,Y,0.0,,,,,
48,female,150.0,2.698,same,same,1,0,0,gk,Y,0.0,,,,,
48,female,50.0,1.723,different,different,1,0,0,gk,Y,0.0,,,,,
48,female,50.0,1.711,same,same,1,0,0,gk,Y,0.0,,,,,
48,female,100.0,1.709,different,different,1,0,0,gk,Y,0.0,,,,,
48,female,0.0,1.434,different,different,1,0,0,gk,Y,0.0,,,,,
48,female,0.0,1.163,same,same,1,0,0,gk,Y,0.0,,,,,
48,female,150.0,4.547,different,different,1,0,0,gk,Y,0.0,,,,,
48,female,50.0,4.052,same,different,0,1,0,gk,Y,0.0,,,,,
48,female,50.0,2.363,different,same,0,0,1,gk,Y,0.0,,,,,
48,female,100.0,2.865,same,same,1,0,0,gk,Y,0.0,,,,,
48,female,0.0,0.843,same,same,1,0,0,gk,Y,0.0,,,,,
48,female,0.0,2.533,different,different,1,0,0,gk,Y,0.0,,,,,
48,female,150.0,4.089,different,same,0,0,1,gk,Y,0.0,,,,,
48,female,100.0,4.961,different,different,1,0,0,gk,Y,0.0,,,,,
48,female,50.0,1.756,same,same,1,0,0,gk,Y,0.0,,,,,
48,female,100.0,4.04,same,same,1,0,0,gk,Y,0.0,,,,,
48,female,150.0,3.146,same,same,1,0,0,gk,Y,0.0,,,,,
48,female,0.0,4.129,different,different,1,0,0,gk,Y,0.0,,,,,
48,female,100.0,2.047,same,same,1,0,0,gk,Y,0.0,,,,,
48,female,150.0,3.103,different,different,1,0,0,gk,Y,0.0,,,,,
48,female,0.0,0.926,same,same,1,0,0,gk,Y,0.0,,,,,
48,female,50.0,1.292,different,different,1,0,0,gk,Y,0.0,,,,,
48,female,150.0,3.682,same,same,1,0,0,gk,Y,0.0,,,,,
48,female,0.0,1.25,different,different,1,0,0,gk,Y,0.0,,,,,
48,female,100.0,4.107,same,same,1,0,0,gk,Y,0.0,,,,,
48,female,150.0,3.996,different,different,1,0,0,gk,Y,0.0,,,,,
48,female,50.0,2.485,different,different,1,0,0,gk,Y,0.0,,,,,
48,female,100.0,4.126,different,different,1,0,0,gk,Y,0.0,,,,,
48,female,0.0,1.623,same,same,1,0,0,gk,Y,0.0,,,,,
48,female,50.0,5.465,same,same,1,0,0,gk,Y,0.0,,,,,
48,female,100.0,2.636,different,different,1,0,0,gk,Y,0.0,,,,,
48,female,150.0,2.891,different,different,1,0,0,gk,Y,0.0,,,,,
48,female,0.0,1.088,same,same,1,0,0,gk,Y,0.0,,,,,
48,female,0.0,1.625,different,different,1,0,0,gk,Y,0.0,,,,,
48,female,100.0,1.418,different,same,0,0,1,gk,Y,0.0,,,,,
48,female,50.0,1.274,different,different,1,0,0,gk,Y,0.0,,,,,
48,female,150.0,2.147,different,same,0,0,1,gk,Y,0.0,,,,,
48,female,50.0,1.191,same,same,1,0,0,gk,Y,0.0,,,,,
48,female,150.0,1.642,different,different,1,0,0,gk,Y,0.0,,,,,
48,female,100.0,2.298,different,different,1,0,0,gk,Y,0.0,,,,,
48,female,150.0,1.995,same,same,1,0,0,gk,Y,0.0,,,,,
48,female,100.0,4.051,same,same,1,0,0,gk,Y,0.0,,,,,
48,female,0.0,0.988,same,same,1,0,0,gk,Y,0.0,,,,,
48,female,0.0,0.905,different,different,1,0,0,gk,Y,0.0,,,,,
48,female,50.0,1.272,different,different,1,0,0,gk,Y,0.0,,,,,
48,female,50.0,1.607,same,same,1,0,0,gk,Y,0.0,,,,,
48,female,150.0,3.342,different,different,1,0,0,gk,Y,0.0,,,,,
48,female,0.0,1.053,same,same,1,0,0,gk,Y,0.0,,,,,
48,female,150.0,1.926,same,same,1,0,0,gk,Y,0.0,,,,,
48,female,0.0,2.348,different,different,1,0,0,gk,Y,0.0,,,,,
48,female,50.0,1.393,different,different,1,0,0,gk,Y,0.0,,,,,
48,female,50.0,1.619,same,same,1,0,0,gk,Y,0.0,,,,,
48,female,100.0,1.621,same,same,1,0,0,gk,Y,0.0,,,,,
48,female,100.0,2.196,different,different,1,0,0,gk,Y,0.0,,,,,
48,female,100.0,1.5,same,same,1,0,0,gk,Y,0.0,,,,,
48,female,100.0,1.607,different,different,1,0,0,gk,Y,0.0,,,,,
48,female,150.0,2.482,same,same,1,0,0,gk,Y,0.0,,,,,
48,female,0.0,1.634,different,different,1,0,0,gk,Y,0.0,,,,,
48,female,0.0,1.134,same,same,1,0,0,gk,Y,0.0,,,,,
48,female,50.0,1.845,different,same,0,0,1,gk,Y,0.0,,,,,
48,female,50.0,1.457,different,different,1,0,0,gk,Y,0.0,,,,,
48,female,150.0,2.228,same,different,0,1,0,gk,Y,0.0,,,,,
48,female,50.0,3.292,different,different,1,0,0,gk,Y,0.0,,,,,
48,female,0.0,0.836,same,same,1,0,0,gk,Y,0.0,,,,,
48,female,150.0,2.613,different,different,1,0,0,gk,Y,0.0,,,,,
48,female,50.0,2.801,different,same,0,0,1,gk,Y,0.0,,,,,
48,female,100.0,3.553,same,same,1,0,0,gk,Y,0.0,,,,,
48,female,0.0,1.56,different,different,1,0,0,gk,Y,0.0,,,,,
48,female,150.0,3.332,same,same,1,0,0,gk,Y,0.0,,,,,
48,female,100.0,3.235,different,different,1,0,0,gk,Y,0.0,,,,,
48,female,100.0,3.065,different,different,1,0,0,gk,Y,0.0,,,,,
48,female,50.0,2.565,same,same,1,0,0,gk,Y,0.0,,,,,
48,female,0.0,1.039,same,same,1,0,0,gk,Y,0.0,,,,,
48,female,150.0,2.461,same,same,1,0,0,gk,Y,0.0,,,,,
48,female,150.0,3.205,different,different,1,0,0,gk,Y,0.0,,,,,
48,female,50.0,1.23,different,different,1,0,0,gk,Y,0.0,,,,,
48,female,100.0,1.957,same,same,1,0,0,gk,Y,0.0,,,,,
48,female,0.0,1.471,different,different,1,0,0,gk,Y,0.0,,,,,
49,male,0.0,3.107,different,different,1,0,0,gk,Y,0.0,,,,,
49,male,150.0,2.93,different,different,1,0,0,gk,Y,0.0,,,,,
49,male,150.0,1.874,same,same,1,0,0,gk,Y,0.0,,,,,
49,male,100.0,3.793,same,same,1,0,0,gk,Y,0.0,,,,,
49,male,50.0,2.184,same,same,1,0,0,gk,Y,0.0,,,,,
49,male,50.0,1.749,different,different,1,0,0,gk,Y,0.0,,,,,
49,male,100.0,2.592,same,different,0,1,0,gk,Y,0.0,,,,,
49,male,0.0,2.879,same,same,1,0,0,gk,Y,0.0,,,,,
49,male,150.0,7.281,different,different,1,0,0,gk,Y,0.0,,,,,
49,male,150.0,2.386,same,same,1,0,0,gk,Y,0.0,,,,,
49,male,50.0,3.805,different,different,1,0,0,gk,Y,0.0,,,,,
49,male,0.0,1.696,different,different,1,0,0,gk,Y,0.0,,,,,
49,male,0.0,1.44,same,same,1,0,0,gk,Y,0.0,,,,,
49,male,100.0,2.135,different,different,1,0,0,gk,Y,0.0,,,,,
49,male,100.0,2.661,same,same,1,0,0,gk,Y,0.0,,,,,
49,male,50.0,1.989,same,same,1,0,0,gk,Y,0.0,,,,,
49,male,100.0,2.144,different,different,1,0,0,gk,Y,0.0,,,,,
49,male,150.0,3.094,same,same,1,0,0,gk,Y,0.0,,,,,
49,male,50.0,3.388,different,different,1,0,0,gk,Y,0.0,,,,,
49,male,50.0,1.799,same,same,1,0,0,gk,Y,0.0,,,,,
49,male,100.0,4.289,different,different,1,0,0,gk,Y,0.0,,,,,
49,male,0.0,2.279,different,different,1,0,0,gk,Y,0.0,,,,,
49,male,0.0,1.528,same,same,1,0,0,gk,Y,0.0,,,,,
49,male,150.0,3.939,different,different,1,0,0,gk,Y,0.0,,,,,
49,male,150.0,2.659,different,different,1,0,0,gk,Y,0.0,,,,,
49,male,50.0,3.409,different,different,1,0,0,gk,Y,0.0,,,,,
49,male,50.0,2.613,same,same,1,0,0,gk,Y,0.0,,,,,
49,male,100.0,2.963,same,same,1,0,0,gk,Y,0.0,,,,,
49,male,0.0,1.258,same,same,1,0,0,gk,Y,0.0,,,,,
49,male,0.0,2.787,different,different,1,0,0,gk,Y,0.0,,,,,
49,male,150.0,4.431,same,same,1,0,0,gk,Y,0.0,,,,,
49,male,100.0,4.179,different,different,1,0,0,gk,Y,0.0,,,,,
49,male,50.0,2.364,same,same,1,0,0,gk,Y,0.0,,,,,
49,male,100.0,2.658,same,same,1,0,0,gk,Y,0.0,,,,,
49,male,150.0,2.443,same,same,1,0,0,gk,Y,0.0,,,,,
49,male,0.0,2.021,different,different,1,0,0,gk,Y,0.0,,,,,
49,male,100.0,3.099,same,same,1,0,0,gk,Y,0.0,,,,,
49,male,150.0,3.291,different,different,1,0,0,gk,Y,0.0,,,,,
49,male,0.0,1.696,same,same,1,0,0,gk,Y,0.0,,,,,
49,male,50.0,3.369,different,different,1,0,0,gk,Y,0.0,,,,,
49,male,150.0,3.324,same,same,1,0,0,gk,Y,0.0,,,,,
49,male,0.0,2.458,different,different,1,0,0,gk,Y,0.0,,,,,
49,male,100.0,2.611,same,same,1,0,0,gk,Y,0.0,,,,,
49,male,150.0,4.276,different,different,1,0,0,gk,Y,0.0,,,,,
49,male,50.0,1.798,different,different,1,0,0,gk,Y,0.0,,,,,
49,male,100.0,3.825,different,different,1,0,0,gk,Y,0.0,,,,,
49,male,0.0,3.09,same,same,1,0,0,gk,Y,0.0,,,,,
49,male,50.0,2.313,same,same,1,0,0,gk,Y,0.0,,,,,
49,male,100.0,2.706,different,different,1,0,0,gk,Y,0.0,,,,,
49,male,150.0,1.659,different,different,1,0,0,gk,Y,0.0,,,,,
49,male,0.0,1.085,same,same,1,0,0,gk,Y,0.0,,,,,
49,male,0.0,1.187,different,different,1,0,0,gk,Y,0.0,,,,,
49,male,100.0,3.695,same,same,1,0,0,gk,Y,0.0,,,,,
49,male,50.0,1.057,different,different,1,0,0,gk,Y,0.0,,,,,
49,male,150.0,4.24,same,same,1,0,0,gk,Y,0.0,,,,,
49,male,50.0,1.517,same,same,1,0,0,gk,Y,0.0,,,,,
49,male,150.0,2.749,different,different,1,0,0,gk,Y,0.0,,,,,
49,male,100.0,2.153,same,different,0,1,0,gk,Y,0.0,,,,,
49,male,150.0,4.295,same,same,1,0,0,gk,Y,0.0,,,,,
49,male,100.0,2.012,same,same,1,0,0,gk,Y,0.0,,,,,
49,male,0.0,1.246,same,same,1,0,0,gk,Y,0.0,,,,,
49,male,0.0,3.573,different,different,1,0,0,gk,Y,0.0,,,,,
49,male,50.0,2.427,different,different,1,0,0,gk,Y,0.0,,,,,
49,male,50.0,2.038,same,same,1,0,0,gk,Y,0.0,,,,,
49,male,150.0,3.91,different,different,1,0,0,gk,Y,0.0,,,,,
49,male,0.0,1.142,same,same,1,0,0,gk,Y,0.0,,,,,
49,male,150.0,2.492,same,same,1,0,0,gk,Y,0.0,,,,,
49,male,0.0,2.291,different,different,1,0,0,gk,Y,0.0,,,,,
49,male,50.0,2.106,different,different,1,0,0,gk,Y,0.0,,,,,
49,male,50.0,2.303,same,same,1,0,0,gk,Y,0.0,,,,,
49,male,100.0,2.477,same,same,1,0,0,gk,Y,0.0,,,,,
49,male,100.0,2.943,different,different,1,0,0,gk,Y,0.0,,,,,
49,male,100.0,2.034,same,same,1,0,0,gk,Y,0.0,,,,,
49,male,100.0,2.204,different,different,1,0,0,gk,Y,0.0,,,,,
49,male,150.0,3.446,same,same,1,0,0,gk,Y,0.0,,,,,
49,male,0.0,2.296,different,different,1,0,0,gk,Y,0.0,,,,,
49,male,0.0,1.871,same,same,1,0,0,gk,Y,0.0,,,,,
49,male,50.0,2.661,same,same,1,0,0,gk,Y,0.0,,,,,
49,male,50.0,1.32,different,different,1,0,0,gk,Y,0.0,,,,,
49,male,150.0,4.866,different,different,1,0,0,gk,Y,0.0,,,,,
49,male,50.0,3.019,different,different,1,0,0,gk,Y,0.0,,,,,
49,male,0.0,1.148,same,same,1,0,0,gk,Y,0.0,,,,,
49,male,150.0,2.097,different,different,1,0,0,gk,Y,0.0,,,,,
49,male,50.0,1.902,same,same,1,0,0,gk,Y,0.0,,,,,
49,male,100.0,2.158,same,same,1,0,0,gk,Y,0.0,,,,,
49,male,0.0,2.618,different,different,1,0,0,gk,Y,0.0,,,,,
49,male,150.0,4.693,same,same,1,0,0,gk,Y,0.0,,,,,
49,male,100.0,2.878,different,different,1,0,0,gk,Y,0.0,,,,,
49,male,100.0,2.07,same,different,0,1,0,gk,Y,0.0,,,,,
49,male,50.0,4.554,same,same,1,0,0,gk,Y,0.0,,,,,
49,male,0.0,0.935,same,same,1,0,0,gk,Y,0.0,,,,,
49,male,150.0,1.84,same,same,1,0,0,gk,Y,0.0,,,,,
49,male,150.0,2.703,different,different,1,0,0,gk,Y,0.0,,,,,
49,male,50.0,2.141,different,different,1,0,0,gk,Y,0.0,,,,,
49,male,100.0,1.849,same,same,1,0,0,gk,Y,0.0,,,,,
49,male,0.0,2.442,different,different,1,0,0,gk,Y,0.0,,,,,
50,female,0.0,5.262,different,different,1,0,0,gk,Y,0.0,,,,,
50,female,150.0,3.977,different,different,1,0,0,gk,Y,0.0,,,,,
50,female,150.0,2.189,same,same,1,0,0,gk,Y,0.0,,,,,
50,female,100.0,4.956,same,same,1,0,0,gk,Y,0.0,,,,,
50,female,50.0,3.184,same,same,1,0,0,gk,Y,0.0,,,,,
50,female,50.0,3.315,different,different,1,0,0,gk,Y,0.0,,,,,
50,female,100.0,3.907,different,different,1,0,0,gk,Y,0.0,,,,,
50,female,0.0,2.504,same,same,1,0,0,gk,Y,0.0,,,,,
50,female,150.0,4.441,different,different,1,0,0,gk,Y,0.0,,,,,
50,female,150.0,3.047,same,same,1,0,0,gk,Y,0.0,,,,,
50,female,50.0,4.799,different,different,1,0,0,gk,Y,0.0,,,,,
50,female,0.0,3.929,different,different,1,0,0,gk,Y,0.0,,,,,
50,female,0.0,2.422,same,same,1,0,0,gk,Y,0.0,,,,,
50,female,100.0,3.859,different,different,1,0,0,gk,Y,0.0,,,,,
50,female,100.0,2.988,same,same,1,0,0,gk,Y,0.0,,,,,
50,female,50.0,3.374,same,same,1,0,0,gk,Y,0.0,,,,,
50,female,100.0,3.675,different,different,1,0,0,gk,Y,0.0,,,,,
50,female,150.0,2.04,same,same,1,0,0,gk,Y,0.0,,,,,
50,female,50.0,3.547,different,different,1,0,0,gk,Y,0.0,,,,,
50,female,50.0,2.005,same,same,1,0,0,gk,Y,0.0,,,,,
50,female,100.0,6.484,different,different,1,0,0,gk,Y,0.0,,,,,
50,female,0.0,3.859,different,different,1,0,0,gk,Y,0.0,,,,,
50,female,0.0,2.628,same,same,1,0,0,gk,Y,0.0,,,,,
50,female,150.0,4.017,same,different,0,1,0,gk,Y,0.0,,,,,
50,female,150.0,4.0,different,different,1,0,0,gk,Y,0.0,,,,,
50,female,50.0,4.209,different,different,1,0,0,gk,Y,0.0,,,,,
50,female,50.0,2.51,same,same,1,0,0,gk,Y,0.0,,,,,
50,female,100.0,5.03,same,same,1,0,0,gk,Y,0.0,,,,,
50,female,0.0,2.085,same,same,1,0,0,gk,Y,0.0,,,,,
50,female,0.0,3.309,different,different,1,0,0,gk,Y,0.0,,,,,
50,female,150.0,4.732,same,same,1,0,0,gk,Y,0.0,,,,,
50,female,100.0,3.1,different,different,1,0,0,gk,Y,0.0,,,,,
50,female,50.0,3.249,same,same,1,0,0,gk,Y,0.0,,,,,
50,female,100.0,4.618,same,same,1,0,0,gk,Y,0.0,,,,,
50,female,150.0,6.254,different,same,0,0,1,gk,Y,0.0,,,,,
50,female,0.0,3.205,different,different,1,0,0,gk,Y,0.0,,,,,
50,female,100.0,2.963,same,same,1,0,0,gk,Y,0.0,,,,,
50,female,150.0,4.149,different,different,1,0,0,gk,Y,0.0,,,,,
50,female,0.0,1.931,same,same,1,0,0,gk,Y,0.0,,,,,
50,female,50.0,4.119,different,different,1,0,0,gk,Y,0.0,,,,,
50,female,150.0,2.317,same,same,1,0,0,gk,Y,0.0,,,,,
50,female,0.0,3.155,different,different,1,0,0,gk,Y,0.0,,,,,
50,female,100.0,3.895,same,same,1,0,0,gk,Y,0.0,,,,,
50,female,150.0,2.88,different,different,1,0,0,gk,Y,0.0,,,,,
50,female,50.0,3.417,different,different,1,0,0,gk,Y,0.0,,,,,
50,female,100.0,2.34,different,different,1,0,0,gk,Y,0.0,,,,,
50,female,0.0,2.647,same,same,1,0,0,gk,Y,0.0,,,,,
50,female,50.0,3.168,same,same,1,0,0,gk,Y,0.0,,,,,
50,female,100.0,3.438,different,different,1,0,0,gk,Y,0.0,,,,,
50,female,150.0,2.949,different,different,1,0,0,gk,Y,0.0,,,,,
50,female,0.0,1.684,same,same,1,0,0,gk,Y,0.0,,,,,
50,female,0.0,2.498,different,different,1,0,0,gk,Y,0.0,,,,,
50,female,100.0,2.506,same,same,1,0,0,gk,Y,0.0,,,,,
50,female,50.0,1.779,different,different,1,0,0,gk,Y,0.0,,,,,
50,female,150.0,2.317,same,same,1,0,0,gk,Y,0.0,,,,,
50,female,50.0,2.514,same,same,1,0,0,gk,Y,0.0,,,,,
50,female,150.0,2.72,different,different,1,0,0,gk,Y,0.0,,,,,
50,female,100.0,2.696,different,different,1,0,0,gk,Y,0.0,,,,,
50,female,150.0,1.663,same,same,1,0,0,gk,Y,0.0,,,,,
50,female,100.0,2.743,same,same,1,0,0,gk,Y,0.0,,,,,
50,female,0.0,1.585,same,same,1,0,0,gk,Y,0.0,,,,,
50,female,0.0,1.502,different,different,1,0,0,gk,Y,0.0,,,,,
50,female,50.0,2.173,different,different,1,0,0,gk,Y,0.0,,,,,
50,female,50.0,1.984,same,same,1,0,0,gk,Y,0.0,,,,,
50,female,150.0,4.165,different,different,1,0,0,gk,Y,0.0,,,,,
50,female,0.0,2.585,same,same,1,0,0,gk,Y,0.0,,,,,
50,female,150.0,3.86,same,same,1,0,0,gk,Y,0.0,,,,,
50,female,0.0,1.868,different,different,1,0,0,gk,Y,0.0,,,,,
50,female,50.0,4.869,different,different,1,0,0,gk,Y,0.0,,,,,
50,female,50.0,2.485,same,same,1,0,0,gk,Y,0.0,,,,,
50,female,100.0,3.029,same,same,1,0,0,gk,Y,0.0,,,,,
50,female,100.0,4.423,different,different,1,0,0,gk,Y,0.0,,,,,
50,female,100.0,1.812,same,same,1,0,0,gk,Y,0.0,,,,,
50,female,100.0,3.201,different,different,1,0,0,gk,Y,0.0,,,,,
50,female,150.0,2.341,same,same,1,0,0,gk,Y,0.0,,,,,
50,female,0.0,2.209,same,different,0,1,0,gk,Y,0.0,,,,,
50,female,0.0,2.724,same,same,1,0,0,gk,Y,0.0,,,,,
50,female,50.0,2.491,same,same,1,0,0,gk,Y,0.0,,,,,
50,female,50.0,2.359,different,different,1,0,0,gk,Y,0.0,,,,,
50,female,150.0,2.565,different,different,1,0,0,gk,Y,0.0,,,,,
50,female,0.0,0.145,different,same,0,0,1,gk,Y,0.0,,,,,
50,female,150.0,4.391,different,different,1,0,0,gk,Y,0.0,,,,,
50,female,50.0,4.296,same,same,1,0,0,gk,Y,0.0,,,,,
50,female,100.0,3.633,same,same,1,0,0,gk,Y,0.0,,,,,
50,female,0.0,2.423,different,different,1,0,0,gk,Y,0.0,,,,,
50,female,150.0,3.512,same,same,1,0,0,gk,Y,0.0,,,,,
50,female,100.0,3.214,different,different,1,0,0,gk,Y,0.0,,,,,
50,female,100.0,3.099,different,different,1,0,0,gk,Y,0.0,,,,,
50,female,50.0,2.195,same,same,1,0,0,gk,Y,0.0,,,,,
50,female,0.0,1.868,same,same,1,0,0,gk,Y,0.0,,,,,
50,female,150.0,2.94,different,same,0,0,1,gk,Y,0.0,,,,,
50,female,150.0,2.52,different,different,1,0,0,gk,Y,0.0,,,,,
50,female,50.0,2.006,different,different,1,0,0,gk,Y,0.0,,,,,
50,female,100.0,2.592,same,same,1,0,0,gk,Y,0.0,,,,,
50,female,0.0,4.244,same,different,0,1,0,gk,Y,0.0,,,,,
51,female,0.0,4.607,same,different,0,1,0,gk,Y,0.0,,,,,
51,female,150.0,7.33,different,different,1,0,0,gk,Y,0.0,,,,,
51,female,150.0,4.689,different,same,0,0,1,gk,Y,0.0,,,,,
51,female,100.0,5.549,same,same,1,0,0,gk,Y,0.0,,,,,
51,female,50.0,2.961,same,same,1,0,0,gk,Y,0.0,,,,,
51,female,50.0,1.658,different,different,1,0,0,gk,Y,0.0,,,,,
51,female,100.0,2.243,different,different,1,0,0,gk,Y,0.0,,,,,
51,female,0.0,1.746,same,same,1,0,0,gk,Y,0.0,,,,,
51,female,150.0,6.125,different,different,1,0,0,gk,Y,0.0,,,,,
51,female,150.0,2.658,different,same,0,0,1,gk,Y,0.0,,,,,
51,female,50.0,2.597,different,different,1,0,0,gk,Y,0.0,,,,,
51,female,0.0,3.148,same,different,0,1,0,gk,Y,0.0,,,,,
51,female,0.0,1.098,same,same,1,0,0,gk,Y,0.0,,,,,
51,female,100.0,1.957,different,different,1,0,0,gk,Y,0.0,,,,,
51,female,100.0,2.956,different,same,0,0,1,gk,Y,0.0,,,,,
51,female,50.0,2.866,same,same,1,0,0,gk,Y,0.0,,,,,
51,female,100.0,2.767,different,different,1,0,0,gk,Y,0.0,,,,,
51,female,150.0,2.44,different,same,0,0,1,gk,Y,0.0,,,,,
51,female,50.0,2.478,different,different,1,0,0,gk,Y,0.0,,,,,
51,female,50.0,1.674,same,same,1,0,0,gk,Y,0.0,,,,,
51,female,100.0,3.296,same,different,0,1,0,gk,Y,0.0,,,,,
51,female,0.0,1.583,same,different,0,1,0,gk,Y,0.0,,,,,
51,female,0.0,2.269,same,same,1,0,0,gk,Y,0.0,,,,,
51,female,150.0,2.778,different,different,1,0,0,gk,Y,0.0,,,,,
51,female,150.0,2.221,same,different,0,1,0,gk,Y,0.0,,,,,
51,female,50.0,1.885,different,different,1,0,0,gk,Y,0.0,,,,,
51,female,50.0,2.915,same,same,1,0,0,gk,Y,0.0,,,,,
51,female,100.0,4.877,different,same,0,0,1,gk,Y,0.0,,,,,
51,female,0.0,1.146,same,same,1,0,0,gk,Y,0.0,,,,,
51,female,0.0,1.346,different,different,1,0,0,gk,Y,0.0,,,,,
51,female,150.0,0.981,same,same,1,0,0,gk,Y,0.0,,,,,
51,female,100.0,2.394,different,different,1,0,0,gk,Y,0.0,,,,,
51,female,50.0,2.033,same,same,1,0,0,gk,Y,0.0,,,,,
51,female,100.0,4.715,same,same,1,0,0,gk,Y,0.0,,,,,
51,female,150.0,3.94,different,same,0,0,1,gk,Y,0.0,,,,,
51,female,0.0,1.84,different,different,1,0,0,gk,Y,0.0,,,,,
51,female,100.0,2.756,different,same,0,0,1,gk,Y,0.0,,,,,
51,female,150.0,2.01,different,different,1,0,0,gk,Y,0.0,,,,,
51,female,0.0,1.979,same,same,1,0,0,gk,Y,0.0,,,,,
51,female,50.0,2.361,different,different,1,0,0,gk,Y,0.0,,,,,
51,female,150.0,2.442,same,same,1,0,0,gk,Y,0.0,,,,,
51,female,0.0,1.677,same,different,0,1,0,gk,Y,0.0,,,,,
51,female,100.0,3.928,different,same,0,0,1,gk,Y,0.0,,,,,
51,female,150.0,3.062,different,different,1,0,0,gk,Y,0.0,,,,,
51,female,50.0,1.776,different,different,1,0,0,gk,Y,0.0,,,,,
51,female,100.0,1.904,different,different,1,0,0,gk,Y,0.0,,,,,
51,female,0.0,1.074,same,same,1,0,0,gk,Y,0.0,,,,,
51,female,50.0,1.451,different,same,0,0,1,gk,Y,0.0,,,,,
51,female,100.0,3.455,different,different,1,0,0,gk,Y,0.0,,,,,
51,female,150.0,2.471,different,different,1,0,0,gk,Y,0.0,,,,,
51,female,0.0,1.02,same,same,1,0,0,gk,Y,0.0,,,,,
51,female,0.0,1.409,different,different,1,0,0,gk,Y,0.0,,,,,
51,female,100.0,2.855,same,same,1,0,0,gk,Y,0.0,,,,,
51,female,50.0,2.804,different,different,1,0,0,gk,Y,0.0,,,,,
51,female,150.0,2.19,same,same,1,0,0,gk,Y,0.0,,,,,
51,female,50.0,1.265,same,same,1,0,0,gk,Y,0.0,,,,,
51,female,150.0,1.119,different,different,1,0,0,gk,Y,0.0,,,,,
51,female,100.0,1.77,different,different,1,0,0,gk,Y,0.0,,,,,
51,female,150.0,1.627,same,same,1,0,0,gk,Y,0.0,,,,,
51,female,100.0,2.7,same,same,1,0,0,gk,Y,0.0,,,,,
51,female,0.0,1.329,same,same,1,0,0,gk,Y,0.0,,,,,
51,female,0.0,1.774,different,different,1,0,0,gk,Y,0.0,,,,,
51,female,50.0,2.788,different,different,1,0,0,gk,Y,0.0,,,,,
51,female,50.0,1.44,same,same,1,0,0,gk,Y,0.0,,,,,
51,female,150.0,1.777,different,different,1,0,0,gk,Y,0.0,,,,,
51,female,0.0,1.185,same,same,1,0,0,gk,Y,0.0,,,,,
51,female,150.0,2.541,same,same,1,0,0,gk,Y,0.0,,,,,
51,female,0.0,1.124,different,different,1,0,0,gk,Y,0.0,,,,,
51,female,50.0,1.743,different,different,1,0,0,gk,Y,0.0,,,,,
51,female,50.0,1.035,same,same,1,0,0,gk,Y,0.0,,,,,
51,female,100.0,1.634,same,same,1,0,0,gk,Y,0.0,,,,,
51,female,100.0,2.145,same,different,0,1,0,gk,Y,0.0,,,,,
51,female,100.0,2.047,same,same,1,0,0,gk,Y,0.0,,,,,
51,female,100.0,1.656,different,different,1,0,0,gk,Y,0.0,,,,,
51,female,150.0,1.692,same,same,1,0,0,gk,Y,0.0,,,,,
51,female,0.0,1.511,different,different,1,0,0,gk,Y,0.0,,,,,
51,female,0.0,2.376,same,same,1,0,0,gk,Y,0.0,,,,,
51,female,50.0,2.759,same,same,1,0,0,gk,Y,0.0,,,,,
51,female,50.0,1.265,different,different,1,0,0,gk,Y,0.0,,,,,
51,female,150.0,1.312,different,different,1,0,0,gk,Y,0.0,,,,,
51,female,50.0,2.787,different,different,1,0,0,gk,Y,0.0,,,,,
51,female,0.0,0.97,same,same,1,0,0,gk,Y,0.0,,,,,
51,female,150.0,1.244,different,different,1,0,0,gk,Y,0.0,,,,,
51,female,50.0,1.492,same,same,1,0,0,gk,Y,0.0,,,,,
51,female,100.0,2.142,different,same,0,0,1,gk,Y,0.0,,,,,
51,female,0.0,1.516,same,different,0,1,0,gk,Y,0.0,,,,,
51,female,150.0,2.748,same,same,1,0,0,gk,Y,0.0,,,,,
51,female,100.0,1.953,different,different,1,0,0,gk,Y,0.0,,,,,
51,female,100.0,1.887,different,different,1,0,0,gk,Y,0.0,,,,,
51,female,50.0,1.186,same,same,1,0,0,gk,Y,0.0,,,,,
51,female,0.0,0.794,same,same,1,0,0,gk,Y,0.0,,,,,
51,female,150.0,1.121,different,same,0,0,1,gk,Y,0.0,,,,,
51,female,150.0,1.112,different,different,1,0,0,gk,Y,0.0,,,,,
51,female,50.0,1.673,different,different,1,0,0,gk,Y,0.0,,,,,
51,female,100.0,1.165,same,same,1,0,0,gk,Y,0.0,,,,,
51,female,0.0,1.449,different,different,1,0,0,gk,Y,0.0,,,,,
52,male,150.0,6.635,different,different,1,0,0,gk,Y,0.0,,,,,
52,male,150.0,3.767,same,same,1,0,0,gk,Y,0.0,,,,,
52,male,100.0,5.816,same,same,1,0,0,gk,Y,0.0,,,,,
52,male,50.0,6.391,same,same,1,0,0,gk,Y,0.0,,,,,
52,male,50.0,3.604,different,different,1,0,0,gk,Y,0.0,,,,,
52,male,100.0,6.303,different,different,1,0,0,gk,Y,0.0,,,,,
52,male,0.0,4.172,same,same,1,0,0,gk,Y,0.0,,,,,
52,male,150.0,3.56,different,different,1,0,0,gk,Y,0.0,,,,,
52,male,150.0,4.331,same,same,1,0,0,gk,Y,0.0,,,,,
52,male,50.0,3.495,different,different,1,0,0,gk,Y,0.0,,,,,
52,male,0.0,5.144,different,different,1,0,0,gk,Y,0.0,,,,,
52,male,0.0,5.236,same,same,1,0,0,gk,Y,0.0,,,,,
52,male,100.0,3.143,different,different,1,0,0,gk,Y,0.0,,,,,
52,male,100.0,5.175,same,same,1,0,0,gk,Y,0.0,,,,,
52,male,50.0,3.293,same,same,1,0,0,gk,Y,0.0,,,,,
52,male,100.0,6.935,different,different,1,0,0,gk,Y,0.0,,,,,
52,male,150.0,3.743,same,same,1,0,0,gk,Y,0.0,,,,,
52,male,50.0,7.107,same,different,0,1,0,gk,Y,0.0,,,,,
52,male,50.0,3.792,same,same,1,0,0,gk,Y,0.0,,,,,
52,male,100.0,3.426,different,different,1,0,0,gk,Y,0.0,,,,,
52,male,0.0,3.67,different,different,1,0,0,gk,Y,0.0,,,,,
52,male,0.0,3.766,same,same,1,0,0,gk,Y,0.0,,,,,
52,male,150.0,4.17,different,different,1,0,0,gk,Y,0.0,,,,,
52,male,150.0,5.103,different,different,1,0,0,gk,Y,0.0,,,,,
52,male,50.0,5.375,same,different,0,1,0,gk,Y,0.0,,,,,
52,male,50.0,5.951,different,same,0,0,1,gk,Y,0.0,,,,,
52,male,100.0,4.44,same,same,1,0,0,gk,Y,0.0,,,,,
52,male,0.0,4.119,different,same,0,0,1,gk,Y,0.0,,,,,
52,male,0.0,3.977,different,different,1,0,0,gk,Y,0.0,,,,,
52,male,150.0,4.287,same,same,1,0,0,gk,Y,0.0,,,,,
52,male,100.0,3.823,different,different,1,0,0,gk,Y,0.0,,,,,
52,male,50.0,2.705,same,same,1,0,0,gk,Y,0.0,,,,,
52,male,100.0,3.159,same,same,1,0,0,gk,Y,0.0,,,,,
52,male,150.0,5.473,same,same,1,0,0,gk,Y,0.0,,,,,
52,male,0.0,4.796,different,different,1,0,0,gk,Y,0.0,,,,,
52,male,100.0,6.587,different,same,0,0,1,gk,Y,0.0,,,,,
52,male,150.0,3.391,same,different,0,1,0,gk,Y,0.0,,,,,
52,male,0.0,4.377,same,same,1,0,0,gk,Y,0.0,,,,,
52,male,50.0,3.784,different,different,1,0,0,gk,Y,0.0,,,,,
52,male,150.0,3.72,same,same,1,0,0,gk,Y,0.0,,,,,
52,male,0.0,3.473,same,different,0,1,0,gk,Y,0.0,,,,,
52,male,100.0,3.68,same,same,1,0,0,gk,Y,0.0,,,,,
52,male,150.0,2.405,different,different,1,0,0,gk,Y,0.0,,,,,
52,male,50.0,3.296,different,different,1,0,0,gk,Y,0.0,,,,,
52,male,100.0,3.449,different,different,1,0,0,gk,Y,0.0,,,,,
52,male,0.0,5.863,different,same,0,0,1,gk,Y,0.0,,,,,
52,male,50.0,3.344,same,same,1,0,0,gk,Y,0.0,,,,,
52,male,100.0,2.636,different,different,1,0,0,gk,Y,0.0,,,,,
52,male,150.0,2.437,different,different,1,0,0,gk,Y,0.0,,,,,
52,male,0.0,3.679,different,same,0,0,1,gk,Y,0.0,,,,,
52,male,0.0,2.729,different,different,1,0,0,gk,Y,0.0,,,,,
52,male,100.0,1.856,same,same,1,0,0,gk,Y,0.0,,,,,
52,male,50.0,1.806,different,different,1,0,0,gk,Y,0.0,,,,,
52,male,150.0,4.912,same,same,1,0,0,gk,Y,0.0,,,,,
52,male,50.0,1.857,same,same,1,0,0,gk,Y,0.0,,,,,
52,male,150.0,3.074,different,different,1,0,0,gk,Y,0.0,,,,,
52,male,100.0,2.789,same,different,0,1,0,gk,Y,0.0,,,,,
52,male,150.0,2.243,same,same,1,0,0,gk,Y,0.0,,,,,
52,male,100.0,2.966,same,same,1,0,0,gk,Y,0.0,,,,,
52,male,0.0,1.596,different,same,0,0,1,gk,Y,0.0,,,,,
52,male,0.0,3.365,different,different,1,0,0,gk,Y,0.0,,,,,
52,male,50.0,1.966,different,different,1,0,0,gk,Y,0.0,,,,,
52,male,50.0,2.31,same,same,1,0,0,gk,Y,0.0,,,,,
52,male,150.0,3.059,different,different,1,0,0,gk,Y,0.0,,,,,
52,male,0.0,1.743,different,same,0,0,1,gk,Y,0.0,,,,,
52,male,150.0,2.604,same,same,1,0,0,gk,Y,0.0,,,,,
52,male,0.0,2.678,different,different,1,0,0,gk,Y,0.0,,,,,
52,male,50.0,2.124,different,different,1,0,0,gk,Y,0.0,,,,,
52,male,50.0,2.118,same,same,1,0,0,gk,Y,0.0,,,,,
52,male,100.0,2.189,same,same,1,0,0,gk,Y,0.0,,,,,
52,male,100.0,2.776,different,different,1,0,0,gk,Y,0.0,,,,,
52,male,100.0,1.96,same,same,1,0,0,gk,Y,0.0,,,,,
52,male,100.0,2.662,different,different,1,0,0,gk,Y,0.0,,,,,
52,male,150.0,2.503,same,same,1,0,0,gk,Y,0.0,,,,,
52,male,0.0,2.43,different,different,1,0,0,gk,Y,0.0,,,,,
52,male,0.0,2.973,different,same,0,0,1,gk,Y,0.0,,,,,
52,male,50.0,2.714,same,same,1,0,0,gk,Y,0.0,,,,,
52,male,50.0,3.909,different,different,1,0,0,gk,Y,0.0,,,,,
52,male,150.0,2.375,different,different,1,0,0,gk,Y,0.0,,,,,
52,male,50.0,2.24,different,different,1,0,0,gk,Y,0.0,,,,,
52,male,0.0,1.792,different,same,0,0,1,gk,Y,0.0,,,,,
52,male,150.0,2.336,different,different,1,0,0,gk,Y,0.0,,,,,
52,male,50.0,2.22,same,same,1,0,0,gk,Y,0.0,,,,,
52,male,100.0,1.894,same,same,1,0,0,gk,Y,0.0,,,,,
52,male,0.0,1.81,different,different,1,0,0,gk,Y,0.0,,,,,
52,male,150.0,3.963,same,same,1,0,0,gk,Y,0.0,,,,,
52,male,100.0,4.64,different,different,1,0,0,gk,Y,0.0,,,,,
52,male,100.0,2.657,different,different,1,0,0,gk,Y,0.0,,,,,
52,male,50.0,2.937,same,same,1,0,0,gk,Y,0.0,,,,,
52,male,0.0,1.991,different,same,0,0,1,gk,Y,0.0,,,,,
52,male,150.0,3.03,same,same,1,0,0,gk,Y,0.0,,,,,
52,male,150.0,1.757,different,different,1,0,0,gk,Y,0.0,,,,,
52,male,50.0,3.222,different,different,1,0,0,gk,Y,0.0,,,,,
52,male,100.0,2.071,same,same,1,0,0,gk,Y,0.0,,,,,
52,male,0.0,1.407,different,different,1,0,0,gk,Y,0.0,,,,,
53,female,0.0,4.154,different,different,1,0,0,gk,Y,0.0,,,,,
53,female,150.0,6.057,different,different,1,0,0,gk,Y,0.0,,,,,
53,female,150.0,3.99,same,same,1,0,0,gk,Y,0.0,,,,,
53,female,100.0,6.167,same,same,1,0,0,gk,Y,0.0,,,,,
53,female,50.0,6.694,same,same,1,0,0,gk,Y,0.0,,,,,
53,female,50.0,7.093,same,different,0,1,0,gk,Y,0.0,,,,,
53,female,100.0,3.67,different,different,1,0,0,gk,Y,0.0,,,,,
53,female,0.0,2.749,same,same,1,0,0,gk,Y,0.0,,,,,
53,female,150.0,4.39,different,different,1,0,0,gk,Y,0.0,,,,,
53,female,50.0,3.627,same,different,0,1,0,gk,Y,0.0,,,,,
53,female,0.0,2.604,different,different,1,0,0,gk,Y,0.0,,,,,
53,female,0.0,1.43,different,same,0,0,1,gk,Y,0.0,,,,,
53,female,100.0,4.655,different,different,1,0,0,gk,Y,0.0,,,,,
53,female,100.0,5.774,same,same,1,0,0,gk,Y,0.0,,,,,
53,female,50.0,3.56,same,same,1,0,0,gk,Y,0.0,,,,,
53,female,100.0,5.047,same,different,0,1,0,gk,Y,0.0,,,,,
53,female,150.0,3.863,same,same,1,0,0,gk,Y,0.0,,,,,
53,female,50.0,4.34,different,different,1,0,0,gk,Y,0.0,,,,,
53,female,50.0,4.212,same,same,1,0,0,gk,Y,0.0,,,,,
53,female,100.0,3.959,different,different,1,0,0,gk,Y,0.0,,,,,
53,female,0.0,3.251,different,different,1,0,0,gk,Y,0.0,,,,,
53,female,0.0,2.428,same,same,1,0,0,gk,Y,0.0,,,,,
53,female,150.0,6.32,different,different,1,0,0,gk,Y,0.0,,,,,
53,female,150.0,2.609,different,different,1,0,0,gk,Y,0.0,,,,,
53,female,50.0,5.12,different,different,1,0,0,gk,Y,0.0,,,,,
53,female,50.0,4.838,same,same,1,0,0,gk,Y,0.0,,,,,
53,female,100.0,3.687,same,same,1,0,0,gk,Y,0.0,,,,,
53,female,0.0,1.701,same,same,1,0,0,gk,Y,0.0,,,,,
53,female,0.0,7.263,different,different,1,0,0,gk,Y,0.0,,,,,
53,female,150.0,5.701,same,same,1,0,0,gk,Y,0.0,,,,,
53,female,100.0,4.324,different,different,1,0,0,gk,Y,0.0,,,,,
53,female,50.0,4.838,same,same,1,0,0,gk,Y,0.0,,,,,
53,female,100.0,7.398,same,same,1,0,0,gk,Y,0.0,,,,,
53,female,150.0,6.279,same,same,1,0,0,gk,Y,0.0,,,,,
53,female,100.0,7.027,different,same,0,0,1,gk,Y,0.0,,,,,
53,female,0.0,2.783,same,same,1,0,0,gk,Y,0.0,,,,,
53,female,50.0,2.442,different,different,1,0,0,gk,Y,0.0,,,,,
53,female,0.0,5.656,different,different,1,0,0,gk,Y,0.0,,,,,
53,female,100.0,5.367,same,same,1,0,0,gk,Y,0.0,,,,,
53,female,150.0,3.757,different,different,1,0,0,gk,Y,0.0,,,,,
53,female,50.0,6.255,same,different,0,1,0,gk,Y,0.0,,,,,
53,female,100.0,3.294,different,different,1,0,0,gk,Y,0.0,,,,,
53,female,0.0,2.413,same,same,1,0,0,gk,Y,0.0,,,,,
53,female,50.0,3.852,same,same,1,0,0,gk,Y,0.0,,,,,
53,female,100.0,2.635,same,different,0,1,0,gk,Y,0.0,,,,,
53,female,150.0,3.941,different,different,1,0,0,gk,Y,0.0,,,,,
53,female,0.0,1.277,same,same,1,0,0,gk,Y,0.0,,,,,
53,female,0.0,2.79,different,different,1,0,0,gk,Y,0.0,,,,,
53,female,100.0,2.711,same,same,1,0,0,gk,Y,0.0,,,,,
53,female,50.0,3.012,different,different,1,0,0,gk,Y,0.0,,,,,
53,female,150.0,6.542,different,same,0,0,1,gk,Y,0.0,,,,,
53,female,50.0,2.092,same,same,1,0,0,gk,Y,0.0,,,,,
53,female,150.0,6.007,different,different,1,0,0,gk,Y,0.0,,,,,
53,female,100.0,1.771,different,different,1,0,0,gk,Y,0.0,,,,,
53,female,150.0,6.171,same,same,1,0,0,gk,Y,0.0,,,,,
53,female,100.0,6.306,same,same,1,0,0,gk,Y,0.0,,,,,
53,female,0.0,1.513,same,same,1,0,0,gk,Y,0.0,,,,,
53,female,0.0,2.063,different,different,1,0,0,gk,Y,0.0,,,,,
53,female,50.0,2.29,different,different,1,0,0,gk,Y,0.0,,,,,
53,female,50.0,6.766,same,same,1,0,0,gk,Y,0.0,,,,,
53,female,150.0,2.776,different,different,1,0,0,gk,Y,0.0,,,,,
53,female,0.0,1.335,same,same,1,0,0,gk,Y,0.0,,,,,
53,female,150.0,2.395,same,same,1,0,0,gk,Y,0.0,,,,,
53,female,0.0,5.324,different,different,1,0,0,gk,Y,0.0,,,,,
53,female,50.0,4.259,different,different,1,0,0,gk,Y,0.0,,,,,
53,female,50.0,3.966,same,same,1,0,0,gk,Y,0.0,,,,,
53,female,100.0,6.756,same,same,1,0,0,gk,Y,0.0,,,,,
53,female,100.0,4.711,different,different,1,0,0,gk,Y,0.0,,,,,
53,female,100.0,3.654,same,same,1,0,0,gk,Y,0.0,,,,,
53,female,100.0,4.631,different,different,1,0,0,gk,Y,0.0,,,,,
53,female,150.0,3.31,same,same,1,0,0,gk,Y,0.0,,,,,
53,female,0.0,5.455,different,different,1,0,0,gk,Y,0.0,,,,,
53,female,0.0,6.546,same,same,1,0,0,gk,Y,0.0,,,,,
53,female,50.0,5.31,same,same,1,0,0,gk,Y,0.0,,,,,
53,female,50.0,1.796,different,different,1,0,0,gk,Y,0.0,,,,,
53,female,150.0,3.03,different,different,1,0,0,gk,Y,0.0,,,,,
53,female,50.0,7.297,different,different,1,0,0,gk,Y,0.0,,,,,
53,female,0.0,1.35,same,same,1,0,0,gk,Y,0.0,,,,,
53,female,150.0,4.0,different,different,1,0,0,gk,Y,0.0,,,,,
53,female,50.0,5.634,same,same,1,0,0,gk,Y,0.0,,,,,
53,female,100.0,4.557,same,same,1,0,0,gk,Y,0.0,,,,,
53,female,0.0,4.328,different,different,1,0,0,gk,Y,0.0,,,,,
53,female,100.0,4.088,different,different,1,0,0,gk,Y,0.0,,,,,
53,female,100.0,3.763,different,different,1,0,0,gk,Y,0.0,,,,,
53,female,50.0,1.617,same,same,1,0,0,gk,Y,0.0,,,,,
53,female,0.0,1.206,same,same,1,0,0,gk,Y,0.0,,,,,
53,female,150.0,5.76,different,same,0,0,1,gk,Y,0.0,,,,,
53,female,150.0,2.965,different,different,1,0,0,gk,Y,0.0,,,,,
53,female,50.0,1.723,different,different,1,0,0,gk,Y,0.0,,,,,
53,female,100.0,1.895,same,same,1,0,0,gk,Y,0.0,,,,,
53,female,0.0,2.801,different,different,1,0,0,gk,Y,0.0,,,,,
54,female,0.0,4.632,different,different,1,0,0,gk,Y,0.0,,,,,
54,female,150.0,6.313,different,different,1,0,0,gk,Y,0.0,,,,,
54,female,150.0,3.003,same,same,1,0,0,gk,Y,0.0,,,,,
54,female,50.0,5.045,same,same,1,0,0,gk,Y,0.0,,,,,
54,female,50.0,2.48,different,different,1,0,0,gk,Y,0.0,,,,,
54,female,100.0,6.416,different,different,1,0,0,gk,Y,0.0,,,,,
54,female,0.0,1.799,same,same,1,0,0,gk,Y,0.0,,,,,
54,female,150.0,4.643,different,same,0,0,1,gk,Y,0.0,,,,,
54,female,50.0,4.56,different,different,1,0,0,gk,Y,0.0,,,,,
54,female,0.0,2.841,different,different,1,0,0,gk,Y,0.0,,,,,
54,female,0.0,1.701,same,same,1,0,0,gk,Y,0.0,,,,,
54,female,100.0,5.486,different,different,1,0,0,gk,Y,0.0,,,,,
54,female,100.0,2.99,same,same,1,0,0,gk,Y,0.0,,,,,
54,female,50.0,2.958,same,same,1,0,0,gk,Y,0.0,,,,,
54,female,100.0,4.656,different,different,1,0,0,gk,Y,0.0,,,,,
54,female,150.0,3.154,same,same,1,0,0,gk,Y,0.0,,,,,
54,female,50.0,2.259,different,different,1,0,0,gk,Y,0.0,,,,,
54,female,50.0,2.224,same,same,1,0,0,gk,Y,0.0,,,,,
54,female,100.0,2.463,different,different,1,0,0,gk,Y,0.0,,,,,
54,female,0.0,1.558,different,different,1,0,0,gk,Y,0.0,,,,,
54,female,0.0,1.89,same,same,1,0,0,gk,Y,0.0,,,,,
54,female,150.0,3.482,different,different,1,0,0,gk,Y,0.0,,,,,
54,female,150.0,3.63,different,different,1,0,0,gk,Y,0.0,,,,,
54,female,50.0,3.086,different,different,1,0,0,gk,Y,0.0,,,,,
54,female,50.0,2.223,same,same,1,0,0,gk,Y,0.0,,,,,
54,female,100.0,5.937,different,same,0,0,1,gk,Y,0.0,,,,,
54,female,0.0,1.169,same,same,1,0,0,gk,Y,0.0,,,,,
54,female,0.0,2.559,different,different,1,0,0,gk,Y,0.0,,,,,
54,female,150.0,3.711,same,same,1,0,0,gk,Y,0.0,,,,,
54,female,100.0,2.671,different,different,1,0,0,gk,Y,0.0,,,,,
54,female,50.0,3.27,same,same,1,0,0,gk,Y,0.0,,,,,
54,female,100.0,1.862,same,same,1,0,0,gk,Y,0.0,,,,,
54,female,150.0,2.936,same,same,1,0,0,gk,Y,0.0,,,,,
54,female,0.0,3.463,different,different,1,0,0,gk,Y,0.0,,,,,
54,female,100.0,4.596,same,same,1,0,0,gk,Y,0.0,,,,,
54,female,150.0,2.152,same,different,0,1,0,gk,Y,0.0,,,,,
54,female,0.0,2.007,same,same,1,0,0,gk,Y,0.0,,,,,
54,female,50.0,4.175,different,different,1,0,0,gk,Y,0.0,,,,,
54,female,150.0,2.487,same,same,1,0,0,gk,Y,0.0,,,,,
54,female,0.0,4.045,different,different,1,0,0,gk,Y,0.0,,,,,
54,female,100.0,4.767,same,same,1,0,0,gk,Y,0.0,,,,,
54,female,150.0,3.689,different,different,1,0,0,gk,Y,0.0,,,,,
54,female,50.0,2.697,different,different,1,0,0,gk,Y,0.0,,,,,
54,female,100.0,6.473,different,different,1,0,0,gk,Y,0.0,,,,,
54,female,0.0,1.847,same,same,1,0,0,gk,Y,0.0,,,,,
54,female,50.0,1.823,same,same,1,0,0,gk,Y,0.0,,,,,
54,female,100.0,3.253,different,different,1,0,0,gk,Y,0.0,,,,,
54,female,150.0,2.401,different,different,1,0,0,gk,Y,0.0,,,,,
54,female,0.0,1.509,same,same,1,0,0,gk,Y,0.0,,,,,
54,female,0.0,2.374,different,different,1,0,0,gk,Y,0.0,,,,,
54,female,100.0,2.632,same,same,1,0,0,gk,Y,0.0,,,,,
54,female,50.0,2.568,different,different,1,0,0,gk,Y,0.0,,,,,
54,female,150.0,4.874,same,same,1,0,0,gk,Y,0.0,,,,,
54,female,50.0,2.28,same,same,1,0,0,gk,Y,0.0,,,,,
54,female,150.0,2.148,different,different,1,0,0,gk,Y,0.0,,,,,
54,female,100.0,5.355,same,different,0,1,0,gk,Y,0.0,,,,,
54,female,150.0,2.344,same,same,1,0,0,gk,Y,0.0,,,,,
54,female,100.0,2.255,same,same,1,0,0,gk,Y,0.0,,,,,
54,female,0.0,2.398,same,same,1,0,0,gk,Y,0.0,,,,,
54,female,0.0,1.877,same,different,0,1,0,gk,Y,0.0,,,,,
54,female,50.0,3.13,different,different,1,0,0,gk,Y,0.0,,,,,
54,female,50.0,2.629,same,same,1,0,0,gk,Y,0.0,,,,,
54,female,150.0,3.485,different,different,1,0,0,gk,Y,0.0,,,,,
54,female,0.0,1.607,same,same,1,0,0,gk,Y,0.0,,,,,
54,female,150.0,3.959,same,same,1,0,0,gk,Y,0.0,,,,,
54,female,0.0,4.823,same,different,0,1,0,gk,Y,0.0,,,,,
54,female,50.0,2.711,different,different,1,0,0,gk,Y,0.0,,,,,
54,female,50.0,1.639,same,same,1,0,0,gk,Y,0.0,,,,,
54,female,100.0,1.935,same,same,1,0,0,gk,Y,0.0,,,,,
54,female,100.0,3.512,different,different,1,0,0,gk,Y,0.0,,,,,
54,female,100.0,2.449,same,same,1,0,0,gk,Y,0.0,,,,,
54,female,100.0,4.927,same,different,0,1,0,gk,Y,0.0,,,,,
54,female,150.0,3.84,same,same,1,0,0,gk,Y,0.0,,,,,
54,female,0.0,3.393,different,different,1,0,0,gk,Y,0.0,,,,,
54,female,0.0,1.336,same,same,1,0,0,gk,Y,0.0,,,,,
54,female,50.0,2.047,same,same,1,0,0,gk,Y,0.0,,,,,
54,female,50.0,5.493,same,different,0,1,0,gk,Y,0.0,,,,,
54,female,150.0,3.287,same,different,0,1,0,gk,Y,0.0,,,,,
54,female,50.0,4.439,different,different,1,0,0,gk,Y,0.0,,,,,
54,female,0.0,1.175,same,same,1,0,0,gk,Y,0.0,,,,,
54,female,150.0,3.049,different,different,1,0,0,gk,Y,0.0,,,,,
54,female,50.0,2.072,same,same,1,0,0,gk,Y,0.0,,,,,
54,female,100.0,3.599,same,same,1,0,0,gk,Y,0.0,,,,,
54,female,150.0,3.818,same,same,1,0,0,gk,Y,0.0,,,,,
54,female,100.0,3.319,different,different,1,0,0,gk,Y,0.0,,,,,
54,female,100.0,2.222,different,different,1,0,0,gk,Y,0.0,,,,,
54,female,50.0,1.991,same,same,1,0,0,gk,Y,0.0,,,,,
54,female,0.0,1.246,same,same,1,0,0,gk,Y,0.0,,,,,
54,female,150.0,3.399,same,same,1,0,0,gk,Y,0.0,,,,,
54,female,150.0,5.599,different,different,1,0,0,gk,Y,0.0,,,,,
54,female,50.0,3.623,different,different,1,0,0,gk,Y,0.0,,,,,
54,female,100.0,1.96,same,same,1,0,0,gk,Y,0.0,,,,,
54,female,0.0,3.736,different,different,1,0,0,gk,Y,0.0,,,,,
55,male,150.0,2.729,same,same,1,0,0,model,Y,0.0,0,0.462,0.182,1.34,0.746
55,male,150.0,4.928,different,same,0,0,1,model,Y,0.0,2,0.462,0.274,2.99,1.102
55,male,100.0,4.726,different,different,1,0,0,model,Y,0.0,2,0.462,0.164,3.44,0.561
55,male,0.0,1.414,different,different,1,0,0,model,Y,0.0,2,0.462,0.1,0.14,0.612
55,male,150.0,4.179,different,same,0,0,1,model,Y,0.0,2,0.462,0.195,2.84,0.583
55,male,100.0,2.039,same,same,1,0,0,model,Y,0.0,0,0.462,0.2,0.59,0.788
55,male,50.0,2.361,same,same,1,0,0,model,Y,0.0,1,0.462,0.159,0.74,0.951
55,male,150.0,3.421,different,different,1,0,0,model,Y,0.0,2,0.462,0.233,1.64,0.986
55,male,100.0,3.105,different,different,1,0,0,model,Y,0.0,2,0.462,0.185,1.49,0.869
55,male,50.0,1.903,same,same,1,0,0,model,Y,0.0,0,0.462,0.158,0.59,0.694
55,male,150.0,3.891,same,different,0,1,0,model,Y,0.0,2,0.462,0.238,2.09,1.001
55,male,100.0,3.197,different,different,1,0,0,model,Y,0.0,2,0.462,0.246,1.34,1.05
55,male,100.0,4.821,different,different,1,0,0,model,Y,0.0,2,0.462,0.202,3.14,0.918
55,male,150.0,2.572,same,same,1,0,0,model,Y,0.0,0,0.462,0.272,0.89,0.949
55,male,150.0,3.549,same,different,0,1,0,model,Y,0.0,2,0.462,0.227,1.79,0.97
55,male,0.0,1.264,same,same,1,0,0,model,Y,0.0,0,0.462,0.1,0.14,0.562
55,male,150.0,3.215,same,same,1,0,0,model,Y,0.0,0,0.462,0.285,1.49,0.979
55,male,0.0,1.414,different,different,1,0,0,model,Y,0.0,2,0.462,0.1,0.14,0.612
55,male,150.0,2.625,same,same,1,0,0,model,Y,0.0,0,0.462,0.288,0.89,0.986
55,male,50.0,1.866,same,same,1,0,0,model,Y,0.0,0,0.462,0.147,0.59,0.668
55,male,0.0,1.414,same,different,0,1,0,model,Y,0.0,2,0.462,0.1,0.14,0.612
55,male,150.0,3.306,same,same,1,0,0,model,Y,0.0,0,0.462,0.267,1.64,0.938
55,male,150.0,3.449,different,different,1,0,0,model,Y,0.0,2,0.462,0.241,1.64,1.008
55,male,50.0,2.506,same,same,1,0,0,model,Y,0.0,1,0.462,0.133,0.89,0.972
55,male,100.0,2.612,same,same,1,0,0,model,Y,0.0,1,0.462,0.185,1.19,0.726
55,male,100.0,5.271,different,different,1,0,0,model,Y,0.0,2,0.462,0.218,3.89,0.601
55,male,0.0,1.414,same,different,0,1,0,model,Y,0.0,2,0.462,0.1,0.14,0.612
55,male,100.0,2.691,same,different,0,1,0,model,Y,0.0,2,0.462,0.194,1.04,0.895
55,male,100.0,2.4,same,same,1,0,0,model,Y,0.0,0,0.462,0.219,0.89,0.83
55,male,50.0,2.679,different,different,1,0,0,model,Y,0.0,2,0.462,0.151,1.19,0.777
55,male,150.0,2.233,same,same,1,0,0,model,Y,0.0,0,0.462,0.214,0.74,0.818
55,male,100.0,3.931,different,same,0,0,1,model,Y,0.0,2,0.462,0.204,2.24,0.925
55,male,0.0,1.264,same,same,1,0,0,model,Y,0.0,0,0.462,0.1,0.14,0.562
55,male,150.0,3.623,different,different,1,0,0,model,Y,0.0,2,0.462,0.247,1.79,1.025
55,male,0.0,1.264,same,same,1,0,0,model,Y,0.0,0,0.462,0.1,0.14,0.562
55,male,0.0,1.414,different,different,1,0,0,model,Y,0.0,2,0.462,0.1,0.14,0.612
55,male,50.0,2.903,different,different,1,0,0,model,Y,0.0,2,0.462,0.133,1.49,0.719
55,male,50.0,2.546,different,different,1,0,0,model,Y,0.0,2,0.462,0.155,1.04,0.79
55,male,100.0,2.117,same,same,1,0,0,model,Y,0.0,0,0.462,0.178,0.74,0.738
55,male,150.0,6.873,different,same,0,0,1,model,Y,0.0,2,0.462,0.191,5.54,0.581
55,male,50.0,2.941,different,different,1,0,0,model,Y,0.0,2,0.462,0.142,1.49,0.748
55,male,150.0,4.519,same,same,1,0,0,model,Y,0.0,2,0.462,0.285,2.54,1.133
55,male,100.0,2.811,different,different,1,0,0,model,Y,0.0,2,0.462,0.184,1.49,0.576
55,male,50.0,2.252,different,different,1,0,0,model,Y,0.0,2,0.462,0.157,0.74,0.794
55,male,150.0,3.555,different,different,1,0,0,model,Y,0.0,2,0.462,0.229,1.79,0.975
55,male,100.0,2.146,same,same,1,0,0,model,Y,0.0,0,0.462,0.187,0.74,0.758
55,male,100.0,2.156,same,same,1,0,0,model,Y,0.0,0,0.462,0.19,0.74,0.765
55,male,0.0,1.414,different,different,1,0,0,model,Y,0.0,2,0.462,0.1,0.14,0.612
55,male,50.0,2.305,different,different,1,0,0,model,Y,0.0,2,0.462,0.169,0.74,0.835
55,male,100.0,2.52,different,different,1,0,0,model,Y,0.0,2,0.462,0.152,1.04,0.767
55,male,0.0,1.414,different,different,1,0,0,model,Y,0.0,2,0.462,0.1,0.14,0.612
55,male,150.0,3.533,different,different,1,0,0,model,Y,0.0,2,0.462,0.223,1.79,0.959
55,male,100.0,2.043,same,same,1,0,0,model,Y,0.0,0,0.462,0.155,0.74,0.686
55,male,0.0,1.264,same,same,1,0,0,model,Y,0.0,0,0.462,0.1,0.14,0.562
55,male,0.0,1.264,same,same,1,0,0,model,Y,0.0,0,0.462,0.1,0.14,0.562
55,male,150.0,8.208,different,same,0,0,1,model,Y,0.0,2,0.462,0.269,6.29,1.088
55,male,0.0,1.264,same,same,1,0,0,model,Y,0.0,0,0.462,0.1,0.14,0.562
55,male,150.0,3.59,different,different,1,0,0,model,Y,0.0,2,0.462,0.238,1.79,1.001
55,male,150.0,5.074,different,same,0,0,1,model,Y,0.0,2,0.462,0.195,3.44,0.878
55,male,0.0,1.264,same,same,1,0,0,model,Y,0.0,0,0.462,0.1,0.14,0.562
55,male,150.0,4.799,different,same,0,0,1,model,Y,0.0,2,0.462,0.251,2.54,1.447
55,male,150.0,5.807,different,different,1,0,0,model,Y,0.0,2,0.462,0.308,3.74,1.197
55,male,0.0,1.264,same,same,1,0,0,model,Y,0.0,0,0.462,0.1,0.14,0.562
55,male,100.0,5.205,different,same,0,0,1,model,Y,0.0,2,0.462,0.208,3.14,1.296
55,male,0.0,1.264,same,same,1,0,0,model,Y,0.0,0,0.462,0.1,0.14,0.562
55,male,0.0,1.414,different,different,1,0,0,model,Y,0.0,2,0.462,0.1,0.14,0.612
55,male,150.0,6.003,different,different,1,0,0,model,Y,0.0,2,0.462,0.242,4.19,1.01
55,male,100.0,2.173,same,same,1,0,0,model,Y,0.0,0,0.462,0.195,0.74,0.776
55,male,0.0,1.264,same,same,1,0,0,model,Y,0.0,0,0.462,0.1,0.14,0.562
55,male,150.0,4.32,same,same,1,0,0,model,Y,0.0,2,0.462,0.303,1.79,1.666
55,male,0.0,1.414,different,different,1,0,0,model,Y,0.0,2,0.462,0.1,0.14,0.612
55,male,50.0,2.634,same,same,1,0,0,model,Y,0.0,1,0.462,0.155,0.89,1.078
55,male,150.0,2.926,different,different,1,0,0,model,Y,0.0,2,0.462,0.307,1.34,0.718
55,male,50.0,2.926,different,different,1,0,0,model,Y,0.0,2,0.462,0.164,1.64,0.56
55,male,100.0,5.066,different,different,1,0,0,model,Y,0.0,2,0.462,0.151,3.59,0.764
55,male,0.0,1.414,different,different,1,0,0,model,Y,0.0,2,0.462,0.1,0.14,0.612
55,male,150.0,4.932,different,same,0,0,1,model,Y,0.0,2,0.462,0.275,2.99,1.105
55,male,0.0,1.414,different,different,1,0,0,model,Y,0.0,2,0.462,0.1,0.14,0.612
55,male,100.0,2.321,same,same,1,0,0,model,Y,0.0,0,0.462,0.195,0.89,0.775
55,male,150.0,2.593,same,same,1,0,0,model,Y,0.0,0,0.462,0.278,0.89,0.963
55,male,150.0,4.389,different,different,1,0,0,model,Y,0.0,2,0.462,0.291,2.39,1.148
55,male,150.0,4.224,different,different,1,0,0,model,Y,0.0,2,0.462,0.287,2.24,1.136
55,male,50.0,4.739,different,same,0,0,1,model,Y,0.0,2,0.462,0.142,3.29,0.746
55,male,150.0,4.035,different,different,1,0,0,model,Y,0.0,2,0.462,0.276,2.09,1.108
55,male,150.0,3.966,different,different,1,0,0,model,Y,0.0,2,0.462,0.258,2.09,1.056
55,male,100.0,3.51,different,different,1,0,0,model,Y,0.0,2,0.462,0.212,1.79,0.947
55,male,50.0,3.602,different,same,0,0,1,model,Y,0.0,2,0.462,0.157,2.09,0.794
55,male,100.0,2.545,different,different,1,0,0,model,Y,0.0,2,0.462,0.192,1.04,0.751
55,male,0.0,1.414,different,different,1,0,0,model,Y,0.0,2,0.462,0.1,0.14,0.612
55,male,50.0,1.927,same,same,1,0,0,model,Y,0.0,0,0.462,0.166,0.59,0.71
55,male,100.0,2.856,different,different,1,0,0,model,Y,0.0,2,0.462,0.217,1.34,0.738
55,male,0.0,1.264,same,same,1,0,0,model,Y,0.0,0,0.462,0.1,0.14,0.562
55,male,100.0,3.194,same,different,0,1,0,model,Y,0.0,2,0.462,0.208,1.49,0.935
55,male,150.0,4.349,different,different,1,0,0,model,Y,0.0,2,0.462,0.241,2.54,1.007
55,male,0.0,1.264,same,same,1,0,0,model,Y,0.0,0,0.462,0.1,0.14,0.562
55,male,150.0,2.766,different,different,1,0,0,model,Y,0.0,2,0.462,0.215,1.34,0.649
56,female,50.0,2.749,same,different,0,1,0,model,Y,0.0,2,0.345,0.134,1.347,0.825
56,female,100.0,5.26,same,different,0,1,0,model,Y,0.0,2,0.345,0.2,3.597,1.018
56,female,0.0,1.258,same,same,1,0,0,model,Y,0.0,0,0.345,0.1,0.147,0.667
56,female,50.0,2.141,different,different,1,0,0,model,Y,0.0,2,0.345,0.132,0.747,0.819
56,female,100.0,3.342,different,different,1,0,0,model,Y,0.0,2,0.345,0.214,1.797,0.887
56,female,50.0,2.664,different,different,1,0,0,model,Y,0.0,2,0.345,0.149,1.197,0.874
56,female,150.0,2.655,same,same,1,0,0,model,Y,0.0,0,0.345,0.299,0.897,1.115
56,female,0.0,1.408,different,different,1,0,0,model,Y,0.0,2,0.345,0.1,0.147,0.717
56,female,100.0,2.322,same,same,1,0,0,model,Y,0.0,0,0.345,0.197,0.897,0.885
56,female,100.0,3.019,different,different,1,0,0,model,Y,0.0,2,0.345,0.165,1.497,0.913
56,female,100.0,2.917,different,different,1,0,0,model,Y,0.0,2,0.345,0.177,1.347,0.949
56,female,100.0,2.867,different,different,1,0,0,model,Y,0.0,2,0.345,0.165,1.347,0.911
56,female,50.0,2.296,different,different,1,0,0,model,Y,0.0,2,0.345,0.133,0.897,0.822
56,female,100.0,2.089,same,same,1,0,0,model,Y,0.0,0,0.345,0.217,0.597,0.931
56,female,0.0,1.258,same,same,1,0,0,model,Y,0.0,0,0.345,0.1,0.147,0.667
56,female,50.0,2.371,different,different,1,0,0,model,Y,0.0,2,0.345,0.151,0.897,0.88
56,female,150.0,3.786,different,different,1,0,0,model,Y,0.0,2,0.345,0.271,2.097,0.974
56,female,100.0,2.304,same,same,1,0,0,model,Y,0.0,0,0.345,0.191,0.897,0.872
56,female,150.0,2.606,same,same,1,0,0,model,Y,0.0,0,0.345,0.238,1.047,0.977
56,female,150.0,5.228,different,different,1,0,0,model,Y,0.0,2,0.345,0.197,3.597,0.99
56,female,0.0,1.408,different,different,1,0,0,model,Y,0.0,2,0.345,0.1,0.147,0.717
56,female,50.0,2.644,different,different,1,0,0,model,Y,0.0,2,0.345,0.144,1.197,0.858
56,female,0.0,1.408,same,different,0,1,0,model,Y,0.0,2,0.345,0.1,0.147,0.717
56,female,100.0,2.214,same,same,1,0,0,model,Y,0.0,0,0.345,0.21,0.747,0.913
56,female,0.0,1.258,same,same,1,0,0,model,Y,0.0,0,0.345,0.1,0.147,0.667
56,female,100.0,3.322,different,different,1,0,0,model,Y,0.0,2,0.345,0.206,1.797,0.875
56,female,50.0,2.954,different,different,1,0,0,model,Y,0.0,2,0.345,0.146,1.497,0.866
56,female,0.0,1.258,same,same,1,0,0,model,Y,0.0,0,0.345,0.1,0.147,0.667
56,female,100.0,2.152,same,same,1,0,0,model,Y,0.0,0,0.345,0.191,0.747,0.871
56,female,50.0,2.025,same,same,1,0,0,model,Y,0.0,0,0.345,0.151,0.747,0.782
56,female,100.0,3.508,same,different,0,1,0,model,Y,0.0,2,0.345,0.212,1.797,1.054
56,female,150.0,9.267,different,different,1,0,0,model,Y,0.0,2,0.345,0.234,7.497,1.092
56,female,50.0,1.72,same,same,1,0,0,model,Y,0.0,0,0.345,0.15,0.447,0.779
56,female,150.0,2.349,same,same,1,0,0,model,Y,0.0,0,0.345,0.205,0.897,0.903
56,female,50.0,2.639,different,different,1,0,0,model,Y,0.0,2,0.345,0.143,1.197,0.855
56,female,150.0,2.945,different,different,1,0,0,model,Y,0.0,2,0.345,0.188,1.347,0.965
56,female,100.0,2.739,same,different,0,1,0,model,Y,0.0,2,0.345,0.208,1.047,1.04
56,female,0.0,1.408,different,different,1,0,0,model,Y,0.0,2,0.345,0.1,0.147,0.717
56,female,150.0,2.427,same,same,1,0,0,model,Y,0.0,0,0.345,0.229,0.897,0.957
56,female,0.0,1.408,different,different,1,0,0,model,Y,0.0,2,0.345,0.1,0.147,0.717
56,female,50.0,1.761,same,same,1,0,0,model,Y,0.0,0,0.345,0.163,0.447,0.808
56,female,150.0,3.834,different,different,1,0,0,model,Y,0.0,2,0.345,0.225,2.097,1.068
56,female,50.0,2.322,different,different,1,0,0,model,Y,0.0,2,0.345,0.165,0.897,0.815
56,female,100.0,3.054,different,different,1,0,0,model,Y,0.0,2,0.345,0.212,1.347,1.051
56,female,0.0,1.258,same,same,1,0,0,model,Y,0.0,0,0.345,0.1,0.147,0.667
56,female,50.0,2.747,different,different,1,0,0,model,Y,0.0,2,0.345,0.169,1.197,0.938
56,female,150.0,2.866,same,same,1,0,0,model,Y,0.0,0,0.345,0.272,1.197,1.053
56,female,150.0,2.722,same,same,1,0,0,model,Y,0.0,0,0.345,0.227,1.197,0.953
56,female,50.0,1.787,same,same,1,0,0,model,Y,0.0,0,0.345,0.17,0.447,0.825
56,female,50.0,1.979,same,same,1,0,0,model,Y,0.0,0,0.345,0.137,0.747,0.75
56,female,100.0,3.19,different,different,1,0,0,model,Y,0.0,2,0.345,0.153,1.797,0.796
56,female,0.0,1.408,different,different,1,0,0,model,Y,0.0,2,0.345,0.1,0.147,0.717
56,female,150.0,5.745,different,different,1,0,0,model,Y,0.0,2,0.345,0.275,4.047,0.979
56,female,150.0,3.055,same,same,1,0,0,model,Y,0.0,0,0.345,0.237,1.497,0.976
56,female,50.0,1.978,same,same,1,0,0,model,Y,0.0,0,0.345,0.137,0.747,0.75
56,female,150.0,2.316,same,same,1,0,0,model,Y,0.0,0,0.345,0.241,0.747,0.984
56,female,50.0,1.981,same,same,1,0,0,model,Y,0.0,0,0.345,0.138,0.747,0.752
56,female,0.0,1.258,same,same,1,0,0,model,Y,0.0,0,0.345,0.1,0.147,0.667
56,female,150.0,2.656,same,same,1,0,0,model,Y,0.0,0,0.345,0.253,1.047,1.012
56,female,50.0,2.461,same,same,1,0,0,model,Y,0.0,0,0.345,0.147,1.197,0.773
56,female,0.0,1.258,same,same,1,0,0,model,Y,0.0,0,0.345,0.1,0.147,0.667
56,female,150.0,2.754,same,same,1,0,0,model,Y,0.0,0,0.345,0.237,1.197,0.976
56,female,50.0,1.739,same,same,1,0,0,model,Y,0.0,0,0.345,0.156,0.447,0.792
56,female,0.0,1.258,same,same,1,0,0,model,Y,0.0,0,0.345,0.1,0.147,0.667
56,female,150.0,3.305,same,different,0,1,0,model,Y,0.0,2,0.345,0.199,1.797,0.865
56,female,100.0,2.431,same,same,1,0,0,model,Y,0.0,0,0.345,0.23,0.897,0.96
56,female,50.0,4.715,different,different,1,0,0,model,Y,0.0,2,0.345,0.173,3.147,0.951
56,female,150.0,3.119,same,same,1,0,0,model,Y,0.0,0,0.345,0.303,1.347,1.124
56,female,0.0,1.258,same,same,1,0,0,model,Y,0.0,0,0.345,0.1,0.147,0.667
56,female,50.0,1.821,same,same,1,0,0,model,Y,0.0,0,0.345,0.135,0.597,0.745
56,female,0.0,1.408,different,different,1,0,0,model,Y,0.0,2,0.345,0.1,0.147,0.717
56,female,50.0,2.485,same,different,0,1,0,model,Y,0.0,2,0.345,0.142,1.047,0.852
56,female,0.0,1.408,different,different,1,0,0,model,Y,0.0,2,0.345,0.1,0.147,0.717
56,female,50.0,2.357,same,same,1,0,0,model,Y,0.0,0,0.345,0.161,1.047,0.805
56,female,50.0,2.027,same,same,1,0,0,model,Y,0.0,0,0.345,0.152,0.747,0.784
56,female,150.0,2.569,same,same,1,0,0,model,Y,0.0,0,0.345,0.226,1.047,0.951
56,female,100.0,2.559,same,same,1,0,0,model,Y,0.0,0,0.345,0.223,1.047,0.944
56,female,0.0,1.408,different,different,1,0,0,model,Y,0.0,2,0.345,0.1,0.147,0.717
56,female,100.0,2.515,same,same,1,0,0,model,Y,0.0,0,0.345,0.21,1.047,0.914
56,female,0.0,1.408,different,different,1,0,0,model,Y,0.0,2,0.345,0.1,0.147,0.717
56,female,0.0,1.258,same,same,1,0,0,model,Y,0.0,0,0.345,0.1,0.147,0.667
56,female,150.0,3.283,same,same,1,0,0,model,Y,0.0,0,0.345,0.262,1.647,1.03
56,female,100.0,2.208,same,same,1,0,0,model,Y,0.0,0,0.345,0.208,0.747,0.909
56,female,0.0,1.408,different,different,1,0,0,model,Y,0.0,2,0.345,0.1,0.147,0.717
56,female,0.0,1.408,different,different,1,0,0,model,Y,0.0,2,0.345,0.1,0.147,0.717
56,female,150.0,2.492,same,same,1,0,0,model,Y,0.0,0,0.345,0.249,0.897,1.002
56,female,0.0,1.408,different,different,1,0,0,model,Y,0.0,2,0.345,0.1,0.147,0.717
56,female,150.0,2.856,same,same,1,0,0,model,Y,0.0,0,0.345,0.269,1.197,1.047
56,female,100.0,3.693,same,different,0,1,0,model,Y,0.0,2,0.345,0.221,1.947,1.08
56,female,100.0,2.284,same,same,1,0,0,model,Y,0.0,0,0.345,0.231,0.747,0.962
56,female,150.0,4.279,same,same,1,0,0,model,Y,0.0,0,0.345,0.245,2.697,0.993
56,female,50.0,3.565,different,different,1,0,0,model,Y,0.0,2,0.345,0.149,2.097,0.875
56,female,150.0,3.422,same,same,1,0,0,model,Y,0.0,1,0.345,0.238,1.497,1.294
56,female,150.0,4.704,different,different,1,0,0,model,Y,0.0,2,0.345,0.256,2.847,1.156
56,female,100.0,2.235,same,same,1,0,0,model,Y,0.0,0,0.345,0.216,0.747,0.928
56,female,100.0,4.807,different,different,1,0,0,model,Y,0.0,2,0.345,0.2,3.297,0.866
57,female,100.0,2.708,same,same,1,0,0,model,Y,0.0,0,0.367,0.211,1.2,0.931
57,female,100.0,4.863,different,different,1,0,0,model,Y,0.0,3,0.367,0.242,2.7,1.404
57,female,50.0,1.934,same,same,1,0,0,model,Y,0.0,0,0.367,0.157,0.6,0.809
57,female,150.0,4.175,different,different,1,0,0,model,Y,0.0,3,0.367,0.236,2.1,1.323
57,female,0.0,1.298,same,same,1,0,0,model,Y,0.0,0,0.367,0.1,0.15,0.681
57,female,50.0,2.49,different,different,1,0,0,model,Y,0.0,3,0.367,0.143,0.75,1.08
57,female,0.0,1.298,same,same,1,0,0,model,Y,0.0,0,0.367,0.1,0.15,0.681
57,female,0.0,1.298,same,same,1,0,0,model,Y,0.0,0,0.367,0.1,0.15,0.681
57,female,50.0,2.777,different,different,1,0,0,model,Y,0.0,3,0.367,0.141,1.05,1.069
57,female,150.0,2.967,same,same,1,0,0,model,Y,0.0,0,0.367,0.29,1.2,1.11
57,female,50.0,3.7,different,different,1,0,0,model,Y,0.0,3,0.367,0.145,1.95,1.088
57,female,0.0,1.648,different,different,1,0,0,model,Y,0.0,3,0.367,0.1,0.15,0.881
57,female,0.0,1.298,same,same,1,0,0,model,Y,0.0,0,0.367,0.1,0.15,0.681
57,female,150.0,3.288,same,same,1,0,0,model,Y,0.0,0,0.367,0.251,1.65,1.02
57,female,100.0,2.732,same,same,1,0,0,model,Y,0.0,0,0.367,0.172,1.35,0.843
57,female,150.0,2.524,same,same,1,0,0,model,Y,0.0,0,0.367,0.246,0.9,1.011
57,female,100.0,2.503,same,same,1,0,0,model,Y,0.0,0,0.367,0.24,0.9,0.996
57,female,50.0,1.948,same,same,1,0,0,model,Y,0.0,0,0.367,0.161,0.6,0.819
57,female,100.0,2.339,same,same,1,0,0,model,Y,0.0,0,0.367,0.189,0.9,0.882
57,female,150.0,2.447,same,same,1,0,0,model,Y,0.0,0,0.367,0.269,0.75,1.061
57,female,0.0,1.648,different,different,1,0,0,model,Y,0.0,3,0.367,0.1,0.15,0.881
57,female,0.0,1.648,different,different,1,0,0,model,Y,0.0,3,0.367,0.1,0.15,0.881
57,female,50.0,1.956,same,same,1,0,0,model,Y,0.0,0,0.367,0.164,0.6,0.825
57,female,50.0,2.805,different,different,1,0,0,model,Y,0.0,3,0.367,0.146,1.05,1.092
57,female,100.0,2.338,same,same,1,0,0,model,Y,0.0,0,0.367,0.189,0.9,0.882
57,female,50.0,1.963,same,same,1,0,0,model,Y,0.0,0,0.367,0.166,0.6,0.83
57,female,50.0,2.469,different,different,1,0,0,model,Y,0.0,3,0.367,0.14,0.75,1.062
57,female,0.0,1.648,different,different,1,0,0,model,Y,0.0,3,0.367,0.1,0.15,0.881
57,female,0.0,1.648,different,different,1,0,0,model,Y,0.0,3,0.367,0.1,0.15,0.881
57,female,150.0,3.6,different,different,1,0,0,model,Y,0.0,3,0.367,0.206,1.65,1.227
57,female,50.0,2.864,different,different,1,0,0,model,Y,0.0,3,0.367,0.157,1.05,1.14
57,female,0.0,1.648,different,different,1,0,0,model,Y,0.0,3,0.367,0.1,0.15,0.881
57,female,50.0,3.896,different,different,1,0,0,model,Y,0.0,3,0.367,0.154,2.1,1.126
57,female,100.0,3.557,different,different,1,0,0,model,Y,0.0,3,0.367,0.187,1.65,1.202
57,female,50.0,3.246,different,different,1,0,0,model,Y,0.0,3,0.367,0.144,1.5,1.084
57,female,100.0,2.38,same,same,1,0,0,model,Y,0.0,0,0.367,0.202,0.9,0.911
57,female,150.0,4.697,different,different,1,0,0,model,Y,0.0,3,0.367,0.252,2.55,1.378
57,female,50.0,2.264,same,same,1,0,0,model,Y,0.0,0,0.367,0.166,0.9,0.831
57,female,150.0,2.216,same,same,1,0,0,model,Y,0.0,0,0.367,0.198,0.75,0.901
57,female,150.0,2.665,same,same,1,0,0,model,Y,0.0,0,0.367,0.244,1.05,1.004
57,female,50.0,2.825,different,different,1,0,0,model,Y,0.0,3,0.367,0.15,1.05,1.108
57,female,50.0,1.777,same,same,1,0,0,model,Y,0.0,0,0.367,0.155,0.45,0.805
57,female,150.0,5.227,different,different,1,0,0,model,Y,0.0,3,0.367,0.212,3.45,1.049
57,female,0.0,1.298,same,same,1,0,0,model,Y,0.0,0,0.367,0.1,0.15,0.681
57,female,150.0,3.805,different,different,1,0,0,model,Y,0.0,3,0.367,0.289,1.5,1.498
57,female,0.0,1.298,same,same,1,0,0,model,Y,0.0,0,0.367,0.1,0.15,0.681
57,female,50.0,2.858,same,different,0,1,0,model,Y,0.0,3,0.367,0.156,1.05,1.136
57,female,50.0,1.762,same,same,1,0,0,model,Y,0.0,0,0.367,0.15,0.45,0.795
57,female,100.0,2.316,same,same,1,0,0,model,Y,0.0,0,0.367,0.229,0.75,0.97
57,female,100.0,2.463,same,same,1,0,0,model,Y,0.0,0,0.367,0.228,0.9,0.969
57,female,0.0,1.648,different,different,1,0,0,model,Y,0.0,3,0.367,0.1,0.15,0.881
57,female,100.0,2.375,same,same,1,0,0,model,Y,0.0,0,0.367,0.154,1.05,0.804
57,female,150.0,3.898,different,different,1,0,0,model,Y,0.0,3,0.367,0.22,2.1,1.061
57,female,0.0,1.648,different,different,1,0,0,model,Y,0.0,3,0.367,0.1,0.15,0.881
57,female,50.0,1.698,same,same,1,0,0,model,Y,0.0,0,0.367,0.131,0.45,0.75
57,female,50.0,1.946,same,same,1,0,0,model,Y,0.0,0,0.367,0.161,0.6,0.818
57,female,50.0,1.894,same,same,1,0,0,model,Y,0.0,0,0.367,0.145,0.6,0.782
57,female,150.0,4.319,different,different,1,0,0,model,Y,0.0,3,0.367,0.269,2.1,1.433
57,female,0.0,1.298,same,same,1,0,0,model,Y,0.0,0,0.367,0.1,0.15,0.681
57,female,150.0,4.535,same,different,0,1,0,model,Y,0.0,3,0.367,0.32,2.1,1.598
57,female,150.0,2.6,same,same,1,0,0,model,Y,0.0,0,0.367,0.27,0.9,1.063
57,female,0.0,1.648,different,different,1,0,0,model,Y,0.0,3,0.367,0.1,0.15,0.881
57,female,0.0,1.298,same,same,1,0,0,model,Y,0.0,0,0.367,0.1,0.15,0.681
57,female,50.0,1.804,same,same,1,0,0,model,Y,0.0,0,0.367,0.163,0.45,0.824
57,female,0.0,1.648,different,different,1,0,0,model,Y,0.0,3,0.367,0.1,0.15,0.881
57,female,50.0,2.977,different,different,1,0,0,model,Y,0.0,3,0.367,0.15,1.2,1.11
57,female,150.0,2.877,same,same,1,0,0,model,Y,0.0,0,0.367,0.309,1.05,1.151
57,female,100.0,2.327,same,same,1,0,0,model,Y,0.0,0,0.367,0.232,0.75,0.978
57,female,50.0,1.949,same,same,1,0,0,model,Y,0.0,0,0.367,0.162,0.6,0.82
57,female,100.0,3.351,different,different,1,0,0,model,Y,0.0,3,0.367,0.24,1.2,1.394
57,female,50.0,1.771,same,same,1,0,0,model,Y,0.0,0,0.367,0.153,0.45,0.801
57,female,100.0,2.33,same,same,1,0,0,model,Y,0.0,0,0.367,0.187,0.9,0.876
57,female,50.0,2.715,different,different,1,0,0,model,Y,0.0,3,0.367,0.167,1.05,0.981
57,female,100.0,4.745,different,different,1,0,0,model,Y,0.0,3,0.367,0.199,3.0,1.029
57,female,100.0,3.288,same,same,1,0,0,model,Y,0.0,0,0.367,0.204,1.8,0.916
57,female,0.0,1.648,different,different,1,0,0,model,Y,0.0,3,0.367,0.1,0.15,0.881
57,female,0.0,1.298,same,same,1,0,0,model,Y,0.0,0,0.367,0.1,0.15,0.681
57,female,100.0,2.249,same,same,1,0,0,model,Y,0.0,0,0.367,0.208,0.75,0.924
57,female,50.0,1.726,same,same,1,0,0,model,Y,0.0,0,0.367,0.139,0.45,0.77
57,female,50.0,1.735,same,same,1,0,0,model,Y,0.0,0,0.367,0.142,0.45,0.776
57,female,150.0,2.69,same,same,1,0,0,model,Y,0.0,0,0.367,0.251,1.05,1.022
57,female,50.0,1.914,same,same,1,0,0,model,Y,0.0,0,0.367,0.151,0.6,0.796
57,female,150.0,2.532,same,same,1,0,0,model,Y,0.0,0,0.367,0.249,0.9,1.016
57,female,150.0,5.613,different,different,1,0,0,model,Y,0.0,3,0.367,0.291,3.3,1.505
57,female,50.0,1.744,same,same,1,0,0,model,Y,0.0,0,0.367,0.145,0.45,0.782
57,female,100.0,2.377,same,same,1,0,0,model,Y,0.0,0,0.367,0.201,0.9,0.909
57,female,100.0,3.782,different,different,1,0,0,model,Y,0.0,3,0.367,0.204,1.8,1.262
57,female,100.0,2.02,same,same,1,0,0,model,Y,0.0,0,0.367,0.184,0.6,0.869
57,female,0.0,1.298,same,same,1,0,0,model,Y,0.0,0,0.367,0.1,0.15,0.681
57,female,50.0,1.705,same,same,1,0,0,model,Y,0.0,0,0.367,0.133,0.45,0.755
57,female,150.0,2.958,same,same,1,0,0,model,Y,0.0,0,0.367,0.242,1.35,1.0
57,female,0.0,1.648,different,different,1,0,0,model,Y,0.0,3,0.367,0.1,0.15,0.881
57,female,150.0,2.522,same,same,1,0,0,model,Y,0.0,0,0.367,0.246,0.9,1.009
57,female,0.0,1.648,different,different,1,0,0,model,Y,0.0,3,0.367,0.1,0.15,0.881
57,female,100.0,2.184,same,same,1,0,0,model,Y,0.0,0,0.367,0.188,0.75,0.879
57,female,100.0,2.235,same,same,1,0,0,model,Y,0.0,0,0.367,0.204,0.75,0.914
58,female,100.0,2.85,same,same,1,0,0,model,Y,0.0,0,0.602,0.177,1.214,0.857
58,female,50.0,5.208,different,different,1,0,0,model,Y,0.0,3,0.602,0.128,3.314,1.013
58,female,100.0,3.255,different,different,1,0,0,model,Y,0.0,3,0.602,0.189,1.514,0.801
58,female,100.0,3.527,same,same,1,0,0,model,Y,0.0,0,0.602,0.2,1.814,0.91
58,female,50.0,3.729,same,same,1,0,0,model,Y,0.0,1,0.602,0.145,2.114,0.818
58,female,150.0,4.158,different,different,1,0,0,model,Y,0.0,3,0.602,0.243,1.814,1.349
58,female,150.0,2.994,same,same,1,0,0,model,Y,0.0,0,0.602,0.267,1.064,1.06
58,female,50.0,2.807,different,different,1,0,0,model,Y,0.0,3,0.602,0.155,0.764,1.135
58,female,0.0,1.901,different,different,1,0,0,model,Y,0.0,3,0.602,0.1,0.164,0.884
58,female,0.0,1.551,same,same,1,0,0,model,Y,0.0,0,0.602,0.1,0.164,0.684
58,female,150.0,2.715,same,same,1,0,0,model,Y,0.0,0,0.602,0.228,0.914,0.972
58,female,50.0,2.078,same,same,1,0,0,model,Y,0.0,0,0.602,0.17,0.464,0.842
58,female,150.0,4.436,different,different,1,0,0,model,Y,0.0,3,0.602,0.238,2.114,1.333
58,female,150.0,4.841,different,same,0,0,1,model,Y,0.0,3,0.602,0.227,2.564,1.298
58,female,100.0,2.777,same,same,1,0,0,model,Y,0.0,0,0.602,0.2,1.064,0.91
58,female,150.0,4.032,different,different,1,0,0,model,Y,0.0,3,0.602,0.284,1.514,1.483
58,female,150.0,3.625,different,same,0,0,1,model,Y,0.0,3,0.602,0.228,1.814,0.831
58,female,100.0,2.404,same,same,1,0,0,model,Y,0.0,0,0.602,0.224,0.614,0.964
58,female,150.0,5.827,different,different,1,0,0,model,Y,0.0,3,0.602,0.212,3.614,1.249
58,female,50.0,2.085,same,same,1,0,0,model,Y,0.0,0,0.602,0.172,0.464,0.846
58,female,100.0,3.829,different,different,1,0,0,model,Y,0.0,3,0.602,0.224,1.514,1.339
58,female,150.0,2.616,same,same,1,0,0,model,Y,0.0,0,0.602,0.197,0.914,0.903
58,female,100.0,2.377,same,same,1,0,0,model,Y,0.0,0,0.602,0.17,0.764,0.841
58,female,150.0,2.774,same,same,1,0,0,model,Y,0.0,0,0.602,0.246,0.914,1.012
58,female,100.0,3.307,different,different,1,0,0,model,Y,0.0,3,0.602,0.243,1.214,1.098
58,female,100.0,3.435,different,different,1,0,0,model,Y,0.0,3,0.602,0.174,1.514,0.995
58,female,0.0,1.901,different,different,1,0,0,model,Y,0.0,3,0.602,0.1,0.164,0.884
58,female,50.0,2.762,different,different,1,0,0,model,Y,0.0,3,0.602,0.147,0.764,1.099
58,female,100.0,2.471,same,same,1,0,0,model,Y,0.0,0,0.602,0.199,0.764,0.906
58,female,0.0,1.901,different,different,1,0,0,model,Y,0.0,3,0.602,0.1,0.164,0.884
58,female,0.0,1.551,same,same,1,0,0,model,Y,0.0,0,0.602,0.1,0.164,0.684
58,female,0.0,1.551,same,same,1,0,0,model,Y,0.0,0,0.602,0.1,0.164,0.684
58,female,50.0,3.562,different,different,1,0,0,model,Y,0.0,3,0.602,0.156,1.514,1.14
58,female,0.0,1.901,different,different,1,0,0,model,Y,0.0,3,0.602,0.1,0.164,0.884
58,female,0.0,1.551,same,same,1,0,0,model,Y,0.0,0,0.602,0.1,0.164,0.684
58,female,0.0,1.551,same,same,1,0,0,model,Y,0.0,0,0.602,0.1,0.164,0.684
58,female,100.0,3.072,different,different,1,0,0,model,Y,0.0,3,0.602,0.158,1.064,1.098
58,female,50.0,2.048,same,same,1,0,0,model,Y,0.0,0,0.602,0.161,0.464,0.821
58,female,50.0,3.35,different,different,1,0,0,model,Y,0.0,3,0.602,0.172,1.214,1.212
58,female,100.0,4.261,different,different,1,0,0,model,Y,0.0,3,0.602,0.204,2.264,1.041
58,female,150.0,4.838,different,different,1,0,0,model,Y,0.0,3,0.602,0.226,2.564,1.296
58,female,150.0,3.155,same,same,1,0,0,model,Y,0.0,0,0.602,0.317,1.064,1.172
58,female,0.0,1.551,same,same,1,0,0,model,Y,0.0,0,0.602,0.1,0.164,0.684
58,female,100.0,4.364,different,different,1,0,0,model,Y,0.0,3,0.602,0.178,2.264,1.17
58,female,0.0,1.901,different,different,1,0,0,model,Y,0.0,3,0.602,0.1,0.164,0.884
58,female,0.0,1.901,same,different,0,1,0,model,Y,0.0,3,0.602,0.1,0.164,0.884
58,female,150.0,3.436,same,same,1,0,0,model,Y,0.0,0,0.602,0.219,1.664,0.951
58,female,50.0,3.053,different,different,1,0,0,model,Y,0.0,3,0.602,0.141,1.214,0.946
58,female,100.0,4.553,same,different,0,1,0,model,Y,0.0,3,0.602,0.218,2.264,1.319
58,female,0.0,1.551,same,same,1,0,0,model,Y,0.0,0,0.602,0.1,0.164,0.684
58,female,100.0,4.977,different,different,1,0,0,model,Y,0.0,3,0.602,0.231,3.014,0.98
58,female,100.0,2.372,same,same,1,0,0,model,Y,0.0,0,0.602,0.168,0.764,0.838
58,female,100.0,2.504,same,same,1,0,0,model,Y,0.0,0,0.602,0.209,0.764,0.929
58,female,50.0,2.915,same,different,0,1,0,model,Y,0.0,3,0.602,0.148,0.914,1.102
58,female,50.0,2.194,same,same,1,0,0,model,Y,0.0,0,0.602,0.159,0.614,0.818
58,female,150.0,4.982,different,different,1,0,0,model,Y,0.0,3,0.602,0.26,2.564,1.406
58,female,150.0,4.641,different,different,1,0,0,model,Y,0.0,3,0.602,0.25,2.264,1.375
58,female,150.0,4.403,different,different,1,0,0,model,Y,0.0,3,0.602,0.23,2.114,1.307
58,female,100.0,2.577,same,same,1,0,0,model,Y,0.0,0,0.602,0.231,0.764,0.98
58,female,50.0,3.021,different,different,1,0,0,model,Y,0.0,3,0.602,0.139,1.064,1.065
58,female,100.0,2.463,same,same,1,0,0,model,Y,0.0,0,0.602,0.196,0.764,0.901
58,female,0.0,1.551,same,same,1,0,0,model,Y,0.0,0,0.602,0.1,0.164,0.684
58,female,50.0,2.042,same,same,1,0,0,model,Y,0.0,0,0.602,0.159,0.464,0.817
58,female,100.0,2.298,same,same,1,0,0,model,Y,0.0,0,0.602,0.192,0.614,0.89
58,female,150.0,2.845,same,same,1,0,0,model,Y,0.0,0,0.602,0.267,0.914,1.061
58,female,100.0,2.187,same,same,1,0,0,model,Y,0.0,0,0.602,0.157,0.614,0.813
58,female,0.0,1.901,different,different,1,0,0,model,Y,0.0,3,0.602,0.1,0.164,0.884
58,female,50.0,2.779,different,different,1,0,0,model,Y,0.0,3,0.602,0.15,0.764,1.113
58,female,50.0,2.17,same,same,1,0,0,model,Y,0.0,0,0.602,0.152,0.614,0.802
58,female,50.0,2.09,same,same,1,0,0,model,Y,0.0,0,0.602,0.174,0.464,0.85
58,female,150.0,3.144,same,same,1,0,0,model,Y,0.0,0,0.602,0.267,1.214,1.061
58,female,150.0,2.666,same,same,1,0,0,model,Y,0.0,0,0.602,0.213,0.914,0.938
58,female,150.0,2.926,same,same,1,0,0,model,Y,0.0,0,0.602,0.292,0.914,1.117
58,female,50.0,2.948,different,different,1,0,0,model,Y,0.0,3,0.602,0.159,1.064,0.973
58,female,150.0,2.68,same,same,1,0,0,model,Y,0.0,0,0.602,0.217,0.914,0.947
58,female,0.0,1.901,different,different,1,0,0,model,Y,0.0,3,0.602,0.1,0.164,0.884
58,female,0.0,1.551,same,same,1,0,0,model,Y,0.0,0,0.602,0.1,0.164,0.684
58,female,150.0,4.244,different,different,1,0,0,model,Y,0.0,3,0.602,0.263,1.814,1.415
58,female,50.0,3.032,different,different,1,0,0,model,Y,0.0,3,0.602,0.141,1.064,1.074
58,female,0.0,1.901,different,different,1,0,0,model,Y,0.0,3,0.602,0.1,0.164,0.884
58,female,50.0,2.898,different,different,1,0,0,model,Y,0.0,3,0.602,0.144,0.914,1.087
58,female,150.0,4.325,different,different,1,0,0,model,Y,0.0,3,0.602,0.211,2.114,1.248
58,female,100.0,4.808,different,different,1,0,0,model,Y,0.0,3,0.602,0.176,2.714,1.165
58,female,150.0,2.98,same,same,1,0,0,model,Y,0.0,0,0.602,0.309,0.914,1.155
58,female,150.0,7.691,different,different,1,0,0,model,Y,0.0,3,0.602,0.192,5.564,1.183
58,female,150.0,2.703,same,same,1,0,0,model,Y,0.0,0,0.602,0.224,0.914,0.963
58,female,150.0,4.272,different,different,1,0,0,model,Y,0.0,3,0.602,0.269,1.814,1.437
58,female,150.0,3.495,different,different,1,0,0,model,Y,0.0,3,0.602,0.198,1.514,1.031
58,female,50.0,1.993,same,same,1,0,0,model,Y,0.0,0,0.602,0.144,0.464,0.783
58,female,150.0,10.068,different,different,1,0,0,model,Y,0.0,3,0.602,0.292,7.514,1.51
58,female,0.0,1.901,different,different,1,0,0,model,Y,0.0,3,0.602,0.1,0.164,0.884
58,female,0.0,1.901,different,different,1,0,0,model,Y,0.0,3,0.602,0.1,0.164,0.884
58,female,150.0,6.291,different,different,1,0,0,model,Y,0.0,3,0.602,0.18,4.214,1.145
58,female,150.0,3.551,different,different,1,0,0,model,Y,0.0,3,0.602,0.206,1.364,1.229
58,female,50.0,2.783,different,different,1,0,0,model,Y,0.0,3,0.602,0.151,0.764,1.116
58,female,100.0,2.377,same,same,1,0,0,model,Y,0.0,0,0.602,0.216,0.614,0.945
59,male,100.0,2.721,same,same,1,0,0,model,Y,0.0,0,0.396,0.21,1.238,0.876
59,male,150.0,5.386,different,different,1,0,0,model,Y,0.0,3,0.396,0.27,3.188,1.381
59,male,0.0,1.663,different,different,1,0,0,model,Y,0.0,3,0.396,0.1,0.188,0.828
59,male,150.0,2.935,same,same,1,0,0,model,Y,0.0,0,0.396,0.276,1.238,1.024
59,male,150.0,3.583,different,different,1,0,0,model,Y,0.0,3,0.396,0.208,1.838,0.99
59,male,100.0,2.405,same,same,1,0,0,model,Y,0.0,0,0.396,0.205,0.938,0.865
59,male,50.0,1.925,same,same,1,0,0,model,Y,0.0,0,0.396,0.15,0.638,0.74
59,male,0.0,1.313,same,same,1,0,0,model,Y,0.0,0,0.396,0.1,0.188,0.628
59,male,0.0,1.663,different,different,1,0,0,model,Y,0.0,3,0.396,0.1,0.188,0.828
59,male,100.0,3.473,different,different,1,0,0,model,Y,0.0,3,0.396,0.199,1.538,1.19
59,male,150.0,3.013,same,same,1,0,0,model,Y,0.0,0,0.396,0.254,1.388,0.974
59,male,100.0,3.175,different,different,1,0,0,model,Y,0.0,3,0.396,0.199,1.238,1.191
59,male,0.0,1.663,different,different,1,0,0,model,Y,0.0,3,0.396,0.1,0.188,0.828
59,male,50.0,2.107,same,same,1,0,0,model,Y,0.0,0,0.396,0.16,0.788,0.762
59,male,100.0,3.437,different,different,1,0,0,model,Y,0.0,3,0.396,0.191,1.538,1.161
59,male,150.0,5.316,different,different,1,0,0,model,Y,0.0,3,0.396,0.289,3.038,1.442
59,male,150.0,3.847,different,different,1,0,0,model,Y,0.0,3,0.396,0.194,2.138,0.968
59,male,150.0,2.611,same,same,1,0,0,model,Y,0.0,0,0.396,0.223,1.088,0.904
59,male,50.0,1.882,same,same,1,0,0,model,Y,0.0,0,0.396,0.137,0.638,0.71
59,male,0.0,1.313,same,same,1,0,0,model,Y,0.0,0,0.396,0.1,0.188,0.628
59,male,150.0,7.896,different,different,1,0,0,model,Y,0.0,3,0.396,0.225,5.888,1.236
59,male,50.0,3.241,different,different,1,0,0,model,Y,0.0,3,0.396,0.141,1.538,1.015
59,male,50.0,3.037,different,different,1,0,0,model,Y,0.0,3,0.396,0.158,1.238,1.094
59,male,50.0,1.992,same,same,1,0,0,model,Y,0.0,0,0.396,0.171,0.638,0.786
59,male,50.0,2.989,different,different,1,0,0,model,Y,0.0,3,0.396,0.151,1.388,0.904
59,male,150.0,3.389,same,same,1,0,0,model,Y,0.0,0,0.396,0.277,1.688,1.027
59,male,100.0,4.039,different,different,1,0,0,model,Y,0.0,3,0.396,0.191,2.138,1.163
59,male,150.0,4.503,different,different,1,0,0,model,Y,0.0,3,0.396,0.239,2.438,1.28
59,male,50.0,2.839,different,different,1,0,0,model,Y,0.0,3,0.396,0.15,1.088,1.055
59,male,100.0,2.615,same,same,1,0,0,model,Y,0.0,0,0.396,0.178,1.238,0.802
59,male,100.0,2.227,same,same,1,0,0,model,Y,0.0,0,0.396,0.197,0.788,0.846
59,male,100.0,2.595,same,same,1,0,0,model,Y,0.0,0,0.396,0.171,1.238,0.788
59,male,100.0,2.456,same,same,1,0,0,model,Y,0.0,0,0.396,0.221,0.938,0.9
59,male,50.0,5.176,different,different,1,0,0,model,Y,0.0,3,0.396,0.138,3.488,1.003
59,male,0.0,1.313,same,same,1,0,0,model,Y,0.0,0,0.396,0.1,0.188,0.628
59,male,150.0,4.319,different,different,1,0,0,model,Y,0.0,3,0.396,0.266,2.138,1.368
59,male,0.0,1.663,different,different,1,0,0,model,Y,0.0,3,0.396,0.1,0.188,0.828
59,male,50.0,4.444,different,different,1,0,0,model,Y,0.0,3,0.396,0.141,2.738,1.017
59,male,0.0,1.313,same,same,1,0,0,model,Y,0.0,0,0.396,0.1,0.188,0.628
59,male,100.0,3.252,same,different,0,1,0,model,Y,0.0,3,0.396,0.216,1.538,0.951
59,male,0.0,1.313,same,same,1,0,0,model,Y,0.0,0,0.396,0.1,0.188,0.628
59,male,0.0,1.313,same,same,1,0,0,model,Y,0.0,0,0.396,0.1,0.188,0.628
59,male,100.0,3.975,different,different,1,0,0,model,Y,0.0,3,0.396,0.185,2.288,0.955
59,male,50.0,2.625,different,different,1,0,0,model,Y,0.0,3,0.396,0.165,0.788,1.125
59,male,100.0,5.041,different,different,1,0,0,model,Y,0.0,3,0.396,0.181,3.188,1.125
59,male,150.0,2.939,same,same,1,0,0,model,Y,0.0,0,0.396,0.277,1.238,1.027
59,male,50.0,3.011,different,different,1,0,0,model,Y,0.0,3,0.396,0.154,1.238,1.072
59,male,100.0,2.336,same,same,1,0,0,model,Y,0.0,0,0.396,0.184,0.938,0.817
59,male,50.0,4.418,different,different,1,0,0,model,Y,0.0,3,0.396,0.164,2.588,1.119
59,male,150.0,2.457,same,same,1,0,0,model,Y,0.0,0,0.396,0.221,0.938,0.901
59,male,0.0,1.663,different,different,1,0,0,model,Y,0.0,3,0.396,0.1,0.188,0.828
59,male,0.0,1.313,same,same,1,0,0,model,Y,0.0,0,0.396,0.1,0.188,0.628
59,male,100.0,2.241,same,same,1,0,0,model,Y,0.0,0,0.396,0.155,0.938,0.751
59,male,100.0,2.292,same,same,1,0,0,model,Y,0.0,0,0.396,0.217,0.788,0.891
59,male,150.0,2.635,same,same,1,0,0,model,Y,0.0,0,0.396,0.23,1.088,0.92
59,male,0.0,1.313,same,same,1,0,0,model,Y,0.0,0,0.396,0.1,0.188,0.628
59,male,50.0,2.242,same,same,1,0,0,model,Y,0.0,0,0.396,0.155,0.938,0.752
59,male,50.0,1.963,same,same,1,0,0,model,Y,0.0,0,0.396,0.162,0.638,0.766
59,male,50.0,2.556,different,different,1,0,0,model,Y,0.0,3,0.396,0.153,0.788,1.068
59,male,150.0,4.167,different,different,1,0,0,model,Y,0.0,3,0.396,0.265,1.988,1.367
59,male,150.0,2.776,same,same,1,0,0,model,Y,0.0,0,0.396,0.273,1.088,1.018
59,male,50.0,2.238,same,same,1,0,0,model,Y,0.0,0,0.396,0.154,0.938,0.749
59,male,50.0,2.816,different,different,1,0,0,model,Y,0.0,3,0.396,0.145,1.088,1.036
59,male,150.0,4.064,different,different,1,0,0,model,Y,0.0,3,0.396,0.277,1.838,1.403
59,male,0.0,1.313,same,same,1,0,0,model,Y,0.0,0,0.396,0.1,0.188,0.628
59,male,0.0,1.663,different,different,1,0,0,model,Y,0.0,3,0.396,0.1,0.188,0.828
59,male,100.0,2.887,same,same,1,0,0,model,Y,0.0,0,0.396,0.215,1.388,0.887
59,male,150.0,2.348,same,same,1,0,0,model,Y,0.0,0,0.396,0.188,0.938,0.825
59,male,100.0,3.136,same,same,1,0,0,model,Y,0.0,0,0.396,0.199,1.688,0.851
59,male,100.0,3.241,different,different,1,0,0,model,Y,0.0,3,0.396,0.213,1.238,1.243
59,male,100.0,4.626,same,different,0,1,0,model,Y,0.0,3,0.396,0.22,2.588,1.27
59,male,100.0,5.061,different,different,1,0,0,model,Y,0.0,3,0.396,0.217,3.038,1.259
59,male,150.0,5.753,different,different,1,0,0,model,Y,0.0,3,0.396,0.296,3.788,1.122
59,male,150.0,3.401,different,different,1,0,0,model,Y,0.0,3,0.396,0.255,1.538,1.061
59,male,100.0,2.364,same,same,1,0,0,model,Y,0.0,0,0.396,0.239,0.788,0.94
59,male,50.0,1.786,same,same,1,0,0,model,Y,0.0,0,0.396,0.153,0.488,0.748
59,male,0.0,1.313,same,same,1,0,0,model,Y,0.0,0,0.396,0.1,0.188,0.628
59,male,0.0,1.313,same,same,1,0,0,model,Y,0.0,0,0.396,0.1,0.188,0.628
59,male,0.0,1.663,same,different,0,1,0,model,Y,0.0,3,0.396,0.1,0.188,0.828
59,male,0.0,1.313,same,same,1,0,0,model,Y,0.0,0,0.396,0.1,0.188,0.628
59,male,150.0,2.997,same,same,1,0,0,model,Y,0.0,0,0.396,0.249,1.388,0.963
59,male,150.0,2.862,same,same,1,0,0,model,Y,0.0,0,0.396,0.254,1.238,0.974
59,male,50.0,2.687,different,different,1,0,0,model,Y,0.0,3,0.396,0.149,0.938,1.053
59,male,0.0,1.313,same,same,1,0,0,model,Y,0.0,0,0.396,0.1,0.188,0.628
59,male,100.0,4.086,different,different,1,0,0,model,Y,0.0,3,0.396,0.233,1.988,1.317
59,male,0.0,1.313,same,same,1,0,0,model,Y,0.0,0,0.396,0.1,0.188,0.628
59,male,0.0,1.313,same,same,1,0,0,model,Y,0.0,0,0.396,0.1,0.188,0.628
59,male,150.0,2.476,same,same,1,0,0,model,Y,0.0,0,0.396,0.227,0.938,0.914
59,male,50.0,3.299,same,different,0,1,0,model,Y,0.0,3,0.396,0.151,1.538,1.062
59,male,50.0,2.803,different,different,1,0,0,model,Y,0.0,3,0.396,0.143,1.088,1.025
59,male,100.0,3.241,different,different,1,0,0,model,Y,0.0,3,0.396,0.191,1.538,0.965
59,male,0.0,1.313,same,same,1,0,0,model,Y,0.0,0,0.396,0.1,0.188,0.628
59,male,150.0,6.151,different,different,1,0,0,model,Y,0.0,3,0.396,0.238,4.088,1.278
59,male,150.0,3.587,same,same,1,0,0,model,Y,0.0,0,0.396,0.292,1.838,1.06
59,male,0.0,1.663,different,different,1,0,0,model,Y,0.0,3,0.396,0.1,0.188,0.828
59,male,50.0,3.724,different,different,1,0,0,model,Y,0.0,3,0.396,0.144,2.138,0.894
60,female,150.0,2.656,same,same,1,0,0,model,Y,0.0,0,0.444,0.297,0.918,0.997
60,female,50.0,3.657,different,different,1,0,0,model,Y,0.0,3,0.444,0.143,1.968,0.952
60,female,100.0,2.319,same,same,1,0,0,model,Y,0.0,0,0.444,0.24,0.768,0.868
60,female,150.0,7.374,different,different,1,0,0,model,Y,0.0,3,0.444,0.255,5.268,1.258
60,female,50.0,4.093,different,different,1,0,0,model,Y,0.0,3,0.444,0.144,2.718,0.636
60,female,50.0,2.685,different,different,1,0,0,model,Y,0.0,3,0.444,0.157,0.918,1.016
60,female,50.0,2.575,different,different,1,0,0,model,Y,0.0,3,0.444,0.165,0.768,1.048
60,female,100.0,2.395,same,same,1,0,0,model,Y,0.0,0,0.444,0.171,1.068,0.712
60,female,50.0,2.799,different,different,1,0,0,model,Y,0.0,3,0.444,0.151,1.068,0.986
60,female,50.0,1.682,same,same,1,0,0,model,Y,0.0,0,0.444,0.136,0.468,0.634
60,female,150.0,2.516,same,same,1,0,0,model,Y,0.0,0,0.444,0.254,0.918,0.9
60,female,100.0,3.95,different,different,1,0,0,model,Y,0.0,3,0.444,0.182,2.118,1.056
60,female,50.0,2.848,different,different,1,0,0,model,Y,0.0,3,0.444,0.133,1.218,0.904
60,female,0.0,1.265,same,same,1,0,0,model,Y,0.0,0,0.444,0.1,0.168,0.553
60,female,0.0,1.265,same,same,1,0,0,model,Y,0.0,0,0.444,0.1,0.168,0.553
60,female,150.0,4.082,different,different,1,0,0,model,Y,0.0,3,0.444,0.292,1.818,1.378
60,female,50.0,1.93,same,same,1,0,0,model,Y,0.0,0,0.444,0.166,0.618,0.702
60,female,0.0,1.265,same,same,1,0,0,model,Y,0.0,0,0.444,0.1,0.168,0.553
60,female,0.0,1.615,different,different,1,0,0,model,Y,0.0,3,0.444,0.1,0.168,0.753
60,female,0.0,1.265,same,same,1,0,0,model,Y,0.0,0,0.444,0.1,0.168,0.553
60,female,100.0,2.217,same,same,1,0,0,model,Y,0.0,0,0.444,0.208,0.768,0.797
60,female,100.0,2.229,same,same,1,0,0,model,Y,0.0,0,0.444,0.166,0.918,0.701
60,female,150.0,2.572,same,same,1,0,0,model,Y,0.0,0,0.444,0.271,0.918,0.938
60,female,150.0,3.728,different,different,1,0,0,model,Y,0.0,3,0.444,0.279,1.518,1.337
60,female,0.0,1.615,different,different,1,0,0,model,Y,0.0,3,0.444,0.1,0.168,0.753
60,female,150.0,3.804,different,different,1,0,0,model,Y,0.0,3,0.444,0.179,2.268,0.763
60,female,50.0,2.375,different,different,1,0,0,model,Y,0.0,3,0.444,0.129,0.768,0.884
60,female,0.0,1.615,different,different,1,0,0,model,Y,0.0,3,0.444,0.1,0.168,0.753
60,female,0.0,1.265,same,same,1,0,0,model,Y,0.0,0,0.444,0.1,0.168,0.553
60,female,50.0,2.981,same,different,0,1,0,model,Y,0.0,3,0.444,0.157,1.218,1.012
60,female,100.0,3.474,same,same,1,0,0,model,Y,0.0,1,0.444,0.239,1.518,1.223
60,female,0.0,1.265,same,same,1,0,0,model,Y,0.0,0,0.444,0.1,0.168,0.553
60,female,150.0,4.141,different,different,1,0,0,model,Y,0.0,3,0.444,0.235,2.118,1.194
60,female,150.0,3.727,different,different,1,0,0,model,Y,0.0,3,0.444,0.208,1.818,1.107
60,female,150.0,3.315,same,same,1,0,0,model,Y,0.0,0,0.444,0.315,1.518,1.038
60,female,100.0,3.205,same,same,1,0,0,model,Y,0.0,1,0.444,0.182,1.518,1.011
60,female,0.0,1.265,same,same,1,0,0,model,Y,0.0,0,0.444,0.1,0.168,0.553
60,female,50.0,2.626,different,different,1,0,0,model,Y,0.0,3,0.444,0.174,0.768,1.09
60,female,50.0,2.661,different,different,1,0,0,model,Y,0.0,3,0.444,0.153,0.918,0.996
60,female,150.0,2.744,same,same,1,0,0,model,Y,0.0,0,0.444,0.278,1.068,0.954
60,female,50.0,1.709,same,same,1,0,0,model,Y,0.0,0,0.444,0.144,0.468,0.653
60,female,50.0,1.876,same,same,1,0,0,model,Y,0.0,0,0.444,0.15,0.618,0.665
60,female,150.0,3.166,same,same,1,0,0,model,Y,0.0,0,0.444,0.316,1.368,1.038
60,female,100.0,2.435,same,same,1,0,0,model,Y,0.0,0,0.444,0.183,1.068,0.74
60,female,0.0,1.615,different,different,1,0,0,model,Y,0.0,3,0.444,0.1,0.168,0.753
60,female,0.0,1.265,same,same,1,0,0,model,Y,0.0,0,0.444,0.1,0.168,0.553
60,female,0.0,1.615,different,different,1,0,0,model,Y,0.0,3,0.444,0.1,0.168,0.753
60,female,0.0,1.615,different,different,1,0,0,model,Y,0.0,3,0.444,0.1,0.168,0.753
60,female,100.0,2.466,same,same,1,0,0,model,Y,0.0,0,0.444,0.192,1.068,0.761
60,female,100.0,2.155,same,same,1,0,0,model,Y,0.0,0,0.444,0.189,0.768,0.754
60,female,150.0,2.536,same,same,1,0,0,model,Y,0.0,0,0.444,0.214,1.068,0.81
60,female,50.0,2.604,same,different,0,1,0,model,Y,0.0,3,0.444,0.143,0.918,0.949
60,female,0.0,1.615,different,different,1,0,0,model,Y,0.0,3,0.444,0.1,0.168,0.753
60,female,0.0,1.265,same,same,1,0,0,model,Y,0.0,0,0.444,0.1,0.168,0.553
60,female,150.0,7.467,same,same,1,0,0,model,Y,0.0,1,0.444,0.269,5.418,1.287
60,female,100.0,2.227,same,same,1,0,0,model,Y,0.0,0,0.444,0.211,0.768,0.803
60,female,100.0,6.237,different,different,1,0,0,model,Y,0.0,3,0.444,0.222,4.218,1.203
60,female,0.0,1.265,same,same,1,0,0,model,Y,0.0,0,0.444,0.1,0.168,0.553
60,female,50.0,2.649,different,different,1,0,0,model,Y,0.0,3,0.444,0.151,0.918,0.986
60,female,150.0,3.541,same,different,0,1,0,model,Y,0.0,3,0.444,0.27,1.368,1.308
60,female,100.0,2.242,same,same,1,0,0,model,Y,0.0,0,0.444,0.17,0.918,0.71
60,female,50.0,1.91,same,same,1,0,0,model,Y,0.0,0,0.444,0.16,0.618,0.688
60,female,50.0,1.698,same,same,1,0,0,model,Y,0.0,0,0.444,0.141,0.468,0.645
60,female,0.0,1.615,different,different,1,0,0,model,Y,0.0,3,0.444,0.1,0.168,0.753
60,female,0.0,1.615,different,different,1,0,0,model,Y,0.0,3,0.444,0.1,0.168,0.753
60,female,150.0,5.369,different,different,1,0,0,model,Y,0.0,3,0.444,0.242,3.318,1.215
60,female,150.0,2.679,same,same,1,0,0,model,Y,0.0,0,0.444,0.212,1.218,0.805
60,female,0.0,1.265,same,same,1,0,0,model,Y,0.0,0,0.444,0.1,0.168,0.553
60,female,50.0,2.903,different,different,1,0,0,model,Y,0.0,3,0.444,0.169,1.068,1.071
60,female,150.0,3.015,same,same,1,0,0,model,Y,0.0,0,0.444,0.269,1.368,0.934
60,female,0.0,1.265,same,same,1,0,0,model,Y,0.0,0,0.444,0.1,0.168,0.553
60,female,100.0,1.961,same,same,1,0,0,model,Y,0.0,0,0.444,0.176,0.618,0.723
60,female,50.0,2.602,different,different,1,0,0,model,Y,0.0,3,0.444,0.149,1.218,0.64
60,female,50.0,1.995,same,same,1,0,0,model,Y,0.0,0,0.444,0.14,0.768,0.643
60,female,50.0,1.827,same,same,1,0,0,model,Y,0.0,0,0.444,0.135,0.618,0.631
60,female,100.0,4.75,different,different,1,0,0,model,Y,0.0,3,0.444,0.225,2.718,1.213
60,female,0.0,1.265,same,same,1,0,0,model,Y,0.0,0,0.444,0.1,0.168,0.553
60,female,50.0,2.904,different,different,1,0,0,model,Y,0.0,3,0.444,0.143,1.218,0.949
60,female,150.0,2.841,same,same,1,0,0,model,Y,0.0,0,0.444,0.216,1.368,0.814
60,female,0.0,1.615,different,different,1,0,0,model,Y,0.0,3,0.444,0.1,0.168,0.753
60,female,100.0,2.544,same,same,1,0,0,model,Y,0.0,0,0.444,0.217,1.068,0.816
60,female,150.0,3.97,different,different,1,0,0,model,Y,0.0,3,0.444,0.195,2.118,1.063
60,female,50.0,1.831,same,same,1,0,0,model,Y,0.0,0,0.444,0.136,0.618,0.634
60,female,100.0,3.959,different,different,1,0,0,model,Y,0.0,3,0.444,0.248,1.818,1.298
60,female,50.0,1.691,same,same,1,0,0,model,Y,0.0,0,0.444,0.139,0.468,0.64
60,female,150.0,3.221,same,same,1,0,0,model,Y,0.0,0,0.444,0.24,1.668,0.869
60,female,50.0,1.874,same,same,1,0,0,model,Y,0.0,0,0.444,0.149,0.618,0.663
60,female,150.0,4.786,different,different,1,0,0,model,Y,0.0,3,0.444,0.312,3.018,0.862
60,female,100.0,2.96,different,different,1,0,0,model,Y,0.0,3,0.444,0.195,1.068,1.103
60,female,50.0,1.745,same,same,1,0,0,model,Y,0.0,0,0.444,0.155,0.468,0.678
60,female,0.0,1.265,same,same,1,0,0,model,Y,0.0,0,0.444,0.1,0.168,0.553
60,female,150.0,8.086,different,different,1,0,0,model,Y,0.0,3,0.444,0.281,5.868,1.343
60,female,100.0,2.448,same,same,1,0,0,model,Y,0.0,0,0.444,0.187,1.068,0.749
60,female,0.0,1.265,same,same,1,0,0,model,Y,0.0,0,0.444,0.1,0.168,0.553
60,female,0.0,1.265,same,same,1,0,0,model,Y,0.0,0,0.444,0.1,0.168,0.553
60,female,0.0,1.615,different,different,1,0,0,model,Y,0.0,3,0.444,0.1,0.168,0.753
61,male,150.0,2.663,same,same,1,0,0,model,Y,0.0,0,0.527,0.227,1.031,0.878
61,male,100.0,2.279,same,same,1,0,0,model,Y,0.0,0,0.527,0.201,0.731,0.82
61,male,100.0,2.648,same,same,1,0,0,model,Y,0.0,0,0.527,0.222,1.031,0.868
61,male,150.0,2.417,different,different,1,0,0,model,Y,0.0,1,0.527,0.246,0.881,0.713
61,male,50.0,1.94,same,same,1,0,0,model,Y,0.0,0,0.527,0.143,0.581,0.689
61,male,150.0,2.513,different,different,1,0,0,model,Y,0.0,1,0.527,0.285,0.881,0.77
61,male,0.0,1.351,same,same,1,0,0,model,Y,0.0,0,0.527,0.1,0.131,0.593
61,male,50.0,2.023,different,different,1,0,0,model,Y,0.0,1,0.527,0.148,0.731,0.566
61,male,150.0,2.864,same,same,1,0,0,model,Y,0.0,0,0.527,0.243,1.181,0.914
61,male,50.0,1.859,same,different,0,1,0,model,Y,0.0,1,0.527,0.143,0.581,0.558
61,male,0.0,1.351,same,same,1,0,0,model,Y,0.0,0,0.527,0.1,0.131,0.593
61,male,100.0,2.179,different,different,1,0,0,model,Y,0.0,1,0.527,0.211,0.731,0.66
61,male,100.0,2.085,same,different,0,1,0,model,Y,0.0,1,0.527,0.173,0.731,0.603
61,male,100.0,2.327,same,same,1,0,0,model,Y,0.0,0,0.527,0.216,0.731,0.853
61,male,50.0,2.043,different,different,1,0,0,model,Y,0.0,1,0.527,0.157,0.731,0.578
61,male,0.0,1.301,different,different,1,0,0,model,Y,0.0,1,0.527,0.1,0.131,0.493
61,male,0.0,1.351,same,same,1,0,0,model,Y,0.0,0,0.527,0.1,0.131,0.593
61,male,0.0,1.301,different,different,1,0,0,model,Y,0.0,1,0.527,0.1,0.131,0.493
61,male,50.0,1.913,same,same,1,0,0,model,Y,0.0,0,0.527,0.134,0.581,0.671
61,male,150.0,2.305,different,different,1,0,0,model,Y,0.0,1,0.527,0.261,0.731,0.735
61,male,50.0,1.831,same,same,1,0,0,model,Y,0.0,0,0.527,0.155,0.431,0.717
61,male,50.0,1.968,same,same,1,0,0,model,Y,0.0,0,0.527,0.151,0.581,0.708
61,male,0.0,1.351,same,same,1,0,0,model,Y,0.0,0,0.527,0.1,0.131,0.593
61,male,150.0,2.528,same,same,1,0,0,model,Y,0.0,0,0.527,0.231,0.881,0.888
61,male,150.0,2.607,same,same,1,0,0,model,Y,0.0,0,0.527,0.21,1.031,0.84
61,male,100.0,2.365,same,same,1,0,0,model,Y,0.0,0,0.527,0.227,0.731,0.88
61,male,0.0,1.351,same,same,1,0,0,model,Y,0.0,0,0.527,0.1,0.131,0.593
61,male,150.0,2.873,same,same,1,0,0,model,Y,0.0,0,0.527,0.245,1.181,0.92
61,male,50.0,1.776,same,same,1,0,0,model,Y,0.0,0,0.527,0.138,0.431,0.679
61,male,100.0,2.241,different,different,1,0,0,model,Y,0.0,1,0.527,0.176,0.881,0.607
61,male,0.0,1.301,different,different,1,0,0,model,Y,0.0,1,0.527,0.1,0.131,0.493
61,male,100.0,2.442,same,different,0,1,0,model,Y,0.0,1,0.527,0.196,1.031,0.637
61,male,0.0,1.351,same,same,1,0,0,model,Y,0.0,0,0.527,0.1,0.131,0.593
61,male,0.0,1.301,same,different,0,1,0,model,Y,0.0,1,0.527,0.1,0.131,0.493
61,male,0.0,1.301,different,different,1,0,0,model,Y,0.0,1,0.527,0.1,0.131,0.493
61,male,150.0,2.436,different,different,1,0,0,model,Y,0.0,1,0.527,0.254,0.881,0.724
61,male,50.0,1.887,different,different,1,0,0,model,Y,0.0,1,0.527,0.154,0.581,0.575
61,male,100.0,2.259,different,different,1,0,0,model,Y,0.0,1,0.527,0.183,0.881,0.618
61,male,50.0,1.789,same,same,1,0,0,model,Y,0.0,0,0.527,0.142,0.431,0.688
61,male,150.0,3.587,same,same,1,0,0,model,Y,0.0,0,0.527,0.234,1.931,0.895
61,male,50.0,1.752,different,different,1,0,0,model,Y,0.0,1,0.527,0.16,0.431,0.583
61,male,150.0,3.056,same,same,1,0,0,model,Y,0.0,0,0.527,0.255,1.331,0.942
61,male,100.0,2.792,same,same,1,0,0,model,Y,0.0,0,0.527,0.22,1.181,0.864
61,male,150.0,3.194,same,same,1,0,0,model,Y,0.0,0,0.527,0.298,1.331,1.038
61,male,50.0,1.932,same,same,1,0,0,model,Y,0.0,0,0.527,0.14,0.581,0.684
61,male,50.0,1.785,same,same,1,0,0,model,Y,0.0,0,0.527,0.141,0.431,0.686
61,male,0.0,1.301,different,different,1,0,0,model,Y,0.0,1,0.527,0.1,0.131,0.493
61,male,50.0,1.901,different,different,1,0,0,model,Y,0.0,1,0.527,0.16,0.581,0.583
61,male,0.0,1.301,different,different,1,0,0,model,Y,0.0,1,0.527,0.1,0.131,0.493
61,male,0.0,1.301,different,different,1,0,0,model,Y,0.0,1,0.527,0.1,0.131,0.493
61,male,50.0,1.75,different,different,1,0,0,model,Y,0.0,1,0.527,0.159,0.431,0.582
61,male,50.0,2.108,same,same,1,0,0,model,Y,0.0,0,0.527,0.148,0.731,0.702
61,male,0.0,1.351,same,same,1,0,0,model,Y,0.0,0,0.527,0.1,0.131,0.593
61,male,100.0,2.168,same,same,1,0,0,model,Y,0.0,0,0.527,0.213,0.581,0.847
61,male,50.0,1.668,different,different,1,0,0,model,Y,0.0,1,0.527,0.127,0.431,0.533
61,male,100.0,2.264,same,same,1,0,0,model,Y,0.0,0,0.527,0.15,0.881,0.706
61,male,100.0,2.391,same,different,0,1,0,model,Y,0.0,1,0.527,0.176,1.031,0.607
61,male,50.0,1.851,same,different,0,1,0,model,Y,0.0,1,0.527,0.14,0.581,0.553
61,male,50.0,2.069,different,different,1,0,0,model,Y,0.0,1,0.527,0.167,0.731,0.594
61,male,100.0,2.155,different,different,1,0,0,model,Y,0.0,1,0.527,0.202,0.731,0.646
61,male,100.0,2.381,different,different,1,0,0,model,Y,0.0,1,0.527,0.232,0.881,0.691
61,male,100.0,3.13,same,same,1,0,0,model,Y,0.0,0,0.527,0.186,1.631,0.786
61,male,150.0,2.339,different,different,1,0,0,model,Y,0.0,1,0.527,0.215,0.881,0.666
61,male,0.0,1.301,different,different,1,0,0,model,Y,0.0,1,0.527,0.1,0.131,0.493
61,male,150.0,3.526,same,same,1,0,0,model,Y,0.0,0,0.527,0.308,1.631,1.061
61,male,50.0,1.958,same,same,1,0,0,model,Y,0.0,0,0.527,0.148,0.581,0.702
61,male,100.0,2.991,same,different,0,1,0,model,Y,0.0,1,0.527,0.176,1.631,0.607
61,male,100.0,1.891,different,different,1,0,0,model,Y,0.0,1,0.527,0.156,0.581,0.577
61,male,150.0,3.049,different,different,1,0,0,model,Y,0.0,1,0.527,0.259,1.481,0.732
61,male,50.0,1.816,same,same,1,0,0,model,Y,0.0,0,0.527,0.151,0.431,0.707
61,male,150.0,2.881,same,different,0,1,0,model,Y,0.0,1,0.527,0.252,1.331,0.721
61,male,150.0,2.137,different,different,1,0,0,model,Y,0.0,1,0.527,0.194,0.731,0.634
61,male,0.0,1.301,different,different,1,0,0,model,Y,0.0,1,0.527,0.1,0.131,0.493
61,male,0.0,1.351,same,same,1,0,0,model,Y,0.0,0,0.527,0.1,0.131,0.593
61,male,50.0,1.778,different,different,1,0,0,model,Y,0.0,1,0.527,0.171,0.431,0.599
61,male,50.0,1.723,same,different,0,1,0,model,Y,0.0,1,0.527,0.149,0.431,0.566
61,male,0.0,1.301,different,different,1,0,0,model,Y,0.0,1,0.527,0.1,0.131,0.493
61,male,100.0,2.038,same,same,1,0,0,model,Y,0.0,0,0.527,0.173,0.581,0.757
61,male,150.0,2.566,different,different,1,0,0,model,Y,0.0,1,0.527,0.246,1.031,0.712
61,male,50.0,1.854,different,different,1,0,0,model,Y,0.0,1,0.527,0.141,0.581,0.555
61,male,50.0,1.78,same,same,1,0,0,model,Y,0.0,0,0.527,0.14,0.431,0.683
61,male,50.0,1.863,same,different,0,1,0,model,Y,0.0,1,0.527,0.145,0.581,0.56
61,male,50.0,1.937,same,same,1,0,0,model,Y,0.0,0,0.527,0.142,0.581,0.687
61,male,100.0,2.255,same,different,0,1,0,model,Y,0.0,1,0.527,0.182,0.881,0.615
61,male,100.0,2.539,same,same,1,0,0,model,Y,0.0,0,0.527,0.235,0.881,0.896
61,male,100.0,2.064,same,same,1,0,0,model,Y,0.0,0,0.527,0.181,0.581,0.775
61,male,100.0,2.822,different,different,1,0,0,model,Y,0.0,1,0.527,0.168,1.481,0.596
61,male,100.0,1.943,different,different,1,0,0,model,Y,0.0,1,0.527,0.177,0.581,0.608
61,male,50.0,1.897,same,different,0,1,0,model,Y,0.0,1,0.527,0.158,0.581,0.581
61,male,0.0,1.301,different,different,1,0,0,model,Y,0.0,1,0.527,0.1,0.131,0.493
61,male,150.0,2.798,same,same,1,0,0,model,Y,0.0,0,0.527,0.222,1.181,0.868
61,male,150.0,2.554,same,same,1,0,0,model,Y,0.0,0,0.527,0.239,0.881,0.906
61,male,100.0,2.033,different,different,1,0,0,model,Y,0.0,1,0.527,0.153,0.731,0.572
61,male,50.0,1.82,same,same,1,0,0,model,Y,0.0,0,0.527,0.152,0.431,0.71
61,male,50.0,1.896,same,same,1,0,0,model,Y,0.0,0,0.527,0.129,0.581,0.659
61,male,0.0,1.351,same,same,1,0,0,model,Y,0.0,0,0.527,0.1,0.131,0.593
62,male,50.0,2.764,different,different,1,0,0,model,Y,0.0,3,0.392,0.173,0.862,1.188
62,male,50.0,1.841,same,same,1,0,0,model,Y,0.0,0,0.392,0.141,0.562,0.746
62,male,100.0,2.546,same,same,1,0,0,model,Y,0.0,0,0.392,0.22,1.012,0.923
62,male,150.0,2.769,same,same,1,0,0,model,Y,0.0,0,0.392,0.242,1.162,0.973
62,male,0.0,1.606,different,different,1,0,0,model,Y,0.0,3,0.392,0.1,0.112,0.853
62,male,50.0,2.598,different,different,1,0,0,model,Y,0.0,3,0.392,0.143,0.862,1.052
62,male,150.0,2.722,same,same,1,0,0,model,Y,0.0,0,0.392,0.274,1.012,1.044
62,male,100.0,2.411,same,same,1,0,0,model,Y,0.0,0,0.392,0.224,0.862,0.933
62,male,0.0,1.606,different,different,1,0,0,model,Y,0.0,3,0.392,0.1,0.112,0.853
62,male,100.0,3.865,different,different,1,0,0,model,Y,0.0,3,0.392,0.166,2.062,1.096
62,male,150.0,5.839,same,different,0,1,0,model,Y,0.0,3,0.392,0.248,3.712,1.337
62,male,0.0,1.606,different,different,1,0,0,model,Y,0.0,3,0.392,0.1,0.112,0.853
62,male,150.0,5.475,different,different,1,0,0,model,Y,0.0,3,0.392,0.269,3.262,1.403
62,male,50.0,1.697,same,same,1,0,0,model,Y,0.0,0,0.392,0.143,0.412,0.751
62,male,50.0,3.092,different,different,1,0,0,model,Y,0.0,3,0.392,0.151,1.312,1.087
62,male,150.0,3.631,same,same,1,0,0,model,Y,0.0,0,0.392,0.231,2.062,0.947
62,male,50.0,2.767,different,different,1,0,0,model,Y,0.0,3,0.392,0.144,1.162,0.919
62,male,50.0,3.049,different,different,1,0,0,model,Y,0.0,3,0.392,0.144,1.312,1.052
62,male,0.0,1.606,different,different,1,0,0,model,Y,0.0,3,0.392,0.1,0.112,0.853
62,male,100.0,2.169,same,same,1,0,0,model,Y,0.0,0,0.392,0.196,0.712,0.87
62,male,100.0,4.582,different,different,1,0,0,model,Y,0.0,3,0.392,0.191,2.662,1.188
62,male,100.0,3.816,different,different,1,0,0,model,Y,0.0,3,0.392,0.22,1.762,1.293
62,male,50.0,2.766,different,different,1,0,0,model,Y,0.0,3,0.392,0.147,1.012,1.066
62,male,100.0,2.408,same,same,1,0,0,model,Y,0.0,0,0.392,0.224,0.862,0.931
62,male,50.0,3.969,different,different,1,0,0,model,Y,0.0,3,0.392,0.145,2.362,0.921
62,male,150.0,2.579,same,same,1,0,0,model,Y,0.0,0,0.392,0.23,1.012,0.946
62,male,150.0,2.693,same,same,1,0,0,model,Y,0.0,0,0.392,0.219,1.162,0.921
62,male,0.0,1.606,different,different,1,0,0,model,Y,0.0,3,0.392,0.1,0.112,0.853
62,male,50.0,1.886,same,same,1,0,0,model,Y,0.0,0,0.392,0.155,0.562,0.778
62,male,0.0,1.606,different,different,1,0,0,model,Y,0.0,3,0.392,0.1,0.112,0.853
62,male,50.0,1.926,same,same,1,0,0,model,Y,0.0,0,0.392,0.168,0.562,0.805
62,male,150.0,2.473,same,same,1,0,0,model,Y,0.0,0,0.392,0.244,0.862,0.976
62,male,50.0,1.672,same,same,1,0,0,model,Y,0.0,0,0.392,0.136,0.412,0.733
62,male,0.0,1.606,different,different,1,0,0,model,Y,0.0,3,0.392,0.1,0.112,0.853
62,male,50.0,1.717,same,same,1,0,0,model,Y,0.0,0,0.392,0.149,0.412,0.764
62,male,50.0,1.825,same,same,1,0,0,model,Y,0.0,0,0.392,0.136,0.562,0.735
62,male,100.0,3.51,different,different,1,0,0,model,Y,0.0,3,0.392,0.218,1.462,1.288
62,male,100.0,2.101,same,same,1,0,0,model,Y,0.0,0,0.392,0.175,0.712,0.823
62,male,100.0,1.971,same,same,1,0,0,model,Y,0.0,0,0.392,0.181,0.562,0.836
62,male,50.0,1.868,same,same,1,0,0,model,Y,0.0,0,0.392,0.15,0.562,0.765
62,male,0.0,1.606,different,different,1,0,0,model,Y,0.0,3,0.392,0.1,0.112,0.853
62,male,0.0,1.256,same,same,1,0,0,model,Y,0.0,0,0.392,0.1,0.112,0.653
62,male,150.0,3.652,different,different,1,0,0,model,Y,0.0,3,0.392,0.258,1.762,1.09
62,male,100.0,2.02,same,same,1,0,0,model,Y,0.0,0,0.392,0.197,0.562,0.87
62,male,150.0,4.961,different,different,1,0,0,model,Y,0.0,3,0.392,0.254,2.812,1.354
62,male,100.0,2.351,same,same,1,0,0,model,Y,0.0,0,0.392,0.206,0.862,0.892
62,male,150.0,2.416,same,same,1,0,0,model,Y,0.0,0,0.392,0.272,0.712,1.04
62,male,0.0,1.606,different,different,1,0,0,model,Y,0.0,3,0.392,0.1,0.112,0.853
62,male,0.0,1.256,same,same,1,0,0,model,Y,0.0,0,0.392,0.1,0.112,0.653
62,male,0.0,1.256,same,same,1,0,0,model,Y,0.0,0,0.392,0.1,0.112,0.653
62,male,100.0,2.822,different,different,1,0,0,model,Y,0.0,3,0.392,0.166,1.162,0.952
62,male,100.0,2.059,same,same,1,0,0,model,Y,0.0,0,0.392,0.209,0.562,0.897
62,male,50.0,3.252,different,different,1,0,0,model,Y,0.0,3,0.392,0.158,1.612,0.941
62,male,150.0,2.492,same,same,1,0,0,model,Y,0.0,0,0.392,0.296,0.712,1.093
62,male,0.0,1.256,same,same,1,0,0,model,Y,0.0,0,0.392,0.1,0.112,0.653
62,male,50.0,2.685,different,different,1,0,0,model,Y,0.0,3,0.392,0.159,0.862,1.123
62,male,50.0,2.402,different,different,1,0,0,model,Y,0.0,3,0.392,0.135,0.712,1.014
62,male,100.0,3.168,different,different,1,0,0,model,Y,0.0,3,0.392,0.242,1.012,1.373
62,male,50.0,1.695,same,same,1,0,0,model,Y,0.0,0,0.392,0.143,0.412,0.749
62,male,50.0,2.769,different,different,1,0,0,model,Y,0.0,3,0.392,0.147,1.012,1.069
62,male,150.0,2.134,same,same,1,0,0,model,Y,0.0,0,0.392,0.185,0.712,0.845
62,male,100.0,2.042,same,same,1,0,0,model,Y,0.0,0,0.392,0.203,0.562,0.885
62,male,0.0,1.606,different,different,1,0,0,model,Y,0.0,3,0.392,0.1,0.112,0.853
62,male,50.0,2.022,same,same,1,0,0,model,Y,0.0,0,0.392,0.151,0.712,0.767
62,male,0.0,1.256,same,same,1,0,0,model,Y,0.0,0,0.392,0.1,0.112,0.653
62,male,0.0,1.256,same,same,1,0,0,model,Y,0.0,0,0.392,0.1,0.112,0.653
62,male,50.0,2.85,different,different,1,0,0,model,Y,0.0,3,0.392,0.135,1.162,1.012
62,male,100.0,2.964,different,different,1,0,0,model,Y,0.0,3,0.392,0.198,1.012,1.213
62,male,0.0,1.256,same,same,1,0,0,model,Y,0.0,0,0.392,0.1,0.112,0.653
62,male,0.0,1.256,same,same,1,0,0,model,Y,0.0,0,0.392,0.1,0.112,0.653
62,male,100.0,3.311,different,different,1,0,0,model,Y,0.0,3,0.392,0.24,1.162,1.367
62,male,0.0,1.606,different,different,1,0,0,model,Y,0.0,3,0.392,0.1,0.112,0.853
62,male,50.0,2.448,different,different,1,0,0,model,Y,0.0,3,0.392,0.137,0.862,0.908
62,male,150.0,2.576,same,same,1,0,0,model,Y,0.0,0,0.392,0.275,0.862,1.048
62,male,0.0,1.606,different,different,1,0,0,model,Y,0.0,3,0.392,0.1,0.112,0.853
62,male,100.0,3.322,different,different,1,0,0,model,Y,0.0,3,0.392,0.242,1.162,1.376
62,male,100.0,3.958,different,different,1,0,0,model,Y,0.0,3,0.392,0.218,1.912,1.287
62,male,100.0,2.449,same,same,1,0,0,model,Y,0.0,0,0.392,0.236,0.862,0.96
62,male,50.0,2.757,different,different,1,0,0,model,Y,0.0,3,0.392,0.145,1.012,1.059
62,male,100.0,3.02,different,different,1,0,0,model,Y,0.0,3,0.392,0.178,1.162,1.139
62,male,0.0,1.256,same,same,1,0,0,model,Y,0.0,0,0.392,0.1,0.112,0.653
62,male,150.0,2.85,same,same,1,0,0,model,Y,0.0,0,0.392,0.267,1.162,1.029
62,male,50.0,2.68,different,different,1,0,0,model,Y,0.0,3,0.392,0.131,1.012,0.995
62,male,150.0,2.499,same,same,1,0,0,model,Y,0.0,0,0.392,0.205,1.012,0.89
62,male,0.0,1.606,different,different,1,0,0,model,Y,0.0,3,0.392,0.1,0.112,0.853
62,male,150.0,4.096,different,different,1,0,0,model,Y,0.0,3,0.392,0.227,2.062,1.266
62,male,50.0,1.747,same,same,1,0,0,model,Y,0.0,0,0.392,0.159,0.412,0.785
62,male,100.0,2.075,same,same,1,0,0,model,Y,0.0,0,0.392,0.214,0.562,0.909
62,male,50.0,1.708,same,same,1,0,0,model,Y,0.0,0,0.392,0.147,0.412,0.758
62,male,50.0,1.701,same,same,1,0,0,model,Y,0.0,0,0.392,0.145,0.412,0.753
62,male,150.0,2.651,same,same,1,0,0,model,Y,0.0,0,0.392,0.298,0.862,1.099
62,male,100.0,3.479,different,different,1,0,0,model,Y,0.0,3,0.392,0.212,1.462,1.264
62,male,100.0,5.436,different,different,1,0,0,model,Y,0.0,3,0.392,0.213,3.412,1.27
62,male,150.0,2.79,same,same,1,0,0,model,Y,0.0,0,0.392,0.295,1.012,1.092
62,male,50.0,2.647,same,different,0,1,0,model,Y,0.0,3,0.392,0.152,0.862,1.091
62,male,150.0,3.709,different,different,1,0,0,model,Y,0.0,3,0.392,0.281,1.762,1.124
63,female,50.0,2.6,same,different,0,1,0,model,Y,0.0,2,0.565,0.156,0.89,0.89
63,female,0.0,1.465,same,same,1,0,0,model,Y,0.0,0,0.565,0.1,0.14,0.661
63,female,150.0,2.561,same,same,1,0,0,model,Y,0.0,0,0.565,0.253,0.74,1.004
63,female,50.0,2.547,same,same,1,0,0,model,Y,0.0,0,0.565,0.156,1.04,0.787
63,female,50.0,2.797,same,different,0,1,0,model,Y,0.0,2,0.565,0.153,1.19,0.79
63,female,0.0,1.465,same,same,1,0,0,model,Y,0.0,0,0.565,0.1,0.14,0.661
63,female,0.0,1.465,same,same,1,0,0,model,Y,0.0,0,0.565,0.1,0.14,0.661
63,female,100.0,2.713,same,same,1,0,0,model,Y,0.0,0,0.565,0.207,1.04,0.901
63,female,150.0,4.008,different,different,1,0,0,model,Y,0.0,2,0.565,0.216,2.09,1.037
63,female,150.0,2.715,same,same,1,0,0,model,Y,0.0,0,0.565,0.254,0.89,1.007
63,female,100.0,2.365,same,same,1,0,0,model,Y,0.0,0,0.565,0.192,0.74,0.868
63,female,0.0,1.615,different,different,1,0,0,model,Y,0.0,2,0.565,0.1,0.14,0.711
63,female,100.0,2.31,same,same,1,0,0,model,Y,0.0,0,0.565,0.175,0.74,0.83
63,female,50.0,2.732,different,different,1,0,0,model,Y,0.0,2,0.565,0.151,1.04,0.876
63,female,100.0,2.319,same,same,1,0,0,model,Y,0.0,0,0.565,0.178,0.74,0.837
63,female,50.0,2.191,same,same,1,0,0,model,Y,0.0,0,0.565,0.139,0.74,0.748
63,female,150.0,3.444,same,different,0,1,0,model,Y,0.0,2,0.565,0.231,1.64,0.908
63,female,0.0,1.465,same,same,1,0,0,model,Y,0.0,0,0.565,0.1,0.14,0.661
63,female,0.0,1.615,different,different,1,0,0,model,Y,0.0,2,0.565,0.1,0.14,0.711
63,female,150.0,5.454,same,different,0,1,0,model,Y,0.0,2,0.565,0.281,3.29,1.219
63,female,100.0,2.391,same,same,1,0,0,model,Y,0.0,0,0.565,0.2,0.74,0.886
63,female,100.0,3.383,same,same,1,0,0,model,Y,0.0,0,0.565,0.182,1.79,0.846
63,female,100.0,3.451,same,different,0,1,0,model,Y,0.0,2,0.565,0.184,1.64,0.962
63,female,100.0,2.291,same,same,1,0,0,model,Y,0.0,0,0.565,0.216,0.59,0.921
63,female,50.0,1.911,same,same,1,0,0,model,Y,0.0,0,0.565,0.145,0.44,0.762
63,female,100.0,3.045,same,same,1,0,0,model,Y,0.0,0,0.565,0.217,1.34,0.924
63,female,150.0,7.325,different,different,1,0,0,model,Y,0.0,2,0.565,0.181,5.54,0.939
63,female,0.0,1.465,same,same,1,0,0,model,Y,0.0,0,0.565,0.1,0.14,0.661
63,female,50.0,2.872,different,different,1,0,0,model,Y,0.0,2,0.565,0.149,1.19,0.868
63,female,100.0,3.054,same,same,1,0,0,model,Y,0.0,0,0.565,0.22,1.34,0.93
63,female,0.0,1.465,same,same,1,0,0,model,Y,0.0,0,0.565,0.1,0.14,0.661
63,female,100.0,2.343,same,same,1,0,0,model,Y,0.0,0,0.565,0.232,0.59,0.957
63,female,0.0,1.465,same,same,1,0,0,model,Y,0.0,0,0.565,0.1,0.14,0.661
63,female,50.0,2.89,same,different,0,1,0,model,Y,0.0,2,0.565,0.153,1.19,0.883
63,female,50.0,2.682,different,different,1,0,0,model,Y,0.0,2,0.565,0.14,1.04,0.838
63,female,50.0,2.058,same,same,1,0,0,model,Y,0.0,0,0.565,0.144,0.59,0.759
63,female,0.0,1.465,same,same,1,0,0,model,Y,0.0,0,0.565,0.1,0.14,0.661
63,female,100.0,3.158,different,different,1,0,0,model,Y,0.0,2,0.565,0.223,1.19,1.08
63,female,100.0,2.3,same,same,1,0,0,model,Y,0.0,0,0.565,0.172,0.74,0.823
63,female,50.0,3.565,different,different,1,0,0,model,Y,0.0,2,0.565,0.16,1.94,0.801
63,female,100.0,2.514,same,same,1,0,0,model,Y,0.0,0,0.565,0.192,0.89,0.868
63,female,50.0,2.829,different,different,1,0,0,model,Y,0.0,2,0.565,0.174,1.04,0.95
63,female,0.0,1.615,different,different,1,0,0,model,Y,0.0,2,0.565,0.1,0.14,0.711
63,female,0.0,1.465,same,same,1,0,0,model,Y,0.0,0,0.565,0.1,0.14,0.661
63,female,150.0,2.877,same,same,1,0,0,model,Y,0.0,0,0.565,0.304,0.89,1.119
63,female,50.0,2.765,same,different,0,1,0,model,Y,0.0,2,0.565,0.159,1.04,0.902
63,female,150.0,2.671,same,same,1,0,0,model,Y,0.0,0,0.565,0.24,0.89,0.977
63,female,50.0,2.063,same,same,1,0,0,model,Y,0.0,0,0.565,0.146,0.59,0.763
63,female,50.0,4.241,different,different,1,0,0,model,Y,0.0,2,0.565,0.154,2.54,0.883
63,female,150.0,2.693,same,same,1,0,0,model,Y,0.0,0,0.565,0.201,1.04,0.888
63,female,50.0,3.413,different,different,1,0,0,model,Y,0.0,2,0.565,0.159,1.79,0.8
63,female,100.0,2.338,same,same,1,0,0,model,Y,0.0,0,0.565,0.184,0.74,0.85
63,female,100.0,4.344,different,different,1,0,0,model,Y,0.0,2,0.565,0.172,2.69,0.818
63,female,100.0,2.166,same,same,1,0,0,model,Y,0.0,0,0.565,0.177,0.59,0.835
63,female,100.0,3.354,same,different,0,1,0,model,Y,0.0,2,0.565,0.197,1.49,1.002
63,female,150.0,2.684,same,same,1,0,0,model,Y,0.0,0,0.565,0.244,0.89,0.985
63,female,50.0,1.926,same,same,1,0,0,model,Y,0.0,0,0.565,0.149,0.44,0.772
63,female,0.0,1.615,different,different,1,0,0,model,Y,0.0,2,0.565,0.1,0.14,0.711
63,female,0.0,1.465,same,same,1,0,0,model,Y,0.0,0,0.565,0.1,0.14,0.661
63,female,150.0,3.867,different,different,1,0,0,model,Y,0.0,2,0.565,0.258,1.79,1.155
63,female,50.0,2.607,different,different,1,0,0,model,Y,0.0,2,0.565,0.157,0.89,0.895
63,female,100.0,2.283,same,same,1,0,0,model,Y,0.0,0,0.565,0.213,0.59,0.915
63,female,0.0,1.615,different,different,1,0,0,model,Y,0.0,2,0.565,0.1,0.14,0.711
63,female,50.0,2.639,same,different,0,1,0,model,Y,0.0,2,0.565,0.129,1.04,0.805
63,female,150.0,3.3,different,different,1,0,0,model,Y,0.0,2,0.565,0.234,1.49,0.912
63,female,0.0,1.615,different,different,1,0,0,model,Y,0.0,2,0.565,0.1,0.14,0.711
63,female,0.0,1.615,different,different,1,0,0,model,Y,0.0,2,0.565,0.1,0.14,0.711
63,female,50.0,3.539,different,different,1,0,0,model,Y,0.0,2,0.565,0.165,1.79,0.92
63,female,0.0,1.465,same,same,1,0,0,model,Y,0.0,0,0.565,0.1,0.14,0.661
63,female,50.0,1.901,same,same,1,0,0,model,Y,0.0,0,0.565,0.142,0.44,0.755
63,female,150.0,3.041,same,same,1,0,0,model,Y,0.0,0,0.565,0.262,1.19,1.024
63,female,0.0,1.465,same,same,1,0,0,model,Y,0.0,0,0.565,0.1,0.14,0.661
63,female,0.0,1.615,different,different,1,0,0,model,Y,0.0,2,0.565,0.1,0.14,0.711
63,female,0.0,1.465,same,same,1,0,0,model,Y,0.0,0,0.565,0.1,0.14,0.661
63,female,100.0,4.093,different,different,1,0,0,model,Y,0.0,2,0.565,0.195,2.24,0.994
63,female,100.0,2.177,same,same,1,0,0,model,Y,0.0,0,0.565,0.181,0.59,0.842
63,female,100.0,2.748,same,same,1,0,0,model,Y,0.0,0,0.565,0.218,1.04,0.926
63,female,100.0,3.367,different,different,1,0,0,model,Y,0.0,2,0.565,0.201,1.49,1.012
63,female,150.0,4.819,different,different,1,0,0,model,Y,0.0,2,0.565,0.232,2.84,1.082
63,female,150.0,2.553,same,same,1,0,0,model,Y,0.0,0,0.565,0.204,0.89,0.895
63,female,150.0,3.127,same,same,1,0,0,model,Y,0.0,0,0.565,0.196,1.49,0.876
63,female,0.0,1.465,same,same,1,0,0,model,Y,0.0,0,0.565,0.1,0.14,0.661
63,female,50.0,2.766,different,different,1,0,0,model,Y,0.0,2,0.565,0.16,1.04,0.902
63,female,100.0,4.122,different,different,1,0,0,model,Y,0.0,2,0.565,0.202,2.24,1.016
63,female,150.0,3.46,same,different,0,1,0,model,Y,0.0,2,0.565,0.23,1.49,1.075
63,female,100.0,2.227,same,same,1,0,0,model,Y,0.0,0,0.565,0.196,0.59,0.876
63,female,100.0,2.693,same,same,1,0,0,model,Y,0.0,0,0.565,0.201,1.04,0.888
63,female,100.0,2.7,same,same,1,0,0,model,Y,0.0,0,0.565,0.203,1.04,0.893
63,female,100.0,2.982,same,same,1,0,0,model,Y,0.0,0,0.565,0.197,1.34,0.88
63,female,100.0,3.433,same,different,0,1,0,model,Y,0.0,2,0.565,0.179,1.64,0.949
63,female,100.0,2.527,same,same,1,0,0,model,Y,0.0,0,0.565,0.196,0.89,0.876
63,female,100.0,3.873,different,different,1,0,0,model,Y,0.0,2,0.565,0.177,2.09,0.942
63,female,50.0,2.215,same,same,1,0,0,model,Y,0.0,0,0.565,0.146,0.74,0.764
63,female,150.0,3.121,same,same,1,0,0,model,Y,0.0,0,0.565,0.194,1.49,0.872
63,female,150.0,2.988,same,same,1,0,0,model,Y,0.0,0,0.565,0.292,1.04,1.092
63,female,150.0,4.306,different,different,1,0,0,model,Y,0.0,2,0.565,0.216,2.54,0.885
64,female,100.0,3.376,same,same,1,0,0,model,Y,0.0,0,0.552,0.222,1.652,0.951
64,female,100.0,2.438,same,same,1,0,0,model,Y,0.0,0,0.552,0.21,0.752,0.925
64,female,100.0,3.631,same,same,1,0,0,model,Y,0.0,0,0.552,0.208,1.952,0.92
64,female,100.0,3.028,same,same,1,0,0,model,Y,0.0,0,0.552,0.161,1.502,0.814
64,female,0.0,1.631,different,different,1,0,0,model,Y,0.0,2,0.552,0.1,0.152,0.728
64,female,150.0,4.274,different,different,1,0,0,model,Y,0.0,2,0.552,0.243,2.252,1.128
64,female,50.0,1.897,same,same,1,0,0,model,Y,0.0,0,0.552,0.136,0.452,0.758
64,female,150.0,2.457,same,same,1,0,0,model,Y,0.0,0,0.552,0.216,0.752,0.938
64,female,100.0,2.913,same,same,1,0,0,model,Y,0.0,0,0.552,0.218,1.202,0.942
64,female,150.0,2.84,same,same,1,0,0,model,Y,0.0,0,0.552,0.241,1.052,0.995
64,female,100.0,3.826,different,different,1,0,0,model,Y,0.0,2,0.552,0.236,1.802,1.136
64,female,50.0,2.484,different,different,1,0,0,model,Y,0.0,2,0.552,0.16,0.752,0.92
64,female,50.0,2.883,different,different,1,0,0,model,Y,0.0,2,0.552,0.148,1.202,0.881
64,female,0.0,1.481,same,same,1,0,0,model,Y,0.0,0,0.552,0.1,0.152,0.678
64,female,100.0,2.559,same,same,1,0,0,model,Y,0.0,0,0.552,0.155,1.052,0.801
64,female,0.0,1.481,same,same,1,0,0,model,Y,0.0,0,0.552,0.1,0.152,0.678
64,female,0.0,1.631,different,different,1,0,0,model,Y,0.0,2,0.552,0.1,0.152,0.728
64,female,0.0,1.631,same,different,0,1,0,model,Y,0.0,2,0.552,0.1,0.152,0.728
64,female,50.0,2.754,different,different,1,0,0,model,Y,0.0,2,0.552,0.153,1.052,0.898
64,female,0.0,1.631,different,different,1,0,0,model,Y,0.0,2,0.552,0.1,0.152,0.728
64,female,50.0,1.88,same,same,1,0,0,model,Y,0.0,0,0.552,0.13,0.452,0.746
64,female,0.0,1.481,same,same,1,0,0,model,Y,0.0,0,0.552,0.1,0.152,0.678
64,female,100.0,3.5,different,different,1,0,0,model,Y,0.0,2,0.552,0.155,1.802,0.892
64,female,50.0,2.012,same,same,1,0,0,model,Y,0.0,0,0.552,0.171,0.452,0.838
64,female,0.0,1.481,same,same,1,0,0,model,Y,0.0,0,0.552,0.1,0.152,0.678
64,female,150.0,3.637,same,different,0,1,0,model,Y,0.0,2,0.552,0.242,1.802,0.941
64,female,150.0,5.116,different,different,1,0,0,model,Y,0.0,2,0.552,0.267,3.002,1.196
64,female,150.0,4.891,different,different,1,0,0,model,Y,0.0,2,0.552,0.247,2.852,1.141
64,female,100.0,4.612,same,different,0,1,0,model,Y,0.0,2,0.552,0.245,2.552,1.163
64,female,50.0,2.808,same,different,0,1,0,model,Y,0.0,2,0.552,0.13,1.202,0.825
64,female,50.0,2.472,different,different,1,0,0,model,Y,0.0,2,0.552,0.157,0.752,0.912
64,female,150.0,5.013,same,different,0,1,0,model,Y,0.0,2,0.552,0.279,2.852,1.23
64,female,150.0,2.86,same,same,1,0,0,model,Y,0.0,0,0.552,0.247,1.052,1.009
64,female,100.0,2.909,different,different,1,0,0,model,Y,0.0,2,0.552,0.157,1.202,0.899
64,female,100.0,3.156,same,same,1,0,0,model,Y,0.0,0,0.552,0.2,1.502,0.903
64,female,100.0,3.412,different,different,1,0,0,model,Y,0.0,2,0.552,0.208,1.502,1.051
64,female,50.0,2.523,different,different,1,0,0,model,Y,0.0,2,0.552,0.169,0.752,0.95
64,female,150.0,3.23,same,same,1,0,0,model,Y,0.0,0,0.552,0.223,1.502,0.954
64,female,0.0,1.481,same,same,1,0,0,model,Y,0.0,0,0.552,0.1,0.152,0.678
64,female,50.0,2.005,same,same,1,0,0,model,Y,0.0,0,0.552,0.169,0.452,0.833
64,female,100.0,3.098,different,different,1,0,0,model,Y,0.0,2,0.552,0.167,1.352,0.928
64,female,50.0,2.792,different,different,1,0,0,model,Y,0.0,2,0.552,0.162,1.052,0.927
64,female,100.0,2.557,same,same,1,0,0,model,Y,0.0,0,0.552,0.2,0.902,0.903
64,female,50.0,1.933,same,same,1,0,0,model,Y,0.0,0,0.552,0.147,0.452,0.783
64,female,50.0,1.908,same,same,1,0,0,model,Y,0.0,0,0.552,0.139,0.452,0.766
64,female,0.0,1.481,same,same,1,0,0,model,Y,0.0,0,0.552,0.1,0.152,0.678
64,female,50.0,2.43,different,different,1,0,0,model,Y,0.0,2,0.552,0.147,0.752,0.88
64,female,50.0,2.36,same,same,1,0,0,model,Y,0.0,0,0.552,0.14,0.902,0.767
64,female,100.0,2.287,same,same,1,0,0,model,Y,0.0,0,0.552,0.209,0.602,0.924
64,female,50.0,3.1,different,different,1,0,0,model,Y,0.0,2,0.552,0.128,1.502,0.818
64,female,100.0,2.418,same,same,1,0,0,model,Y,0.0,0,0.552,0.204,0.752,0.911
64,female,0.0,1.481,same,same,1,0,0,model,Y,0.0,0,0.552,0.1,0.152,0.678
64,female,0.0,1.631,different,different,1,0,0,model,Y,0.0,2,0.552,0.1,0.152,0.728
64,female,100.0,4.312,same,different,0,1,0,model,Y,0.0,2,0.552,0.208,2.402,1.051
64,female,150.0,4.468,different,different,1,0,0,model,Y,0.0,2,0.552,0.215,2.552,1.05
64,female,0.0,1.481,same,same,1,0,0,model,Y,0.0,0,0.552,0.1,0.152,0.678
64,female,150.0,2.831,same,same,1,0,0,model,Y,0.0,0,0.552,0.285,0.902,1.093
64,female,100.0,3.274,same,different,0,1,0,model,Y,0.0,2,0.552,0.173,1.502,0.948
64,female,0.0,1.631,different,different,1,0,0,model,Y,0.0,2,0.552,0.1,0.152,0.728
64,female,50.0,2.156,same,same,1,0,0,model,Y,0.0,0,0.552,0.169,0.602,0.833
64,female,150.0,3.331,same,same,1,0,0,model,Y,0.0,0,0.552,0.208,1.652,0.92
64,female,50.0,2.487,different,different,1,0,0,model,Y,0.0,2,0.552,0.161,0.752,0.923
64,female,0.0,1.631,different,different,1,0,0,model,Y,0.0,2,0.552,0.1,0.152,0.728
64,female,150.0,5.262,same,different,0,1,0,model,Y,0.0,2,0.552,0.226,3.302,1.083
64,female,0.0,1.631,different,different,1,0,0,model,Y,0.0,2,0.552,0.1,0.152,0.728
64,female,150.0,3.788,same,different,0,1,0,model,Y,0.0,2,0.552,0.233,1.802,1.102
64,female,50.0,2.61,same,different,0,1,0,model,Y,0.0,2,0.552,0.154,0.902,0.902
64,female,100.0,2.858,same,same,1,0,0,model,Y,0.0,0,0.552,0.201,1.202,0.904
64,female,100.0,2.579,same,same,1,0,0,model,Y,0.0,0,0.552,0.207,0.902,0.919
64,female,150.0,2.924,same,same,1,0,0,model,Y,0.0,0,0.552,0.267,1.052,1.054
64,female,0.0,1.481,same,same,1,0,0,model,Y,0.0,0,0.552,0.1,0.152,0.678
64,female,50.0,2.4,different,different,1,0,0,model,Y,0.0,2,0.552,0.14,0.752,0.857
64,female,50.0,2.126,same,same,1,0,0,model,Y,0.0,0,0.552,0.16,0.602,0.812
64,female,100.0,6.748,different,different,1,0,0,model,Y,0.0,2,0.552,0.227,4.952,0.918
64,female,150.0,4.25,different,different,1,0,0,model,Y,0.0,2,0.552,0.276,2.102,1.221
64,female,50.0,1.882,same,same,1,0,0,model,Y,0.0,0,0.552,0.131,0.452,0.747
64,female,50.0,2.663,different,different,1,0,0,model,Y,0.0,2,0.552,0.167,0.902,0.943
64,female,100.0,5.578,different,different,1,0,0,model,Y,0.0,2,0.552,0.187,3.752,0.988
64,female,100.0,3.757,different,different,1,0,0,model,Y,0.0,2,0.552,0.181,1.952,0.972
64,female,150.0,2.631,same,same,1,0,0,model,Y,0.0,0,0.552,0.269,0.752,1.058
64,female,150.0,3.25,different,different,1,0,0,model,Y,0.0,2,0.552,0.21,1.352,1.037
64,female,100.0,3.862,different,different,1,0,0,model,Y,0.0,2,0.552,0.208,1.952,1.051
64,female,50.0,3.752,different,different,1,0,0,model,Y,0.0,2,0.552,0.14,2.102,0.858
64,female,150.0,3.193,same,same,1,0,0,model,Y,0.0,0,0.552,0.304,1.202,1.136
64,female,0.0,1.631,different,different,1,0,0,model,Y,0.0,2,0.552,0.1,0.152,0.728
64,female,150.0,2.711,same,same,1,0,0,model,Y,0.0,0,0.552,0.202,1.052,0.906
64,female,0.0,1.481,same,same,1,0,0,model,Y,0.0,0,0.552,0.1,0.152,0.678
64,female,150.0,2.729,same,same,1,0,0,model,Y,0.0,0,0.552,0.253,0.902,1.022
64,female,0.0,1.631,different,different,1,0,0,model,Y,0.0,2,0.552,0.1,0.152,0.728
64,female,50.0,2.341,same,same,1,0,0,model,Y,0.0,0,0.552,0.134,0.902,0.754
64,female,150.0,4.928,different,different,1,0,0,model,Y,0.0,2,0.552,0.279,3.002,0.996
64,female,50.0,2.074,same,same,1,0,0,model,Y,0.0,0,0.552,0.144,0.602,0.777
64,female,100.0,3.315,different,different,1,0,0,model,Y,0.0,2,0.552,0.221,1.352,1.091
64,female,100.0,2.729,same,same,1,0,0,model,Y,0.0,0,0.552,0.207,1.052,0.918
64,female,100.0,4.945,same,different,0,1,0,model,Y,0.0,2,0.552,0.216,3.002,1.075
64,female,100.0,3.036,different,different,1,0,0,model,Y,0.0,2,0.552,0.182,1.352,0.851
65,female,0.0,1.013,same,same,1,0,0,model,Y,0.0,0,0.203,0.1,0.175,0.534
65,female,0.0,1.013,same,same,1,0,0,model,Y,0.0,0,0.203,0.1,0.175,0.534
65,female,100.0,3.986,different,different,1,0,0,model,Y,0.0,3,0.203,0.189,2.575,0.868
65,female,100.0,5.171,different,different,1,0,0,model,Y,0.0,3,0.203,0.209,3.475,1.134
65,female,0.0,1.363,different,different,1,0,0,model,Y,0.0,3,0.203,0.1,0.175,0.734
65,female,50.0,1.738,same,same,1,0,0,model,Y,0.0,0,0.203,0.139,0.775,0.621
65,female,50.0,2.27,different,different,1,0,0,model,Y,0.0,3,0.203,0.155,0.775,0.986
65,female,50.0,1.625,same,same,1,0,0,model,Y,0.0,0,0.203,0.15,0.625,0.646
65,female,50.0,2.432,different,different,1,0,0,model,Y,0.0,3,0.203,0.157,0.925,0.996
65,female,50.0,1.504,same,same,1,0,0,model,Y,0.0,0,0.203,0.159,0.475,0.667
65,female,50.0,1.669,same,same,1,0,0,model,Y,0.0,0,0.203,0.164,0.625,0.677
65,female,0.0,1.013,same,same,1,0,0,model,Y,0.0,0,0.203,0.1,0.175,0.534
65,female,50.0,1.401,same,same,1,0,0,model,Y,0.0,0,0.203,0.127,0.475,0.595
65,female,0.0,1.013,same,same,1,0,0,model,Y,0.0,0,0.203,0.1,0.175,0.534
65,female,0.0,1.013,same,same,1,0,0,model,Y,0.0,0,0.203,0.1,0.175,0.534
65,female,150.0,4.319,different,different,1,0,0,model,Y,0.0,3,0.203,0.195,2.725,1.045
65,female,150.0,2.262,same,same,1,0,0,model,Y,0.0,0,0.203,0.254,0.925,0.88
65,female,100.0,2.787,different,different,1,0,0,model,Y,0.0,3,0.203,0.18,1.225,1.028
65,female,50.0,3.573,different,different,1,0,0,model,Y,0.0,3,0.203,0.147,2.125,0.947
65,female,0.0,1.363,different,different,1,0,0,model,Y,0.0,3,0.203,0.1,0.175,0.734
65,female,50.0,1.466,same,same,1,0,0,model,Y,0.0,0,0.203,0.147,0.475,0.64
65,female,0.0,1.013,same,same,1,0,0,model,Y,0.0,0,0.203,0.1,0.175,0.534
65,female,100.0,1.939,same,same,1,0,0,model,Y,0.0,0,0.203,0.2,0.775,0.76
65,female,50.0,1.663,same,same,1,0,0,model,Y,0.0,0,0.203,0.162,0.625,0.672
65,female,0.0,1.013,same,same,1,0,0,model,Y,0.0,0,0.203,0.1,0.175,0.534
65,female,0.0,1.363,different,different,1,0,0,model,Y,0.0,3,0.203,0.1,0.175,0.734
65,female,100.0,3.045,same,same,1,0,0,model,Y,0.0,0,0.203,0.218,1.825,0.798
65,female,150.0,4.018,different,different,1,0,0,model,Y,0.0,3,0.203,0.265,2.125,1.273
65,female,150.0,3.328,same,same,1,0,0,model,Y,0.0,0,0.203,0.258,1.975,0.89
65,female,0.0,1.013,same,same,1,0,0,model,Y,0.0,0,0.203,0.1,0.175,0.534
65,female,50.0,1.622,same,same,1,0,0,model,Y,0.0,0,0.203,0.149,0.625,0.644
65,female,50.0,2.475,different,different,1,0,0,model,Y,0.0,3,0.203,0.138,1.075,0.908
65,female,0.0,1.013,same,same,1,0,0,model,Y,0.0,0,0.203,0.1,0.175,0.534
65,female,50.0,3.046,different,different,1,0,0,model,Y,0.0,3,0.203,0.16,1.525,1.007
65,female,0.0,1.363,different,different,1,0,0,model,Y,0.0,3,0.203,0.1,0.175,0.734
65,female,150.0,3.732,different,different,1,0,0,model,Y,0.0,3,0.203,0.269,1.825,1.285
65,female,0.0,1.363,different,different,1,0,0,model,Y,0.0,3,0.203,0.1,0.175,0.734
65,female,100.0,2.122,same,same,1,0,0,model,Y,0.0,0,0.203,0.164,1.075,0.679
65,female,0.0,1.013,same,same,1,0,0,model,Y,0.0,0,0.203,0.1,0.175,0.534
65,female,50.0,1.847,same,same,1,0,0,model,Y,0.0,0,0.203,0.126,0.925,0.592
65,female,150.0,2.613,same,same,1,0,0,model,Y,0.0,0,0.203,0.315,1.075,1.019
65,female,50.0,1.798,same,same,1,0,0,model,Y,0.0,0,0.203,0.157,0.775,0.662
65,female,150.0,3.231,different,different,1,0,0,model,Y,0.0,3,0.203,0.187,1.825,0.865
65,female,150.0,4.139,different,different,1,0,0,model,Y,0.0,3,0.203,0.259,2.275,1.252
65,female,100.0,2.886,different,different,1,0,0,model,Y,0.0,3,0.203,0.201,1.225,1.106
65,female,150.0,3.777,different,different,1,0,0,model,Y,0.0,3,0.203,0.28,1.825,1.319
65,female,100.0,2.892,different,different,1,0,0,model,Y,0.0,3,0.203,0.202,1.225,1.11
65,female,0.0,1.013,same,same,1,0,0,model,Y,0.0,0,0.203,0.1,0.175,0.534
65,female,50.0,2.393,different,different,1,0,0,model,Y,0.0,3,0.203,0.15,0.925,0.964
65,female,100.0,2.143,same,same,1,0,0,model,Y,0.0,0,0.203,0.217,0.925,0.797
65,female,50.0,2.815,different,different,1,0,0,model,Y,0.0,3,0.203,0.141,1.525,0.795
65,female,150.0,1.943,same,same,1,0,0,model,Y,0.0,0,0.203,0.202,0.775,0.763
65,female,150.0,4.441,different,different,1,0,0,model,Y,0.0,3,0.203,0.251,2.875,0.961
65,female,150.0,2.447,same,same,1,0,0,model,Y,0.0,0,0.203,0.218,1.225,0.8
65,female,100.0,1.862,same,same,1,0,0,model,Y,0.0,0,0.203,0.177,0.775,0.706
65,female,100.0,8.448,different,different,1,0,0,model,Y,0.0,3,0.203,0.204,6.775,1.115
65,female,0.0,1.363,different,different,1,0,0,model,Y,0.0,3,0.203,0.1,0.175,0.734
65,female,150.0,2.281,same,same,1,0,0,model,Y,0.0,0,0.203,0.213,1.075,0.789
65,female,0.0,1.013,same,same,1,0,0,model,Y,0.0,0,0.203,0.1,0.175,0.534
65,female,100.0,2.755,different,different,1,0,0,model,Y,0.0,3,0.203,0.173,1.225,1.003
65,female,100.0,2.357,same,same,1,0,0,model,Y,0.0,0,0.203,0.191,1.225,0.738
65,female,100.0,1.768,same,same,1,0,0,model,Y,0.0,0,0.203,0.194,0.625,0.745
65,female,100.0,1.887,same,same,1,0,0,model,Y,0.0,0,0.203,0.231,0.625,0.828
65,female,50.0,1.6,same,same,1,0,0,model,Y,0.0,0,0.203,0.142,0.625,0.629
65,female,150.0,2.108,same,same,1,0,0,model,Y,0.0,0,0.203,0.206,0.925,0.773
65,female,100.0,2.257,same,same,1,0,0,model,Y,0.0,0,0.203,0.206,1.075,0.773
65,female,100.0,2.373,same,same,1,0,0,model,Y,0.0,0,0.203,0.242,1.075,0.853
65,female,50.0,1.431,same,same,1,0,0,model,Y,0.0,0,0.203,0.136,0.475,0.616
65,female,100.0,2.038,same,same,1,0,0,model,Y,0.0,0,0.203,0.185,0.925,0.725
65,female,150.0,2.711,same,same,1,0,0,model,Y,0.0,0,0.203,0.253,1.375,0.879
65,female,50.0,1.768,same,same,1,0,0,model,Y,0.0,0,0.203,0.148,0.775,0.642
65,female,0.0,1.363,different,different,1,0,0,model,Y,0.0,3,0.203,0.1,0.175,0.734
65,female,50.0,1.74,same,same,1,0,0,model,Y,0.0,0,0.203,0.139,0.775,0.622
65,female,100.0,1.804,same,same,1,0,0,model,Y,0.0,0,0.203,0.159,0.775,0.666
65,female,0.0,1.363,different,different,1,0,0,model,Y,0.0,3,0.203,0.1,0.175,0.734
65,female,100.0,2.013,same,same,1,0,0,model,Y,0.0,0,0.203,0.177,0.925,0.707
65,female,150.0,2.683,same,same,1,0,0,model,Y,0.0,0,0.203,0.245,1.375,0.859
65,female,150.0,2.471,same,same,1,0,0,model,Y,0.0,0,0.203,0.226,1.225,0.817
65,female,0.0,1.013,same,same,1,0,0,model,Y,0.0,0,0.203,0.1,0.175,0.534
65,female,0.0,1.013,same,same,1,0,0,model,Y,0.0,0,0.203,0.1,0.175,0.534
65,female,100.0,3.498,different,different,1,0,0,model,Y,0.0,3,0.203,0.204,1.825,1.116
65,female,100.0,5.148,different,different,1,0,0,model,Y,0.0,3,0.203,0.172,3.625,0.997
65,female,150.0,2.399,same,same,1,0,0,model,Y,0.0,0,0.203,0.204,1.225,0.767
65,female,150.0,2.326,same,same,1,0,0,model,Y,0.0,0,0.203,0.227,1.075,0.82
65,female,100.0,3.388,different,different,1,0,0,model,Y,0.0,3,0.203,0.18,1.825,1.029
65,female,0.0,1.363,different,different,1,0,0,model,Y,0.0,3,0.203,0.1,0.175,0.734
65,female,50.0,1.501,same,same,1,0,0,model,Y,0.0,0,0.203,0.158,0.475,0.664
65,female,0.0,1.363,different,different,1,0,0,model,Y,0.0,3,0.203,0.1,0.175,0.734
65,female,150.0,1.92,same,same,1,0,0,model,Y,0.0,0,0.203,0.194,0.775,0.746
65,female,100.0,2.942,different,different,1,0,0,model,Y,0.0,3,0.203,0.181,1.375,1.032
65,female,100.0,1.986,same,same,1,0,0,model,Y,0.0,0,0.203,0.169,0.925,0.689
65,female,50.0,1.79,same,same,1,0,0,model,Y,0.0,0,0.203,0.155,0.775,0.657
65,female,50.0,2.753,different,different,1,0,0,model,Y,0.0,3,0.203,0.161,1.225,1.013
65,female,0.0,1.013,same,same,1,0,0,model,Y,0.0,0,0.203,0.1,0.175,0.534
65,female,100.0,3.1,different,different,1,0,0,model,Y,0.0,3,0.203,0.215,1.375,1.157
65,female,100.0,3.386,different,different,1,0,0,model,Y,0.0,3,0.203,0.189,1.975,0.868
66,female,0.0,1.426,same,same,1,0,0,model,Y,0.0,0,0.675,0.1,0.122,0.529
66,female,50.0,2.772,same,same,1,0,0,model,Y,0.0,0,0.675,0.145,1.322,0.63
66,female,100.0,2.296,same,same,1,0,0,model,Y,0.0,0,0.675,0.229,0.572,0.82
66,female,0.0,1.426,same,same,1,0,0,model,Y,0.0,0,0.675,0.1,0.122,0.529
66,female,0.0,1.776,different,different,1,0,0,model,Y,0.0,3,0.675,0.1,0.122,0.729
66,female,50.0,2.004,same,same,1,0,0,model,Y,0.0,0,0.675,0.14,0.572,0.617
66,female,50.0,2.959,different,different,1,0,0,model,Y,0.0,3,0.675,0.151,1.022,0.961
66,female,100.0,3.39,different,different,1,0,0,model,Y,0.0,3,0.675,0.157,1.472,0.937
66,female,0.0,1.426,same,same,1,0,0,model,Y,0.0,0,0.675,0.1,0.122,0.529
66,female,50.0,1.908,same,same,1,0,0,model,Y,0.0,0,0.675,0.156,0.422,0.655
66,female,0.0,1.776,different,different,1,0,0,model,Y,0.0,3,0.675,0.1,0.122,0.729
66,female,100.0,2.677,same,same,1,0,0,model,Y,0.0,0,0.675,0.208,1.022,0.771
66,female,0.0,1.426,same,same,1,0,0,model,Y,0.0,0,0.675,0.1,0.122,0.529
66,female,0.0,1.426,same,same,1,0,0,model,Y,0.0,0,0.675,0.1,0.122,0.529
66,female,0.0,1.776,different,different,1,0,0,model,Y,0.0,3,0.675,0.1,0.122,0.729
66,female,150.0,2.853,same,same,1,0,0,model,Y,0.0,0,0.675,0.262,1.022,0.894
66,female,150.0,3.095,same,same,1,0,0,model,Y,0.0,0,0.675,0.29,1.172,0.957
66,female,50.0,2.13,same,same,1,0,0,model,Y,0.0,0,0.675,0.132,0.722,0.601
66,female,100.0,2.65,same,same,1,0,0,model,Y,0.0,0,0.675,0.2,1.022,0.753
66,female,50.0,3.017,different,different,1,0,0,model,Y,0.0,3,0.675,0.161,1.022,1.009
66,female,50.0,1.962,same,same,1,0,0,model,Y,0.0,0,0.675,0.127,0.572,0.588
66,female,50.0,3.327,different,different,1,0,0,model,Y,0.0,3,0.675,0.136,1.472,0.893
66,female,100.0,3.925,different,different,1,0,0,model,Y,0.0,3,0.675,0.207,1.772,1.121
66,female,50.0,2.956,different,different,1,0,0,model,Y,0.0,3,0.675,0.15,1.022,0.958
66,female,150.0,2.632,same,same,1,0,0,model,Y,0.0,0,0.675,0.24,0.872,0.845
66,female,150.0,3.063,same,same,1,0,0,model,Y,0.0,0,0.675,0.281,1.172,0.935
66,female,150.0,3.01,same,same,1,0,0,model,Y,0.0,0,0.675,0.264,1.172,0.898
66,female,100.0,2.287,same,same,1,0,0,model,Y,0.0,0,0.675,0.18,0.722,0.709
66,female,100.0,2.542,same,same,1,0,0,model,Y,0.0,0,0.675,0.213,0.872,0.782
66,female,0.0,1.776,different,different,1,0,0,model,Y,0.0,3,0.675,0.1,0.122,0.729
66,female,0.0,1.776,different,different,1,0,0,model,Y,0.0,3,0.675,0.1,0.122,0.729
66,female,150.0,2.677,same,same,1,0,0,model,Y,0.0,0,0.675,0.254,0.872,0.876
66,female,50.0,4.921,different,different,1,0,0,model,Y,0.0,3,0.675,0.153,2.972,0.971
66,female,100.0,3.845,different,different,1,0,0,model,Y,0.0,3,0.675,0.19,1.772,1.058
66,female,50.0,2.323,same,same,1,0,0,model,Y,0.0,0,0.675,0.145,0.872,0.63
66,female,150.0,3.672,different,different,1,0,0,model,Y,0.0,3,0.675,0.228,1.472,1.147
66,female,0.0,1.426,same,same,1,0,0,model,Y,0.0,0,0.675,0.1,0.122,0.529
66,female,50.0,2.499,same,same,1,0,0,model,Y,0.0,0,0.675,0.153,1.022,0.649
66,female,150.0,5.748,different,different,1,0,0,model,Y,0.0,3,0.675,0.293,3.272,1.357
66,female,0.0,1.776,different,different,1,0,0,model,Y,0.0,3,0.675,0.1,0.122,0.729
66,female,0.0,1.776,different,different,1,0,0,model,Y,0.0,3,0.675,0.1,0.122,0.729
66,female,0.0,1.426,same,same,1,0,0,model,Y,0.0,0,0.675,0.1,0.122,0.529
66,female,150.0,3.443,same,same,1,0,0,model,Y,0.0,0,0.675,0.305,1.472,0.99
66,female,50.0,1.839,same,same,1,0,0,model,Y,0.0,0,0.675,0.135,0.422,0.607
66,female,50.0,1.959,same,same,1,0,0,model,Y,0.0,0,0.675,0.125,0.572,0.586
66,female,150.0,2.798,same,same,1,0,0,model,Y,0.0,0,0.675,0.199,1.172,0.752
66,female,0.0,1.426,same,same,1,0,0,model,Y,0.0,0,0.675,0.1,0.122,0.529
66,female,100.0,3.154,same,same,1,0,0,model,Y,0.0,0,0.675,0.216,1.472,0.791
66,female,0.0,1.426,same,same,1,0,0,model,Y,0.0,0,0.675,0.1,0.122,0.529
66,female,50.0,2.309,same,same,1,0,0,model,Y,0.0,0,0.675,0.141,0.872,0.621
66,female,0.0,1.776,different,different,1,0,0,model,Y,0.0,3,0.675,0.1,0.122,0.729
66,female,100.0,2.502,same,same,1,0,0,model,Y,0.0,0,0.675,0.2,0.872,0.755
66,female,50.0,1.996,same,same,1,0,0,model,Y,0.0,0,0.675,0.137,0.572,0.612
66,female,150.0,6.221,different,different,1,0,0,model,Y,0.0,3,0.675,0.193,4.172,1.031
66,female,150.0,4.16,same,same,1,0,0,model,Y,0.0,0,0.675,0.295,2.222,0.968
66,female,100.0,2.602,same,same,1,0,0,model,Y,0.0,0,0.675,0.185,1.022,0.72
66,female,50.0,2.209,same,same,1,0,0,model,Y,0.0,0,0.675,0.156,0.722,0.655
66,female,50.0,1.899,same,same,1,0,0,model,Y,0.0,0,0.675,0.153,0.422,0.648
66,female,150.0,3.622,different,different,1,0,0,model,Y,0.0,3,0.675,0.216,1.472,1.108
66,female,150.0,6.918,different,different,1,0,0,model,Y,0.0,3,0.675,0.251,4.622,1.22
66,female,50.0,2.837,different,different,1,0,0,model,Y,0.0,3,0.675,0.156,0.872,0.984
66,female,100.0,6.886,different,different,1,0,0,model,Y,0.0,3,0.675,0.231,4.622,1.209
66,female,0.0,1.776,different,different,1,0,0,model,Y,0.0,3,0.675,0.1,0.122,0.729
66,female,150.0,7.512,same,different,0,1,0,model,Y,0.0,3,0.675,0.249,5.222,1.215
66,female,150.0,2.601,same,same,1,0,0,model,Y,0.0,0,0.675,0.277,0.722,0.927
66,female,150.0,4.064,same,different,0,1,0,model,Y,0.0,3,0.675,0.25,1.772,1.217
66,female,150.0,2.809,same,same,1,0,0,model,Y,0.0,0,0.675,0.295,0.872,0.967
66,female,100.0,3.549,different,different,1,0,0,model,Y,0.0,3,0.675,0.19,1.472,1.061
66,female,150.0,4.144,different,different,1,0,0,model,Y,0.0,3,0.675,0.198,2.072,1.048
66,female,100.0,3.086,different,different,1,0,0,model,Y,0.0,3,0.675,0.188,1.022,1.051
66,female,50.0,2.811,different,different,1,0,0,model,Y,0.0,3,0.675,0.151,0.872,0.962
66,female,50.0,1.987,same,same,1,0,0,model,Y,0.0,0,0.675,0.134,0.572,0.606
66,female,150.0,2.631,same,same,1,0,0,model,Y,0.0,0,0.675,0.24,0.872,0.844
66,female,150.0,2.664,same,same,1,0,0,model,Y,0.0,0,0.675,0.25,0.872,0.866
66,female,150.0,4.374,different,different,1,0,0,model,Y,0.0,3,0.675,0.252,2.072,1.224
66,female,100.0,3.289,different,different,1,0,0,model,Y,0.0,3,0.675,0.231,1.022,1.211
66,female,0.0,1.776,different,different,1,0,0,model,Y,0.0,3,0.675,0.1,0.122,0.729
66,female,150.0,2.924,same,same,1,0,0,model,Y,0.0,0,0.675,0.192,1.322,0.735
66,female,0.0,1.426,same,same,1,0,0,model,Y,0.0,0,0.675,0.1,0.122,0.529
66,female,150.0,5.232,different,different,1,0,0,model,Y,0.0,3,0.675,0.242,2.972,1.193
66,female,0.0,1.776,same,different,0,1,0,model,Y,0.0,3,0.675,0.1,0.122,0.729
66,female,0.0,1.776,different,different,1,0,0,model,Y,0.0,3,0.675,0.1,0.122,0.729
66,female,0.0,1.426,same,same,1,0,0,model,Y,0.0,0,0.675,0.1,0.122,0.529
66,female,0.0,1.426,same,same,1,0,0,model,Y,0.0,0,0.675,0.1,0.122,0.529
66,female,0.0,1.776,different,different,1,0,0,model,Y,0.0,3,0.675,0.1,0.122,0.729
66,female,100.0,4.02,different,different,1,0,0,model,Y,0.0,3,0.675,0.163,2.072,0.959
66,female,0.0,1.776,different,different,1,0,0,model,Y,0.0,3,0.675,0.1,0.122,0.729
66,female,50.0,1.832,same,same,1,0,0,model,Y,0.0,0,0.675,0.133,0.422,0.602
66,female,0.0,1.776,different,different,1,0,0,model,Y,0.0,3,0.675,0.1,0.122,0.729
66,female,0.0,1.776,different,different,1,0,0,model,Y,0.0,3,0.675,0.1,0.122,0.729
66,female,100.0,4.425,different,different,1,0,0,model,Y,0.0,3,0.675,0.2,2.522,0.878
66,female,100.0,2.51,same,same,1,0,0,model,Y,0.0,0,0.675,0.203,0.872,0.76
66,female,50.0,2.93,same,different,0,1,0,model,Y,0.0,3,0.675,0.146,1.022,0.937
66,female,0.0,1.426,same,same,1,0,0,model,Y,0.0,0,0.675,0.1,0.122,0.529
66,female,0.0,1.426,same,same,1,0,0,model,Y,0.0,0,0.675,0.1,0.122,0.529
66,female,50.0,2.84,different,different,1,0,0,model,Y,0.0,3,0.675,0.166,1.022,0.827
67,male,150.0,4.655,different,different,1,0,0,model,Y,0.0,3,0.454,0.238,2.556,1.257
67,male,100.0,4.299,different,different,1,0,0,model,Y,0.0,3,0.454,0.214,2.256,1.225
67,male,0.0,1.317,same,same,1,0,0,model,Y,0.0,0,0.454,0.1,0.156,0.607
67,male,100.0,3.236,different,different,1,0,0,model,Y,0.0,3,0.454,0.179,1.356,1.097
67,male,100.0,3.374,different,different,1,0,0,model,Y,0.0,3,0.454,0.243,1.506,1.021
67,male,50.0,2.576,different,different,1,0,0,model,Y,0.0,3,0.454,0.128,0.906,0.937
67,male,0.0,1.317,same,same,1,0,0,model,Y,0.0,0,0.454,0.1,0.156,0.607
67,male,100.0,3.244,different,different,1,0,0,model,Y,0.0,3,0.454,0.213,1.206,1.221
67,male,100.0,3.876,different,different,1,0,0,model,Y,0.0,3,0.454,0.188,1.956,1.128
67,male,50.0,1.766,same,same,1,0,0,model,Y,0.0,0,0.454,0.146,0.456,0.71
67,male,0.0,1.317,same,same,1,0,0,model,Y,0.0,0,0.454,0.1,0.156,0.607
67,male,0.0,1.317,same,same,1,0,0,model,Y,0.0,0,0.454,0.1,0.156,0.607
67,male,100.0,3.276,same,different,0,1,0,model,Y,0.0,3,0.454,0.187,1.356,1.128
67,male,50.0,1.887,same,same,1,0,0,model,Y,0.0,0,0.454,0.137,0.606,0.69
67,male,50.0,2.962,same,different,0,1,0,model,Y,0.0,3,0.454,0.171,1.056,1.131
67,male,50.0,1.776,same,same,1,0,0,model,Y,0.0,0,0.454,0.149,0.456,0.716
67,male,150.0,3.077,same,same,1,0,0,model,Y,0.0,0,0.454,0.272,1.356,0.994
67,male,150.0,2.502,same,same,1,0,0,model,Y,0.0,0,0.454,0.28,0.756,1.011
67,male,50.0,1.927,same,same,1,0,0,model,Y,0.0,0,0.454,0.149,0.606,0.717
67,male,100.0,2.425,same,same,1,0,0,model,Y,0.0,0,0.454,0.21,0.906,0.854
67,male,100.0,3.076,different,different,1,0,0,model,Y,0.0,3,0.454,0.209,1.056,1.207
67,male,100.0,4.765,different,different,1,0,0,model,Y,0.0,3,0.454,0.153,3.006,1.001
67,male,150.0,2.783,same,same,1,0,0,model,Y,0.0,0,0.454,0.274,1.056,0.999
67,male,50.0,1.861,same,same,1,0,0,model,Y,0.0,0,0.454,0.129,0.606,0.671
67,male,100.0,2.597,same,same,1,0,0,model,Y,0.0,0,0.454,0.217,1.056,0.87
67,male,100.0,2.823,different,different,1,0,0,model,Y,0.0,3,0.454,0.202,1.056,0.96
67,male,100.0,2.41,same,same,1,0,0,model,Y,0.0,0,0.454,0.205,0.906,0.844
67,male,0.0,1.667,different,different,1,0,0,model,Y,0.0,3,0.454,0.1,0.156,0.807
67,male,50.0,1.782,same,same,1,0,0,model,Y,0.0,0,0.454,0.151,0.456,0.72
67,male,0.0,1.317,same,same,1,0,0,model,Y,0.0,0,0.454,0.1,0.156,0.607
67,male,50.0,1.935,same,same,1,0,0,model,Y,0.0,0,0.454,0.152,0.606,0.723
67,male,0.0,1.317,same,same,1,0,0,model,Y,0.0,0,0.454,0.1,0.156,0.607
67,male,50.0,2.959,different,different,1,0,0,model,Y,0.0,3,0.454,0.17,1.056,1.128
67,male,100.0,7.423,different,different,1,0,0,model,Y,0.0,3,0.454,0.208,5.406,1.205
67,male,100.0,3.465,different,different,1,0,0,model,Y,0.0,3,0.454,0.196,1.506,1.159
67,male,100.0,2.428,same,same,1,0,0,model,Y,0.0,0,0.454,0.211,0.906,0.856
67,male,150.0,2.849,same,same,1,0,0,model,Y,0.0,0,0.454,0.248,1.206,0.941
67,male,150.0,4.118,different,different,1,0,0,model,Y,0.0,3,0.454,0.218,2.106,1.19
67,male,150.0,2.689,same,same,1,0,0,model,Y,0.0,0,0.454,0.199,1.206,0.829
67,male,0.0,1.667,different,different,1,0,0,model,Y,0.0,3,0.454,0.1,0.156,0.807
67,male,150.0,4.185,different,different,1,0,0,model,Y,0.0,3,0.454,0.233,2.106,1.241
67,male,150.0,4.382,different,different,1,0,0,model,Y,0.0,3,0.454,0.209,2.406,1.163
67,male,150.0,3.731,different,different,1,0,0,model,Y,0.0,3,0.454,0.266,1.806,1.055
67,male,50.0,1.852,same,same,1,0,0,model,Y,0.0,0,0.454,0.172,0.456,0.769
67,male,150.0,6.262,different,different,1,0,0,model,Y,0.0,3,0.454,0.228,4.206,1.224
67,male,150.0,2.694,same,same,1,0,0,model,Y,0.0,0,0.454,0.247,1.056,0.937
67,male,0.0,1.317,same,same,1,0,0,model,Y,0.0,0,0.454,0.1,0.156,0.607
67,male,0.0,1.317,same,same,1,0,0,model,Y,0.0,0,0.454,0.1,0.156,0.607
67,male,0.0,1.667,different,different,1,0,0,model,Y,0.0,3,0.454,0.1,0.156,0.807
67,male,50.0,1.961,same,same,1,0,0,model,Y,0.0,0,0.454,0.16,0.606,0.741
67,male,50.0,1.872,same,same,1,0,0,model,Y,0.0,0,0.454,0.132,0.606,0.679
67,male,150.0,3.92,different,different,1,0,0,model,Y,0.0,3,0.454,0.242,1.806,1.268
67,male,0.0,1.667,different,different,1,0,0,model,Y,0.0,3,0.454,0.1,0.156,0.807
67,male,100.0,2.258,same,same,1,0,0,model,Y,0.0,0,0.454,0.205,0.756,0.843
67,male,50.0,2.819,different,different,1,0,0,model,Y,0.0,3,0.454,0.145,1.056,1.013
67,male,50.0,1.703,same,same,1,0,0,model,Y,0.0,0,0.454,0.126,0.456,0.666
67,male,0.0,1.667,different,different,1,0,0,model,Y,0.0,3,0.454,0.1,0.156,0.807
67,male,100.0,2.09,same,same,1,0,0,model,Y,0.0,0,0.454,0.153,0.756,0.726
67,male,150.0,3.109,same,same,1,0,0,model,Y,0.0,0,0.454,0.282,1.356,1.017
67,male,150.0,2.926,same,same,1,0,0,model,Y,0.0,0,0.454,0.272,1.206,0.994
67,male,100.0,2.288,same,same,1,0,0,model,Y,0.0,0,0.454,0.214,0.756,0.863
67,male,0.0,1.667,different,different,1,0,0,model,Y,0.0,3,0.454,0.1,0.156,0.807
67,male,150.0,5.256,different,different,1,0,0,model,Y,0.0,3,0.454,0.309,2.856,1.487
67,male,150.0,3.556,different,different,1,0,0,model,Y,0.0,3,0.454,0.227,1.506,1.219
67,male,150.0,4.552,different,different,1,0,0,model,Y,0.0,3,0.454,0.294,2.556,1.097
67,male,150.0,2.552,same,same,1,0,0,model,Y,0.0,0,0.454,0.249,0.906,0.942
67,male,150.0,9.05,different,different,1,0,0,model,Y,0.0,3,0.454,0.248,6.906,1.291
67,male,0.0,1.317,same,same,1,0,0,model,Y,0.0,0,0.454,0.1,0.156,0.607
67,male,150.0,3.05,same,same,1,0,0,model,Y,0.0,0,0.454,0.218,1.506,0.872
67,male,50.0,2.775,different,different,1,0,0,model,Y,0.0,3,0.454,0.164,0.906,1.101
67,male,150.0,4.597,different,different,1,0,0,model,Y,0.0,3,0.454,0.295,2.256,1.442
67,male,0.0,1.317,same,same,1,0,0,model,Y,0.0,0,0.454,0.1,0.156,0.607
67,male,0.0,1.667,different,different,1,0,0,model,Y,0.0,3,0.454,0.1,0.156,0.807
67,male,150.0,2.509,same,same,1,0,0,model,Y,0.0,0,0.454,0.236,0.906,0.912
67,male,50.0,1.724,same,same,1,0,0,model,Y,0.0,0,0.454,0.133,0.456,0.681
67,male,150.0,2.815,same,same,1,0,0,model,Y,0.0,0,0.454,0.284,1.056,1.021
67,male,100.0,2.303,same,same,1,0,0,model,Y,0.0,0,0.454,0.219,0.756,0.874
67,male,0.0,1.667,different,different,1,0,0,model,Y,0.0,3,0.454,0.1,0.156,0.807
67,male,0.0,1.317,same,same,1,0,0,model,Y,0.0,0,0.454,0.1,0.156,0.607
67,male,100.0,3.58,different,different,1,0,0,model,Y,0.0,3,0.454,0.156,1.806,1.013
67,male,0.0,1.667,different,different,1,0,0,model,Y,0.0,3,0.454,0.1,0.156,0.807
67,male,100.0,3.814,different,different,1,0,0,model,Y,0.0,3,0.454,0.206,1.806,1.197
67,male,0.0,1.667,different,different,1,0,0,model,Y,0.0,3,0.454,0.1,0.156,0.807
67,male,100.0,2.067,same,same,1,0,0,model,Y,0.0,0,0.454,0.192,0.606,0.814
67,male,100.0,2.296,same,same,1,0,0,model,Y,0.0,0,0.454,0.17,0.906,0.765
67,male,100.0,2.491,same,same,1,0,0,model,Y,0.0,0,0.454,0.184,1.056,0.796
67,male,150.0,5.5,different,different,1,0,0,model,Y,0.0,3,0.454,0.26,3.306,1.33
67,male,50.0,2.808,different,different,1,0,0,model,Y,0.0,3,0.454,0.136,1.206,0.861
67,male,0.0,1.667,different,different,1,0,0,model,Y,0.0,3,0.454,0.1,0.156,0.807
67,male,50.0,3.776,different,different,1,0,0,model,Y,0.0,3,0.454,0.155,1.956,1.06
67,male,50.0,2.434,different,different,1,0,0,model,Y,0.0,3,0.454,0.167,0.756,0.907
67,male,50.0,1.823,same,same,1,0,0,model,Y,0.0,0,0.454,0.163,0.456,0.749
67,male,50.0,3.435,different,different,1,0,0,model,Y,0.0,3,0.454,0.148,1.656,1.027
67,male,150.0,4.613,different,different,1,0,0,model,Y,0.0,3,0.454,0.228,2.556,1.225
67,male,0.0,1.317,same,same,1,0,0,model,Y,0.0,0,0.454,0.1,0.156,0.607
67,male,150.0,2.534,same,same,1,0,0,model,Y,0.0,0,0.454,0.244,0.906,0.93
68,male,150.0,2.218,same,same,1,0,0,model,Y,0.0,0,0.408,0.193,0.734,0.884
68,male,0.0,1.466,different,different,1,0,0,model,Y,0.0,2,0.408,0.1,0.134,0.725
68,male,0.0,1.316,same,same,1,0,0,model,Y,0.0,0,0.408,0.1,0.134,0.675
68,male,150.0,4.298,different,same,0,0,1,model,Y,0.0,2,0.408,0.213,2.534,1.043
68,male,50.0,1.728,same,same,1,0,0,model,Y,0.0,0,0.408,0.135,0.434,0.752
68,male,150.0,3.845,different,different,1,0,0,model,Y,0.0,2,0.408,0.291,1.784,1.262
68,male,150.0,3.544,different,different,1,0,0,model,Y,0.0,2,0.408,0.212,1.784,1.04
68,male,150.0,3.67,same,same,1,0,0,model,Y,0.0,1,0.408,0.28,1.484,1.449
68,male,150.0,2.955,same,same,1,0,0,model,Y,0.0,0,0.408,0.235,1.334,0.979
68,male,50.0,2.522,different,different,1,0,0,model,Y,0.0,2,0.408,0.173,0.884,0.958
68,male,100.0,2.879,different,different,1,0,0,model,Y,0.0,2,0.408,0.153,1.334,0.884
68,male,50.0,1.712,same,same,1,0,0,model,Y,0.0,0,0.408,0.129,0.434,0.741
68,male,0.0,1.466,different,different,1,0,0,model,Y,0.0,2,0.408,0.1,0.134,0.725
68,male,50.0,3.855,same,different,0,1,0,model,Y,0.0,2,0.408,0.133,2.384,0.831
68,male,150.0,3.557,different,different,1,0,0,model,Y,0.0,2,0.408,0.294,1.484,1.271
68,male,100.0,3.269,different,different,1,0,0,model,Y,0.0,2,0.408,0.213,1.484,1.064
68,male,50.0,2.547,different,different,1,0,0,model,Y,0.0,2,0.408,0.175,1.184,0.681
68,male,0.0,1.466,different,different,1,0,0,model,Y,0.0,2,0.408,0.1,0.134,0.725
68,male,0.0,1.466,different,different,1,0,0,model,Y,0.0,2,0.408,0.1,0.134,0.725
68,male,100.0,3.437,different,different,1,0,0,model,Y,0.0,2,0.408,0.18,1.784,0.965
68,male,100.0,3.589,same,different,0,1,0,model,Y,0.0,2,0.408,0.218,1.784,1.079
68,male,100.0,3.511,same,same,1,0,0,model,Y,0.0,1,0.408,0.172,1.634,1.248
68,male,0.0,1.316,same,same,1,0,0,model,Y,0.0,0,0.408,0.1,0.134,0.675
68,male,50.0,2.414,different,different,1,0,0,model,Y,0.0,2,0.408,0.147,0.884,0.876
68,male,150.0,5.245,different,different,1,0,0,model,Y,0.0,2,0.408,0.191,3.734,0.812
68,male,50.0,1.762,same,same,1,0,0,model,Y,0.0,0,0.408,0.145,0.434,0.776
68,male,50.0,2.294,same,different,0,1,0,model,Y,0.0,2,0.408,0.154,0.734,0.899
68,male,100.0,3.917,different,different,1,0,0,model,Y,0.0,2,0.408,0.225,2.084,1.1
68,male,100.0,1.934,same,same,1,0,0,model,Y,0.0,0,0.408,0.152,0.584,0.791
68,male,100.0,3.954,different,same,0,0,1,model,Y,0.0,2,0.408,0.216,1.784,1.446
68,male,0.0,1.316,same,same,1,0,0,model,Y,0.0,0,0.408,0.1,0.134,0.675
68,male,150.0,3.477,different,different,1,0,0,model,Y,0.0,2,0.408,0.234,1.634,1.101
68,male,50.0,2.771,different,same,0,0,1,model,Y,0.0,2,0.408,0.16,1.184,0.919
68,male,50.0,2.908,different,different,1,0,0,model,Y,0.0,2,0.408,0.157,1.334,0.909
68,male,0.0,1.316,same,same,1,0,0,model,Y,0.0,0,0.408,0.1,0.134,0.675
68,male,50.0,2.41,different,different,1,0,0,model,Y,0.0,2,0.408,0.146,0.884,0.872
68,male,0.0,1.316,same,same,1,0,0,model,Y,0.0,0,0.408,0.1,0.134,0.675
68,male,50.0,3.198,same,same,1,0,0,model,Y,0.0,1,0.408,0.166,1.334,1.241
68,male,50.0,2.686,same,same,1,0,0,model,Y,0.0,2,0.408,0.14,1.184,0.854
68,male,0.0,1.466,different,different,1,0,0,model,Y,0.0,2,0.408,0.1,0.134,0.725
68,male,100.0,2.732,different,different,1,0,0,model,Y,0.0,2,0.408,0.191,1.034,0.999
68,male,50.0,3.441,different,different,1,0,0,model,Y,0.0,2,0.408,0.141,1.934,0.858
68,male,150.0,4.029,different,different,1,0,0,model,Y,0.0,2,0.408,0.25,2.534,0.737
68,male,100.0,2.917,different,different,1,0,0,model,Y,0.0,2,0.408,0.2,1.184,1.026
68,male,0.0,1.466,same,different,0,1,0,model,Y,0.0,2,0.408,0.1,0.134,0.725
68,male,150.0,3.323,different,different,1,0,0,model,Y,0.0,2,0.408,0.233,1.484,1.099
68,male,0.0,1.466,different,different,1,0,0,model,Y,0.0,2,0.408,0.1,0.134,0.725
68,male,0.0,1.316,same,same,1,0,0,model,Y,0.0,0,0.408,0.1,0.134,0.675
68,male,100.0,3.873,different,different,1,0,0,model,Y,0.0,2,0.408,0.177,2.234,0.955
68,male,100.0,2.411,same,same,1,0,0,model,Y,0.0,0,0.408,0.206,0.884,0.913
68,male,0.0,1.316,same,same,1,0,0,model,Y,0.0,0,0.408,0.1,0.134,0.675
68,male,100.0,2.35,same,same,1,0,0,model,Y,0.0,0,0.408,0.234,0.734,0.975
68,male,0.0,1.316,same,same,1,0,0,model,Y,0.0,0,0.408,0.1,0.134,0.675
68,male,100.0,3.096,different,same,0,0,1,model,Y,0.0,2,0.408,0.17,1.484,0.935
68,male,50.0,2.279,different,different,1,0,0,model,Y,0.0,2,0.408,0.15,0.734,0.887
68,male,100.0,3.187,different,different,1,0,0,model,Y,0.0,2,0.408,0.23,1.334,1.116
68,male,150.0,3.381,different,different,1,0,0,model,Y,0.0,2,0.408,0.288,1.334,1.252
68,male,0.0,1.466,same,different,0,1,0,model,Y,0.0,2,0.408,0.1,0.134,0.725
68,male,50.0,1.78,same,same,1,0,0,model,Y,0.0,0,0.408,0.15,0.434,0.788
68,male,0.0,1.466,different,different,1,0,0,model,Y,0.0,2,0.408,0.1,0.134,0.725
68,male,100.0,2.341,same,same,1,0,0,model,Y,0.0,0,0.408,0.185,0.884,0.865
68,male,150.0,6.182,different,different,1,0,0,model,Y,0.0,2,0.408,0.235,4.334,1.105
68,male,100.0,2.983,different,different,1,0,0,model,Y,0.0,2,0.408,0.217,1.184,1.075
68,male,100.0,3.481,same,same,1,0,0,model,Y,0.0,1,0.408,0.166,1.634,1.223
68,male,50.0,1.802,same,same,1,0,0,model,Y,0.0,0,0.408,0.157,0.434,0.803
68,male,0.0,1.316,same,same,1,0,0,model,Y,0.0,0,0.408,0.1,0.134,0.675
68,male,100.0,2.161,same,same,1,0,0,model,Y,0.0,0,0.408,0.175,0.734,0.844
68,male,150.0,5.992,different,different,1,0,0,model,Y,0.0,2,0.408,0.304,3.884,1.297
68,male,100.0,3.504,different,same,0,0,1,model,Y,0.0,2,0.408,0.189,1.484,1.324
68,male,50.0,2.648,same,same,1,0,0,model,Y,0.0,1,0.408,0.148,0.884,1.158
68,male,50.0,2.234,different,different,1,0,0,model,Y,0.0,2,0.408,0.14,0.734,0.853
68,male,50.0,1.821,same,same,1,0,0,model,Y,0.0,0,0.408,0.163,0.434,0.816
68,male,0.0,1.466,different,different,1,0,0,model,Y,0.0,2,0.408,0.1,0.134,0.725
68,male,50.0,2.816,different,different,1,0,0,model,Y,0.0,2,0.408,0.157,1.484,0.667
68,male,0.0,1.316,same,same,1,0,0,model,Y,0.0,0,0.408,0.1,0.134,0.675
68,male,50.0,2.681,different,different,1,0,0,model,Y,0.0,2,0.408,0.139,1.184,0.851
68,male,0.0,1.316,same,same,1,0,0,model,Y,0.0,0,0.408,0.1,0.134,0.675
68,male,50.0,2.709,same,same,1,0,0,model,Y,0.0,1,0.408,0.159,0.884,1.209
68,male,50.0,1.793,same,same,1,0,0,model,Y,0.0,0,0.408,0.154,0.434,0.797
68,male,150.0,3.413,same,different,0,1,0,model,Y,0.0,2,0.408,0.178,1.784,0.943
68,male,100.0,3.082,same,different,0,1,0,model,Y,0.0,2,0.408,0.167,1.484,0.924
68,male,50.0,2.34,different,different,1,0,0,model,Y,0.0,2,0.408,0.165,0.734,0.933
68,male,150.0,4.129,different,different,1,0,0,model,Y,0.0,2,0.408,0.287,2.084,1.25
68,male,100.0,2.101,same,same,1,0,0,model,Y,0.0,0,0.408,0.203,0.584,0.906
68,male,100.0,4.023,different,different,1,0,0,model,Y,0.0,2,0.408,0.214,2.234,1.067
68,male,0.0,1.466,different,different,1,0,0,model,Y,0.0,2,0.408,0.1,0.134,0.725
68,male,50.0,1.85,same,same,1,0,0,model,Y,0.0,0,0.408,0.172,0.434,0.836
68,male,150.0,2.639,same,same,1,0,0,model,Y,0.0,0,0.408,0.276,0.884,1.071
68,male,100.0,7.487,same,same,1,0,0,model,Y,0.0,2,0.408,0.231,5.234,1.515
68,male,0.0,1.466,same,different,0,1,0,model,Y,0.0,2,0.408,0.1,0.134,0.725
68,male,150.0,2.351,same,same,1,0,0,model,Y,0.0,0,0.408,0.234,0.734,0.976
68,male,100.0,2.178,same,same,1,0,0,model,Y,0.0,0,0.408,0.18,0.734,0.856
68,male,50.0,2.321,different,different,1,0,0,model,Y,0.0,2,0.408,0.16,0.734,0.919
68,male,50.0,1.77,same,same,1,0,0,model,Y,0.0,0,0.408,0.147,0.434,0.781
68,male,150.0,3.462,different,different,1,0,0,model,Y,0.0,2,0.408,0.23,1.634,1.09
68,male,150.0,3.803,different,different,1,0,0,model,Y,0.0,2,0.408,0.275,2.084,0.937
69,female,50.0,2.079,same,same,1,0,0,model,Y,0.0,0,0.501,0.151,0.629,0.798
69,female,50.0,2.015,same,same,1,0,0,model,Y,0.0,0,0.501,0.132,0.629,0.754
69,female,100.0,4.922,different,different,1,0,0,model,Y,0.0,3,0.501,0.204,3.029,1.038
69,female,100.0,2.285,same,same,1,0,0,model,Y,0.0,0,0.501,0.168,0.779,0.837
69,female,0.0,1.813,different,different,1,0,0,model,Y,0.0,3,0.501,0.1,0.179,0.883
69,female,150.0,4.121,different,different,1,0,0,model,Y,0.0,3,0.501,0.255,1.829,1.387
69,female,150.0,2.999,same,same,1,0,0,model,Y,0.0,0,0.501,0.25,1.229,1.019
69,female,0.0,1.813,different,different,1,0,0,model,Y,0.0,3,0.501,0.1,0.179,0.883
69,female,0.0,1.813,different,different,1,0,0,model,Y,0.0,3,0.501,0.1,0.179,0.883
69,female,100.0,3.329,different,different,1,0,0,model,Y,0.0,3,0.501,0.232,1.079,1.367
69,female,150.0,3.111,same,same,1,0,0,model,Y,0.0,0,0.501,0.238,1.379,0.993
69,female,100.0,2.384,same,same,1,0,0,model,Y,0.0,0,0.501,0.199,0.779,0.905
69,female,100.0,3.487,different,different,1,0,0,model,Y,0.0,3,0.501,0.234,1.229,1.374
69,female,150.0,2.584,same,same,1,0,0,model,Y,0.0,0,0.501,0.261,0.779,1.044
69,female,150.0,7.057,different,different,1,0,0,model,Y,0.0,3,0.501,0.204,4.979,1.223
69,female,0.0,1.813,different,different,1,0,0,model,Y,0.0,3,0.501,0.1,0.179,0.883
69,female,100.0,2.504,same,same,1,0,0,model,Y,0.0,0,0.501,0.236,0.779,0.989
69,female,100.0,3.369,different,different,1,0,0,model,Y,0.0,3,0.501,0.176,1.379,1.164
69,female,100.0,3.075,same,same,1,0,0,model,Y,0.0,0,0.501,0.181,1.529,0.864
69,female,0.0,1.463,same,same,1,0,0,model,Y,0.0,0,0.501,0.1,0.179,0.683
69,female,0.0,1.813,different,different,1,0,0,model,Y,0.0,3,0.501,0.1,0.179,0.883
69,female,100.0,2.433,same,same,1,0,0,model,Y,0.0,0,0.501,0.214,0.779,0.94
69,female,150.0,2.899,same,same,1,0,0,model,Y,0.0,0,0.501,0.219,1.229,0.95
69,female,0.0,1.813,different,different,1,0,0,model,Y,0.0,3,0.501,0.1,0.179,0.883
69,female,150.0,6.93,different,different,1,0,0,model,Y,0.0,3,0.501,0.287,4.829,1.163
69,female,100.0,3.053,same,same,1,0,0,model,Y,0.0,0,0.501,0.174,1.529,0.85
69,female,50.0,1.917,same,same,1,0,0,model,Y,0.0,0,0.501,0.147,0.479,0.79
69,female,50.0,2.175,same,same,1,0,0,model,Y,0.0,0,0.501,0.135,0.779,0.761
69,female,50.0,3.603,same,different,0,1,0,model,Y,0.0,3,0.501,0.152,1.679,1.121
69,female,150.0,4.981,different,different,1,0,0,model,Y,0.0,3,0.501,0.28,2.579,1.471
69,female,0.0,1.813,different,different,1,0,0,model,Y,0.0,3,0.501,0.1,0.179,0.883
69,female,50.0,2.247,same,same,1,0,0,model,Y,0.0,0,0.501,0.157,0.779,0.811
69,female,0.0,1.813,different,different,1,0,0,model,Y,0.0,3,0.501,0.1,0.179,0.883
69,female,100.0,2.677,same,same,1,0,0,model,Y,0.0,0,0.501,0.197,1.079,0.901
69,female,150.0,4.999,different,different,1,0,0,model,Y,0.0,3,0.501,0.32,2.429,1.6
69,female,50.0,3.722,different,different,1,0,0,model,Y,0.0,3,0.501,0.147,1.829,1.096
69,female,100.0,3.187,different,different,1,0,0,model,Y,0.0,3,0.501,0.169,1.229,1.138
69,female,150.0,3.962,same,same,1,0,0,model,Y,0.0,0,0.501,0.269,2.129,1.064
69,female,100.0,2.406,same,same,1,0,0,model,Y,0.0,0,0.501,0.206,0.779,0.921
69,female,100.0,3.086,same,same,1,0,0,model,Y,0.0,0,0.501,0.184,1.529,0.872
69,female,0.0,1.813,different,different,1,0,0,model,Y,0.0,3,0.501,0.1,0.179,0.883
69,female,0.0,1.463,same,same,1,0,0,model,Y,0.0,0,0.501,0.1,0.179,0.683
69,female,150.0,5.301,different,different,1,0,0,model,Y,0.0,3,0.501,0.235,3.329,1.086
69,female,150.0,3.235,same,same,1,0,0,model,Y,0.0,0,0.501,0.276,1.379,1.079
69,female,100.0,3.701,different,different,1,0,0,model,Y,0.0,3,0.501,0.247,1.379,1.424
69,female,0.0,1.813,different,different,1,0,0,model,Y,0.0,3,0.501,0.1,0.179,0.883
69,female,150.0,2.804,same,same,1,0,0,model,Y,0.0,0,0.501,0.236,1.079,0.989
69,female,100.0,4.171,different,different,1,0,0,model,Y,0.0,3,0.501,0.203,2.279,1.038
69,female,150.0,2.987,same,same,1,0,0,model,Y,0.0,0,0.501,0.2,1.379,0.907
69,female,50.0,3.067,different,different,1,0,0,model,Y,0.0,3,0.501,0.164,1.079,1.174
69,female,50.0,2.53,different,different,1,0,0,model,Y,0.0,3,0.501,0.147,0.779,0.954
69,female,150.0,2.834,same,same,1,0,0,model,Y,0.0,0,0.501,0.199,1.229,0.906
69,female,100.0,2.437,same,same,1,0,0,model,Y,0.0,0,0.501,0.169,0.929,0.839
69,female,50.0,2.198,same,same,1,0,0,model,Y,0.0,0,0.501,0.142,0.779,0.777
69,female,50.0,4.109,different,different,1,0,0,model,Y,0.0,3,0.501,0.162,2.129,1.167
69,female,0.0,1.463,same,same,1,0,0,model,Y,0.0,0,0.501,0.1,0.179,0.683
69,female,100.0,3.313,different,different,1,0,0,model,Y,0.0,3,0.501,0.196,1.229,1.237
69,female,50.0,1.886,same,same,1,0,0,model,Y,0.0,0,0.501,0.138,0.479,0.768
69,female,50.0,2.773,same,different,0,1,0,model,Y,0.0,3,0.501,0.165,0.779,1.179
69,female,150.0,3.985,different,different,1,0,0,model,Y,0.0,3,0.501,0.293,1.529,1.512
69,female,150.0,2.598,same,same,1,0,0,model,Y,0.0,0,0.501,0.219,0.929,0.95
69,female,0.0,1.463,same,same,1,0,0,model,Y,0.0,0,0.501,0.1,0.179,0.683
69,female,150.0,2.564,same,same,1,0,0,model,Y,0.0,0,0.501,0.208,0.929,0.927
69,female,150.0,4.857,different,different,1,0,0,model,Y,0.0,3,0.501,0.251,2.579,1.376
69,female,100.0,4.522,different,different,1,0,0,model,Y,0.0,3,0.501,0.224,2.579,1.069
69,female,100.0,3.676,different,different,1,0,0,model,Y,0.0,3,0.501,0.21,1.529,1.286
69,female,50.0,1.928,same,same,1,0,0,model,Y,0.0,0,0.501,0.151,0.479,0.798
69,female,150.0,6.753,different,different,1,0,0,model,Y,0.0,3,0.501,0.239,4.529,1.335
69,female,0.0,1.463,same,same,1,0,0,model,Y,0.0,0,0.501,0.1,0.179,0.683
69,female,150.0,4.304,same,different,0,1,0,model,Y,0.0,3,0.501,0.262,1.979,1.412
69,female,0.0,1.463,same,same,1,0,0,model,Y,0.0,0,0.501,0.1,0.179,0.683
69,female,150.0,4.118,same,same,1,0,0,model,Y,0.0,0,0.501,0.271,2.279,1.067
69,female,150.0,4.816,different,different,1,0,0,model,Y,0.0,3,0.501,0.221,2.879,1.065
69,female,100.0,2.538,same,same,1,0,0,model,Y,0.0,0,0.501,0.2,0.929,0.908
69,female,0.0,1.463,same,same,1,0,0,model,Y,0.0,0,0.501,0.1,0.179,0.683
69,female,150.0,5.573,different,different,1,0,0,model,Y,0.0,3,0.501,0.243,3.329,1.35
69,female,100.0,2.409,same,same,1,0,0,model,Y,0.0,0,0.501,0.207,0.779,0.923
69,female,0.0,1.813,different,different,1,0,0,model,Y,0.0,3,0.501,0.1,0.179,0.883
69,female,0.0,1.463,same,same,1,0,0,model,Y,0.0,0,0.501,0.1,0.179,0.683
69,female,50.0,2.642,different,different,1,0,0,model,Y,0.0,3,0.501,0.141,0.779,1.071
69,female,100.0,2.719,same,same,1,0,0,model,Y,0.0,0,0.501,0.21,1.079,0.93
69,female,150.0,3.216,same,same,1,0,0,model,Y,0.0,0,0.501,0.224,1.529,0.962
69,female,150.0,3.608,same,same,1,0,0,model,Y,0.0,0,0.501,0.252,1.829,1.026
69,female,100.0,2.403,same,same,1,0,0,model,Y,0.0,0,0.501,0.205,0.779,0.919
69,female,100.0,4.869,different,different,1,0,0,model,Y,0.0,3,0.501,0.208,2.729,1.281
69,female,100.0,5.353,different,different,1,0,0,model,Y,0.0,3,0.501,0.183,3.329,1.19
69,female,50.0,2.269,same,same,1,0,0,model,Y,0.0,0,0.501,0.164,0.779,0.826
69,female,0.0,1.813,different,different,1,0,0,model,Y,0.0,3,0.501,0.1,0.179,0.883
69,female,150.0,2.947,same,same,1,0,0,model,Y,0.0,0,0.501,0.234,1.229,0.984
69,female,150.0,4.101,different,different,1,0,0,model,Y,0.0,3,0.501,0.285,1.679,1.486
69,female,0.0,1.463,same,same,1,0,0,model,Y,0.0,0,0.501,0.1,0.179,0.683
69,female,100.0,2.122,same,same,1,0,0,model,Y,0.0,0,0.501,0.164,0.629,0.828
69,female,100.0,2.767,same,same,1,0,0,model,Y,0.0,0,0.501,0.224,1.079,0.963
69,female,150.0,2.533,same,same,1,0,0,model,Y,0.0,0,0.501,0.198,0.929,0.904
69,female,0.0,1.463,same,same,1,0,0,model,Y,0.0,0,0.501,0.1,0.179,0.683
69,female,100.0,2.687,same,same,1,0,0,model,Y,0.0,0,0.501,0.2,1.079,0.907
70,female,50.0,2.791,different,different,1,0,0,model,Y,0.0,2,0.512,0.145,1.199,0.835
70,female,50.0,2.01,same,same,1,0,0,model,Y,0.0,0,0.512,0.149,0.599,0.75
70,female,0.0,1.401,same,same,1,0,0,model,Y,0.0,0,0.512,0.1,0.149,0.64
70,female,150.0,5.006,same,different,0,1,0,model,Y,0.0,2,0.512,0.219,3.149,1.026
70,female,50.0,2.212,same,same,1,0,0,model,Y,0.0,0,0.512,0.165,0.749,0.786
70,female,150.0,7.986,different,different,1,0,0,model,Y,0.0,2,0.512,0.254,5.999,1.121
70,female,0.0,1.551,different,different,1,0,0,model,Y,0.0,2,0.512,0.1,0.149,0.69
70,female,50.0,2.391,different,different,1,0,0,model,Y,0.0,2,0.512,0.157,0.749,0.873
70,female,100.0,3.647,different,different,1,0,0,model,Y,0.0,2,0.512,0.212,1.799,1.025
70,female,0.0,1.551,different,different,1,0,0,model,Y,0.0,2,0.512,0.1,0.149,0.69
70,female,100.0,2.557,same,same,1,0,0,model,Y,0.0,0,0.512,0.179,1.049,0.817
70,female,50.0,2.757,different,different,1,0,0,model,Y,0.0,2,0.512,0.172,1.049,0.923
70,female,100.0,2.532,same,same,1,0,0,model,Y,0.0,0,0.512,0.171,1.049,0.8
70,female,100.0,3.994,different,different,1,0,0,model,Y,0.0,2,0.512,0.186,2.249,0.947
70,female,50.0,2.051,same,same,1,0,0,model,Y,0.0,0,0.512,0.162,0.599,0.779
70,female,150.0,3.615,same,same,1,0,0,model,Y,0.0,1,0.512,0.208,1.499,1.345
70,female,150.0,5.097,different,different,1,0,0,model,Y,0.0,2,0.512,0.258,3.299,0.927
70,female,100.0,4.23,different,different,1,0,0,model,Y,0.0,2,0.512,0.17,2.549,0.899
70,female,150.0,3.031,same,same,1,0,0,model,Y,0.0,0,0.512,0.278,1.199,1.041
70,female,0.0,1.401,same,same,1,0,0,model,Y,0.0,0,0.512,0.1,0.149,0.64
70,female,50.0,3.198,different,different,1,0,0,model,Y,0.0,2,0.512,0.17,1.499,0.917
70,female,150.0,3.426,different,different,1,0,0,model,Y,0.0,2,0.512,0.238,1.499,1.077
70,female,100.0,3.371,same,same,1,0,0,model,Y,0.0,0,0.512,0.198,1.799,0.862
70,female,150.0,2.721,same,same,1,0,0,model,Y,0.0,0,0.512,0.229,1.049,0.931
70,female,100.0,3.12,different,different,1,0,0,model,Y,0.0,2,0.512,0.188,1.499,0.821
70,female,50.0,2.258,same,same,1,0,0,model,Y,0.0,0,0.512,0.133,0.899,0.714
70,female,50.0,2.087,same,same,1,0,0,model,Y,0.0,0,0.512,0.126,0.749,0.699
70,female,150.0,3.846,same,same,1,0,0,model,Y,0.0,0,0.512,0.252,2.099,0.982
70,female,50.0,2.832,different,different,1,0,0,model,Y,0.0,2,0.512,0.155,1.199,0.866
70,female,50.0,2.783,same,same,1,0,0,model,Y,0.0,1,0.512,0.157,0.899,1.164
70,female,0.0,1.551,different,different,1,0,0,model,Y,0.0,2,0.512,0.1,0.149,0.69
70,female,50.0,1.835,same,same,1,0,0,model,Y,0.0,0,0.512,0.141,0.449,0.733
70,female,100.0,3.731,different,different,1,0,0,model,Y,0.0,2,0.512,0.157,2.099,0.862
70,female,50.0,3.073,different,different,1,0,0,model,Y,0.0,2,0.512,0.141,1.499,0.821
70,female,50.0,2.464,different,different,1,0,0,model,Y,0.0,2,0.512,0.139,0.899,0.814
70,female,150.0,3.634,different,different,1,0,0,model,Y,0.0,2,0.512,0.214,1.799,1.009
70,female,0.0,1.401,same,same,1,0,0,model,Y,0.0,0,0.512,0.1,0.149,0.64
70,female,0.0,1.401,same,same,1,0,0,model,Y,0.0,0,0.512,0.1,0.149,0.64
70,female,50.0,1.836,same,same,1,0,0,model,Y,0.0,0,0.512,0.141,0.449,0.733
70,female,150.0,3.602,different,different,1,0,0,model,Y,0.0,2,0.512,0.26,1.799,0.93
70,female,0.0,1.401,same,same,1,0,0,model,Y,0.0,0,0.512,0.1,0.149,0.64
70,female,50.0,2.6,different,different,1,0,0,model,Y,0.0,2,0.512,0.135,1.049,0.803
70,female,150.0,3.094,same,same,1,0,0,model,Y,0.0,0,0.512,0.252,1.349,0.981
70,female,100.0,3.65,different,different,1,0,0,model,Y,0.0,2,0.512,0.212,1.799,1.026
70,female,50.0,2.808,different,different,1,0,0,model,Y,0.0,2,0.512,0.149,1.199,0.847
70,female,100.0,4.054,different,different,1,0,0,model,Y,0.0,2,0.512,0.201,2.249,0.992
70,female,100.0,3.202,different,different,1,0,0,model,Y,0.0,2,0.512,0.175,1.499,0.916
70,female,150.0,2.816,same,same,1,0,0,model,Y,0.0,0,0.512,0.258,1.049,0.996
70,female,0.0,1.551,different,different,1,0,0,model,Y,0.0,2,0.512,0.1,0.149,0.69
70,female,50.0,3.069,different,different,1,0,0,model,Y,0.0,2,0.512,0.14,1.499,0.818
70,female,150.0,4.396,different,different,1,0,0,model,Y,0.0,2,0.512,0.278,2.549,0.957
70,female,150.0,2.533,same,same,1,0,0,model,Y,0.0,0,0.512,0.218,0.899,0.905
70,female,150.0,2.45,same,same,1,0,0,model,Y,0.0,0,0.512,0.238,0.749,0.951
70,female,0.0,1.401,same,same,1,0,0,model,Y,0.0,0,0.512,0.1,0.149,0.64
70,female,150.0,2.505,same,same,1,0,0,model,Y,0.0,0,0.512,0.209,0.899,0.885
70,female,150.0,4.161,same,same,1,0,0,model,Y,0.0,0,0.512,0.303,2.249,1.097
70,female,50.0,1.864,same,same,1,0,0,model,Y,0.0,0,0.512,0.15,0.449,0.752
70,female,0.0,1.551,different,different,1,0,0,model,Y,0.0,2,0.512,0.1,0.149,0.69
70,female,150.0,2.66,same,same,1,0,0,model,Y,0.0,0,0.512,0.21,1.049,0.888
70,female,150.0,6.561,different,different,1,0,0,model,Y,0.0,2,0.512,0.194,4.799,0.955
70,female,50.0,2.031,same,same,1,0,0,model,Y,0.0,0,0.512,0.155,0.599,0.764
70,female,100.0,2.941,different,different,1,0,0,model,Y,0.0,2,0.512,0.185,1.199,0.945
70,female,150.0,2.353,same,same,1,0,0,model,Y,0.0,0,0.512,0.208,0.749,0.883
70,female,100.0,2.561,same,same,1,0,0,model,Y,0.0,0,0.512,0.226,0.899,0.924
70,female,50.0,2.113,same,same,1,0,0,model,Y,0.0,0,0.512,0.134,0.749,0.717
70,female,100.0,2.289,same,same,1,0,0,model,Y,0.0,0,0.512,0.189,0.749,0.839
70,female,150.0,3.344,same,same,1,0,0,model,Y,0.0,0,0.512,0.236,1.649,0.946
70,female,50.0,2.691,different,different,1,0,0,model,Y,0.0,2,0.512,0.157,1.049,0.873
70,female,50.0,2.809,different,different,1,0,0,model,Y,0.0,2,0.512,0.149,1.199,0.848
70,female,150.0,4.355,different,different,1,0,0,model,Y,0.0,2,0.512,0.245,2.399,1.098
70,female,50.0,2.784,different,different,1,0,0,model,Y,0.0,2,0.512,0.143,1.199,0.829
70,female,0.0,1.401,same,same,1,0,0,model,Y,0.0,0,0.512,0.1,0.149,0.64
70,female,0.0,1.401,same,same,1,0,0,model,Y,0.0,0,0.512,0.1,0.149,0.64
70,female,50.0,2.076,same,same,1,0,0,model,Y,0.0,0,0.512,0.169,0.599,0.795
70,female,150.0,2.925,same,same,1,0,0,model,Y,0.0,0,0.512,0.246,1.199,0.968
70,female,100.0,2.835,same,same,1,0,0,model,Y,0.0,0,0.512,0.172,1.349,0.802
70,female,100.0,2.657,same,same,1,0,0,model,Y,0.0,0,0.512,0.21,1.049,0.887
70,female,100.0,3.295,same,same,1,0,0,model,Y,0.0,0,0.512,0.175,1.799,0.809
70,female,100.0,3.44,different,different,1,0,0,model,Y,0.0,2,0.512,0.235,1.499,1.094
70,female,150.0,2.284,same,same,1,0,0,model,Y,0.0,0,0.512,0.187,0.749,0.835
70,female,100.0,2.362,same,same,1,0,0,model,Y,0.0,0,0.512,0.211,0.749,0.89
70,female,150.0,3.025,same,same,1,0,0,model,Y,0.0,0,0.512,0.276,1.199,1.037
70,female,50.0,2.753,same,different,0,1,0,model,Y,0.0,2,0.512,0.171,1.049,0.92
70,female,150.0,2.807,same,same,1,0,0,model,Y,0.0,0,0.512,0.302,0.899,1.094
70,female,0.0,1.551,different,different,1,0,0,model,Y,0.0,2,0.512,0.1,0.149,0.69
70,female,50.0,2.315,different,different,1,0,0,model,Y,0.0,2,0.512,0.139,0.749,0.815
70,female,150.0,3.592,same,same,1,0,0,model,Y,0.0,0,0.512,0.22,1.949,0.91
70,female,50.0,2.562,different,different,1,0,0,model,Y,0.0,2,0.512,0.144,1.049,0.757
70,female,0.0,1.551,different,different,1,0,0,model,Y,0.0,2,0.512,0.1,0.149,0.69
70,female,100.0,3.421,different,different,1,0,0,model,Y,0.0,2,0.512,0.23,1.499,1.08
70,female,50.0,2.567,same,different,0,1,0,model,Y,0.0,2,0.512,0.146,1.049,0.759
70,female,100.0,3.202,different,different,1,0,0,model,Y,0.0,2,0.512,0.213,1.349,1.028
70,female,100.0,3.173,different,different,1,0,0,model,Y,0.0,2,0.512,0.205,1.349,1.006
70,female,150.0,5.325,different,different,1,0,0,model,Y,0.0,2,0.512,0.264,3.299,1.15
70,female,100.0,3.169,different,different,1,0,0,model,Y,0.0,2,0.512,0.204,1.349,1.003
70,female,100.0,2.901,same,same,1,0,0,model,Y,0.0,0,0.512,0.238,1.199,0.952
71,male,150.0,4.077,same,different,0,1,0,model,Y,0.0,2,0.508,0.264,2.11,1.096
71,male,100.0,2.284,same,same,1,0,0,model,Y,0.0,0,0.508,0.202,0.76,0.815
71,male,50.0,2.093,same,same,1,0,0,model,Y,0.0,0,0.508,0.143,0.76,0.683
71,male,50.0,2.076,same,same,1,0,0,model,Y,0.0,0,0.508,0.138,0.76,0.671
71,male,150.0,3.945,different,different,1,0,0,model,Y,0.0,2,0.508,0.237,2.26,0.841
71,male,150.0,2.837,same,same,1,0,0,model,Y,0.0,0,0.508,0.28,1.06,0.99
71,male,50.0,1.956,same,same,1,0,0,model,Y,0.0,0,0.508,0.147,0.61,0.692
71,male,50.0,2.452,different,different,1,0,0,model,Y,0.0,2,0.508,0.147,0.91,0.788
71,male,0.0,1.503,same,different,0,1,0,model,Y,0.0,2,0.508,0.1,0.16,0.636
71,male,150.0,3.216,same,same,1,0,0,model,Y,0.0,0,0.508,0.212,1.66,0.837
71,male,0.0,1.503,different,different,1,0,0,model,Y,0.0,2,0.508,0.1,0.16,0.636
71,male,0.0,1.503,different,different,1,0,0,model,Y,0.0,2,0.508,0.1,0.16,0.636
71,male,50.0,2.295,different,different,1,0,0,model,Y,0.0,2,0.508,0.146,0.76,0.782
71,male,50.0,2.771,different,different,1,0,0,model,Y,0.0,2,0.508,0.152,1.21,0.802
71,male,150.0,2.674,same,same,1,0,0,model,Y,0.0,0,0.508,0.23,1.06,0.878
71,male,150.0,2.511,same,same,1,0,0,model,Y,0.0,0,0.508,0.226,0.91,0.868
71,male,50.0,2.156,same,same,1,0,0,model,Y,0.0,0,0.508,0.163,0.76,0.727
71,male,150.0,2.881,same,same,1,0,0,model,Y,0.0,0,0.508,0.293,1.06,1.02
71,male,150.0,2.59,same,same,1,0,0,model,Y,0.0,0,0.508,0.204,1.06,0.819
71,male,100.0,2.092,same,same,1,0,0,model,Y,0.0,0,0.508,0.189,0.61,0.786
71,male,0.0,1.503,different,different,1,0,0,model,Y,0.0,2,0.508,0.1,0.16,0.636
71,male,100.0,2.375,same,same,1,0,0,model,Y,0.0,0,0.508,0.184,0.91,0.774
71,male,50.0,2.63,same,same,1,0,0,model,Y,0.0,1,0.508,0.164,0.91,0.998
71,male,50.0,2.387,same,different,0,1,0,model,Y,0.0,2,0.508,0.167,0.76,0.852
71,male,100.0,3.143,different,different,1,0,0,model,Y,0.0,2,0.508,0.216,1.51,0.81
71,male,100.0,3.156,different,different,1,0,0,model,Y,0.0,2,0.508,0.221,1.51,0.818
71,male,150.0,2.767,same,same,1,0,0,model,Y,0.0,0,0.508,0.258,1.06,0.941
71,male,100.0,4.829,different,different,1,0,0,model,Y,0.0,2,0.508,0.219,3.01,0.993
71,male,100.0,3.048,different,different,1,0,0,model,Y,0.0,2,0.508,0.186,1.36,0.894
71,male,0.0,1.503,different,different,1,0,0,model,Y,0.0,2,0.508,0.1,0.16,0.636
71,male,50.0,2.022,same,same,1,0,0,model,Y,0.0,0,0.508,0.168,0.61,0.737
71,male,150.0,2.787,same,same,1,0,0,model,Y,0.0,0,0.508,0.218,1.21,0.851
71,male,0.0,1.503,different,different,1,0,0,model,Y,0.0,2,0.508,0.1,0.16,0.636
71,male,100.0,4.588,same,different,0,1,0,model,Y,0.0,2,0.508,0.196,2.86,0.925
71,male,100.0,3.635,different,different,1,0,0,model,Y,0.0,2,0.508,0.221,1.81,0.997
71,male,100.0,2.404,same,same,1,0,0,model,Y,0.0,0,0.508,0.193,0.91,0.794
71,male,50.0,2.665,same,different,0,1,0,model,Y,0.0,2,0.508,0.162,1.06,0.836
71,male,150.0,3.782,different,different,1,0,0,model,Y,0.0,2,0.508,0.265,1.81,1.099
71,male,150.0,4.193,different,different,1,0,0,model,Y,0.0,2,0.508,0.216,2.41,0.96
71,male,100.0,3.086,different,different,1,0,0,model,Y,0.0,2,0.508,0.193,1.51,0.776
71,male,100.0,4.382,different,different,1,0,0,model,Y,0.0,2,0.508,0.22,2.56,0.995
71,male,50.0,3.358,same,different,0,1,0,model,Y,0.0,2,0.508,0.149,1.81,0.792
71,male,100.0,3.418,different,different,1,0,0,model,Y,0.0,2,0.508,0.206,1.81,0.795
71,male,50.0,1.819,same,same,1,0,0,model,Y,0.0,0,0.508,0.151,0.46,0.701
71,male,100.0,2.451,same,same,1,0,0,model,Y,0.0,0,0.508,0.207,0.91,0.827
71,male,0.0,1.503,same,different,0,1,0,model,Y,0.0,2,0.508,0.1,0.16,0.636
71,male,100.0,2.354,same,same,1,0,0,model,Y,0.0,0,0.508,0.223,0.76,0.863
71,male,50.0,2.377,different,different,1,0,0,model,Y,0.0,2,0.508,0.15,0.91,0.71
71,male,50.0,1.995,same,same,1,0,0,model,Y,0.0,0,0.508,0.159,0.61,0.718
71,male,50.0,2.251,same,different,0,1,0,model,Y,0.0,2,0.508,0.135,0.76,0.749
71,male,50.0,2.554,different,different,1,0,0,model,Y,0.0,2,0.508,0.161,1.06,0.726
71,male,0.0,1.503,different,different,1,0,0,model,Y,0.0,2,0.508,0.1,0.16,0.636
71,male,100.0,2.863,same,different,0,1,0,model,Y,0.0,2,0.508,0.224,1.21,0.822
71,male,100.0,3.146,different,different,1,0,0,model,Y,0.0,2,0.508,0.173,1.51,0.855
71,male,50.0,2.437,different,different,1,0,0,model,Y,0.0,2,0.508,0.144,0.91,0.776
71,male,100.0,4.796,different,different,1,0,0,model,Y,0.0,2,0.508,0.248,2.86,1.08
71,male,100.0,6.26,different,different,1,0,0,model,Y,0.0,2,0.508,0.202,4.51,0.941
71,male,50.0,2.978,different,different,1,0,0,model,Y,0.0,2,0.508,0.13,1.51,0.731
71,male,0.0,1.353,same,same,1,0,0,model,Y,0.0,0,0.508,0.1,0.16,0.586
71,male,150.0,2.693,same,same,1,0,0,model,Y,0.0,0,0.508,0.236,1.06,0.891
71,male,150.0,4.246,different,different,1,0,0,model,Y,0.0,2,0.508,0.269,2.26,1.11
71,male,50.0,2.275,same,same,1,0,0,model,Y,0.0,0,0.508,0.153,0.91,0.705
71,male,150.0,2.84,same,same,1,0,0,model,Y,0.0,0,0.508,0.235,1.21,0.888
71,male,150.0,3.506,different,different,1,0,0,model,Y,0.0,2,0.508,0.193,1.81,0.896
71,male,150.0,2.721,same,same,1,0,0,model,Y,0.0,0,0.508,0.244,1.06,0.909
71,male,100.0,2.267,same,same,1,0,0,model,Y,0.0,0,0.508,0.197,0.76,0.803
71,male,0.0,1.353,same,same,1,0,0,model,Y,0.0,0,0.508,0.1,0.16,0.586
71,male,100.0,7.205,different,different,1,0,0,model,Y,0.0,2,0.508,0.176,5.56,0.862
71,male,150.0,2.642,same,same,1,0,0,model,Y,0.0,0,0.508,0.22,1.06,0.855
71,male,50.0,2.613,different,different,1,0,0,model,Y,0.0,2,0.508,0.15,1.06,0.796
71,male,150.0,2.758,same,same,1,0,0,model,Y,0.0,0,0.508,0.209,1.21,0.831
71,male,100.0,2.214,same,same,1,0,0,model,Y,0.0,0,0.508,0.181,0.76,0.767
71,male,50.0,2.286,same,same,1,0,0,model,Y,0.0,0,0.508,0.156,0.91,0.712
71,male,0.0,1.503,different,different,1,0,0,model,Y,0.0,2,0.508,0.1,0.16,0.636
71,male,50.0,5.626,different,different,1,0,0,model,Y,0.0,2,0.508,0.153,4.06,0.806
71,male,150.0,2.988,same,same,1,0,0,model,Y,0.0,0,0.508,0.234,1.36,0.887
71,male,150.0,4.615,different,different,1,0,0,model,Y,0.0,2,0.508,0.287,2.56,1.161
71,male,100.0,2.599,same,same,1,0,0,model,Y,0.0,0,0.508,0.207,1.06,0.825
71,male,150.0,4.915,different,different,1,0,0,model,Y,0.0,2,0.508,0.248,3.01,1.051
71,male,100.0,3.082,different,different,1,0,0,model,Y,0.0,2,0.508,0.195,1.36,0.92
71,male,50.0,1.794,same,same,1,0,0,model,Y,0.0,0,0.508,0.143,0.46,0.683
71,male,0.0,1.353,same,same,1,0,0,model,Y,0.0,0,0.508,0.1,0.16,0.586
71,male,50.0,2.34,same,same,1,0,0,model,Y,0.0,0,0.508,0.173,0.91,0.75
71,male,150.0,3.509,same,different,0,1,0,model,Y,0.0,2,0.508,0.272,1.51,1.119
71,male,50.0,3.452,different,different,1,0,0,model,Y,0.0,2,0.508,0.135,1.96,0.749
71,male,100.0,2.231,same,same,1,0,0,model,Y,0.0,0,0.508,0.186,0.76,0.778
71,male,150.0,3.123,same,same,1,0,0,model,Y,0.0,0,0.508,0.229,1.51,0.876
71,male,100.0,3.492,different,different,1,0,0,model,Y,0.0,2,0.508,0.176,1.96,0.749
71,male,150.0,3.53,same,different,0,1,0,model,Y,0.0,2,0.508,0.239,1.66,1.025
71,male,50.0,2.755,different,different,1,0,0,model,Y,0.0,2,0.508,0.148,1.21,0.79
71,male,50.0,2.579,different,different,1,0,0,model,Y,0.0,2,0.508,0.17,1.06,0.741
71,male,100.0,4.437,different,different,1,0,0,model,Y,0.0,2,0.508,0.159,2.86,0.811
71,male,50.0,4.412,same,different,0,1,0,model,Y,0.0,2,0.508,0.15,2.86,0.795
71,male,0.0,1.353,same,same,1,0,0,model,Y,0.0,0,0.508,0.1,0.16,0.586
71,male,0.0,1.503,different,different,1,0,0,model,Y,0.0,2,0.508,0.1,0.16,0.636
71,male,50.0,2.646,same,different,0,1,0,model,Y,0.0,2,0.508,0.137,1.21,0.691
72,male,0.0,1.38,same,same,1,0,0,model,Y,0.0,0,0.384,0.1,0.159,0.737
72,male,0.0,1.38,same,same,1,0,0,model,Y,0.0,0,0.384,0.1,0.159,0.737
72,male,0.0,1.73,same,different,0,1,0,model,Y,0.0,3,0.384,0.1,0.159,0.937
72,male,150.0,3.114,same,same,1,0,0,model,Y,0.0,0,0.384,0.218,1.509,1.003
72,male,150.0,3.086,same,same,1,0,0,model,Y,0.0,0,0.384,0.21,1.509,0.983
72,male,0.0,1.38,same,same,1,0,0,model,Y,0.0,0,0.384,0.1,0.159,0.737
72,male,150.0,2.628,same,same,1,0,0,model,Y,0.0,0,0.384,0.253,0.909,1.082
72,male,150.0,3.327,same,same,1,0,0,model,Y,0.0,0,0.384,0.284,1.509,1.151
72,male,100.0,3.683,different,different,1,0,0,model,Y,0.0,3,0.384,0.165,1.809,1.175
72,male,0.0,1.73,different,different,1,0,0,model,Y,0.0,3,0.384,0.1,0.159,0.937
72,male,0.0,1.38,same,same,1,0,0,model,Y,0.0,0,0.384,0.1,0.159,0.737
72,male,0.0,1.73,different,different,1,0,0,model,Y,0.0,3,0.384,0.1,0.159,0.937
72,male,150.0,4.533,same,same,1,0,0,model,Y,0.0,0,0.384,0.286,2.709,1.155
72,male,50.0,2.476,same,same,1,0,0,model,Y,0.0,0,0.384,0.16,1.059,0.873
72,male,50.0,2.259,same,same,1,0,0,model,Y,0.0,0,0.384,0.14,0.909,0.826
72,male,0.0,1.73,different,different,1,0,0,model,Y,0.0,3,0.384,0.1,0.159,0.937
72,male,0.0,1.73,different,different,1,0,0,model,Y,0.0,3,0.384,0.1,0.159,0.937
72,male,50.0,2.057,same,same,1,0,0,model,Y,0.0,0,0.384,0.17,0.609,0.895
72,male,100.0,3.253,same,same,1,0,0,model,Y,0.0,1,0.384,0.2,1.359,1.26
72,male,50.0,3.507,different,different,1,0,0,model,Y,0.0,3,0.384,0.15,1.659,1.164
72,male,50.0,2.672,same,same,1,0,0,model,Y,0.0,0,0.384,0.174,1.209,0.905
72,male,50.0,3.158,different,different,1,0,0,model,Y,0.0,3,0.384,0.168,1.209,1.247
72,male,150.0,5.393,different,different,1,0,0,model,Y,0.0,3,0.384,0.22,3.309,1.33
72,male,150.0,4.629,different,different,1,0,0,model,Y,0.0,3,0.384,0.217,2.559,1.319
72,male,150.0,4.42,different,different,1,0,0,model,Y,0.0,3,0.384,0.216,2.559,1.111
72,male,50.0,2.107,same,same,1,0,0,model,Y,0.0,0,0.384,0.139,0.759,0.825
72,male,150.0,6.476,different,different,1,0,0,model,Y,0.0,3,0.384,0.264,4.209,1.47
72,male,50.0,3.756,different,different,1,0,0,model,Y,0.0,3,0.384,0.141,1.959,1.123
72,male,50.0,3.07,different,different,1,0,0,model,Y,0.0,3,0.384,0.152,1.209,1.175
72,male,50.0,2.78,different,different,1,0,0,model,Y,0.0,3,0.384,0.154,0.909,1.184
72,male,0.0,1.38,same,same,1,0,0,model,Y,0.0,0,0.384,0.1,0.159,0.737
72,male,0.0,1.73,different,different,1,0,0,model,Y,0.0,3,0.384,0.1,0.159,0.937
72,male,100.0,4.041,different,different,1,0,0,model,Y,0.0,3,0.384,0.177,2.109,1.221
72,male,0.0,1.73,different,different,1,0,0,model,Y,0.0,3,0.384,0.1,0.159,0.937
72,male,50.0,4.1,different,different,1,0,0,model,Y,0.0,3,0.384,0.149,2.259,1.159
72,male,50.0,3.347,different,different,1,0,0,model,Y,0.0,3,0.384,0.148,1.509,1.156
72,male,50.0,2.041,same,same,1,0,0,model,Y,0.0,0,0.384,0.165,0.609,0.884
72,male,150.0,3.679,same,same,1,0,0,model,Y,0.0,0,0.384,0.254,1.959,1.083
72,male,100.0,6.634,different,different,1,0,0,model,Y,0.0,3,0.384,0.219,4.509,1.373
72,male,150.0,4.03,same,same,1,0,0,model,Y,0.0,0,0.384,0.269,2.259,1.118
72,male,150.0,3.053,same,same,1,0,0,model,Y,0.0,0,0.384,0.246,1.359,1.064
72,male,50.0,3.143,different,different,1,0,0,model,Y,0.0,3,0.384,0.165,1.209,1.235
72,male,150.0,4.784,different,different,1,0,0,model,Y,0.0,3,0.384,0.242,2.859,1.149
72,male,50.0,3.308,different,different,1,0,0,model,Y,0.0,3,0.384,0.168,1.359,1.248
72,male,150.0,3.416,same,same,1,0,0,model,Y,0.0,0,0.384,0.265,1.659,1.108
72,male,50.0,3.034,different,different,1,0,0,model,Y,0.0,3,0.384,0.146,1.209,1.146
72,male,50.0,3.352,different,different,1,0,0,model,Y,0.0,3,0.384,0.149,1.509,1.161
72,male,100.0,2.43,same,same,1,0,0,model,Y,0.0,0,0.384,0.192,0.909,0.945
72,male,100.0,3.805,different,different,1,0,0,model,Y,0.0,3,0.384,0.191,1.809,1.271
72,male,100.0,2.855,same,same,1,0,0,model,Y,0.0,0,0.384,0.231,1.209,1.032
72,male,50.0,2.793,different,different,1,0,0,model,Y,0.0,3,0.384,0.145,1.209,0.905
72,male,100.0,4.092,different,different,1,0,0,model,Y,0.0,3,0.384,0.188,2.109,1.261
72,male,150.0,4.262,different,different,1,0,0,model,Y,0.0,3,0.384,0.273,2.259,1.196
72,male,50.0,2.277,same,same,1,0,0,model,Y,0.0,0,0.384,0.145,0.909,0.839
72,male,150.0,2.386,same,same,1,0,0,model,Y,0.0,0,0.384,0.225,0.759,1.018
72,male,100.0,3.374,different,different,1,0,0,model,Y,0.0,3,0.384,0.195,1.359,1.287
72,male,150.0,4.143,same,same,1,0,0,model,Y,0.0,0,0.384,0.258,2.409,1.093
72,male,100.0,3.548,same,same,1,0,0,model,Y,0.0,0,0.384,0.214,1.959,0.992
72,male,100.0,3.032,same,same,1,0,0,model,Y,0.0,0,0.384,0.193,1.509,0.946
72,male,50.0,3.582,different,different,1,0,0,model,Y,0.0,3,0.384,0.136,1.809,1.103
72,male,50.0,2.923,same,different,0,1,0,model,Y,0.0,3,0.384,0.126,1.209,1.055
72,male,50.0,2.107,same,same,1,0,0,model,Y,0.0,0,0.384,0.139,0.759,0.825
72,male,0.0,1.38,same,same,1,0,0,model,Y,0.0,0,0.384,0.1,0.159,0.737
72,male,100.0,4.017,different,different,1,0,0,model,Y,0.0,3,0.384,0.172,2.109,1.202
72,male,50.0,2.745,different,different,1,0,0,model,Y,0.0,3,0.384,0.146,1.059,1.006
72,male,50.0,3.472,different,different,1,0,0,model,Y,0.0,3,0.384,0.17,1.509,1.259
72,male,0.0,1.73,different,different,1,0,0,model,Y,0.0,3,0.384,0.1,0.159,0.937
72,male,100.0,3.864,different,different,1,0,0,model,Y,0.0,3,0.384,0.204,1.809,1.318
72,male,50.0,2.359,same,same,1,0,0,model,Y,0.0,0,0.384,0.17,0.909,0.895
72,male,50.0,2.134,same,same,1,0,0,model,Y,0.0,0,0.384,0.148,0.759,0.844
72,male,50.0,2.168,same,same,1,0,0,model,Y,0.0,0,0.384,0.158,0.759,0.868
72,male,0.0,1.38,same,same,1,0,0,model,Y,0.0,0,0.384,0.1,0.159,0.737
72,male,150.0,5.325,different,different,1,0,0,model,Y,0.0,3,0.384,0.278,3.309,1.204
72,male,0.0,1.73,different,different,1,0,0,model,Y,0.0,3,0.384,0.1,0.159,0.937
72,male,150.0,2.961,same,same,1,0,0,model,Y,0.0,0,0.384,0.31,1.059,1.208
72,male,150.0,3.835,different,different,1,0,0,model,Y,0.0,3,0.384,0.242,1.659,1.4
72,male,100.0,4.06,same,different,0,1,0,model,Y,0.0,3,0.384,0.181,2.109,1.236
72,male,50.0,6.809,different,different,1,0,0,model,Y,0.0,3,0.384,0.15,4.959,1.166
72,male,0.0,1.38,same,same,1,0,0,model,Y,0.0,0,0.384,0.1,0.159,0.737
72,male,50.0,1.904,same,same,1,0,0,model,Y,0.0,0,0.384,0.169,0.459,0.893
72,male,100.0,2.581,same,same,1,0,0,model,Y,0.0,0,0.384,0.193,1.059,0.945
72,male,50.0,2.687,same,same,1,0,0,model,Y,0.0,1,0.384,0.17,0.909,1.174
72,male,50.0,3.096,different,different,1,0,0,model,Y,0.0,3,0.384,0.157,1.209,1.197
72,male,100.0,3.674,different,different,1,0,0,model,Y,0.0,3,0.384,0.195,1.659,1.286
72,male,50.0,2.009,same,same,1,0,0,model,Y,0.0,0,0.384,0.155,0.609,0.861
72,male,50.0,3.029,different,different,1,0,0,model,Y,0.0,3,0.384,0.145,1.209,1.142
72,male,100.0,4.075,same,different,0,1,0,model,Y,0.0,3,0.384,0.185,2.109,1.248
72,male,50.0,3.187,different,different,1,0,0,model,Y,0.0,3,0.384,0.143,1.509,1.002
72,male,50.0,3.347,different,different,1,0,0,model,Y,0.0,3,0.384,0.148,1.509,1.156
72,male,150.0,3.064,same,same,1,0,0,model,Y,0.0,0,0.384,0.249,1.359,1.073
72,male,150.0,2.638,same,same,1,0,0,model,Y,0.0,0,0.384,0.256,0.909,1.089
72,male,0.0,1.38,same,same,1,0,0,model,Y,0.0,0,0.384,0.1,0.159,0.737
72,male,150.0,2.723,same,same,1,0,0,model,Y,0.0,0,0.384,0.236,1.059,1.044
72,male,0.0,1.73,different,different,1,0,0,model,Y,0.0,3,0.384,0.1,0.159,0.937
72,male,0.0,1.38,same,same,1,0,0,model,Y,0.0,0,0.384,0.1,0.159,0.737
72,male,50.0,2.032,same,same,1,0,0,model,Y,0.0,0,0.384,0.162,0.609,0.877
73,male,0.0,1.623,same,different,0,1,0,model,Y,0.0,3,0.473,0.1,0.159,0.741
73,male,0.0,1.623,same,different,0,1,0,model,Y,0.0,3,0.473,0.1,0.159,0.741
73,male,50.0,2.32,same,same,1,0,0,model,Y,0.0,0,0.473,0.145,1.059,0.643
73,male,150.0,3.803,different,different,1,0,0,model,Y,0.0,3,0.473,0.26,1.659,1.262
73,male,100.0,3.536,same,same,1,0,0,model,Y,0.0,0,0.473,0.196,2.109,0.758
73,male,100.0,2.224,same,same,1,0,0,model,Y,0.0,0,0.473,0.162,0.909,0.681
73,male,50.0,2.967,different,different,1,0,0,model,Y,0.0,3,0.473,0.153,1.209,0.982
73,male,50.0,2.447,different,different,1,0,0,model,Y,0.0,3,0.473,0.14,0.759,0.925
73,male,50.0,1.682,same,same,1,0,0,model,Y,0.0,0,0.473,0.133,0.459,0.616
73,male,100.0,3.511,different,different,1,0,0,model,Y,0.0,3,0.473,0.151,1.809,0.929
73,male,0.0,1.623,different,different,1,0,0,model,Y,0.0,3,0.473,0.1,0.159,0.741
73,male,150.0,5.675,different,different,1,0,0,model,Y,0.0,3,0.473,0.241,3.609,1.202
73,male,150.0,3.915,different,different,1,0,0,model,Y,0.0,3,0.473,0.251,1.809,1.232
73,male,50.0,2.094,same,same,1,0,0,model,Y,0.0,0,0.473,0.168,0.759,0.694
73,male,150.0,4.771,different,different,1,0,0,model,Y,0.0,3,0.473,0.276,2.559,1.314
73,male,100.0,2.593,same,same,1,0,0,model,Y,0.0,0,0.473,0.229,1.059,0.832
73,male,0.0,1.623,different,different,1,0,0,model,Y,0.0,3,0.473,0.1,0.159,0.741
73,male,0.0,1.273,same,same,1,0,0,model,Y,0.0,0,0.473,0.1,0.159,0.541
73,male,50.0,2.511,different,different,1,0,0,model,Y,0.0,3,0.473,0.152,0.759,0.978
73,male,50.0,2.513,different,different,1,0,0,model,Y,0.0,3,0.473,0.152,0.759,0.979
73,male,0.0,1.273,same,same,1,0,0,model,Y,0.0,0,0.473,0.1,0.159,0.541
73,male,0.0,1.623,same,different,0,1,0,model,Y,0.0,3,0.473,0.1,0.159,0.741
73,male,50.0,2.816,different,different,1,0,0,model,Y,0.0,3,0.473,0.153,1.059,0.982
73,male,100.0,2.283,same,same,1,0,0,model,Y,0.0,0,0.473,0.226,0.759,0.825
73,male,50.0,1.881,same,same,1,0,0,model,Y,0.0,0,0.473,0.149,0.609,0.651
73,male,50.0,2.61,different,different,1,0,0,model,Y,0.0,3,0.473,0.135,1.059,0.793
73,male,50.0,3.33,different,different,1,0,0,model,Y,0.0,3,0.473,0.164,1.509,1.034
73,male,0.0,1.623,different,different,1,0,0,model,Y,0.0,3,0.473,0.1,0.159,0.741
73,male,50.0,1.723,same,same,1,0,0,model,Y,0.0,0,0.473,0.146,0.459,0.645
73,male,0.0,1.273,same,same,1,0,0,model,Y,0.0,0,0.473,0.1,0.159,0.541
73,male,150.0,3.268,same,same,1,0,0,model,Y,0.0,0,0.473,0.252,1.659,0.884
73,male,50.0,2.7,different,different,1,0,0,model,Y,0.0,3,0.473,0.132,1.059,0.887
73,male,0.0,1.623,different,different,1,0,0,model,Y,0.0,3,0.473,0.1,0.159,0.741
73,male,100.0,2.946,same,same,1,0,0,model,Y,0.0,0,0.473,0.2,1.509,0.765
73,male,150.0,3.459,same,same,1,0,0,model,Y,0.0,0,0.473,0.265,1.809,0.912
73,male,0.0,1.623,different,different,1,0,0,model,Y,0.0,3,0.473,0.1,0.159,0.741
73,male,150.0,3.057,same,same,1,0,0,model,Y,0.0,0,0.473,0.28,1.359,0.946
73,male,100.0,2.771,same,same,1,0,0,model,Y,0.0,0,0.473,0.192,1.359,0.748
73,male,0.0,1.623,different,different,1,0,0,model,Y,0.0,3,0.473,0.1,0.159,0.741
73,male,100.0,2.825,same,same,1,0,0,model,Y,0.0,0,0.473,0.209,1.359,0.785
73,male,50.0,2.755,different,different,1,0,0,model,Y,0.0,3,0.473,0.169,0.909,1.054
73,male,100.0,2.534,same,same,1,0,0,model,Y,0.0,0,0.473,0.211,1.059,0.791
73,male,0.0,1.273,same,same,1,0,0,model,Y,0.0,0,0.473,0.1,0.159,0.541
73,male,50.0,1.871,same,same,1,0,0,model,Y,0.0,0,0.473,0.145,0.609,0.643
73,male,0.0,1.273,same,same,1,0,0,model,Y,0.0,0,0.473,0.1,0.159,0.541
73,male,0.0,1.273,same,same,1,0,0,model,Y,0.0,0,0.473,0.1,0.159,0.541
73,male,0.0,1.623,different,different,1,0,0,model,Y,0.0,3,0.473,0.1,0.159,0.741
73,male,100.0,5.033,different,different,1,0,0,model,Y,0.0,3,0.473,0.204,3.309,0.897
73,male,0.0,1.273,same,same,1,0,0,model,Y,0.0,0,0.473,0.1,0.159,0.541
73,male,150.0,3.812,different,different,1,0,0,model,Y,0.0,3,0.473,0.262,1.659,1.268
73,male,0.0,1.273,same,same,1,0,0,model,Y,0.0,0,0.473,0.1,0.159,0.541
73,male,50.0,2.05,same,same,1,0,0,model,Y,0.0,0,0.473,0.155,0.759,0.664
73,male,100.0,4.501,different,different,1,0,0,model,Y,0.0,3,0.473,0.231,2.709,0.938
73,male,0.0,1.273,same,same,1,0,0,model,Y,0.0,0,0.473,0.1,0.159,0.541
73,male,100.0,2.047,same,same,1,0,0,model,Y,0.0,0,0.473,0.154,0.759,0.662
73,male,100.0,3.062,different,different,1,0,0,model,Y,0.0,3,0.473,0.183,1.209,1.047
73,male,100.0,3.385,same,different,0,1,0,model,Y,0.0,3,0.473,0.22,1.359,1.183
73,male,0.0,1.273,same,same,1,0,0,model,Y,0.0,0,0.473,0.1,0.159,0.541
73,male,150.0,4.679,different,different,1,0,0,model,Y,0.0,3,0.473,0.254,2.559,1.243
73,male,50.0,2.939,different,different,1,0,0,model,Y,0.0,3,0.473,0.148,1.209,0.96
73,male,100.0,4.273,different,different,1,0,0,model,Y,0.0,3,0.473,0.218,2.259,1.174
73,male,0.0,1.273,same,same,1,0,0,model,Y,0.0,0,0.473,0.1,0.159,0.541
73,male,50.0,3.241,different,different,1,0,0,model,Y,0.0,3,0.473,0.148,1.509,0.961
73,male,0.0,1.623,different,different,1,0,0,model,Y,0.0,3,0.473,0.1,0.159,0.741
73,male,100.0,3.062,same,different,0,1,0,model,Y,0.0,3,0.473,0.196,1.359,0.885
73,male,150.0,4.213,different,different,1,0,0,model,Y,0.0,3,0.473,0.215,2.259,1.116
73,male,50.0,2.568,different,different,1,0,0,model,Y,0.0,3,0.473,0.162,0.759,1.024
73,male,0.0,1.273,same,same,1,0,0,model,Y,0.0,0,0.473,0.1,0.159,0.541
73,male,0.0,1.623,different,different,1,0,0,model,Y,0.0,3,0.473,0.1,0.159,0.741
73,male,0.0,1.623,different,different,1,0,0,model,Y,0.0,3,0.473,0.1,0.159,0.741
73,male,0.0,1.623,different,different,1,0,0,model,Y,0.0,3,0.473,0.1,0.159,0.741
73,male,50.0,3.27,different,different,1,0,0,model,Y,0.0,3,0.473,0.153,1.509,0.985
73,male,100.0,2.195,same,same,1,0,0,model,Y,0.0,0,0.473,0.199,0.759,0.764
73,male,0.0,1.273,same,same,1,0,0,model,Y,0.0,0,0.473,0.1,0.159,0.541
73,male,100.0,2.373,same,same,1,0,0,model,Y,0.0,0,0.473,0.208,0.909,0.783
73,male,50.0,2.973,different,different,1,0,0,model,Y,0.0,3,0.473,0.154,1.209,0.987
73,male,50.0,2.039,same,same,1,0,0,model,Y,0.0,0,0.473,0.151,0.759,0.656
73,male,0.0,1.623,different,different,1,0,0,model,Y,0.0,3,0.473,0.1,0.159,0.741
73,male,100.0,2.181,same,same,1,0,0,model,Y,0.0,0,0.473,0.195,0.759,0.754
73,male,150.0,4.987,different,different,1,0,0,model,Y,0.0,3,0.473,0.221,3.009,1.134
73,male,50.0,2.936,different,different,1,0,0,model,Y,0.0,3,0.473,0.147,1.209,0.957
73,male,50.0,2.036,same,same,1,0,0,model,Y,0.0,0,0.473,0.15,0.759,0.654
73,male,50.0,2.689,different,different,1,0,0,model,Y,0.0,3,0.473,0.13,1.059,0.878
73,male,50.0,2.851,different,different,1,0,0,model,Y,0.0,3,0.473,0.159,1.059,1.01
73,male,150.0,3.823,different,different,1,0,0,model,Y,0.0,3,0.473,0.229,1.809,1.162
73,male,100.0,4.216,different,different,1,0,0,model,Y,0.0,3,0.473,0.205,2.259,1.128
73,male,0.0,1.273,same,same,1,0,0,model,Y,0.0,0,0.473,0.1,0.159,0.541
73,male,150.0,3.119,same,same,1,0,0,model,Y,0.0,0,0.473,0.253,1.509,0.884
73,male,100.0,2.414,same,same,1,0,0,model,Y,0.0,0,0.473,0.22,0.909,0.812
73,male,0.0,1.623,different,different,1,0,0,model,Y,0.0,3,0.473,0.1,0.159,0.741
73,male,150.0,2.697,same,same,1,0,0,model,Y,0.0,0,0.473,0.261,1.059,0.904
73,male,150.0,4.329,different,different,1,0,0,model,Y,0.0,3,0.473,0.242,2.259,1.205
73,male,0.0,1.273,same,same,1,0,0,model,Y,0.0,0,0.473,0.1,0.159,0.541
73,male,150.0,4.538,different,different,1,0,0,model,Y,0.0,3,0.473,0.221,2.559,1.136
73,male,100.0,2.261,same,same,1,0,0,model,Y,0.0,0,0.473,0.173,0.909,0.706
73,male,100.0,2.161,same,same,1,0,0,model,Y,0.0,0,0.473,0.189,0.759,0.741
74,female,0.0,1.563,same,same,1,0,0,model,Y,0.0,0,0.644,0.1,0.188,0.632
74,female,0.0,1.563,same,same,1,0,0,model,Y,0.0,0,0.644,0.1,0.188,0.632
74,female,100.0,2.82,same,same,1,0,0,model,Y,0.0,0,0.644,0.21,1.088,0.879
74,female,150.0,3.971,same,same,1,0,0,model,Y,0.0,0,0.644,0.241,2.138,0.948
74,female,0.0,1.563,same,same,1,0,0,model,Y,0.0,0,0.644,0.1,0.188,0.632
74,female,100.0,4.43,different,different,1,0,0,model,Y,0.0,3,0.644,0.189,2.288,1.159
74,female,150.0,3.416,same,same,1,0,0,model,Y,0.0,0,0.644,0.301,1.388,1.084
74,female,100.0,7.416,same,different,0,1,0,model,Y,0.0,3,0.644,0.186,5.288,1.148
74,female,150.0,4.727,different,different,1,0,0,model,Y,0.0,3,0.644,0.197,2.588,1.148
74,female,0.0,1.563,same,same,1,0,0,model,Y,0.0,0,0.644,0.1,0.188,0.632
74,female,100.0,2.381,same,same,1,0,0,model,Y,0.0,0,0.644,0.213,0.638,0.886
74,female,100.0,3.768,different,different,1,0,0,model,Y,0.0,3,0.644,0.208,1.538,1.228
74,female,100.0,2.229,same,same,1,0,0,model,Y,0.0,0,0.644,0.166,0.638,0.781
74,female,0.0,1.563,same,same,1,0,0,model,Y,0.0,0,0.644,0.1,0.188,0.632
74,female,150.0,4.244,different,different,1,0,0,model,Y,0.0,3,0.644,0.26,1.838,1.352
74,female,50.0,2.006,same,same,1,0,0,model,Y,0.0,0,0.644,0.144,0.488,0.73
74,female,0.0,1.563,same,same,1,0,0,model,Y,0.0,0,0.644,0.1,0.188,0.632
74,female,150.0,4.068,different,different,1,0,0,model,Y,0.0,3,0.644,0.289,1.538,1.447
74,female,0.0,1.913,different,different,1,0,0,model,Y,0.0,3,0.644,0.1,0.188,0.832
74,female,150.0,3.622,same,same,1,0,0,model,Y,0.0,0,0.644,0.272,1.688,1.018
74,female,100.0,2.283,same,same,1,0,0,model,Y,0.0,0,0.644,0.183,0.638,0.818
74,female,150.0,3.931,different,different,1,0,0,model,Y,0.0,3,0.644,0.292,1.388,1.458
74,female,150.0,2.834,same,same,1,0,0,model,Y,0.0,0,0.644,0.26,0.938,0.992
74,female,50.0,2.033,same,same,1,0,0,model,Y,0.0,0,0.644,0.152,0.488,0.749
74,female,0.0,1.563,same,same,1,0,0,model,Y,0.0,0,0.644,0.1,0.188,0.632
74,female,150.0,3.911,different,different,1,0,0,model,Y,0.0,3,0.644,0.239,1.838,1.04
74,female,100.0,2.764,same,same,1,0,0,model,Y,0.0,0,0.644,0.192,1.088,0.84
74,female,50.0,2.626,same,same,1,0,0,model,Y,0.0,0,0.644,0.15,1.088,0.744
74,female,0.0,1.563,same,same,1,0,0,model,Y,0.0,0,0.644,0.1,0.188,0.632
74,female,100.0,4.144,different,different,1,0,0,model,Y,0.0,3,0.644,0.224,1.838,1.288
74,female,50.0,3.054,different,different,1,0,0,model,Y,0.0,3,0.644,0.143,1.088,1.029
74,female,0.0,1.913,different,different,1,0,0,model,Y,0.0,3,0.644,0.1,0.188,0.832
74,female,150.0,4.463,different,different,1,0,0,model,Y,0.0,3,0.644,0.241,2.138,1.291
74,female,0.0,1.563,same,same,1,0,0,model,Y,0.0,0,0.644,0.1,0.188,0.632
74,female,0.0,1.913,different,different,1,0,0,model,Y,0.0,3,0.644,0.1,0.188,0.832
74,female,0.0,1.913,different,different,1,0,0,model,Y,0.0,3,0.644,0.1,0.188,0.832
74,female,100.0,2.624,same,same,1,0,0,model,Y,0.0,0,0.644,0.196,0.938,0.847
74,female,0.0,1.563,same,same,1,0,0,model,Y,0.0,0,0.644,0.1,0.188,0.632
74,female,50.0,2.056,same,same,1,0,0,model,Y,0.0,0,0.644,0.159,0.488,0.765
74,female,0.0,1.913,different,different,1,0,0,model,Y,0.0,3,0.644,0.1,0.188,0.832
74,female,100.0,2.815,same,same,1,0,0,model,Y,0.0,0,0.644,0.208,1.088,0.875
74,female,50.0,2.331,same,same,1,0,0,model,Y,0.0,0,0.644,0.152,0.788,0.748
74,female,100.0,3.066,different,different,1,0,0,model,Y,0.0,3,0.644,0.201,1.088,0.983
74,female,150.0,3.1,same,same,1,0,0,model,Y,0.0,0,0.644,0.25,1.238,0.968
74,female,0.0,1.913,different,different,1,0,0,model,Y,0.0,3,0.644,0.1,0.188,0.832
74,female,0.0,1.913,different,different,1,0,0,model,Y,0.0,3,0.644,0.1,0.188,0.832
74,female,50.0,2.172,same,same,1,0,0,model,Y,0.0,0,0.644,0.149,0.638,0.741
74,female,50.0,2.887,same,different,0,1,0,model,Y,0.0,3,0.644,0.129,1.088,0.876
74,female,100.0,3.654,different,different,1,0,0,model,Y,0.0,3,0.644,0.184,1.538,1.138
74,female,50.0,3.172,different,different,1,0,0,model,Y,0.0,3,0.644,0.137,1.238,1.003
74,female,100.0,2.624,same,same,1,0,0,model,Y,0.0,0,0.644,0.196,0.938,0.847
74,female,0.0,1.563,same,same,1,0,0,model,Y,0.0,0,0.644,0.1,0.188,0.632
74,female,100.0,3.234,same,same,1,0,0,model,Y,0.0,0,0.644,0.199,1.538,0.853
74,female,100.0,4.544,different,different,1,0,0,model,Y,0.0,3,0.644,0.214,2.288,1.249
74,female,50.0,2.215,same,same,1,0,0,model,Y,0.0,0,0.644,0.162,0.638,0.771
74,female,0.0,1.913,different,different,1,0,0,model,Y,0.0,3,0.644,0.1,0.188,0.832
74,female,50.0,2.159,same,same,1,0,0,model,Y,0.0,0,0.644,0.145,0.638,0.732
74,female,50.0,3.155,different,different,1,0,0,model,Y,0.0,3,0.644,0.134,1.238,0.989
74,female,100.0,2.611,same,same,1,0,0,model,Y,0.0,0,0.644,0.192,0.938,0.838
74,female,150.0,4.571,different,different,1,0,0,model,Y,0.0,3,0.644,0.196,2.438,1.144
74,female,150.0,3.98,different,different,1,0,0,model,Y,0.0,3,0.644,0.268,1.538,1.38
74,female,50.0,2.131,same,same,1,0,0,model,Y,0.0,0,0.644,0.136,0.638,0.713
74,female,150.0,2.695,same,same,1,0,0,model,Y,0.0,0,0.644,0.264,0.788,1.0
74,female,0.0,1.913,same,different,0,1,0,model,Y,0.0,3,0.644,0.1,0.188,0.832
74,female,0.0,1.913,different,different,1,0,0,model,Y,0.0,3,0.644,0.1,0.188,0.832
74,female,150.0,3.662,same,same,1,0,0,model,Y,0.0,0,0.644,0.238,1.838,0.942
74,female,50.0,2.121,same,same,1,0,0,model,Y,0.0,0,0.644,0.133,0.638,0.706
74,female,0.0,1.913,different,different,1,0,0,model,Y,0.0,3,0.644,0.1,0.188,0.832
74,female,150.0,3.232,same,same,1,0,0,model,Y,0.0,0,0.644,0.29,1.238,1.06
74,female,0.0,1.913,same,different,0,1,0,model,Y,0.0,3,0.644,0.1,0.188,0.832
74,female,0.0,1.563,same,same,1,0,0,model,Y,0.0,0,0.644,0.1,0.188,0.632
74,female,50.0,2.588,same,same,1,0,0,model,Y,0.0,0,0.644,0.138,1.088,0.718
74,female,0.0,1.563,same,same,1,0,0,model,Y,0.0,0,0.644,0.1,0.188,0.632
74,female,0.0,1.913,different,different,1,0,0,model,Y,0.0,3,0.644,0.1,0.188,0.832
74,female,150.0,3.653,same,same,1,0,0,model,Y,0.0,0,0.644,0.235,1.838,0.936
74,female,50.0,2.979,different,different,1,0,0,model,Y,0.0,3,0.644,0.157,0.938,1.09
74,female,100.0,4.949,different,different,1,0,0,model,Y,0.0,3,0.644,0.204,2.738,1.213
74,female,0.0,1.563,same,same,1,0,0,model,Y,0.0,0,0.644,0.1,0.188,0.632
74,female,150.0,3.152,same,same,1,0,0,model,Y,0.0,0,0.644,0.266,1.238,1.004
74,female,0.0,1.563,same,same,1,0,0,model,Y,0.0,0,0.644,0.1,0.188,0.632
74,female,150.0,3.629,same,same,1,0,0,model,Y,0.0,0,0.644,0.228,1.838,0.919
74,female,50.0,2.193,same,same,1,0,0,model,Y,0.0,0,0.644,0.155,0.638,0.756
74,female,0.0,1.563,same,same,1,0,0,model,Y,0.0,0,0.644,0.1,0.188,0.632
74,female,100.0,2.545,same,same,1,0,0,model,Y,0.0,0,0.644,0.171,0.938,0.792
74,female,100.0,4.707,different,different,1,0,0,model,Y,0.0,3,0.644,0.184,2.588,1.141
74,female,150.0,4.957,different,different,1,0,0,model,Y,0.0,3,0.644,0.251,2.588,1.324
74,female,50.0,3.332,different,different,1,0,0,model,Y,0.0,3,0.644,0.166,1.238,1.134
74,female,150.0,4.572,different,different,1,0,0,model,Y,0.0,3,0.644,0.264,2.438,1.077
74,female,0.0,1.913,different,different,1,0,0,model,Y,0.0,3,0.644,0.1,0.188,0.832
74,female,150.0,3.179,same,same,1,0,0,model,Y,0.0,0,0.644,0.274,1.238,1.023
74,female,100.0,2.886,same,same,1,0,0,model,Y,0.0,0,0.644,0.184,1.238,0.82
74,female,100.0,2.681,same,same,1,0,0,model,Y,0.0,0,0.644,0.213,0.938,0.886
74,female,150.0,4.585,same,different,0,1,0,model,Y,0.0,3,0.644,0.269,2.138,1.384
74,female,150.0,7.854,different,different,1,0,0,model,Y,0.0,3,0.644,0.192,5.738,1.13
74,female,50.0,2.967,different,different,1,0,0,model,Y,0.0,3,0.644,0.155,0.938,1.081
74,female,100.0,3.483,different,different,1,0,0,model,Y,0.0,3,0.644,0.188,1.538,0.963
75,female,0.0,1.144,same,same,1,0,0,model,Y,0.0,0,0.27,0.1,0.14,0.634
75,female,50.0,1.78,same,same,1,0,0,model,Y,0.0,0,0.27,0.157,0.59,0.763
75,female,0.0,1.144,same,same,1,0,0,model,Y,0.0,0,0.27,0.1,0.14,0.634
75,female,0.0,1.294,same,different,0,1,0,model,Y,0.0,2,0.27,0.1,0.14,0.684
75,female,0.0,1.144,same,same,1,0,0,model,Y,0.0,0,0.27,0.1,0.14,0.634
75,female,100.0,3.346,different,different,1,0,0,model,Y,0.0,2,0.27,0.2,1.79,0.985
75,female,50.0,1.871,same,same,1,0,0,model,Y,0.0,0,0.27,0.139,0.74,0.722
75,female,0.0,1.144,same,same,1,0,0,model,Y,0.0,0,0.27,0.1,0.14,0.634
75,female,100.0,2.185,same,same,1,0,0,model,Y,0.0,0,0.27,0.19,0.89,0.836
75,female,0.0,1.144,same,same,1,0,0,model,Y,0.0,0,0.27,0.1,0.14,0.634
75,female,150.0,2.784,same,same,1,0,0,model,Y,0.0,0,0.27,0.235,1.34,0.939
75,female,50.0,3.721,different,different,1,0,0,model,Y,0.0,2,0.27,0.142,2.39,0.819
75,female,150.0,3.209,same,same,1,0,0,model,Y,0.0,0,0.27,0.227,1.79,0.921
75,female,100.0,2.998,different,different,1,0,0,model,Y,0.0,2,0.27,0.188,1.49,0.95
75,female,150.0,4.529,different,different,1,0,0,model,Y,0.0,2,0.27,0.319,2.54,1.3
75,female,100.0,3.448,same,same,1,0,0,model,Y,0.0,0,0.27,0.209,2.09,0.879
75,female,50.0,1.9,same,same,1,0,0,model,Y,0.0,0,0.27,0.148,0.74,0.742
75,female,50.0,3.202,different,different,1,0,0,model,Y,0.0,2,0.27,0.125,1.94,0.766
75,female,0.0,1.144,same,same,1,0,0,model,Y,0.0,0,0.27,0.1,0.14,0.634
75,female,150.0,3.72,different,different,1,0,0,model,Y,0.0,2,0.27,0.186,2.24,0.925
75,female,100.0,3.26,same,different,0,1,0,model,Y,0.0,2,0.27,0.179,1.79,0.921
75,female,0.0,1.294,different,different,1,0,0,model,Y,0.0,2,0.27,0.1,0.14,0.684
75,female,50.0,2.593,different,different,1,0,0,model,Y,0.0,2,0.27,0.159,1.19,0.874
75,female,0.0,1.144,same,same,1,0,0,model,Y,0.0,0,0.27,0.1,0.14,0.634
75,female,150.0,6.256,different,different,1,0,0,model,Y,0.0,2,0.27,0.285,4.64,0.961
75,female,150.0,3.022,same,same,1,0,0,model,Y,0.0,0,0.27,0.262,1.49,0.999
75,female,150.0,2.234,same,same,1,0,0,model,Y,0.0,0,0.27,0.205,0.89,0.87
75,female,150.0,3.822,same,same,1,0,0,model,Y,0.0,1,0.27,0.24,1.79,1.472
75,female,100.0,3.53,different,different,1,0,0,model,Y,0.0,2,0.27,0.209,1.94,1.011
75,female,150.0,4.203,different,different,1,0,0,model,Y,0.0,2,0.27,0.234,2.54,1.059
75,female,50.0,2.586,different,different,1,0,0,model,Y,0.0,2,0.27,0.157,1.19,0.869
75,female,50.0,2.246,same,same,1,0,0,model,Y,0.0,0,0.27,0.162,1.04,0.774
75,female,150.0,2.489,same,same,1,0,0,model,Y,0.0,0,0.27,0.283,0.89,1.046
75,female,150.0,4.45,different,different,1,0,0,model,Y,0.0,2,0.27,0.22,2.84,1.021
75,female,50.0,2.55,different,different,1,0,0,model,Y,0.0,2,0.27,0.149,1.19,0.841
75,female,150.0,2.507,same,same,1,0,0,model,Y,0.0,0,0.27,0.242,1.04,0.954
75,female,0.0,1.144,same,same,1,0,0,model,Y,0.0,0,0.27,0.1,0.14,0.634
75,female,0.0,1.294,different,different,1,0,0,model,Y,0.0,2,0.27,0.1,0.14,0.684
75,female,100.0,4.837,different,different,1,0,0,model,Y,0.0,2,0.27,0.161,3.44,0.866
75,female,0.0,1.294,different,different,1,0,0,model,Y,0.0,2,0.27,0.1,0.14,0.684
75,female,100.0,2.212,same,same,1,0,0,model,Y,0.0,0,0.27,0.152,1.04,0.751
75,female,50.0,1.704,same,same,1,0,0,model,Y,0.0,0,0.27,0.134,0.59,0.71
75,female,100.0,3.469,different,different,1,0,0,model,Y,0.0,2,0.27,0.19,2.09,0.819
75,female,150.0,3.444,different,different,1,0,0,model,Y,0.0,2,0.27,0.271,1.64,1.164
75,female,0.0,1.294,same,different,0,1,0,model,Y,0.0,2,0.27,0.1,0.14,0.684
75,female,150.0,3.407,same,same,1,0,0,model,Y,0.0,0,0.27,0.242,1.94,0.955
75,female,150.0,3.026,same,same,1,0,0,model,Y,0.0,0,0.27,0.264,1.49,1.002
75,female,0.0,1.144,same,same,1,0,0,model,Y,0.0,0,0.27,0.1,0.14,0.634
75,female,150.0,3.548,different,different,1,0,0,model,Y,0.0,2,0.27,0.18,2.09,0.908
75,female,50.0,1.775,same,same,1,0,0,model,Y,0.0,0,0.27,0.156,0.59,0.76
75,female,50.0,2.006,same,same,1,0,0,model,Y,0.0,0,0.27,0.134,0.89,0.711
75,female,0.0,1.144,same,same,1,0,0,model,Y,0.0,0,0.27,0.1,0.14,0.634
75,female,100.0,2.376,same,same,1,0,0,model,Y,0.0,0,0.27,0.156,1.19,0.76
75,female,150.0,3.766,different,different,1,0,0,model,Y,0.0,2,0.27,0.316,1.79,1.29
75,female,100.0,3.331,different,different,1,0,0,model,Y,0.0,2,0.27,0.197,1.79,0.974
75,female,100.0,3.068,different,different,1,0,0,model,Y,0.0,2,0.27,0.206,1.49,1.002
75,female,0.0,1.294,same,different,0,1,0,model,Y,0.0,2,0.27,0.1,0.14,0.684
75,female,0.0,1.144,same,same,1,0,0,model,Y,0.0,0,0.27,0.1,0.14,0.634
75,female,0.0,1.144,same,same,1,0,0,model,Y,0.0,0,0.27,0.1,0.14,0.634
75,female,100.0,2.587,same,same,1,0,0,model,Y,0.0,0,0.27,0.221,1.19,0.906
75,female,50.0,1.925,same,same,1,0,0,model,Y,0.0,0,0.27,0.156,0.74,0.76
75,female,150.0,4.254,different,different,1,0,0,model,Y,0.0,2,0.27,0.247,2.54,1.097
75,female,150.0,3.72,different,different,1,0,0,model,Y,0.0,2,0.27,0.264,1.94,1.145
75,female,100.0,2.059,same,same,1,0,0,model,Y,0.0,0,0.27,0.243,0.59,0.956
75,female,50.0,2.502,different,different,1,0,0,model,Y,0.0,2,0.27,0.163,1.19,0.779
75,female,50.0,2.743,different,different,1,0,0,model,Y,0.0,2,0.27,0.159,1.34,0.874
75,female,50.0,1.911,same,same,1,0,0,model,Y,0.0,0,0.27,0.151,0.74,0.749
75,female,50.0,1.591,same,same,1,0,0,model,Y,0.0,0,0.27,0.145,0.44,0.735
75,female,100.0,3.994,different,different,1,0,0,model,Y,0.0,2,0.27,0.175,2.54,0.909
75,female,0.0,1.294,same,different,0,1,0,model,Y,0.0,2,0.27,0.1,0.14,0.684
75,female,50.0,1.738,same,same,1,0,0,model,Y,0.0,0,0.27,0.144,0.59,0.733
75,female,150.0,2.49,same,same,1,0,0,model,Y,0.0,0,0.27,0.191,1.19,0.839
75,female,0.0,1.144,same,same,1,0,0,model,Y,0.0,0,0.27,0.1,0.14,0.634
75,female,0.0,1.144,same,same,1,0,0,model,Y,0.0,0,0.27,0.1,0.14,0.634
75,female,0.0,1.294,different,different,1,0,0,model,Y,0.0,2,0.27,0.1,0.14,0.684
75,female,0.0,1.144,same,same,1,0,0,model,Y,0.0,0,0.27,0.1,0.14,0.634
75,female,0.0,1.294,different,different,1,0,0,model,Y,0.0,2,0.27,0.1,0.14,0.684
75,female,150.0,4.664,different,different,1,0,0,model,Y,0.0,2,0.27,0.276,2.84,1.178
75,female,50.0,1.759,same,same,1,0,0,model,Y,0.0,0,0.27,0.151,0.59,0.748
75,female,100.0,3.197,same,different,0,1,0,model,Y,0.0,2,0.27,0.238,1.49,1.098
75,female,150.0,2.452,same,same,1,0,0,model,Y,0.0,0,0.27,0.225,1.04,0.916
75,female,0.0,1.294,different,different,1,0,0,model,Y,0.0,2,0.27,0.1,0.14,0.684
75,female,100.0,3.301,same,same,1,0,0,model,Y,0.0,1,0.27,0.228,1.49,1.263
75,female,100.0,3.427,different,different,1,0,0,model,Y,0.0,2,0.27,0.221,1.79,1.046
75,female,50.0,1.765,same,same,1,0,0,model,Y,0.0,0,0.27,0.152,0.59,0.752
75,female,150.0,2.132,same,same,1,0,0,model,Y,0.0,0,0.27,0.219,0.74,0.903
75,female,50.0,2.601,different,different,1,0,0,model,Y,0.0,2,0.27,0.161,1.19,0.88
75,female,150.0,4.104,same,different,0,1,0,model,Y,0.0,2,0.27,0.264,2.54,0.93
75,female,150.0,4.275,different,different,1,0,0,model,Y,0.0,2,0.27,0.292,2.39,1.223
75,female,0.0,1.294,different,different,1,0,0,model,Y,0.0,2,0.27,0.1,0.14,0.684
75,female,50.0,3.981,different,different,1,0,0,model,Y,0.0,2,0.27,0.155,2.69,0.766
75,female,100.0,2.206,same,same,1,0,0,model,Y,0.0,0,0.27,0.196,0.89,0.85
75,female,0.0,1.294,different,different,1,0,0,model,Y,0.0,2,0.27,0.1,0.14,0.684
75,female,100.0,2.577,same,same,1,0,0,model,Y,0.0,0,0.27,0.218,1.19,0.899
75,female,150.0,3.959,same,same,1,0,0,model,Y,0.0,0,0.27,0.227,2.54,0.921
75,female,50.0,2.535,same,same,1,0,0,model,Y,0.0,0,0.27,0.159,1.34,0.766
76,male,100.0,3.546,different,different,1,0,0,model,Y,0.0,3,0.365,0.169,1.766,1.096
76,male,100.0,3.4,different,different,1,0,0,model,Y,0.0,3,0.365,0.202,1.466,1.217
76,male,50.0,2.421,different,different,1,0,0,model,Y,0.0,3,0.365,0.139,0.866,0.901
76,male,0.0,1.223,same,same,1,0,0,model,Y,0.0,0,0.365,0.1,0.116,0.642
76,male,100.0,3.086,different,different,1,0,0,model,Y,0.0,3,0.365,0.225,1.316,1.03
76,male,50.0,3.707,same,different,0,1,0,model,Y,0.0,3,0.365,0.16,1.916,1.116
76,male,50.0,1.886,same,same,1,0,0,model,Y,0.0,0,0.365,0.165,0.566,0.789
76,male,150.0,3.961,different,different,1,0,0,model,Y,0.0,3,0.365,0.203,2.066,1.177
76,male,100.0,3.254,same,different,0,1,0,model,Y,0.0,3,0.365,0.203,1.316,1.22
76,male,150.0,4.147,different,different,1,0,0,model,Y,0.0,3,0.365,0.211,2.216,1.205
76,male,100.0,3.304,different,different,1,0,0,model,Y,0.0,3,0.365,0.182,1.466,1.142
76,male,100.0,2.567,same,same,1,0,0,model,Y,0.0,0,0.365,0.19,1.166,0.845
76,male,150.0,2.634,same,same,1,0,0,model,Y,0.0,0,0.365,0.257,1.016,0.996
76,male,50.0,2.289,same,same,1,0,0,model,Y,0.0,0,0.365,0.151,1.016,0.757
76,male,100.0,3.297,different,different,1,0,0,model,Y,0.0,3,0.365,0.244,1.166,1.372
76,male,0.0,1.573,different,different,1,0,0,model,Y,0.0,3,0.365,0.1,0.116,0.842
76,male,50.0,3.077,different,different,1,0,0,model,Y,0.0,3,0.365,0.162,1.466,0.935
76,male,50.0,2.685,different,different,1,0,0,model,Y,0.0,3,0.365,0.138,1.016,1.016
76,male,100.0,3.079,same,same,1,0,0,model,Y,0.0,1,0.365,0.228,1.166,1.27
76,male,150.0,4.075,different,different,1,0,0,model,Y,0.0,3,0.365,0.265,1.916,1.379
76,male,50.0,3.007,different,different,1,0,0,model,Y,0.0,3,0.365,0.142,1.316,1.034
76,male,50.0,1.643,same,same,1,0,0,model,Y,0.0,0,0.365,0.137,0.416,0.725
76,male,100.0,4.126,different,different,1,0,0,model,Y,0.0,3,0.365,0.229,2.066,1.316
76,male,50.0,1.794,same,same,1,0,0,model,Y,0.0,0,0.365,0.137,0.566,0.725
76,male,100.0,4.735,different,different,1,0,0,model,Y,0.0,3,0.365,0.225,2.966,1.029
76,male,0.0,1.223,same,same,1,0,0,model,Y,0.0,0,0.365,0.1,0.116,0.642
76,male,50.0,2.663,different,different,1,0,0,model,Y,0.0,3,0.365,0.134,1.016,0.998
76,male,0.0,1.223,same,same,1,0,0,model,Y,0.0,0,0.365,0.1,0.116,0.642
76,male,0.0,1.573,different,different,1,0,0,model,Y,0.0,3,0.365,0.1,0.116,0.842
76,male,100.0,2.333,same,same,1,0,0,model,Y,0.0,0,0.365,0.211,0.866,0.891
76,male,100.0,2.267,same,same,1,0,0,model,Y,0.0,0,0.365,0.19,0.866,0.845
76,male,50.0,2.592,same,same,1,0,0,model,Y,0.0,0,0.365,0.152,1.316,0.759
76,male,100.0,2.2,same,same,1,0,0,model,Y,0.0,0,0.365,0.216,0.716,0.903
76,male,0.0,1.573,different,different,1,0,0,model,Y,0.0,3,0.365,0.1,0.116,0.842
76,male,50.0,5.421,different,different,1,0,0,model,Y,0.0,3,0.365,0.171,3.566,1.168
76,male,0.0,1.223,same,same,1,0,0,model,Y,0.0,0,0.365,0.1,0.116,0.642
76,male,100.0,2.588,same,same,1,0,0,model,Y,0.0,0,0.365,0.243,1.016,0.964
76,male,100.0,2.07,same,same,1,0,0,model,Y,0.0,0,0.365,0.176,0.716,0.813
76,male,100.0,4.534,different,different,1,0,0,model,Y,0.0,3,0.365,0.22,2.516,1.283
76,male,0.0,1.573,different,different,1,0,0,model,Y,0.0,3,0.365,0.1,0.116,0.842
76,male,0.0,1.223,same,same,1,0,0,model,Y,0.0,0,0.365,0.1,0.116,0.642
76,male,50.0,1.662,same,same,1,0,0,model,Y,0.0,0,0.365,0.143,0.416,0.738
76,male,100.0,4.358,different,different,1,0,0,model,Y,0.0,3,0.365,0.194,2.666,0.983
76,male,0.0,1.223,same,same,1,0,0,model,Y,0.0,0,0.365,0.1,0.116,0.642
76,male,150.0,5.041,different,different,1,0,0,model,Y,0.0,3,0.365,0.21,3.116,1.2
76,male,150.0,3.083,same,same,1,0,0,model,Y,0.0,0,0.365,0.211,1.616,0.891
76,male,150.0,3.214,same,same,1,0,0,model,Y,0.0,0,0.365,0.205,1.766,0.878
76,male,50.0,3.058,different,different,1,0,0,model,Y,0.0,3,0.365,0.154,1.466,0.923
76,male,0.0,1.223,same,same,1,0,0,model,Y,0.0,0,0.365,0.1,0.116,0.642
76,male,50.0,1.867,same,same,1,0,0,model,Y,0.0,0,0.365,0.16,0.566,0.776
76,male,0.0,1.223,same,same,1,0,0,model,Y,0.0,0,0.365,0.1,0.116,0.642
76,male,0.0,1.573,different,different,1,0,0,model,Y,0.0,3,0.365,0.1,0.116,0.842
76,male,0.0,1.223,same,same,1,0,0,model,Y,0.0,0,0.365,0.1,0.116,0.642
76,male,150.0,2.364,same,same,1,0,0,model,Y,0.0,0,0.365,0.22,0.866,0.913
76,male,50.0,2.802,different,different,1,0,0,model,Y,0.0,3,0.365,0.159,1.016,1.112
76,male,100.0,3.061,same,same,1,0,0,model,Y,0.0,0,0.365,0.204,1.616,0.876
76,male,150.0,2.541,same,same,1,0,0,model,Y,0.0,0,0.365,0.229,1.016,0.931
76,male,0.0,1.223,same,same,1,0,0,model,Y,0.0,0,0.365,0.1,0.116,0.642
76,male,150.0,3.875,different,different,1,0,0,model,Y,0.0,3,0.365,0.253,1.766,1.341
76,male,100.0,3.095,different,different,1,0,0,model,Y,0.0,3,0.365,0.201,1.166,1.213
76,male,100.0,8.641,different,different,1,0,0,model,Y,0.0,3,0.365,0.2,6.716,1.21
76,male,150.0,2.423,same,same,1,0,0,model,Y,0.0,0,0.365,0.238,0.866,0.953
76,male,50.0,1.719,same,same,1,0,0,model,Y,0.0,0,0.365,0.16,0.416,0.777
76,male,150.0,2.681,same,same,1,0,0,model,Y,0.0,0,0.365,0.179,1.316,0.82
76,male,50.0,2.432,different,different,1,0,0,model,Y,0.0,3,0.365,0.144,0.866,0.907
76,male,150.0,4.308,different,different,1,0,0,model,Y,0.0,3,0.365,0.249,2.216,1.328
76,male,100.0,1.907,same,same,1,0,0,model,Y,0.0,0,0.365,0.172,0.566,0.804
76,male,0.0,1.573,different,different,1,0,0,model,Y,0.0,3,0.365,0.1,0.116,0.842
76,male,150.0,2.866,same,same,1,0,0,model,Y,0.0,0,0.365,0.282,1.166,1.052
76,male,50.0,3.715,different,different,1,0,0,model,Y,0.0,3,0.365,0.161,1.916,1.123
76,male,0.0,1.223,same,same,1,0,0,model,Y,0.0,0,0.365,0.1,0.116,0.642
76,male,50.0,3.008,different,different,1,0,0,model,Y,0.0,3,0.365,0.169,1.166,1.158
76,male,50.0,2.287,different,different,1,0,0,model,Y,0.0,3,0.365,0.145,0.716,0.91
76,male,100.0,3.172,different,different,1,0,0,model,Y,0.0,3,0.365,0.199,1.466,0.991
76,male,0.0,1.573,different,different,1,0,0,model,Y,0.0,3,0.365,0.1,0.116,0.842
76,male,150.0,3.84,different,different,1,0,0,model,Y,0.0,3,0.365,0.245,1.766,1.314
76,male,150.0,4.028,different,different,1,0,0,model,Y,0.0,3,0.365,0.254,1.916,1.343
76,male,0.0,1.223,same,same,1,0,0,model,Y,0.0,0,0.365,0.1,0.116,0.642
76,male,50.0,1.821,same,same,1,0,0,model,Y,0.0,0,0.365,0.146,0.566,0.744
76,male,50.0,1.856,same,same,1,0,0,model,Y,0.0,0,0.365,0.156,0.566,0.769
76,male,50.0,2.747,different,different,1,0,0,model,Y,0.0,3,0.365,0.149,1.016,1.067
76,male,100.0,1.862,same,same,1,0,0,model,Y,0.0,0,0.365,0.158,0.566,0.773
76,male,50.0,2.849,different,different,1,0,0,model,Y,0.0,3,0.365,0.168,1.016,1.151
76,male,100.0,2.357,same,same,1,0,0,model,Y,0.0,0,0.365,0.218,0.866,0.908
76,male,150.0,5.267,different,different,1,0,0,model,Y,0.0,3,0.365,0.263,3.116,1.373
76,male,100.0,2.19,same,same,1,0,0,model,Y,0.0,0,0.365,0.213,0.716,0.896
76,male,50.0,2.732,different,different,1,0,0,model,Y,0.0,3,0.365,0.146,1.016,1.054
76,male,0.0,1.573,different,different,1,0,0,model,Y,0.0,3,0.365,0.1,0.116,0.842
76,male,50.0,2.772,different,different,1,0,0,model,Y,0.0,3,0.365,0.154,1.016,1.087
76,male,50.0,1.646,same,same,1,0,0,model,Y,0.0,0,0.365,0.138,0.416,0.727
76,male,150.0,5.602,different,different,1,0,0,model,Y,0.0,3,0.365,0.272,3.716,1.099
76,male,150.0,4.776,different,different,1,0,0,model,Y,0.0,3,0.365,0.218,2.816,1.226
76,male,0.0,1.573,different,different,1,0,0,model,Y,0.0,3,0.365,0.1,0.116,0.842
76,male,50.0,4.052,different,different,1,0,0,model,Y,0.0,3,0.365,0.141,2.366,1.03
76,male,100.0,3.49,different,different,1,0,0,model,Y,0.0,3,0.365,0.221,1.466,1.288
76,male,0.0,1.223,same,same,1,0,0,model,Y,0.0,0,0.365,0.1,0.116,0.642
77,female,0.0,1.598,same,different,0,1,0,model,Y,0.0,2,0.487,0.1,0.163,0.747
77,female,150.0,2.622,same,same,1,0,0,model,Y,0.0,0,0.487,0.231,0.913,0.992
77,female,0.0,1.598,different,different,1,0,0,model,Y,0.0,2,0.487,0.1,0.163,0.747
77,female,0.0,1.598,same,different,0,1,0,model,Y,0.0,2,0.487,0.1,0.163,0.747
77,female,150.0,3.293,same,same,1,0,0,model,Y,0.0,0,0.487,0.299,1.363,1.144
77,female,0.0,1.448,same,same,1,0,0,model,Y,0.0,0,0.487,0.1,0.163,0.697
77,female,50.0,2.213,same,same,1,0,0,model,Y,0.0,0,0.487,0.151,0.763,0.812
77,female,100.0,2.222,same,same,1,0,0,model,Y,0.0,0,0.487,0.154,0.763,0.818
77,female,50.0,3.403,different,different,1,0,0,model,Y,0.0,2,0.487,0.137,1.813,0.866
77,female,0.0,1.598,different,different,1,0,0,model,Y,0.0,2,0.487,0.1,0.163,0.747
77,female,100.0,3.736,same,different,0,1,0,model,Y,0.0,2,0.487,0.185,1.963,1.001
77,female,100.0,2.548,same,same,1,0,0,model,Y,0.0,0,0.487,0.208,0.913,0.94
77,female,150.0,2.901,same,same,1,0,0,model,Y,0.0,0,0.487,0.224,1.213,0.977
77,female,0.0,1.598,different,different,1,0,0,model,Y,0.0,2,0.487,0.1,0.163,0.747
77,female,100.0,3.469,same,same,1,0,0,model,Y,0.0,1,0.487,0.167,1.513,1.251
77,female,100.0,2.59,same,same,1,0,0,model,Y,0.0,0,0.487,0.175,1.063,0.865
77,female,50.0,2.08,same,same,1,0,0,model,Y,0.0,0,0.487,0.156,0.613,0.824
77,female,0.0,1.448,same,same,1,0,0,model,Y,0.0,0,0.487,0.1,0.163,0.697
77,female,0.0,1.448,same,same,1,0,0,model,Y,0.0,0,0.487,0.1,0.163,0.697
77,female,0.0,1.598,different,different,1,0,0,model,Y,0.0,2,0.487,0.1,0.163,0.747
77,female,0.0,1.598,different,different,1,0,0,model,Y,0.0,2,0.487,0.1,0.163,0.747
77,female,150.0,3.94,same,different,0,1,0,model,Y,0.0,2,0.487,0.203,2.113,1.037
77,female,50.0,2.885,same,different,0,1,0,model,Y,0.0,2,0.487,0.156,1.213,0.929
77,female,50.0,2.462,same,same,1,0,0,model,Y,0.0,0,0.487,0.135,1.063,0.777
77,female,150.0,2.93,same,same,1,0,0,model,Y,0.0,0,0.487,0.233,1.213,0.997
77,female,150.0,6.388,different,different,1,0,0,model,Y,0.0,2,0.487,0.216,4.663,0.922
77,female,150.0,2.963,same,same,1,0,0,model,Y,0.0,0,0.487,0.243,1.213,1.019
77,female,50.0,2.308,same,same,1,0,0,model,Y,0.0,0,0.487,0.134,0.913,0.774
77,female,150.0,3.593,same,different,0,1,0,model,Y,0.0,2,0.487,0.191,1.813,1.002
77,female,0.0,1.598,different,different,1,0,0,model,Y,0.0,2,0.487,0.1,0.163,0.747
77,female,100.0,2.227,same,same,1,0,0,model,Y,0.0,0,0.487,0.155,0.763,0.821
77,female,100.0,2.249,same,same,1,0,0,model,Y,0.0,0,0.487,0.208,0.613,0.94
77,female,100.0,2.752,same,same,1,0,0,model,Y,0.0,0,0.487,0.225,1.063,0.978
77,female,0.0,1.598,same,different,0,1,0,model,Y,0.0,2,0.487,0.1,0.163,0.747
77,female,100.0,2.437,same,same,1,0,0,model,Y,0.0,0,0.487,0.174,0.913,0.863
77,female,150.0,3.005,same,same,1,0,0,model,Y,0.0,0,0.487,0.256,1.213,1.049
77,female,150.0,2.679,same,same,1,0,0,model,Y,0.0,0,0.487,0.248,0.913,1.03
77,female,50.0,2.355,same,same,1,0,0,model,Y,0.0,0,0.487,0.148,0.913,0.806
77,female,0.0,1.448,same,same,1,0,0,model,Y,0.0,0,0.487,0.1,0.163,0.697
77,female,100.0,2.536,same,same,1,0,0,model,Y,0.0,0,0.487,0.204,0.913,0.932
77,female,0.0,1.598,same,different,0,1,0,model,Y,0.0,2,0.487,0.1,0.163,0.747
77,female,0.0,1.598,different,different,1,0,0,model,Y,0.0,2,0.487,0.1,0.163,0.747
77,female,150.0,3.086,same,same,1,0,0,model,Y,0.0,0,0.487,0.189,1.513,0.897
77,female,0.0,1.598,different,different,1,0,0,model,Y,0.0,2,0.487,0.1,0.163,0.747
77,female,150.0,3.707,different,different,1,0,0,model,Y,0.0,2,0.487,0.221,1.813,1.086
77,female,50.0,2.084,same,same,1,0,0,model,Y,0.0,0,0.487,0.157,0.613,0.826
77,female,0.0,1.598,different,different,1,0,0,model,Y,0.0,2,0.487,0.1,0.163,0.747
77,female,150.0,3.086,same,same,1,0,0,model,Y,0.0,0,0.487,0.189,1.513,0.897
77,female,100.0,3.499,same,same,1,0,0,model,Y,0.0,1,0.487,0.173,1.513,1.276
77,female,150.0,5.25,different,different,1,0,0,model,Y,0.0,2,0.487,0.271,3.163,1.228
77,female,150.0,3.092,same,same,1,0,0,model,Y,0.0,0,0.487,0.237,1.363,1.005
77,female,50.0,2.939,different,different,1,0,0,model,Y,0.0,2,0.487,0.169,1.213,0.97
77,female,0.0,1.448,same,same,1,0,0,model,Y,0.0,0,0.487,0.1,0.163,0.697
77,female,100.0,2.427,same,same,1,0,0,model,Y,0.0,0,0.487,0.171,0.913,0.857
77,female,150.0,3.122,same,same,1,0,0,model,Y,0.0,0,0.487,0.246,1.363,1.026
77,female,50.0,2.181,same,same,1,0,0,model,Y,0.0,0,0.487,0.141,0.763,0.79
77,female,150.0,2.716,same,same,1,0,0,model,Y,0.0,0,0.487,0.26,0.913,1.057
77,female,0.0,1.598,different,different,1,0,0,model,Y,0.0,2,0.487,0.1,0.163,0.747
77,female,50.0,2.302,same,same,1,0,0,model,Y,0.0,0,0.487,0.132,0.913,0.769
77,female,0.0,1.598,different,different,1,0,0,model,Y,0.0,2,0.487,0.1,0.163,0.747
77,female,0.0,1.448,same,same,1,0,0,model,Y,0.0,0,0.487,0.1,0.163,0.697
77,female,150.0,3.108,same,same,1,0,0,model,Y,0.0,0,0.487,0.242,1.363,1.016
77,female,100.0,3.521,different,different,1,0,0,model,Y,0.0,2,0.487,0.168,1.813,0.952
77,female,0.0,1.598,different,different,1,0,0,model,Y,0.0,2,0.487,0.1,0.163,0.747
77,female,0.0,1.448,same,same,1,0,0,model,Y,0.0,0,0.487,0.1,0.163,0.697
77,female,50.0,3.43,different,different,1,0,0,model,Y,0.0,2,0.487,0.143,1.813,0.887
77,female,50.0,2.29,same,same,1,0,0,model,Y,0.0,0,0.487,0.128,0.913,0.761
77,female,100.0,3.528,same,same,1,0,0,model,Y,0.0,1,0.487,0.212,1.513,1.266
77,female,150.0,3.747,different,different,1,0,0,model,Y,0.0,2,0.487,0.231,1.813,1.116
77,female,50.0,3.152,different,different,1,0,0,model,Y,0.0,2,0.487,0.149,1.513,0.904
77,female,0.0,1.448,same,same,1,0,0,model,Y,0.0,0,0.487,0.1,0.163,0.697
77,female,50.0,3.196,different,different,1,0,0,model,Y,0.0,2,0.487,0.159,1.513,0.937
77,female,50.0,2.761,same,different,0,1,0,model,Y,0.0,2,0.487,0.145,1.213,0.816
77,female,0.0,1.598,different,different,1,0,0,model,Y,0.0,2,0.487,0.1,0.163,0.747
77,female,150.0,2.857,same,same,1,0,0,model,Y,0.0,0,0.487,0.211,1.213,0.946
77,female,50.0,2.859,different,different,1,0,0,model,Y,0.0,2,0.487,0.15,1.213,0.909
77,female,100.0,2.367,same,same,1,0,0,model,Y,0.0,0,0.487,0.198,0.763,0.918
77,female,0.0,1.598,different,different,1,0,0,model,Y,0.0,2,0.487,0.1,0.163,0.747
77,female,150.0,4.04,same,different,0,1,0,model,Y,0.0,2,0.487,0.269,1.963,1.221
77,female,100.0,3.324,same,same,1,0,0,model,Y,0.0,0,0.487,0.17,1.813,0.854
77,female,50.0,3.392,same,different,0,1,0,model,Y,0.0,2,0.487,0.134,1.813,0.858
77,female,50.0,3.148,different,different,1,0,0,model,Y,0.0,2,0.487,0.147,1.513,0.9
77,female,50.0,2.009,same,same,1,0,0,model,Y,0.0,0,0.487,0.134,0.613,0.775
77,female,100.0,2.764,same,same,1,0,0,model,Y,0.0,0,0.487,0.228,1.063,0.986
77,female,150.0,4.691,same,different,0,1,0,model,Y,0.0,2,0.487,0.203,2.863,1.038
77,female,100.0,2.401,same,same,1,0,0,model,Y,0.0,0,0.487,0.209,0.763,0.942
77,female,150.0,3.202,same,same,1,0,0,model,Y,0.0,0,0.487,0.317,1.213,1.185
77,female,50.0,2.067,same,same,1,0,0,model,Y,0.0,0,0.487,0.152,0.613,0.815
77,female,50.0,2.011,same,same,1,0,0,model,Y,0.0,0,0.487,0.135,0.613,0.776
77,female,150.0,3.973,different,different,1,0,0,model,Y,0.0,2,0.487,0.29,1.813,1.282
77,female,0.0,1.598,different,different,1,0,0,model,Y,0.0,2,0.487,0.1,0.163,0.747
77,female,100.0,3.672,same,same,1,0,0,model,Y,0.0,1,0.487,0.205,1.513,1.418
77,female,100.0,2.939,same,same,1,0,0,model,Y,0.0,0,0.487,0.236,1.213,1.003
77,female,100.0,3.351,different,different,1,0,0,model,Y,0.0,2,0.487,0.201,1.513,1.05
77,female,0.0,1.598,different,different,1,0,0,model,Y,0.0,2,0.487,0.1,0.163,0.747
77,female,0.0,1.598,different,different,1,0,0,model,Y,0.0,2,0.487,0.1,0.163,0.747
78,female,0.0,1.673,different,different,1,0,0,model,Y,0.0,3,0.468,0.1,0.135,0.82
78,female,100.0,4.281,different,same,0,0,1,model,Y,0.0,3,0.468,0.209,2.235,1.219
78,female,50.0,1.834,same,same,1,0,0,model,Y,0.0,0,0.468,0.165,0.435,0.766
78,female,0.0,1.673,different,different,1,0,0,model,Y,0.0,3,0.468,0.1,0.135,0.82
78,female,0.0,1.673,different,different,1,0,0,model,Y,0.0,3,0.468,0.1,0.135,0.82
78,female,150.0,5.159,different,different,1,0,0,model,Y,0.0,3,0.468,0.284,2.835,1.422
78,female,50.0,2.587,different,different,1,0,0,model,Y,0.0,3,0.468,0.156,0.735,1.077
78,female,100.0,2.112,same,same,1,0,0,model,Y,0.0,0,0.468,0.204,0.585,0.855
78,female,100.0,2.378,same,same,1,0,0,model,Y,0.0,0,0.468,0.194,0.885,0.831
78,female,100.0,2.142,same,same,1,0,0,model,Y,0.0,0,0.468,0.214,0.585,0.876
78,female,100.0,3.319,different,different,1,0,0,model,Y,0.0,3,0.468,0.195,1.335,1.171
78,female,0.0,1.323,same,same,1,0,0,model,Y,0.0,0,0.468,0.1,0.135,0.62
78,female,50.0,1.987,same,same,1,0,0,model,Y,0.0,0,0.468,0.166,0.585,0.768
78,female,100.0,5.071,different,different,1,0,0,model,Y,0.0,3,0.468,0.217,2.985,1.251
78,female,0.0,1.323,same,same,1,0,0,model,Y,0.0,0,0.468,0.1,0.135,0.62
78,female,150.0,2.783,same,same,1,0,0,model,Y,0.0,0,0.468,0.272,1.035,1.008
78,female,150.0,3.311,different,different,1,0,0,model,Y,0.0,3,0.468,0.276,1.335,1.083
78,female,150.0,3.962,different,different,1,0,0,model,Y,0.0,3,0.468,0.25,1.785,1.309
78,female,150.0,2.27,same,same,1,0,0,model,Y,0.0,0,0.468,0.207,0.735,0.86
78,female,50.0,2.883,different,different,1,0,0,model,Y,0.0,3,0.468,0.156,1.035,1.074
78,female,100.0,2.072,same,same,1,0,0,model,Y,0.0,0,0.468,0.192,0.585,0.827
78,female,150.0,4.16,same,different,0,1,0,model,Y,0.0,3,0.468,0.297,1.785,1.461
78,female,100.0,4.068,different,different,1,0,0,model,Y,0.0,3,0.468,0.163,2.235,1.052
78,female,100.0,3.702,different,different,1,0,0,model,Y,0.0,3,0.468,0.181,1.785,1.118
78,female,50.0,2.596,same,different,0,1,0,model,Y,0.0,3,0.468,0.169,0.885,0.924
78,female,150.0,4.345,different,different,1,0,0,model,Y,0.0,3,0.468,0.209,2.535,0.983
78,female,100.0,2.735,same,same,1,0,0,model,Y,0.0,0,0.468,0.212,1.185,0.871
78,female,150.0,3.626,different,different,1,0,0,model,Y,0.0,3,0.468,0.242,1.485,1.281
78,female,150.0,7.272,different,different,1,0,0,model,Y,0.0,3,0.468,0.217,5.235,1.202
78,female,0.0,1.673,different,different,1,0,0,model,Y,0.0,3,0.468,0.1,0.135,0.82
78,female,150.0,7.732,different,different,1,0,0,model,Y,0.0,3,0.468,0.219,5.685,1.21
78,female,0.0,1.673,different,different,1,0,0,model,Y,0.0,3,0.468,0.1,0.135,0.82
78,female,150.0,3.627,different,different,1,0,0,model,Y,0.0,3,0.468,0.242,1.485,1.282
78,female,50.0,2.74,different,different,1,0,0,model,Y,0.0,3,0.468,0.157,0.885,1.08
78,female,100.0,3.016,different,different,1,0,0,model,Y,0.0,3,0.468,0.195,1.035,1.168
78,female,50.0,2.618,different,different,1,0,0,model,Y,0.0,3,0.468,0.162,0.735,1.103
78,female,150.0,4.162,different,different,1,0,0,model,Y,0.0,3,0.468,0.191,2.235,1.117
78,female,50.0,1.837,same,same,1,0,0,model,Y,0.0,0,0.468,0.166,0.435,0.768
78,female,150.0,2.412,same,same,1,0,0,model,Y,0.0,0,0.468,0.25,0.735,0.958
78,female,50.0,2.669,different,same,0,0,1,model,Y,0.0,3,0.468,0.155,1.185,0.711
78,female,100.0,2.403,same,same,1,0,0,model,Y,0.0,0,0.468,0.202,0.885,0.848
78,female,150.0,4.767,different,different,1,0,0,model,Y,0.0,3,0.468,0.298,2.385,1.466
78,female,0.0,1.323,same,same,1,0,0,model,Y,0.0,0,0.468,0.1,0.135,0.62
78,female,50.0,2.595,different,different,1,0,0,model,Y,0.0,3,0.468,0.158,0.735,1.084
78,female,0.0,1.673,different,different,1,0,0,model,Y,0.0,3,0.468,0.1,0.135,0.82
78,female,50.0,3.067,different,different,1,0,0,model,Y,0.0,3,0.468,0.135,1.335,0.979
78,female,100.0,2.081,same,same,1,0,0,model,Y,0.0,0,0.468,0.195,0.585,0.834
78,female,0.0,1.673,different,different,1,0,0,model,Y,0.0,3,0.468,0.1,0.135,0.82
78,female,0.0,1.323,same,same,1,0,0,model,Y,0.0,0,0.468,0.1,0.135,0.62
78,female,100.0,2.243,same,same,1,0,0,model,Y,0.0,0,0.468,0.198,0.735,0.841
78,female,100.0,5.553,different,different,1,0,0,model,Y,0.0,3,0.468,0.192,3.885,0.858
78,female,150.0,3.32,same,same,1,0,0,model,Y,0.0,0,0.468,0.299,1.485,1.068
78,female,100.0,3.091,different,different,1,0,0,model,Y,0.0,3,0.468,0.187,1.335,0.951
78,female,0.0,1.323,same,same,1,0,0,model,Y,0.0,0,0.468,0.1,0.135,0.62
78,female,50.0,3.131,different,different,1,0,0,model,Y,0.0,3,0.468,0.173,1.185,1.155
78,female,150.0,2.426,same,same,1,0,0,model,Y,0.0,0,0.468,0.255,0.735,0.969
78,female,150.0,4.233,same,same,1,0,0,model,Y,0.0,1,0.468,0.237,2.235,1.244
78,female,0.0,1.323,same,same,1,0,0,model,Y,0.0,0,0.468,0.1,0.135,0.62
78,female,100.0,1.939,same,same,1,0,0,model,Y,0.0,0,0.468,0.151,0.585,0.735
78,female,150.0,2.563,same,same,1,0,0,model,Y,0.0,0,0.468,0.297,0.735,1.063
78,female,100.0,2.734,same,same,1,0,0,model,Y,0.0,0,0.468,0.211,1.185,0.87
78,female,50.0,1.848,same,same,1,0,0,model,Y,0.0,0,0.468,0.169,0.435,0.776
78,female,100.0,2.504,same,same,1,0,0,model,Y,0.0,0,0.468,0.187,1.035,0.815
78,female,0.0,1.673,different,different,1,0,0,model,Y,0.0,3,0.468,0.1,0.135,0.82
78,female,50.0,1.796,same,same,1,0,0,model,Y,0.0,0,0.468,0.153,0.435,0.74
78,female,150.0,5.114,different,different,1,0,0,model,Y,0.0,3,0.468,0.239,2.985,1.273
78,female,50.0,3.787,different,different,1,0,0,model,Y,0.0,3,0.468,0.156,1.935,1.078
78,female,0.0,1.323,same,same,1,0,0,model,Y,0.0,0,0.468,0.1,0.135,0.62
78,female,0.0,1.673,different,different,1,0,0,model,Y,0.0,3,0.468,0.1,0.135,0.82
78,female,0.0,1.673,different,different,1,0,0,model,Y,0.0,3,0.468,0.1,0.135,0.82
78,female,100.0,6.627,different,different,1,0,0,model,Y,0.0,3,0.468,0.197,4.635,1.177
78,female,50.0,2.941,different,different,1,0,0,model,Y,0.0,3,0.468,0.166,1.035,1.122
78,female,100.0,3.655,different,different,1,0,0,model,Y,0.0,3,0.468,0.233,1.935,0.869
78,female,0.0,1.673,different,different,1,0,0,model,Y,0.0,3,0.468,0.1,0.135,0.82
78,female,0.0,1.323,same,same,1,0,0,model,Y,0.0,0,0.468,0.1,0.135,0.62
78,female,100.0,3.127,same,same,1,0,0,model,Y,0.0,1,0.468,0.183,1.185,1.242
78,female,150.0,2.632,same,same,1,0,0,model,Y,0.0,0,0.468,0.272,0.885,1.007
78,female,0.0,1.323,same,same,1,0,0,model,Y,0.0,0,0.468,0.1,0.135,0.62
78,female,50.0,2.832,different,different,1,0,0,model,Y,0.0,3,0.468,0.146,1.035,1.032
78,female,100.0,2.37,same,same,1,0,0,model,Y,0.0,0,0.468,0.192,0.885,0.826
78,female,100.0,3.553,different,different,1,0,0,model,Y,0.0,3,0.468,0.214,1.485,1.237
78,female,0.0,1.323,same,same,1,0,0,model,Y,0.0,0,0.468,0.1,0.135,0.62
78,female,100.0,3.065,different,different,1,0,0,model,Y,0.0,3,0.468,0.173,1.185,1.089
78,female,50.0,1.789,same,same,1,0,0,model,Y,0.0,0,0.468,0.151,0.435,0.735
78,female,50.0,1.914,same,same,1,0,0,model,Y,0.0,0,0.468,0.143,0.585,0.718
78,female,150.0,5.114,same,same,1,0,0,model,Y,0.0,1,0.468,0.223,2.985,1.388
78,female,0.0,1.323,same,same,1,0,0,model,Y,0.0,0,0.468,0.1,0.135,0.62
78,female,0.0,1.323,same,same,1,0,0,model,Y,0.0,0,0.468,0.1,0.135,0.62
78,female,0.0,1.323,same,same,1,0,0,model,Y,0.0,0,0.468,0.1,0.135,0.62
78,female,150.0,3.694,different,different,1,0,0,model,Y,0.0,3,0.468,0.257,1.485,1.333
78,female,150.0,2.697,same,same,1,0,0,model,Y,0.0,0,0.468,0.2,1.185,0.845
78,female,150.0,4.099,different,different,1,0,0,model,Y,0.0,3,0.468,0.212,2.085,1.185
78,female,50.0,1.987,same,same,1,0,0,model,Y,0.0,0,0.468,0.166,0.585,0.769
78,female,100.0,3.136,same,same,1,0,0,model,Y,0.0,1,0.468,0.184,1.185,1.249
78,female,0.0,1.673,different,different,1,0,0,model,Y,0.0,3,0.468,0.1,0.135,0.82
78,female,0.0,1.673,different,different,1,0,0,model,Y,0.0,3,0.468,0.1,0.135,0.82
79,male,150.0,2.656,same,same,1,0,0,model,Y,0.0,0,0.437,0.3,0.741,1.178
79,male,50.0,1.923,same,same,1,0,0,model,Y,0.0,0,0.437,0.167,0.441,0.879
79,male,0.0,1.755,different,different,1,0,0,model,Y,0.0,3,0.437,0.1,0.141,0.928
79,male,150.0,5.255,different,different,1,0,0,model,Y,0.0,3,0.437,0.252,2.991,1.426
79,male,150.0,2.621,same,same,1,0,0,model,Y,0.0,0,0.437,0.243,0.891,1.05
79,male,100.0,2.634,same,same,1,0,0,model,Y,0.0,0,0.437,0.247,0.891,1.06
79,male,150.0,3.206,same,same,1,0,0,model,Y,0.0,0,0.437,0.239,1.491,1.04
79,male,0.0,1.755,different,different,1,0,0,model,Y,0.0,3,0.437,0.1,0.141,0.928
79,male,0.0,1.405,same,same,1,0,0,model,Y,0.0,0,0.437,0.1,0.141,0.728
79,male,0.0,1.755,different,different,1,0,0,model,Y,0.0,3,0.437,0.1,0.141,0.928
79,male,0.0,1.405,same,same,1,0,0,model,Y,0.0,0,0.437,0.1,0.141,0.728
79,male,150.0,2.964,same,same,1,0,0,model,Y,0.0,0,0.437,0.303,1.041,1.184
79,male,0.0,1.755,different,different,1,0,0,model,Y,0.0,3,0.437,0.1,0.141,0.928
79,male,150.0,2.604,same,same,1,0,0,model,Y,0.0,0,0.437,0.192,1.041,0.935
79,male,50.0,2.147,same,same,1,0,0,model,Y,0.0,0,0.437,0.144,0.741,0.826
79,male,0.0,1.405,same,same,1,0,0,model,Y,0.0,0,0.437,0.1,0.141,0.728
79,male,150.0,2.686,same,same,1,0,0,model,Y,0.0,0,0.437,0.217,1.041,0.991
79,male,0.0,1.755,different,different,1,0,0,model,Y,0.0,3,0.437,0.1,0.141,0.928
79,male,150.0,2.479,same,same,1,0,0,model,Y,0.0,0,0.437,0.246,0.741,1.056
79,male,100.0,2.318,same,same,1,0,0,model,Y,0.0,0,0.437,0.15,0.891,0.841
79,male,50.0,2.028,same,same,1,0,0,model,Y,0.0,0,0.437,0.153,0.591,0.848
79,male,50.0,3.401,different,different,1,0,0,model,Y,0.0,3,0.437,0.153,1.491,1.171
79,male,150.0,3.37,different,different,1,0,0,model,Y,0.0,3,0.437,0.197,1.341,1.246
79,male,50.0,1.861,same,same,1,0,0,model,Y,0.0,0,0.437,0.148,0.441,0.836
79,male,0.0,1.405,same,same,1,0,0,model,Y,0.0,0,0.437,0.1,0.141,0.728
79,male,0.0,1.405,same,same,1,0,0,model,Y,0.0,0,0.437,0.1,0.141,0.728
79,male,100.0,2.203,same,same,1,0,0,model,Y,0.0,0,0.437,0.207,0.591,0.969
79,male,50.0,1.833,same,same,1,0,0,model,Y,0.0,0,0.437,0.139,0.441,0.817
79,male,150.0,4.575,different,different,1,0,0,model,Y,0.0,3,0.437,0.269,2.241,1.479
79,male,50.0,2.767,same,different,0,1,0,model,Y,0.0,3,0.437,0.147,0.891,1.143
79,male,50.0,1.871,same,same,1,0,0,model,Y,0.0,0,0.437,0.151,0.441,0.843
79,male,100.0,3.649,different,different,1,0,0,model,Y,0.0,3,0.437,0.216,1.491,1.355
79,male,50.0,1.918,same,same,1,0,0,model,Y,0.0,0,0.437,0.165,0.441,0.875
79,male,150.0,4.544,different,different,1,0,0,model,Y,0.0,3,0.437,0.297,2.091,1.57
79,male,100.0,3.491,different,different,1,0,0,model,Y,0.0,3,0.437,0.182,1.491,1.231
79,male,0.0,1.405,same,same,1,0,0,model,Y,0.0,0,0.437,0.1,0.141,0.728
79,male,100.0,3.334,same,same,1,0,0,model,Y,0.0,0,0.437,0.232,1.641,1.025
79,male,0.0,1.755,different,different,1,0,0,model,Y,0.0,3,0.437,0.1,0.141,0.928
79,male,150.0,2.534,same,same,1,0,0,model,Y,0.0,0,0.437,0.263,0.741,1.094
79,male,50.0,1.907,same,same,1,0,0,model,Y,0.0,0,0.437,0.162,0.441,0.867
79,male,50.0,2.355,same,same,1,0,0,model,Y,0.0,0,0.437,0.162,0.891,0.866
79,male,50.0,2.757,different,different,1,0,0,model,Y,0.0,3,0.437,0.172,0.741,1.258
79,male,0.0,1.405,same,same,1,0,0,model,Y,0.0,0,0.437,0.1,0.141,0.728
79,male,150.0,4.178,different,different,1,0,0,model,Y,0.0,3,0.437,0.281,1.791,1.519
79,male,50.0,1.91,same,same,1,0,0,model,Y,0.0,0,0.437,0.163,0.441,0.87
79,male,0.0,1.405,same,same,1,0,0,model,Y,0.0,0,0.437,0.1,0.141,0.728
79,male,150.0,5.021,different,different,1,0,0,model,Y,0.0,3,0.437,0.233,2.841,1.361
79,male,150.0,4.75,different,different,1,0,0,model,Y,0.0,3,0.437,0.278,2.691,1.195
79,male,150.0,2.76,same,same,1,0,0,model,Y,0.0,0,0.437,0.24,1.041,1.043
79,male,150.0,2.844,same,same,1,0,0,model,Y,0.0,0,0.437,0.219,1.191,0.997
79,male,150.0,4.606,different,different,1,0,0,model,Y,0.0,3,0.437,0.28,2.541,1.199
79,male,0.0,1.755,different,different,1,0,0,model,Y,0.0,3,0.437,0.1,0.141,0.928
79,male,50.0,1.84,same,same,1,0,0,model,Y,0.0,0,0.437,0.141,0.441,0.821
79,male,50.0,1.875,same,same,1,0,0,model,Y,0.0,0,0.437,0.152,0.441,0.845
79,male,150.0,3.684,same,same,1,0,0,model,Y,0.0,0,0.437,0.293,1.791,1.163
79,male,100.0,3.319,different,different,1,0,0,model,Y,0.0,3,0.437,0.178,1.341,1.214
79,male,50.0,1.899,same,same,1,0,0,model,Y,0.0,0,0.437,0.159,0.441,0.862
79,male,50.0,2.889,different,different,1,0,0,model,Y,0.0,3,0.437,0.169,0.891,1.243
79,male,100.0,2.426,same,same,1,0,0,model,Y,0.0,0,0.437,0.229,0.741,1.019
79,male,0.0,1.755,different,different,1,0,0,model,Y,0.0,3,0.437,0.1,0.141,0.928
79,male,50.0,1.998,same,same,1,0,0,model,Y,0.0,0,0.437,0.144,0.591,0.827
79,male,150.0,2.957,same,same,1,0,0,model,Y,0.0,0,0.437,0.254,1.191,1.075
79,male,150.0,3.748,different,different,1,0,0,model,Y,0.0,3,0.437,0.286,1.341,1.535
79,male,100.0,2.683,same,same,1,0,0,model,Y,0.0,0,0.437,0.216,1.041,0.99
79,male,100.0,2.359,same,same,1,0,0,model,Y,0.0,0,0.437,0.209,0.741,0.973
79,male,0.0,1.755,different,different,1,0,0,model,Y,0.0,3,0.437,0.1,0.141,0.928
79,male,100.0,3.563,different,different,1,0,0,model,Y,0.0,3,0.437,0.198,1.491,1.288
79,male,50.0,1.844,same,same,1,0,0,model,Y,0.0,0,0.437,0.143,0.441,0.824
79,male,0.0,1.755,different,different,1,0,0,model,Y,0.0,3,0.437,0.1,0.141,0.928
79,male,0.0,1.405,same,same,1,0,0,model,Y,0.0,0,0.437,0.1,0.141,0.728
79,male,50.0,1.923,same,same,1,0,0,model,Y,0.0,0,0.437,0.167,0.441,0.879
79,male,150.0,2.404,same,same,1,0,0,model,Y,0.0,0,0.437,0.223,0.741,1.004
79,male,0.0,1.755,different,different,1,0,0,model,Y,0.0,3,0.437,0.1,0.141,0.928
79,male,100.0,2.364,same,same,1,0,0,model,Y,0.0,0,0.437,0.21,0.741,0.976
79,male,100.0,3.716,different,different,1,0,0,model,Y,0.0,3,0.437,0.231,1.491,1.408
79,male,100.0,2.398,same,same,1,0,0,model,Y,0.0,0,0.437,0.221,0.741,1.0
79,male,50.0,1.794,same,same,1,0,0,model,Y,0.0,0,0.437,0.127,0.441,0.789
79,male,100.0,3.338,different,different,1,0,0,model,Y,0.0,3,0.437,0.214,1.191,1.347
79,male,100.0,3.19,different,different,1,0,0,model,Y,0.0,3,0.437,0.214,1.041,1.348
79,male,50.0,2.681,different,different,1,0,0,model,Y,0.0,3,0.437,0.158,0.741,1.195
79,male,150.0,5.701,different,different,1,0,0,model,Y,0.0,3,0.437,0.252,3.441,1.422
79,male,100.0,4.462,different,different,1,0,0,model,Y,0.0,3,0.437,0.166,2.541,1.169
79,male,100.0,2.492,same,same,1,0,0,model,Y,0.0,0,0.437,0.204,0.891,0.961
79,male,0.0,1.755,different,different,1,0,0,model,Y,0.0,3,0.437,0.1,0.141,0.928
79,male,100.0,2.328,same,same,1,0,0,model,Y,0.0,0,0.437,0.245,0.591,1.055
79,male,100.0,2.213,same,same,1,0,0,model,Y,0.0,0,0.437,0.21,0.591,0.976
79,male,150.0,2.737,same,same,1,0,0,model,Y,0.0,0,0.437,0.233,1.041,1.027
79,male,150.0,4.32,different,different,1,0,0,model,Y,0.0,3,0.437,0.226,2.391,1.117
79,male,100.0,3.236,different,different,1,0,0,model,Y,0.0,3,0.437,0.192,1.191,1.266
79,male,150.0,5.83,different,different,1,0,0,model,Y,0.0,3,0.437,0.211,3.741,1.292
79,male,50.0,2.594,different,different,1,0,0,model,Y,0.0,3,0.437,0.136,0.891,0.981
79,male,0.0,1.755,different,different,1,0,0,model,Y,0.0,3,0.437,0.1,0.141,0.928
79,male,0.0,1.755,different,different,1,0,0,model,Y,0.0,3,0.437,0.1,0.141,0.928
79,male,150.0,4.249,different,different,1,0,0,model,Y,0.0,3,0.437,0.192,2.241,1.23
79,male,100.0,3.451,different,different,1,0,0,model,Y,0.0,3,0.437,0.238,1.191,1.436
79,male,50.0,2.506,different,different,1,0,0,model,Y,0.0,3,0.437,0.16,0.741,1.018
80,female,150.0,2.426,same,same,1,0,0,model,Y,0.0,0,0.459,0.245,0.787,0.935
80,female,0.0,1.355,same,same,1,0,0,model,Y,0.0,0,0.459,0.1,0.187,0.609
80,female,0.0,1.355,same,same,1,0,0,model,Y,0.0,0,0.459,0.1,0.187,0.609
80,female,150.0,3.527,same,same,1,0,0,model,Y,0.0,0,0.459,0.214,1.987,0.866
80,female,150.0,2.944,same,same,1,0,0,model,Y,0.0,0,0.459,0.266,1.237,0.982
80,female,100.0,3.803,different,different,1,0,0,model,Y,0.0,2,0.459,0.224,1.987,1.032
80,female,50.0,1.983,same,same,1,0,0,model,Y,0.0,0,0.459,0.155,0.637,0.732
80,female,50.0,1.815,same,same,1,0,0,model,Y,0.0,0,0.459,0.149,0.487,0.72
80,female,50.0,2.32,different,different,1,0,0,model,Y,0.0,2,0.459,0.151,0.787,0.823
80,female,100.0,2.38,same,same,1,0,0,model,Y,0.0,0,0.459,0.184,0.937,0.799
80,female,100.0,2.579,same,same,1,0,0,model,Y,0.0,0,0.459,0.2,1.087,0.833
80,female,0.0,1.355,same,same,1,0,0,model,Y,0.0,0,0.459,0.1,0.187,0.609
80,female,150.0,3.772,same,same,1,0,0,model,Y,0.0,0,0.459,0.29,1.987,1.036
80,female,150.0,3.039,same,same,1,0,0,model,Y,0.0,1,0.459,0.197,1.237,1.095
80,female,100.0,2.653,different,different,1,0,0,model,Y,0.0,2,0.459,0.162,1.087,0.844
80,female,100.0,3.26,same,different,0,1,0,model,Y,0.0,2,0.459,0.201,1.537,0.962
80,female,0.0,1.355,same,same,1,0,0,model,Y,0.0,0,0.459,0.1,0.187,0.609
80,female,0.0,1.355,same,same,1,0,0,model,Y,0.0,0,0.459,0.1,0.187,0.609
80,female,150.0,2.917,same,same,1,0,0,model,Y,0.0,0,0.459,0.257,1.237,0.963
80,female,0.0,1.505,different,different,1,0,0,model,Y,0.0,2,0.459,0.1,0.187,0.659
80,female,150.0,3.738,different,different,1,0,0,model,Y,0.0,2,0.459,0.253,1.837,1.088
80,female,50.0,1.843,same,same,1,0,0,model,Y,0.0,0,0.459,0.158,0.487,0.739
80,female,0.0,1.505,different,different,1,0,0,model,Y,0.0,2,0.459,0.1,0.187,0.659
80,female,150.0,3.008,same,same,1,0,0,model,Y,0.0,0,0.459,0.285,1.237,1.026
80,female,100.0,3.461,same,same,1,0,0,model,Y,0.0,1,0.459,0.189,1.987,0.776
80,female,150.0,4.317,same,different,0,1,0,model,Y,0.0,2,0.459,0.265,2.587,0.906
80,female,100.0,2.484,same,same,1,0,0,model,Y,0.0,0,0.459,0.217,0.937,0.871
80,female,100.0,2.517,same,same,1,0,0,model,Y,0.0,0,0.459,0.181,1.087,0.79
80,female,50.0,3.07,different,different,1,0,0,model,Y,0.0,2,0.459,0.151,1.537,0.823
80,female,150.0,2.515,same,same,1,0,0,model,Y,0.0,0,0.459,0.226,0.937,0.892
80,female,0.0,1.505,same,different,0,1,0,model,Y,0.0,2,0.459,0.1,0.187,0.659
80,female,50.0,3.093,same,same,1,0,0,model,Y,0.0,1,0.459,0.167,1.387,1.03
80,female,50.0,2.479,different,different,1,0,0,model,Y,0.0,2,0.459,0.153,0.937,0.83
80,female,50.0,2.963,same,same,1,0,0,model,Y,0.0,1,0.459,0.141,1.387,0.926
80,female,150.0,2.249,same,same,1,0,0,model,Y,0.0,0,0.459,0.19,0.787,0.812
80,female,150.0,3.388,different,different,1,0,0,model,Y,0.0,2,0.459,0.24,1.537,1.051
80,female,0.0,1.355,same,same,1,0,0,model,Y,0.0,0,0.459,0.1,0.187,0.609
80,female,100.0,3.517,different,different,1,0,0,model,Y,0.0,2,0.459,0.19,1.837,0.93
80,female,150.0,3.359,different,different,1,0,0,model,Y,0.0,2,0.459,0.232,1.537,1.03
80,female,0.0,1.355,same,same,1,0,0,model,Y,0.0,0,0.459,0.1,0.187,0.609
80,female,150.0,2.414,same,same,1,0,0,model,Y,0.0,0,0.459,0.195,0.937,0.823
80,female,150.0,2.71,same,same,1,0,0,model,Y,0.0,0,0.459,0.194,1.237,0.82
80,female,0.0,1.505,different,different,1,0,0,model,Y,0.0,2,0.459,0.1,0.187,0.659
80,female,100.0,3.044,different,different,1,0,0,model,Y,0.0,2,0.459,0.222,1.237,1.025
80,female,100.0,2.4,same,same,1,0,0,model,Y,0.0,0,0.459,0.237,0.787,0.917
80,female,50.0,2.52,different,different,1,0,0,model,Y,0.0,2,0.459,0.127,1.087,0.747
80,female,0.0,1.355,same,same,1,0,0,model,Y,0.0,0,0.459,0.1,0.187,0.609
80,female,50.0,2.541,same,same,1,0,0,model,Y,0.0,0,0.459,0.142,1.237,0.703
80,female,50.0,3.072,different,different,1,0,0,model,Y,0.0,2,0.459,0.151,1.537,0.824
80,female,0.0,1.505,different,different,1,0,0,model,Y,0.0,2,0.459,0.1,0.187,0.659
80,female,150.0,3.422,different,different,1,0,0,model,Y,0.0,2,0.459,0.207,1.837,0.819
80,female,150.0,5.136,different,different,1,0,0,model,Y,0.0,2,0.459,0.226,3.337,1.013
80,female,100.0,2.77,same,different,0,1,0,model,Y,0.0,2,0.459,0.186,1.237,0.788
80,female,150.0,6.936,same,same,1,0,0,model,Y,0.0,1,0.459,0.23,4.987,1.209
80,female,0.0,1.505,different,different,1,0,0,model,Y,0.0,2,0.459,0.1,0.187,0.659
80,female,100.0,3.327,same,same,1,0,0,model,Y,0.0,0,0.459,0.199,1.837,0.832
80,female,100.0,2.294,same,same,1,0,0,model,Y,0.0,0,0.459,0.204,0.787,0.843
80,female,0.0,1.505,different,different,1,0,0,model,Y,0.0,2,0.459,0.1,0.187,0.659
80,female,150.0,3.514,different,different,1,0,0,model,Y,0.0,2,0.459,0.312,1.387,1.255
80,female,0.0,1.355,same,same,1,0,0,model,Y,0.0,0,0.459,0.1,0.187,0.609
80,female,50.0,1.947,same,same,1,0,0,model,Y,0.0,0,0.459,0.144,0.637,0.707
80,female,0.0,1.505,different,different,1,0,0,model,Y,0.0,2,0.459,0.1,0.187,0.659
80,female,0.0,1.505,different,different,1,0,0,model,Y,0.0,2,0.459,0.1,0.187,0.659
80,female,0.0,1.505,different,different,1,0,0,model,Y,0.0,2,0.459,0.1,0.187,0.659
80,female,100.0,5.508,same,different,0,1,0,model,Y,0.0,2,0.459,0.201,3.937,0.811
80,female,50.0,2.16,same,same,1,0,0,model,Y,0.0,0,0.459,0.163,0.787,0.75
80,female,0.0,1.355,same,same,1,0,0,model,Y,0.0,0,0.459,0.1,0.187,0.609
80,female,50.0,2.571,same,different,0,1,0,model,Y,0.0,2,0.459,0.175,0.937,0.9
80,female,150.0,2.665,same,same,1,0,0,model,Y,0.0,0,0.459,0.272,0.937,0.996
80,female,100.0,2.637,same,same,1,0,0,model,Y,0.0,0,0.459,0.218,1.087,0.873
80,female,50.0,2.558,different,different,1,0,0,model,Y,0.0,2,0.459,0.172,0.937,0.89
80,female,150.0,2.721,same,same,1,0,0,model,Y,0.0,0,0.459,0.29,0.937,1.035
80,female,150.0,2.833,same,same,1,0,0,model,Y,0.0,0,0.459,0.232,1.237,0.905
80,female,50.0,3.016,different,different,1,0,0,model,Y,0.0,2,0.459,0.164,1.537,0.755
80,female,0.0,1.505,different,different,1,0,0,model,Y,0.0,2,0.459,0.1,0.187,0.659
80,female,0.0,1.355,same,same,1,0,0,model,Y,0.0,0,0.459,0.1,0.187,0.609
80,female,100.0,2.268,same,same,1,0,0,model,Y,0.0,0,0.459,0.196,0.787,0.825
80,female,0.0,1.505,different,different,1,0,0,model,Y,0.0,2,0.459,0.1,0.187,0.659
80,female,100.0,2.153,same,same,1,0,0,model,Y,0.0,0,0.459,0.207,0.637,0.85
80,female,150.0,2.596,same,same,1,0,0,model,Y,0.0,0,0.459,0.205,1.087,0.845
80,female,0.0,1.505,different,different,1,0,0,model,Y,0.0,2,0.459,0.1,0.187,0.659
80,female,100.0,2.345,same,same,1,0,0,model,Y,0.0,0,0.459,0.22,0.787,0.879
80,female,100.0,2.949,different,different,1,0,0,model,Y,0.0,2,0.459,0.199,1.237,0.954
80,female,150.0,2.801,same,same,1,0,0,model,Y,0.0,0,0.459,0.268,1.087,0.987
80,female,0.0,1.355,same,same,1,0,0,model,Y,0.0,0,0.459,0.1,0.187,0.609
80,female,50.0,2.332,different,different,1,0,0,model,Y,0.0,2,0.459,0.154,0.787,0.832
80,female,50.0,2.274,same,different,0,1,0,model,Y,0.0,2,0.459,0.14,0.787,0.788
80,female,150.0,2.817,same,same,1,0,0,model,Y,0.0,0,0.459,0.227,1.237,0.894
80,female,100.0,3.207,different,different,1,0,0,model,Y,0.0,2,0.459,0.225,1.387,1.035
80,female,150.0,5.271,same,different,0,1,0,model,Y,0.0,2,0.459,0.262,3.337,1.113
80,female,100.0,3.483,same,different,0,1,0,model,Y,0.0,2,0.459,0.231,1.837,0.855
80,female,150.0,3.261,same,different,0,1,0,model,Y,0.0,2,0.459,0.246,1.387,1.068
80,female,150.0,3.422,different,different,1,0,0,model,Y,0.0,2,0.459,0.249,1.537,1.077
80,female,100.0,4.254,different,different,1,0,0,model,Y,0.0,2,0.459,0.187,2.587,0.921
80,female,50.0,2.246,different,different,1,0,0,model,Y,0.0,2,0.459,0.133,0.787,0.766
80,female,100.0,2.369,same,same,1,0,0,model,Y,0.0,0,0.459,0.227,0.787,0.895
81,male,100.0,2.788,same,same,1,0,0,model,Y,0.0,0,0.454,0.173,1.329,0.832
81,male,0.0,1.351,same,same,1,0,0,model,Y,0.0,0,0.454,0.1,0.129,0.668
81,male,150.0,4.836,different,different,1,0,0,model,Y,0.0,3,0.454,0.214,2.979,1.039
81,male,0.0,1.701,different,different,1,0,0,model,Y,0.0,3,0.454,0.1,0.129,0.868
81,male,50.0,2.73,different,different,1,0,0,model,Y,0.0,3,0.454,0.152,1.029,0.946
81,male,150.0,2.606,same,same,1,0,0,model,Y,0.0,0,0.454,0.256,0.879,1.018
81,male,50.0,1.784,same,same,1,0,0,model,Y,0.0,0,0.454,0.141,0.429,0.761
81,male,50.0,2.14,same,same,1,0,0,model,Y,0.0,0,0.454,0.158,0.729,0.799
81,male,150.0,2.763,same,same,1,0,0,model,Y,0.0,0,0.454,0.258,1.029,1.023
81,male,0.0,1.351,same,same,1,0,0,model,Y,0.0,0,0.454,0.1,0.129,0.668
81,male,150.0,4.313,same,different,0,1,0,model,Y,0.0,3,0.454,0.291,1.929,1.49
81,male,0.0,1.701,different,different,1,0,0,model,Y,0.0,3,0.454,0.1,0.129,0.868
81,male,100.0,3.955,same,different,0,1,0,model,Y,0.0,3,0.454,0.165,2.079,1.107
81,male,50.0,2.642,different,different,1,0,0,model,Y,0.0,3,0.454,0.134,0.879,1.025
81,male,100.0,2.216,same,same,1,0,0,model,Y,0.0,0,0.454,0.228,0.579,0.956
81,male,150.0,3.805,different,different,1,0,0,model,Y,0.0,3,0.454,0.207,1.779,1.215
81,male,150.0,2.696,same,same,1,0,0,model,Y,0.0,0,0.454,0.283,0.879,1.08
81,male,100.0,4.792,different,different,1,0,0,model,Y,0.0,3,0.454,0.248,2.529,1.411
81,male,50.0,1.899,same,same,1,0,0,model,Y,0.0,0,0.454,0.13,0.579,0.736
81,male,150.0,2.618,same,same,1,0,0,model,Y,0.0,0,0.454,0.259,0.879,1.026
81,male,100.0,2.384,same,same,1,0,0,model,Y,0.0,0,0.454,0.187,0.879,0.864
81,male,50.0,1.838,same,same,1,0,0,model,Y,0.0,0,0.454,0.158,0.429,0.798
81,male,50.0,1.816,same,same,1,0,0,model,Y,0.0,0,0.454,0.151,0.429,0.782
81,male,50.0,2.562,different,different,1,0,0,model,Y,0.0,3,0.454,0.147,0.729,1.082
81,male,0.0,1.701,different,different,1,0,0,model,Y,0.0,3,0.454,0.1,0.129,0.868
81,male,0.0,1.701,different,different,1,0,0,model,Y,0.0,3,0.454,0.1,0.129,0.868
81,male,150.0,3.727,different,different,1,0,0,model,Y,0.0,3,0.454,0.259,1.479,1.386
81,male,0.0,1.701,different,different,1,0,0,model,Y,0.0,3,0.454,0.1,0.129,0.868
81,male,50.0,1.809,same,same,1,0,0,model,Y,0.0,0,0.454,0.149,0.429,0.778
81,male,0.0,1.701,different,different,1,0,0,model,Y,0.0,3,0.454,0.1,0.129,0.868
81,male,100.0,4.578,different,different,1,0,0,model,Y,0.0,3,0.454,0.234,2.379,1.361
81,male,50.0,1.811,same,same,1,0,0,model,Y,0.0,0,0.454,0.149,0.429,0.779
81,male,150.0,2.623,same,same,1,0,0,model,Y,0.0,0,0.454,0.261,0.879,1.029
81,male,0.0,1.351,same,same,1,0,0,model,Y,0.0,0,0.454,0.1,0.129,0.668
81,male,50.0,2.503,different,different,1,0,0,model,Y,0.0,3,0.454,0.136,0.729,1.034
81,male,0.0,1.701,different,different,1,0,0,model,Y,0.0,3,0.454,0.1,0.129,0.868
81,male,100.0,3.288,different,different,1,0,0,model,Y,0.0,3,0.454,0.183,1.329,1.172
81,male,0.0,1.351,same,same,1,0,0,model,Y,0.0,0,0.454,0.1,0.129,0.668
81,male,100.0,2.209,same,same,1,0,0,model,Y,0.0,0,0.454,0.18,0.729,0.847
81,male,0.0,1.701,different,different,1,0,0,model,Y,0.0,3,0.454,0.1,0.129,0.868
81,male,150.0,2.366,same,same,1,0,0,model,Y,0.0,0,0.454,0.228,0.729,0.955
81,male,150.0,4.123,same,different,0,1,0,model,Y,0.0,3,0.454,0.281,1.779,1.459
81,male,150.0,4.62,different,different,1,0,0,model,Y,0.0,3,0.454,0.188,2.829,1.0
81,male,50.0,1.857,same,same,1,0,0,model,Y,0.0,0,0.454,0.164,0.429,0.811
81,male,100.0,2.324,same,same,1,0,0,model,Y,0.0,0,0.454,0.215,0.729,0.926
81,male,0.0,1.351,same,same,1,0,0,model,Y,0.0,0,0.454,0.1,0.129,0.668
81,male,100.0,2.122,same,same,1,0,0,model,Y,0.0,0,0.454,0.199,0.579,0.89
81,male,0.0,1.701,different,different,1,0,0,model,Y,0.0,3,0.454,0.1,0.129,0.868
81,male,0.0,1.351,same,same,1,0,0,model,Y,0.0,0,0.454,0.1,0.129,0.668
81,male,150.0,2.342,same,same,1,0,0,model,Y,0.0,0,0.454,0.22,0.729,0.939
81,male,100.0,2.64,same,same,1,0,0,model,Y,0.0,0,0.454,0.174,1.179,0.834
81,male,150.0,2.84,same,same,1,0,0,model,Y,0.0,0,0.454,0.281,1.029,1.076
81,male,150.0,6.579,different,different,1,0,0,model,Y,0.0,3,0.454,0.251,4.629,1.095
81,male,150.0,3.905,same,different,0,1,0,model,Y,0.0,3,0.454,0.23,1.779,1.292
81,male,0.0,1.351,same,same,1,0,0,model,Y,0.0,0,0.454,0.1,0.129,0.668
81,male,0.0,1.351,same,same,1,0,0,model,Y,0.0,0,0.454,0.1,0.129,0.668
81,male,100.0,2.71,same,same,1,0,0,model,Y,0.0,0,0.454,0.241,1.029,0.986
81,male,0.0,1.351,same,same,1,0,0,model,Y,0.0,0,0.454,0.1,0.129,0.668
81,male,0.0,1.351,same,same,1,0,0,model,Y,0.0,0,0.454,0.1,0.129,0.668
81,male,50.0,1.982,same,same,1,0,0,model,Y,0.0,0,0.454,0.156,0.579,0.793
81,male,100.0,2.503,same,same,1,0,0,model,Y,0.0,0,0.454,0.178,1.029,0.843
81,male,0.0,1.351,same,same,1,0,0,model,Y,0.0,0,0.454,0.1,0.129,0.668
81,male,100.0,2.511,same,same,1,0,0,model,Y,0.0,0,0.454,0.226,0.879,0.952
81,male,50.0,1.825,same,same,1,0,0,model,Y,0.0,0,0.454,0.153,0.429,0.788
81,male,0.0,1.701,same,different,0,1,0,model,Y,0.0,3,0.454,0.1,0.129,0.868
81,male,0.0,1.351,same,same,1,0,0,model,Y,0.0,0,0.454,0.1,0.129,0.668
81,male,100.0,3.097,same,different,0,1,0,model,Y,0.0,3,0.454,0.174,1.179,1.14
81,male,50.0,2.582,different,different,1,0,0,model,Y,0.0,3,0.454,0.15,0.729,1.098
81,male,50.0,1.766,same,same,1,0,0,model,Y,0.0,0,0.454,0.135,0.429,0.748
81,male,50.0,1.784,same,same,1,0,0,model,Y,0.0,0,0.454,0.141,0.429,0.76
81,male,100.0,4.152,different,different,1,0,0,model,Y,0.0,3,0.454,0.175,2.229,1.144
81,male,150.0,2.391,same,same,1,0,0,model,Y,0.0,0,0.454,0.189,0.879,0.869
81,male,100.0,2.999,different,different,1,0,0,model,Y,0.0,3,0.454,0.199,1.179,1.017
81,male,0.0,1.351,same,same,1,0,0,model,Y,0.0,0,0.454,0.1,0.129,0.668
81,male,150.0,2.373,same,same,1,0,0,model,Y,0.0,0,0.454,0.23,0.729,0.96
81,male,150.0,2.735,same,same,1,0,0,model,Y,0.0,0,0.454,0.203,1.179,0.9
81,male,50.0,1.754,same,same,1,0,0,model,Y,0.0,0,0.454,0.132,0.429,0.739
81,male,0.0,1.701,different,different,1,0,0,model,Y,0.0,3,0.454,0.1,0.129,0.868
81,male,150.0,3.555,same,different,0,1,0,model,Y,0.0,3,0.454,0.218,1.479,1.254
81,male,100.0,4.637,different,different,1,0,0,model,Y,0.0,3,0.454,0.215,2.529,1.29
81,male,50.0,2.442,different,different,1,0,0,model,Y,0.0,3,0.454,0.125,0.729,0.984
81,male,100.0,2.278,same,same,1,0,0,model,Y,0.0,0,0.454,0.201,0.729,0.895
81,male,0.0,1.351,same,same,1,0,0,model,Y,0.0,0,0.454,0.1,0.129,0.668
81,male,50.0,1.802,same,same,1,0,0,model,Y,0.0,0,0.454,0.146,0.429,0.773
81,male,50.0,2.762,different,different,1,0,0,model,Y,0.0,3,0.454,0.156,0.879,1.124
81,male,0.0,1.701,different,different,1,0,0,model,Y,0.0,3,0.454,0.1,0.129,0.868
81,male,100.0,6.833,same,different,0,1,0,model,Y,0.0,3,0.454,0.235,4.629,1.365
81,male,100.0,3.417,different,different,1,0,0,model,Y,0.0,3,0.454,0.186,1.629,0.998
81,male,0.0,1.701,same,different,0,1,0,model,Y,0.0,3,0.454,0.1,0.129,0.868
81,male,0.0,1.701,different,different,1,0,0,model,Y,0.0,3,0.454,0.1,0.129,0.868
81,male,100.0,2.984,different,different,1,0,0,model,Y,0.0,3,0.454,0.193,1.179,1.008
81,male,0.0,1.351,same,same,1,0,0,model,Y,0.0,0,0.454,0.1,0.129,0.668
81,male,0.0,1.701,different,different,1,0,0,model,Y,0.0,3,0.454,0.1,0.129,0.868
81,male,100.0,3.625,different,different,1,0,0,model,Y,0.0,3,0.454,0.223,1.479,1.32
81,male,50.0,2.824,different,different,1,0,0,model,Y,0.0,3,0.454,0.14,1.029,1.051
81,male,150.0,6.386,different,different,1,0,0,model,Y,0.0,3,0.454,0.234,4.479,1.069
82,male,150.0,2.723,same,same,1,0,0,model,Y,0.0,0,0.418,0.309,0.896,1.101
82,male,150.0,2.857,same,same,1,0,0,model,Y,0.0,0,0.418,0.257,1.196,0.986
82,male,150.0,2.6,same,same,1,0,0,model,Y,0.0,0,0.418,0.271,0.896,1.016
82,male,150.0,8.717,different,different,1,0,0,model,Y,0.0,3,0.418,0.281,6.446,1.422
82,male,150.0,3.68,different,different,1,0,0,model,Y,0.0,3,0.418,0.254,1.796,1.062
82,male,150.0,3.757,different,different,1,0,0,model,Y,0.0,3,0.418,0.279,1.496,1.414
82,male,150.0,4.249,different,different,1,0,0,model,Y,0.0,3,0.418,0.254,2.096,1.332
82,male,0.0,1.645,different,different,1,0,0,model,Y,0.0,3,0.418,0.1,0.146,0.831
82,male,50.0,3.766,different,different,1,0,0,model,Y,0.0,3,0.418,0.158,1.946,1.095
82,male,100.0,2.932,different,different,1,0,0,model,Y,0.0,3,0.418,0.183,1.046,1.136
82,male,0.0,1.645,different,different,1,0,0,model,Y,0.0,3,0.418,0.1,0.146,0.831
82,male,0.0,1.645,different,different,1,0,0,model,Y,0.0,3,0.418,0.1,0.146,0.831
82,male,0.0,1.295,same,same,1,0,0,model,Y,0.0,0,0.418,0.1,0.146,0.631
82,male,50.0,1.702,same,same,1,0,0,model,Y,0.0,0,0.418,0.133,0.446,0.706
82,male,0.0,1.645,different,different,1,0,0,model,Y,0.0,3,0.418,0.1,0.146,0.831
82,male,50.0,1.882,same,same,1,0,0,model,Y,0.0,0,0.418,0.142,0.596,0.726
82,male,0.0,1.295,same,same,1,0,0,model,Y,0.0,0,0.418,0.1,0.146,0.631
82,male,150.0,2.986,same,same,1,0,0,model,Y,0.0,0,0.418,0.251,1.346,0.971
82,male,150.0,3.125,same,same,1,0,0,model,Y,0.0,0,0.418,0.201,1.646,0.859
82,male,100.0,2.238,same,same,1,0,0,model,Y,0.0,0,0.418,0.206,0.746,0.869
82,male,50.0,3.027,same,different,0,1,0,model,Y,0.0,3,0.418,0.16,1.196,1.103
82,male,150.0,3.768,different,different,1,0,0,model,Y,0.0,3,0.418,0.211,1.796,1.193
82,male,100.0,2.276,same,same,1,0,0,model,Y,0.0,0,0.418,0.217,0.746,0.895
82,male,150.0,2.939,same,same,1,0,0,model,Y,0.0,0,0.418,0.237,1.346,0.939
82,male,0.0,1.295,same,same,1,0,0,model,Y,0.0,0,0.418,0.1,0.146,0.631
82,male,50.0,2.579,different,different,1,0,0,model,Y,0.0,3,0.418,0.174,0.896,0.942
82,male,150.0,2.755,same,same,1,0,0,model,Y,0.0,0,0.418,0.272,1.046,1.019
82,male,50.0,2.971,different,different,1,0,0,model,Y,0.0,3,0.418,0.15,1.196,1.058
82,male,100.0,3.746,different,different,1,0,0,model,Y,0.0,3,0.418,0.196,1.796,1.185
82,male,100.0,3.664,different,different,1,0,0,model,Y,0.0,3,0.418,0.211,1.646,1.239
82,male,100.0,2.062,same,same,1,0,0,model,Y,0.0,0,0.418,0.197,0.596,0.85
82,male,150.0,2.769,same,same,1,0,0,model,Y,0.0,0,0.418,0.23,1.196,0.925
82,male,100.0,2.325,same,same,1,0,0,model,Y,0.0,0,0.418,0.232,0.746,0.929
82,male,150.0,4.249,different,different,1,0,0,model,Y,0.0,3,0.418,0.253,2.096,1.331
82,male,100.0,2.556,same,same,1,0,0,model,Y,0.0,0,0.418,0.211,1.046,0.881
82,male,0.0,1.295,same,same,1,0,0,model,Y,0.0,0,0.418,0.1,0.146,0.631
82,male,50.0,3.655,different,different,1,0,0,model,Y,0.0,3,0.418,0.138,1.946,1.004
82,male,50.0,2.685,same,different,0,1,0,model,Y,0.0,3,0.418,0.152,0.896,1.069
82,male,50.0,2.972,same,different,0,1,0,model,Y,0.0,3,0.418,0.15,1.196,1.058
82,male,50.0,4.619,different,different,1,0,0,model,Y,0.0,3,0.418,0.15,2.996,0.906
82,male,150.0,2.557,same,same,1,0,0,model,Y,0.0,0,0.418,0.258,0.896,0.986
82,male,0.0,1.645,different,different,1,0,0,model,Y,0.0,3,0.418,0.1,0.146,0.831
82,male,150.0,4.063,different,different,1,0,0,model,Y,0.0,3,0.418,0.287,2.096,1.112
82,male,50.0,1.865,same,same,1,0,0,model,Y,0.0,0,0.418,0.137,0.596,0.714
82,male,50.0,2.482,different,different,1,0,0,model,Y,0.0,3,0.418,0.143,0.746,1.026
82,male,100.0,2.381,same,same,1,0,0,model,Y,0.0,0,0.418,0.203,0.896,0.864
82,male,0.0,1.645,different,different,1,0,0,model,Y,0.0,3,0.418,0.1,0.146,0.831
82,male,150.0,2.726,same,same,1,0,0,model,Y,0.0,0,0.418,0.263,1.046,0.999
82,male,0.0,1.645,different,different,1,0,0,model,Y,0.0,3,0.418,0.1,0.146,0.831
82,male,150.0,6.744,different,different,1,0,0,model,Y,0.0,3,0.418,0.241,4.646,1.29
82,male,100.0,1.919,same,same,1,0,0,model,Y,0.0,0,0.418,0.154,0.596,0.752
82,male,100.0,3.463,different,different,1,0,0,model,Y,0.0,3,0.418,0.2,1.496,1.199
82,male,0.0,1.295,same,same,1,0,0,model,Y,0.0,0,0.418,0.1,0.146,0.631
82,male,50.0,1.745,same,same,1,0,0,model,Y,0.0,0,0.418,0.146,0.446,0.735
82,male,50.0,1.734,same,same,1,0,0,model,Y,0.0,0,0.418,0.143,0.446,0.727
82,male,150.0,2.586,same,same,1,0,0,model,Y,0.0,0,0.418,0.313,0.746,1.11
82,male,150.0,4.453,different,different,1,0,0,model,Y,0.0,3,0.418,0.301,2.096,1.488
82,male,150.0,4.44,different,different,1,0,0,model,Y,0.0,3,0.418,0.298,2.096,1.478
82,male,100.0,3.03,same,same,1,0,0,model,Y,0.0,0,0.418,0.219,1.496,0.898
82,male,150.0,2.835,same,same,1,0,0,model,Y,0.0,0,0.418,0.251,1.196,0.971
82,male,150.0,4.009,different,different,1,0,0,model,Y,0.0,3,0.418,0.268,1.796,1.378
82,male,0.0,1.645,different,different,1,0,0,model,Y,0.0,3,0.418,0.1,0.146,0.831
82,male,0.0,1.295,same,same,1,0,0,model,Y,0.0,0,0.418,0.1,0.146,0.631
82,male,150.0,4.674,different,different,1,0,0,model,Y,0.0,3,0.418,0.318,2.246,1.542
82,male,150.0,3.703,different,different,1,0,0,model,Y,0.0,3,0.418,0.263,1.796,1.076
82,male,100.0,2.367,same,same,1,0,0,model,Y,0.0,0,0.418,0.153,1.046,0.75
82,male,50.0,2.888,different,different,1,0,0,model,Y,0.0,3,0.418,0.135,1.196,0.99
82,male,150.0,4.195,different,different,1,0,0,model,Y,0.0,3,0.418,0.241,2.096,1.29
82,male,150.0,6.608,same,different,0,1,0,model,Y,0.0,3,0.418,0.279,4.346,1.415
82,male,150.0,2.522,same,same,1,0,0,model,Y,0.0,0,0.418,0.247,0.896,0.961
82,male,50.0,1.877,same,same,1,0,0,model,Y,0.0,0,0.418,0.141,0.596,0.723
82,male,0.0,1.295,same,same,1,0,0,model,Y,0.0,0,0.418,0.1,0.146,0.631
82,male,0.0,1.295,same,same,1,0,0,model,Y,0.0,0,0.418,0.1,0.146,0.631
82,male,150.0,3.306,different,different,1,0,0,model,Y,0.0,3,0.418,0.225,1.496,1.018
82,male,150.0,3.873,different,different,1,0,0,model,Y,0.0,3,0.418,0.236,1.796,1.274
82,male,150.0,4.177,different,different,1,0,0,model,Y,0.0,3,0.418,0.237,2.096,1.277
82,male,0.0,1.295,same,same,1,0,0,model,Y,0.0,0,0.418,0.1,0.146,0.631
82,male,100.0,3.231,different,different,1,0,0,model,Y,0.0,3,0.418,0.247,1.046,1.371
82,male,50.0,3.017,different,different,1,0,0,model,Y,0.0,3,0.418,0.131,1.346,0.973
82,male,0.0,1.645,same,different,0,1,0,model,Y,0.0,3,0.418,0.1,0.146,0.831
82,male,0.0,1.295,same,same,1,0,0,model,Y,0.0,0,0.418,0.1,0.146,0.631
82,male,100.0,2.242,same,same,1,0,0,model,Y,0.0,0,0.418,0.207,0.746,0.871
82,male,0.0,1.645,different,different,1,0,0,model,Y,0.0,3,0.418,0.1,0.146,0.831
82,male,150.0,5.49,different,different,1,0,0,model,Y,0.0,3,0.418,0.298,3.146,1.478
82,male,150.0,4.263,different,different,1,0,0,model,Y,0.0,3,0.418,0.222,2.246,1.228
82,male,100.0,2.825,same,same,1,0,0,model,Y,0.0,0,0.418,0.201,1.346,0.86
82,male,150.0,2.416,same,same,1,0,0,model,Y,0.0,0,0.418,0.26,0.746,0.992
82,male,100.0,2.489,same,same,1,0,0,model,Y,0.0,0,0.418,0.191,1.046,0.835
82,male,50.0,2.761,different,different,1,0,0,model,Y,0.0,3,0.418,0.166,0.896,1.132
82,male,50.0,2.051,same,same,1,0,0,model,Y,0.0,0,0.418,0.148,0.746,0.74
82,male,0.0,1.645,different,different,1,0,0,model,Y,0.0,3,0.418,0.1,0.146,0.831
82,male,150.0,2.2,same,same,1,0,0,model,Y,0.0,0,0.418,0.194,0.746,0.842
82,male,0.0,1.645,different,different,1,0,0,model,Y,0.0,3,0.418,0.1,0.146,0.831
82,male,150.0,3.769,same,same,1,0,0,model,Y,0.0,0,0.418,0.261,2.096,0.994
82,male,150.0,3.742,same,same,1,0,0,model,Y,0.0,0,0.418,0.299,1.946,1.079
82,male,0.0,1.295,same,same,1,0,0,model,Y,0.0,0,0.418,0.1,0.146,0.631
83,male,100.0,2.73,same,same,1,0,0,model,Y,0.0,0,0.589,0.21,1.038,0.893
83,male,50.0,2.826,same,same,1,0,0,model,Y,0.0,0,0.589,0.147,1.338,0.751
83,male,100.0,2.425,same,same,1,0,0,model,Y,0.0,0,0.589,0.209,0.738,0.89
83,male,0.0,1.472,same,same,1,0,0,model,Y,0.0,0,0.589,0.1,0.138,0.645
83,male,50.0,3.639,different,different,1,0,0,model,Y,0.0,3,0.589,0.167,1.788,0.945
83,male,0.0,1.822,different,different,1,0,0,model,Y,0.0,3,0.589,0.1,0.138,0.845
83,male,100.0,4.748,different,different,1,0,0,model,Y,0.0,3,0.589,0.213,2.538,1.259
83,male,100.0,2.367,same,same,1,0,0,model,Y,0.0,0,0.589,0.191,0.738,0.849
83,male,50.0,2.259,same,same,1,0,0,model,Y,0.0,0,0.589,0.157,0.738,0.774
83,male,0.0,1.472,same,same,1,0,0,model,Y,0.0,0,0.589,0.1,0.138,0.645
83,male,50.0,3.219,same,same,1,0,0,model,Y,0.0,1,0.589,0.168,1.338,1.073
83,male,100.0,2.774,same,same,1,0,0,model,Y,0.0,0,0.589,0.224,1.038,0.923
83,male,0.0,1.822,different,different,1,0,0,model,Y,0.0,3,0.589,0.1,0.138,0.845
83,male,0.0,1.822,different,different,1,0,0,model,Y,0.0,3,0.589,0.1,0.138,0.845
83,male,0.0,1.472,same,same,1,0,0,model,Y,0.0,0,0.589,0.1,0.138,0.645
83,male,0.0,1.472,same,same,1,0,0,model,Y,0.0,0,0.589,0.1,0.138,0.645
83,male,150.0,3.807,different,different,1,0,0,model,Y,0.0,3,0.589,0.274,1.788,1.006
83,male,50.0,1.886,same,same,1,0,0,model,Y,0.0,0,0.589,0.135,0.438,0.724
83,male,50.0,2.096,same,same,1,0,0,model,Y,0.0,0,0.589,0.153,0.588,0.765
83,male,0.0,1.472,same,same,1,0,0,model,Y,0.0,0,0.589,0.1,0.138,0.645
83,male,150.0,10.683,different,different,1,0,0,model,Y,0.0,3,0.589,0.279,8.238,1.427
83,male,100.0,4.153,same,same,1,0,0,model,Y,0.0,0,0.589,0.233,2.388,0.944
83,male,50.0,3.015,same,same,1,0,0,model,Y,0.0,0,0.589,0.159,1.488,0.778
83,male,0.0,1.822,same,different,0,1,0,model,Y,0.0,3,0.589,0.1,0.138,0.845
83,male,150.0,2.709,same,same,1,0,0,model,Y,0.0,0,0.589,0.296,0.738,1.086
83,male,50.0,3.559,different,different,1,0,0,model,Y,0.0,3,0.589,0.135,1.788,0.897
83,male,150.0,5.021,different,different,1,0,0,model,Y,0.0,3,0.589,0.252,2.688,1.341
83,male,0.0,1.472,same,same,1,0,0,model,Y,0.0,0,0.589,0.1,0.138,0.645
83,male,50.0,1.878,same,same,1,0,0,model,Y,0.0,0,0.589,0.133,0.438,0.718
83,male,150.0,3.546,same,same,1,0,0,model,Y,0.0,0,0.589,0.277,1.638,1.043
83,male,50.0,2.048,same,same,1,0,0,model,Y,0.0,0,0.589,0.139,0.588,0.732
83,male,0.0,1.822,different,different,1,0,0,model,Y,0.0,3,0.589,0.1,0.138,0.845
83,male,150.0,3.859,different,different,1,0,0,model,Y,0.0,3,0.589,0.261,1.488,1.37
83,male,100.0,2.461,same,same,1,0,0,model,Y,0.0,0,0.589,0.22,0.738,0.914
83,male,100.0,3.568,same,same,1,0,0,model,Y,0.0,1,0.589,0.183,1.638,1.107
83,male,0.0,1.472,same,same,1,0,0,model,Y,0.0,0,0.589,0.1,0.138,0.645
83,male,50.0,3.167,different,different,1,0,0,model,Y,0.0,3,0.589,0.153,1.188,1.087
83,male,50.0,2.059,same,same,1,0,0,model,Y,0.0,0,0.589,0.142,0.588,0.74
83,male,150.0,4.916,different,different,1,0,0,model,Y,0.0,3,0.589,0.298,2.388,1.491
83,male,0.0,1.472,same,same,1,0,0,model,Y,0.0,0,0.589,0.1,0.138,0.645
83,male,50.0,3.459,different,different,1,0,0,model,Y,0.0,3,0.589,0.152,1.488,1.081
83,male,100.0,4.153,different,different,1,0,0,model,Y,0.0,3,0.589,0.246,1.788,1.38
83,male,50.0,2.292,same,same,1,0,0,model,Y,0.0,0,0.589,0.168,0.738,0.797
83,male,0.0,1.472,same,same,1,0,0,model,Y,0.0,0,0.589,0.1,0.138,0.645
83,male,50.0,3.125,different,different,1,0,0,model,Y,0.0,3,0.589,0.145,1.188,1.052
83,male,100.0,3.718,different,different,1,0,0,model,Y,0.0,3,0.589,0.217,1.488,1.274
83,male,150.0,4.58,same,same,1,0,0,model,Y,0.0,0,0.589,0.318,2.538,1.135
83,male,150.0,5.264,different,different,1,0,0,model,Y,0.0,3,0.589,0.277,3.138,1.11
83,male,150.0,3.824,different,different,1,0,0,model,Y,0.0,3,0.589,0.253,1.488,1.344
83,male,150.0,3.28,same,same,1,0,0,model,Y,0.0,0,0.589,0.287,1.338,1.066
83,male,0.0,1.472,same,same,1,0,0,model,Y,0.0,0,0.589,0.1,0.138,0.645
83,male,100.0,3.214,same,same,1,0,0,model,Y,0.0,0,0.589,0.221,1.488,0.916
83,male,0.0,1.822,different,different,1,0,0,model,Y,0.0,3,0.589,0.1,0.138,0.845
83,male,100.0,2.472,same,same,1,0,0,model,Y,0.0,0,0.589,0.177,0.888,0.818
83,male,50.0,3.49,different,different,1,0,0,model,Y,0.0,3,0.589,0.157,1.488,1.106
83,male,0.0,1.822,different,different,1,0,0,model,Y,0.0,3,0.589,0.1,0.138,0.845
83,male,100.0,4.09,different,different,1,0,0,model,Y,0.0,3,0.589,0.2,1.938,1.212
83,male,50.0,2.912,same,same,1,0,0,model,Y,0.0,1,0.589,0.137,1.188,0.948
83,male,150.0,2.692,same,same,1,0,0,model,Y,0.0,0,0.589,0.245,0.888,0.971
83,male,100.0,4.548,different,different,1,0,0,model,Y,0.0,3,0.589,0.234,2.238,1.337
83,male,0.0,1.822,different,different,1,0,0,model,Y,0.0,3,0.589,0.1,0.138,0.845
83,male,0.0,1.822,different,different,1,0,0,model,Y,0.0,3,0.589,0.1,0.138,0.845
83,male,0.0,1.472,same,same,1,0,0,model,Y,0.0,0,0.589,0.1,0.138,0.645
83,male,50.0,3.083,different,different,1,0,0,model,Y,0.0,3,0.589,0.138,1.188,1.018
83,male,50.0,2.566,same,same,1,0,0,model,Y,0.0,0,0.589,0.16,1.038,0.779
83,male,100.0,3.407,different,different,1,0,0,model,Y,0.0,3,0.589,0.214,1.188,1.265
83,male,150.0,3.0,same,same,1,0,0,model,Y,0.0,0,0.589,0.247,1.188,0.976
83,male,50.0,3.129,different,different,1,0,0,model,Y,0.0,3,0.589,0.146,1.188,1.056
83,male,50.0,3.959,different,different,1,0,0,model,Y,0.0,3,0.589,0.16,1.938,1.121
83,male,150.0,4.209,same,same,1,0,0,model,Y,0.0,1,0.589,0.251,1.788,1.531
83,male,0.0,1.822,different,different,1,0,0,model,Y,0.0,3,0.589,0.1,0.138,0.845
83,male,150.0,3.373,same,same,1,0,0,model,Y,0.0,0,0.589,0.223,1.638,0.923
83,male,150.0,2.892,same,same,1,0,0,model,Y,0.0,0,0.589,0.26,1.038,1.005
83,male,150.0,3.344,same,same,1,0,0,model,Y,0.0,0,0.589,0.215,1.638,0.903
83,male,50.0,2.236,same,same,1,0,0,model,Y,0.0,0,0.589,0.15,0.738,0.758
83,male,0.0,1.472,same,same,1,0,0,model,Y,0.0,0,0.589,0.1,0.138,0.645
83,male,50.0,2.132,same,same,1,0,0,model,Y,0.0,0,0.589,0.165,0.588,0.79
83,male,100.0,2.673,same,same,1,0,0,model,Y,0.0,0,0.589,0.239,0.888,0.957
83,male,0.0,1.822,different,different,1,0,0,model,Y,0.0,3,0.589,0.1,0.138,0.845
83,male,100.0,2.733,same,same,1,0,0,model,Y,0.0,0,0.589,0.211,1.038,0.895
83,male,0.0,1.472,same,same,1,0,0,model,Y,0.0,0,0.589,0.1,0.138,0.645
83,male,100.0,2.707,same,same,1,0,0,model,Y,0.0,0,0.589,0.203,1.038,0.877
83,male,50.0,2.087,same,same,1,0,0,model,Y,0.0,0,0.589,0.151,0.588,0.759
83,male,0.0,1.822,different,different,1,0,0,model,Y,0.0,3,0.589,0.1,0.138,0.845
83,male,0.0,1.472,same,same,1,0,0,model,Y,0.0,0,0.589,0.1,0.138,0.645
83,male,150.0,4.578,same,different,0,1,0,model,Y,0.0,3,0.589,0.254,2.238,1.347
83,male,50.0,2.25,same,same,1,0,0,model,Y,0.0,0,0.589,0.155,0.738,0.768
83,male,0.0,1.472,same,same,1,0,0,model,Y,0.0,0,0.589,0.1,0.138,0.645
83,male,0.0,1.472,same,same,1,0,0,model,Y,0.0,0,0.589,0.1,0.138,0.645
83,male,150.0,4.401,same,different,0,1,0,model,Y,0.0,3,0.589,0.283,1.938,1.441
83,male,150.0,4.109,different,different,1,0,0,model,Y,0.0,3,0.589,0.195,2.238,0.937
83,male,150.0,3.796,same,same,1,0,0,model,Y,0.0,0,0.589,0.261,1.938,1.008
83,male,0.0,1.472,same,same,1,0,0,model,Y,0.0,0,0.589,0.1,0.138,0.645
83,male,0.0,1.822,different,different,1,0,0,model,Y,0.0,3,0.589,0.1,0.138,0.845
83,male,0.0,1.472,same,same,1,0,0,model,Y,0.0,0,0.589,0.1,0.138,0.645
83,male,100.0,3.111,same,same,1,0,0,model,Y,0.0,1,0.589,0.18,1.488,0.805
84,male,100.0,2.237,same,same,1,0,0,model,Y,0.0,0,0.431,0.242,0.605,0.959
84,male,150.0,4.001,same,different,0,1,0,model,Y,0.0,2,0.431,0.212,2.255,1.003
84,male,50.0,2.192,different,different,1,0,0,model,Y,0.0,2,0.431,0.167,0.755,0.739
84,male,100.0,3.412,same,different,0,1,0,model,Y,0.0,2,0.431,0.247,1.505,1.129
84,male,50.0,2.32,same,same,1,0,0,model,Y,0.0,1,0.431,0.155,0.905,0.779
84,male,50.0,2.495,same,different,0,1,0,model,Y,0.0,2,0.431,0.164,0.905,0.895
84,male,100.0,3.167,different,different,1,0,0,model,Y,0.0,2,0.431,0.223,1.355,1.058
84,male,100.0,4.953,different,same,0,0,1,model,Y,0.0,2,0.431,0.22,3.155,1.047
84,male,150.0,3.968,different,different,1,0,0,model,Y,0.0,2,0.431,0.243,2.105,1.089
84,male,0.0,1.474,different,different,1,0,0,model,Y,0.0,2,0.431,0.1,0.155,0.688
84,male,100.0,2.255,same,same,1,0,0,model,Y,0.0,0,0.431,0.202,0.755,0.867
84,male,50.0,2.451,same,same,1,0,0,model,Y,0.0,1,0.431,0.135,0.905,0.93
84,male,150.0,5.145,different,different,1,0,0,model,Y,0.0,2,0.431,0.237,3.305,1.073
84,male,0.0,1.474,different,different,1,0,0,model,Y,0.0,2,0.431,0.1,0.155,0.688
84,male,0.0,1.474,different,different,1,0,0,model,Y,0.0,2,0.431,0.1,0.155,0.688
84,male,100.0,3.151,different,different,1,0,0,model,Y,0.0,2,0.431,0.182,1.505,0.934
84,male,150.0,5.009,different,different,1,0,0,model,Y,0.0,2,0.431,0.263,3.455,0.761
84,male,50.0,2.763,same,same,1,0,0,model,Y,0.0,1,0.431,0.167,0.905,1.21
84,male,0.0,1.474,same,different,0,1,0,model,Y,0.0,2,0.431,0.1,0.155,0.688
84,male,0.0,1.324,same,same,1,0,0,model,Y,0.0,0,0.431,0.1,0.155,0.638
84,male,0.0,1.324,same,same,1,0,0,model,Y,0.0,0,0.431,0.1,0.155,0.638
84,male,50.0,2.084,same,same,1,0,0,model,Y,0.0,0,0.431,0.149,0.755,0.749
84,male,150.0,3.955,same,different,0,1,0,model,Y,0.0,2,0.431,0.318,1.805,1.301
84,male,100.0,2.358,same,same,1,0,0,model,Y,0.0,0,0.431,0.187,0.905,0.835
84,male,100.0,3.087,same,different,0,1,0,model,Y,0.0,2,0.431,0.205,1.505,0.846
84,male,100.0,4.021,different,different,1,0,0,model,Y,0.0,2,0.431,0.179,2.555,0.756
84,male,0.0,1.474,different,different,1,0,0,model,Y,0.0,2,0.431,0.1,0.155,0.688
84,male,150.0,3.815,different,same,0,0,1,model,Y,0.0,2,0.431,0.194,1.805,1.285
84,male,100.0,3.239,different,different,1,0,0,model,Y,0.0,2,0.431,0.204,1.505,1.0
84,male,100.0,6.328,same,same,1,0,0,model,Y,0.0,2,0.431,0.21,4.205,1.383
84,male,150.0,2.975,same,same,1,0,0,model,Y,0.0,0,0.431,0.239,1.355,0.95
84,male,0.0,1.474,different,different,1,0,0,model,Y,0.0,2,0.431,0.1,0.155,0.688
84,male,50.0,3.824,different,same,0,0,1,model,Y,0.0,2,0.431,0.159,2.255,0.879
84,male,150.0,2.572,same,same,1,0,0,model,Y,0.0,0,0.431,0.207,1.055,0.879
84,male,100.0,2.323,same,same,1,0,0,model,Y,0.0,0,0.431,0.223,0.755,0.914
84,male,0.0,1.324,same,same,1,0,0,model,Y,0.0,0,0.431,0.1,0.155,0.638
84,male,100.0,3.002,same,same,1,0,0,model,Y,0.0,1,0.431,0.19,1.205,1.126
84,male,50.0,2.684,same,same,1,0,0,model,Y,0.0,1,0.431,0.153,0.905,1.145
84,male,50.0,2.457,same,same,1,0,0,model,Y,0.0,1,0.431,0.136,0.905,0.935
84,male,0.0,1.474,different,different,1,0,0,model,Y,0.0,2,0.431,0.1,0.155,0.688
84,male,50.0,3.351,different,same,0,0,1,model,Y,0.0,2,0.431,0.13,1.655,1.034
84,male,150.0,3.343,different,different,1,0,0,model,Y,0.0,2,0.431,0.276,1.355,1.182
84,male,0.0,1.324,same,same,1,0,0,model,Y,0.0,0,0.431,0.1,0.155,0.638
84,male,150.0,3.505,different,different,1,0,0,model,Y,0.0,2,0.431,0.279,1.505,1.19
84,male,150.0,2.361,same,same,1,0,0,model,Y,0.0,0,0.431,0.234,0.755,0.941
84,male,100.0,6.159,same,different,0,1,0,model,Y,0.0,2,0.431,0.184,4.505,0.939
84,male,150.0,4.157,same,same,1,0,0,model,Y,0.0,1,0.431,0.219,2.255,1.202
84,male,50.0,2.27,different,different,1,0,0,model,Y,0.0,2,0.431,0.155,0.905,0.679
84,male,0.0,1.474,same,different,0,1,0,model,Y,0.0,2,0.431,0.1,0.155,0.688
84,male,50.0,2.458,same,different,0,1,0,model,Y,0.0,2,0.431,0.156,0.905,0.867
84,male,50.0,1.898,same,same,1,0,0,model,Y,0.0,0,0.431,0.138,0.605,0.724
84,male,0.0,1.474,different,different,1,0,0,model,Y,0.0,2,0.431,0.1,0.155,0.688
84,male,0.0,1.474,different,different,1,0,0,model,Y,0.0,2,0.431,0.1,0.155,0.688
84,male,0.0,1.324,same,same,1,0,0,model,Y,0.0,0,0.431,0.1,0.155,0.638
84,male,150.0,3.71,different,same,0,0,1,model,Y,0.0,2,0.431,0.254,1.805,1.12
84,male,100.0,3.146,same,different,0,1,0,model,Y,0.0,2,0.431,0.181,1.505,0.93
84,male,50.0,2.545,same,same,1,0,0,model,Y,0.0,1,0.431,0.153,0.905,1.006
84,male,150.0,3.295,same,different,0,1,0,model,Y,0.0,2,0.431,0.263,1.355,1.146
84,male,0.0,1.324,same,same,1,0,0,model,Y,0.0,0,0.431,0.1,0.155,0.638
84,male,150.0,7.256,different,different,1,0,0,model,Y,0.0,2,0.431,0.279,5.255,1.191
84,male,150.0,4.172,same,different,0,1,0,model,Y,0.0,2,0.431,0.296,2.105,1.239
84,male,100.0,3.045,different,different,1,0,0,model,Y,0.0,2,0.431,0.23,1.205,1.079
84,male,150.0,3.664,same,same,1,0,0,model,Y,0.0,1,0.431,0.232,1.505,1.446
84,male,100.0,2.236,same,same,1,0,0,model,Y,0.0,0,0.431,0.242,0.605,0.958
84,male,0.0,1.324,same,same,1,0,0,model,Y,0.0,0,0.431,0.1,0.155,0.638
84,male,150.0,3.992,same,same,1,0,0,model,Y,0.0,1,0.431,0.238,1.805,1.468
84,male,150.0,4.407,different,different,1,0,0,model,Y,0.0,2,0.431,0.24,2.555,1.081
84,male,100.0,3.182,same,same,1,0,0,model,Y,0.0,1,0.431,0.165,1.505,1.031
84,male,100.0,3.303,same,different,0,1,0,model,Y,0.0,2,0.431,0.22,1.505,1.047
84,male,100.0,3.113,different,different,1,0,0,model,Y,0.0,2,0.431,0.172,1.505,0.905
84,male,0.0,1.474,different,different,1,0,0,model,Y,0.0,2,0.431,0.1,0.155,0.688
84,male,150.0,3.503,same,different,0,1,0,model,Y,0.0,2,0.431,0.2,1.805,0.968
84,male,0.0,1.474,same,different,0,1,0,model,Y,0.0,2,0.431,0.1,0.155,0.688
84,male,0.0,1.324,same,same,1,0,0,model,Y,0.0,0,0.431,0.1,0.155,0.638
84,male,50.0,2.704,same,different,0,1,0,model,Y,0.0,2,0.431,0.143,1.205,0.826
84,male,100.0,3.295,same,same,1,0,0,model,Y,0.0,1,0.431,0.213,1.205,1.396
84,male,100.0,3.786,different,different,1,0,0,model,Y,0.0,2,0.431,0.191,2.105,0.96
84,male,150.0,3.916,different,different,1,0,0,model,Y,0.0,2,0.431,0.229,2.105,1.051
84,male,50.0,1.827,same,same,1,0,0,model,Y,0.0,0,0.431,0.162,0.455,0.779
84,male,100.0,2.789,different,different,1,0,0,model,Y,0.0,2,0.431,0.166,1.205,0.887
84,male,50.0,2.325,same,different,0,1,0,model,Y,0.0,2,0.431,0.159,0.755,0.879
84,male,0.0,1.324,same,same,1,0,0,model,Y,0.0,0,0.431,0.1,0.155,0.638
84,male,0.0,1.324,same,same,1,0,0,model,Y,0.0,0,0.431,0.1,0.155,0.638
84,male,100.0,2.049,same,same,1,0,0,model,Y,0.0,0,0.431,0.185,0.605,0.829
84,male,150.0,5.151,different,different,1,0,0,model,Y,0.0,2,0.431,0.238,3.305,1.077
84,male,0.0,1.324,same,same,1,0,0,model,Y,0.0,0,0.431,0.1,0.155,0.638
84,male,150.0,4.753,same,same,1,0,0,model,Y,0.0,1,0.431,0.286,2.555,1.432
84,male,100.0,3.172,same,different,0,1,0,model,Y,0.0,2,0.431,0.199,1.655,0.787
84,male,50.0,2.77,same,different,0,1,0,model,Y,0.0,2,0.431,0.158,1.205,0.876
84,male,100.0,4.342,same,same,1,0,0,model,Y,0.0,2,0.431,0.18,2.705,0.927
84,male,100.0,2.66,different,different,1,0,0,model,Y,0.0,2,0.431,0.206,1.205,0.718
84,male,0.0,1.474,same,different,0,1,0,model,Y,0.0,2,0.431,0.1,0.155,0.688
84,male,0.0,1.474,same,different,0,1,0,model,Y,0.0,2,0.431,0.1,0.155,0.688
84,male,50.0,3.372,different,same,0,0,1,model,Y,0.0,2,0.431,0.16,1.505,1.176
84,male,150.0,2.879,same,same,1,0,0,model,Y,0.0,0,0.431,0.255,1.205,0.988
84,male,150.0,4.519,different,different,1,0,0,model,Y,0.0,2,0.431,0.258,2.855,0.875
85,male,100.0,3.658,different,different,1,0,0,model,Y,0.0,4,0.529,0.166,1.469,1.295
85,male,50.0,2.043,same,same,1,0,0,model,Y,0.0,0,0.529,0.158,0.569,0.787
85,male,0.0,1.406,same,same,1,0,0,model,Y,0.0,0,0.529,0.1,0.119,0.658
85,male,150.0,3.861,different,different,1,0,0,model,Y,0.0,4,0.529,0.218,1.469,1.445
85,male,0.0,1.406,same,same,1,0,0,model,Y,0.0,0,0.529,0.1,0.119,0.658
85,male,50.0,1.854,same,same,1,0,0,model,Y,0.0,0,0.529,0.146,0.419,0.761
85,male,50.0,3.008,different,different,1,0,0,model,Y,0.0,4,0.529,0.144,0.869,1.267
85,male,100.0,4.383,different,different,1,0,0,model,Y,0.0,4,0.529,0.217,1.919,1.518
85,male,0.0,1.956,different,different,1,0,0,model,Y,0.0,4,0.529,0.1,0.119,1.008
85,male,100.0,2.919,same,same,1,0,0,model,Y,0.0,0,0.529,0.15,1.469,0.771
85,male,0.0,1.956,different,different,1,0,0,model,Y,0.0,4,0.529,0.1,0.119,1.008
85,male,0.0,1.406,same,same,1,0,0,model,Y,0.0,0,0.529,0.1,0.119,0.658
85,male,100.0,4.488,different,different,1,0,0,model,Y,0.0,4,0.529,0.18,2.219,1.36
85,male,50.0,2.013,same,same,1,0,0,model,Y,0.0,0,0.529,0.148,0.569,0.767
85,male,0.0,1.956,different,different,1,0,0,model,Y,0.0,4,0.529,0.1,0.119,1.008
85,male,150.0,5.373,different,different,1,0,0,model,Y,0.0,4,0.529,0.316,2.519,1.809
85,male,0.0,1.956,different,different,1,0,0,model,Y,0.0,4,0.529,0.1,0.119,1.008
85,male,100.0,2.391,same,same,1,0,0,model,Y,0.0,0,0.529,0.172,0.869,0.821
85,male,50.0,2.208,same,same,1,0,0,model,Y,0.0,0,0.529,0.162,0.719,0.798
85,male,150.0,3.94,different,different,1,0,0,model,Y,0.0,4,0.529,0.266,1.319,1.626
85,male,150.0,2.655,same,same,1,0,0,model,Y,0.0,0,0.529,0.207,1.019,0.9
85,male,50.0,2.884,different,different,1,0,0,model,Y,0.0,4,0.529,0.147,0.719,1.289
85,male,0.0,1.956,different,different,1,0,0,model,Y,0.0,4,0.529,0.1,0.119,1.008
85,male,0.0,1.406,same,same,1,0,0,model,Y,0.0,0,0.529,0.1,0.119,0.658
85,male,50.0,3.421,different,different,1,0,0,model,Y,0.0,4,0.529,0.146,1.469,1.078
85,male,50.0,2.175,same,same,1,0,0,model,Y,0.0,0,0.529,0.152,0.719,0.775
85,male,150.0,4.164,different,different,1,0,0,model,Y,0.0,4,0.529,0.218,1.769,1.448
85,male,100.0,2.528,same,same,1,0,0,model,Y,0.0,0,0.529,0.215,0.869,0.916
85,male,150.0,2.594,same,same,1,0,0,model,Y,0.0,0,0.529,0.235,0.869,0.962
85,male,100.0,2.078,same,same,1,0,0,model,Y,0.0,0,0.529,0.168,0.569,0.812
85,male,50.0,3.022,different,different,1,0,0,model,Y,0.0,4,0.529,0.167,0.719,1.407
85,male,0.0,1.406,same,same,1,0,0,model,Y,0.0,0,0.529,0.1,0.119,0.658
85,male,0.0,1.406,same,same,1,0,0,model,Y,0.0,0,0.529,0.1,0.119,0.658
85,male,100.0,4.324,different,different,1,0,0,model,Y,0.0,4,0.529,0.15,2.219,1.226
85,male,150.0,3.115,same,same,1,0,0,model,Y,0.0,0,0.529,0.257,1.319,1.01
85,male,100.0,2.108,same,same,1,0,0,model,Y,0.0,0,0.529,0.178,0.569,0.833
85,male,150.0,2.894,same,same,1,0,0,model,Y,0.0,0,0.529,0.281,1.019,1.066
85,male,0.0,1.956,different,different,1,0,0,model,Y,0.0,4,0.529,0.1,0.119,1.008
85,male,100.0,2.141,same,same,1,0,0,model,Y,0.0,0,0.529,0.188,0.569,0.855
85,male,150.0,2.88,same,same,1,0,0,model,Y,0.0,0,0.529,0.231,1.169,0.952
85,male,100.0,5.499,different,different,1,0,0,model,Y,0.0,4,0.529,0.229,2.969,1.572
85,male,100.0,4.34,different,different,1,0,0,model,Y,0.0,4,0.529,0.209,1.919,1.483
85,male,150.0,5.627,different,different,1,0,0,model,Y,0.0,4,0.529,0.248,3.419,1.231
85,male,50.0,2.971,different,different,1,0,0,model,Y,0.0,4,0.529,0.138,0.869,1.235
85,male,150.0,4.99,different,different,1,0,0,model,Y,0.0,4,0.529,0.234,2.519,1.508
85,male,50.0,1.901,same,same,1,0,0,model,Y,0.0,0,0.529,0.16,0.419,0.794
85,male,150.0,2.571,same,same,1,0,0,model,Y,0.0,0,0.529,0.274,0.719,1.049
85,male,50.0,3.006,different,different,1,0,0,model,Y,0.0,4,0.529,0.16,1.019,1.099
85,male,150.0,2.596,same,same,1,0,0,model,Y,0.0,0,0.529,0.235,0.869,0.963
85,male,100.0,3.709,different,different,1,0,0,model,Y,0.0,4,0.529,0.175,1.469,1.336
85,male,100.0,3.634,different,different,1,0,0,model,Y,0.0,4,0.529,0.231,1.469,1.205
85,male,50.0,2.346,same,same,1,0,0,model,Y,0.0,0,0.529,0.159,0.869,0.79
85,male,100.0,2.276,same,same,1,0,0,model,Y,0.0,0,0.529,0.183,0.719,0.846
85,male,100.0,2.221,same,same,1,0,0,model,Y,0.0,0,0.529,0.166,0.719,0.807
85,male,100.0,3.774,different,different,1,0,0,model,Y,0.0,4,0.529,0.215,1.319,1.511
85,male,50.0,2.938,different,different,1,0,0,model,Y,0.0,4,0.529,0.155,0.719,1.336
85,male,100.0,2.227,same,same,1,0,0,model,Y,0.0,0,0.529,0.168,0.719,0.811
85,male,0.0,1.956,different,different,1,0,0,model,Y,0.0,4,0.529,0.1,0.119,1.008
85,male,50.0,2.007,same,same,1,0,0,model,Y,0.0,0,0.529,0.147,0.569,0.763
85,male,100.0,2.398,same,same,1,0,0,model,Y,0.0,0,0.529,0.221,0.719,0.93
85,male,100.0,3.54,different,different,1,0,0,model,Y,0.0,4,0.529,0.2,1.169,1.442
85,male,0.0,1.956,different,different,1,0,0,model,Y,0.0,4,0.529,0.1,0.119,1.008
85,male,150.0,4.134,different,different,1,0,0,model,Y,0.0,4,0.529,0.244,1.619,1.542
85,male,50.0,1.987,same,same,1,0,0,model,Y,0.0,0,0.529,0.14,0.569,0.749
85,male,0.0,1.956,different,different,1,0,0,model,Y,0.0,4,0.529,0.1,0.119,1.008
85,male,100.0,3.755,different,different,1,0,0,model,Y,0.0,4,0.529,0.212,1.319,1.496
85,male,100.0,3.637,different,different,1,0,0,model,Y,0.0,4,0.529,0.218,1.169,1.522
85,male,0.0,1.406,same,same,1,0,0,model,Y,0.0,0,0.529,0.1,0.119,0.658
85,male,0.0,1.956,different,different,1,0,0,model,Y,0.0,4,0.529,0.1,0.119,1.008
85,male,100.0,3.638,different,different,1,0,0,model,Y,0.0,4,0.529,0.162,1.469,1.279
85,male,50.0,2.917,different,different,1,0,0,model,Y,0.0,4,0.529,0.152,0.719,1.317
85,male,50.0,3.34,different,different,1,0,0,model,Y,0.0,4,0.529,0.148,1.169,1.295
85,male,100.0,3.974,different,different,1,0,0,model,Y,0.0,4,0.529,0.188,1.919,1.139
85,male,150.0,2.391,same,same,1,0,0,model,Y,0.0,0,0.529,0.219,0.719,0.925
85,male,150.0,5.54,different,different,1,0,0,model,Y,0.0,4,0.529,0.192,3.269,1.35
85,male,50.0,2.035,same,same,1,0,0,model,Y,0.0,0,0.529,0.155,0.569,0.782
85,male,150.0,8.073,different,different,1,0,0,model,Y,0.0,4,0.529,0.284,5.369,1.691
85,male,0.0,1.406,same,same,1,0,0,model,Y,0.0,0,0.529,0.1,0.119,0.658
85,male,100.0,3.541,different,different,1,0,0,model,Y,0.0,4,0.529,0.2,1.169,1.444
85,male,0.0,1.406,same,same,1,0,0,model,Y,0.0,0,0.529,0.1,0.119,0.658
85,male,50.0,1.851,same,same,1,0,0,model,Y,0.0,0,0.529,0.145,0.419,0.759
85,male,150.0,3.451,same,same,1,0,0,model,Y,0.0,0,0.529,0.314,1.469,1.139
85,male,150.0,2.829,same,same,1,0,0,model,Y,0.0,0,0.529,0.307,0.869,1.125
85,male,150.0,2.909,same,same,1,0,0,model,Y,0.0,0,0.529,0.286,1.019,1.076
85,male,100.0,2.598,same,same,1,0,0,model,Y,0.0,0,0.529,0.236,0.869,0.964
85,male,0.0,1.956,different,different,1,0,0,model,Y,0.0,4,0.529,0.1,0.119,1.008
85,male,150.0,7.171,different,different,1,0,0,model,Y,0.0,4,0.529,0.252,4.619,1.572
85,male,150.0,3.256,same,same,1,0,0,model,Y,0.0,0,0.529,0.254,1.469,1.004
85,male,50.0,1.86,same,same,1,0,0,model,Y,0.0,0,0.529,0.148,0.419,0.765
85,male,150.0,2.554,same,same,1,0,0,model,Y,0.0,0,0.529,0.223,0.869,0.934
85,male,0.0,1.406,same,same,1,0,0,model,Y,0.0,0,0.529,0.1,0.119,0.658
85,male,150.0,4.002,different,different,1,0,0,model,Y,0.0,4,0.529,0.28,1.319,1.675
85,male,150.0,4.167,different,different,1,0,0,model,Y,0.0,4,0.529,0.219,1.769,1.45
85,male,0.0,1.406,same,same,1,0,0,model,Y,0.0,0,0.529,0.1,0.119,0.658
85,male,50.0,3.039,different,different,1,0,0,model,Y,0.0,4,0.529,0.148,0.869,1.294
85,male,100.0,3.206,different,different,1,0,0,model,Y,0.0,4,0.529,0.18,1.169,1.128
86,female,50.0,1.923,same,different,0,1,0,model,Y,0.0,1,0.517,0.145,0.566,0.645
86,female,100.0,2.496,same,same,1,0,0,model,Y,0.0,0,0.517,0.25,0.716,1.014
86,female,150.0,2.624,same,same,1,0,0,model,Y,0.0,0,0.517,0.243,0.866,0.998
86,female,150.0,2.59,same,same,1,0,0,model,Y,0.0,0,0.517,0.233,0.866,0.975
86,female,100.0,3.323,same,different,0,1,0,model,Y,0.0,1,0.517,0.226,1.766,0.765
86,female,0.0,1.409,same,same,1,0,0,model,Y,0.0,0,0.517,0.1,0.116,0.677
86,female,50.0,2.048,same,same,1,0,0,model,Y,0.0,0,0.517,0.158,0.566,0.807
86,female,100.0,2.3,different,different,1,0,0,model,Y,0.0,1,0.517,0.236,0.716,0.781
86,female,100.0,3.184,different,different,1,0,0,model,Y,0.0,1,0.517,0.23,1.616,0.771
86,female,100.0,2.147,same,different,0,1,0,model,Y,0.0,1,0.517,0.235,0.566,0.779
86,female,0.0,1.409,same,same,1,0,0,model,Y,0.0,0,0.517,0.1,0.116,0.677
86,female,150.0,2.689,same,same,1,0,0,model,Y,0.0,0,0.517,0.217,1.016,0.94
86,female,50.0,1.898,different,different,1,0,0,model,Y,0.0,1,0.517,0.135,0.566,0.63
86,female,50.0,1.992,same,same,1,0,0,model,Y,0.0,0,0.517,0.141,0.566,0.768
86,female,150.0,3.341,same,same,1,0,0,model,Y,0.0,0,0.517,0.279,1.466,1.079
86,female,100.0,2.702,same,same,1,0,0,model,Y,0.0,0,0.517,0.221,1.016,0.949
86,female,150.0,2.632,same,same,1,0,0,model,Y,0.0,0,0.517,0.246,0.866,1.004
86,female,50.0,2.059,same,same,1,0,0,model,Y,0.0,0,0.517,0.161,0.566,0.815
86,female,50.0,2.078,different,different,1,0,0,model,Y,0.0,1,0.517,0.148,0.716,0.648
86,female,0.0,1.409,same,same,1,0,0,model,Y,0.0,0,0.517,0.1,0.116,0.677
86,female,50.0,1.927,different,different,1,0,0,model,Y,0.0,1,0.517,0.147,0.566,0.647
86,female,0.0,1.359,different,different,1,0,0,model,Y,0.0,1,0.517,0.1,0.116,0.577
86,female,100.0,2.115,same,same,1,0,0,model,Y,0.0,0,0.517,0.179,0.566,0.854
86,female,50.0,1.825,same,same,1,0,0,model,Y,0.0,0,0.517,0.136,0.416,0.757
86,female,50.0,2.084,same,same,1,0,0,model,Y,0.0,0,0.517,0.169,0.566,0.832
86,female,150.0,2.149,different,different,1,0,0,model,Y,0.0,1,0.517,0.176,0.716,0.69
86,female,100.0,3.069,different,different,1,0,0,model,Y,0.0,1,0.517,0.244,1.466,0.793
86,female,50.0,2.14,same,same,1,0,0,model,Y,0.0,0,0.517,0.14,0.716,0.767
86,female,150.0,2.588,different,different,1,0,0,model,Y,0.0,1,0.517,0.231,1.016,0.774
86,female,50.0,2.16,same,same,1,0,0,model,Y,0.0,0,0.517,0.146,0.716,0.781
86,female,100.0,2.415,same,different,0,1,0,model,Y,0.0,1,0.517,0.222,0.866,0.76
86,female,150.0,2.872,same,same,1,0,0,model,Y,0.0,0,0.517,0.227,1.166,0.962
86,female,0.0,1.409,same,same,1,0,0,model,Y,0.0,0,0.517,0.1,0.116,0.677
86,female,50.0,1.972,same,same,1,0,0,model,Y,0.0,0,0.517,0.135,0.566,0.755
86,female,150.0,2.554,same,different,0,1,0,model,Y,0.0,1,0.517,0.218,1.016,0.753
86,female,50.0,2.573,different,different,1,0,0,model,Y,0.0,1,0.517,0.166,1.166,0.675
86,female,150.0,2.865,same,different,0,1,0,model,Y,0.0,1,0.517,0.282,1.166,0.85
86,female,50.0,2.255,different,different,1,0,0,model,Y,0.0,1,0.517,0.158,0.866,0.664
86,female,50.0,1.888,same,different,0,1,0,model,Y,0.0,1,0.517,0.131,0.566,0.624
86,female,50.0,2.064,same,same,1,0,0,model,Y,0.0,0,0.517,0.163,0.566,0.819
86,female,0.0,1.409,same,same,1,0,0,model,Y,0.0,0,0.517,0.1,0.116,0.677
86,female,50.0,1.978,same,same,1,0,0,model,Y,0.0,0,0.517,0.137,0.566,0.759
86,female,100.0,2.599,different,different,1,0,0,model,Y,0.0,1,0.517,0.236,1.016,0.781
86,female,50.0,1.762,different,different,1,0,0,model,Y,0.0,1,0.517,0.141,0.416,0.638
86,female,100.0,2.366,same,same,1,0,0,model,Y,0.0,0,0.517,0.164,0.866,0.82
86,female,0.0,1.409,same,same,1,0,0,model,Y,0.0,0,0.517,0.1,0.116,0.677
86,female,0.0,1.409,same,same,1,0,0,model,Y,0.0,0,0.517,0.1,0.116,0.677
86,female,50.0,1.924,different,different,1,0,0,model,Y,0.0,1,0.517,0.146,0.566,0.645
86,female,0.0,1.359,different,different,1,0,0,model,Y,0.0,1,0.517,0.1,0.116,0.577
86,female,0.0,1.359,same,different,0,1,0,model,Y,0.0,1,0.517,0.1,0.116,0.577
86,female,50.0,2.395,same,different,0,1,0,model,Y,0.0,1,0.517,0.154,1.016,0.658
86,female,0.0,1.409,same,same,1,0,0,model,Y,0.0,0,0.517,0.1,0.116,0.677
86,female,100.0,2.139,different,different,1,0,0,model,Y,0.0,1,0.517,0.172,0.716,0.684
86,female,50.0,1.937,same,different,0,1,0,model,Y,0.0,1,0.517,0.151,0.566,0.653
86,female,100.0,2.471,same,different,0,1,0,model,Y,0.0,1,0.517,0.185,1.016,0.704
86,female,150.0,2.95,same,same,1,0,0,model,Y,0.0,0,0.517,0.251,1.166,1.017
86,female,100.0,2.254,same,same,1,0,0,model,Y,0.0,0,0.517,0.175,0.716,0.846
86,female,50.0,1.828,same,same,1,0,0,model,Y,0.0,0,0.517,0.136,0.416,0.758
86,female,100.0,3.545,same,same,1,0,0,model,Y,0.0,0,0.517,0.203,1.916,0.909
86,female,150.0,2.789,same,same,1,0,0,model,Y,0.0,0,0.517,0.294,0.866,1.113
86,female,100.0,2.446,same,same,1,0,0,model,Y,0.0,0,0.517,0.234,0.716,0.979
86,female,0.0,1.409,same,same,1,0,0,model,Y,0.0,0,0.517,0.1,0.116,0.677
86,female,0.0,1.409,same,same,1,0,0,model,Y,0.0,0,0.517,0.1,0.116,0.677
86,female,100.0,2.934,same,different,0,1,0,model,Y,0.0,1,0.517,0.19,1.466,0.711
86,female,150.0,2.711,same,same,1,0,0,model,Y,0.0,0,0.517,0.27,0.866,1.059
86,female,50.0,1.757,different,different,1,0,0,model,Y,0.0,1,0.517,0.139,0.416,0.635
86,female,150.0,2.509,same,same,1,0,0,model,Y,0.0,0,0.517,0.254,0.716,1.023
86,female,150.0,3.74,same,different,0,1,0,model,Y,0.0,1,0.517,0.212,2.216,0.745
86,female,150.0,4.168,same,different,0,1,0,model,Y,0.0,1,0.517,0.263,2.516,0.821
86,female,150.0,3.44,same,same,1,0,0,model,Y,0.0,0,0.517,0.263,1.616,1.044
86,female,0.0,1.359,different,different,1,0,0,model,Y,0.0,1,0.517,0.1,0.116,0.577
86,female,100.0,2.706,same,same,1,0,0,model,Y,0.0,0,0.517,0.222,1.016,0.951
86,female,100.0,2.342,different,different,1,0,0,model,Y,0.0,1,0.517,0.193,0.866,0.716
86,female,0.0,1.359,same,different,0,1,0,model,Y,0.0,1,0.517,0.1,0.116,0.577
86,female,0.0,1.359,different,different,1,0,0,model,Y,0.0,1,0.517,0.1,0.116,0.577
86,female,100.0,2.501,same,same,1,0,0,model,Y,0.0,0,0.517,0.159,1.016,0.809
86,female,50.0,2.148,same,same,1,0,0,model,Y,0.0,0,0.517,0.143,0.716,0.772
86,female,100.0,2.759,same,same,1,0,0,model,Y,0.0,0,0.517,0.192,1.166,0.884
86,female,0.0,1.409,same,same,1,0,0,model,Y,0.0,0,0.517,0.1,0.116,0.677
86,female,50.0,2.119,different,different,1,0,0,model,Y,0.0,1,0.517,0.164,0.716,0.673
86,female,50.0,1.923,same,different,0,1,0,model,Y,0.0,1,0.517,0.145,0.566,0.645
86,female,0.0,1.409,same,same,1,0,0,model,Y,0.0,0,0.517,0.1,0.116,0.677
86,female,50.0,2.307,same,same,1,0,0,model,Y,0.0,0,0.517,0.145,0.866,0.779
86,female,100.0,2.223,same,different,0,1,0,model,Y,0.0,1,0.517,0.205,0.716,0.735
86,female,150.0,2.811,same,same,1,0,0,model,Y,0.0,0,0.517,0.208,1.166,0.92
86,female,50.0,1.893,different,different,1,0,0,model,Y,0.0,1,0.517,0.133,0.566,0.627
86,female,0.0,1.359,different,different,1,0,0,model,Y,0.0,1,0.517,0.1,0.116,0.577
86,female,100.0,2.359,different,different,1,0,0,model,Y,0.0,1,0.517,0.2,0.866,0.726
86,female,100.0,3.141,same,same,1,0,0,model,Y,0.0,0,0.517,0.218,1.466,0.941
86,female,150.0,2.511,same,different,0,1,0,model,Y,0.0,1,0.517,0.261,0.866,0.818
86,female,50.0,1.977,different,different,1,0,0,model,Y,0.0,1,0.517,0.167,0.566,0.677
86,female,50.0,2.823,same,same,1,0,0,model,Y,0.0,0,0.517,0.166,1.316,0.824
86,female,150.0,2.501,same,different,0,1,0,model,Y,0.0,1,0.517,0.257,0.866,0.812
86,female,100.0,2.22,same,different,0,1,0,model,Y,0.0,1,0.517,0.204,0.716,0.733
86,female,150.0,2.692,same,different,0,1,0,model,Y,0.0,1,0.517,0.273,1.016,0.836
86,female,0.0,1.359,different,different,1,0,0,model,Y,0.0,1,0.517,0.1,0.116,0.577
87,male,100.0,3.06,same,different,0,1,0,model,Y,0.0,2,0.437,0.202,1.334,0.987
87,male,100.0,2.738,same,same,1,0,0,model,Y,0.0,0,0.437,0.219,1.184,0.898
87,male,0.0,1.452,different,different,1,0,0,model,Y,0.0,2,0.437,0.1,0.134,0.681
87,male,150.0,6.909,different,different,1,0,0,model,Y,0.0,2,0.437,0.272,4.934,1.165
87,male,50.0,2.365,same,same,1,0,0,model,Y,0.0,0,0.437,0.15,1.034,0.744
87,male,150.0,5.064,different,different,1,0,0,model,Y,0.0,2,0.437,0.261,3.134,1.132
87,male,100.0,4.33,same,different,0,1,0,model,Y,0.0,2,0.437,0.22,2.534,1.039
87,male,0.0,1.452,same,different,0,1,0,model,Y,0.0,2,0.437,0.1,0.134,0.681
87,male,0.0,1.452,same,different,0,1,0,model,Y,0.0,2,0.437,0.1,0.134,0.681
87,male,50.0,1.768,same,same,1,0,0,model,Y,0.0,0,0.437,0.151,0.434,0.746
87,male,100.0,2.937,same,same,1,0,0,model,Y,0.0,0,0.437,0.234,1.334,0.932
87,male,50.0,2.238,same,same,1,0,0,model,Y,0.0,0,0.437,0.157,0.884,0.76
87,male,150.0,2.652,same,same,1,0,0,model,Y,0.0,0,0.437,0.192,1.184,0.839
87,male,150.0,2.522,same,same,1,0,0,model,Y,0.0,0,0.437,0.245,0.884,0.956
87,male,0.0,1.452,different,different,1,0,0,model,Y,0.0,2,0.437,0.1,0.134,0.681
87,male,150.0,4.839,different,different,1,0,0,model,Y,0.0,2,0.437,0.32,2.684,1.298
87,male,100.0,3.007,different,different,1,0,0,model,Y,0.0,2,0.437,0.182,1.484,0.804
87,male,150.0,3.085,same,same,1,0,0,model,Y,0.0,0,0.437,0.279,1.334,1.034
87,male,50.0,2.194,same,same,1,0,0,model,Y,0.0,0,0.437,0.144,0.884,0.729
87,male,150.0,3.552,different,different,1,0,0,model,Y,0.0,2,0.437,0.257,1.634,1.123
87,male,150.0,3.226,same,same,1,0,0,model,Y,0.0,0,0.437,0.277,1.484,1.028
87,male,100.0,2.311,same,same,1,0,0,model,Y,0.0,0,0.437,0.18,0.884,0.81
87,male,100.0,3.183,different,different,1,0,0,model,Y,0.0,2,0.437,0.195,1.484,0.967
87,male,150.0,4.36,different,different,1,0,0,model,Y,0.0,2,0.437,0.233,2.534,1.055
87,male,100.0,2.956,same,same,1,0,0,model,Y,0.0,0,0.437,0.24,1.334,0.945
87,male,50.0,2.635,same,different,0,1,0,model,Y,0.0,2,0.437,0.153,1.184,0.761
87,male,150.0,3.607,different,different,1,0,0,model,Y,0.0,2,0.437,0.272,1.634,1.164
87,male,0.0,1.452,different,different,1,0,0,model,Y,0.0,2,0.437,0.1,0.134,0.681
87,male,100.0,2.461,same,same,1,0,0,model,Y,0.0,0,0.437,0.18,1.034,0.81
87,male,150.0,3.081,same,same,1,0,0,model,Y,0.0,0,0.437,0.232,1.484,0.928
87,male,150.0,3.157,same,same,1,0,0,model,Y,0.0,0,0.437,0.302,1.334,1.085
87,male,150.0,3.231,same,same,1,0,0,model,Y,0.0,0,0.437,0.232,1.634,0.928
87,male,150.0,4.53,different,different,1,0,0,model,Y,0.0,2,0.437,0.239,2.684,1.071
87,male,50.0,2.834,different,different,1,0,0,model,Y,0.0,2,0.437,0.143,1.334,0.82
87,male,50.0,4.219,different,different,1,0,0,model,Y,0.0,2,0.437,0.152,2.684,0.847
87,male,150.0,2.917,same,same,1,0,0,model,Y,0.0,0,0.437,0.274,1.184,1.022
87,male,0.0,1.302,same,same,1,0,0,model,Y,0.0,0,0.437,0.1,0.134,0.631
87,male,0.0,1.302,same,same,1,0,0,model,Y,0.0,0,0.437,0.1,0.134,0.631
87,male,50.0,1.906,same,same,1,0,0,model,Y,0.0,0,0.437,0.147,0.584,0.738
87,male,0.0,1.302,same,same,1,0,0,model,Y,0.0,0,0.437,0.1,0.134,0.631
87,male,50.0,2.529,same,same,1,0,0,model,Y,0.0,0,0.437,0.155,1.184,0.754
87,male,100.0,3.398,different,different,1,0,0,model,Y,0.0,2,0.437,0.212,1.634,1.016
87,male,100.0,3.198,same,different,0,1,0,model,Y,0.0,2,0.437,0.198,1.634,0.829
87,male,0.0,1.302,same,same,1,0,0,model,Y,0.0,0,0.437,0.1,0.134,0.631
87,male,150.0,3.227,same,same,1,0,0,model,Y,0.0,0,0.437,0.231,1.634,0.925
87,male,0.0,1.302,same,same,1,0,0,model,Y,0.0,0,0.437,0.1,0.134,0.631
87,male,100.0,3.204,different,different,1,0,0,model,Y,0.0,2,0.437,0.238,1.334,1.095
87,male,100.0,2.519,same,same,1,0,0,model,Y,0.0,0,0.437,0.198,1.034,0.85
87,male,50.0,2.406,same,same,1,0,0,model,Y,0.0,0,0.437,0.163,1.034,0.772
87,male,150.0,3.994,different,different,1,0,0,model,Y,0.0,2,0.437,0.255,2.084,1.118
87,male,150.0,3.88,same,different,0,1,0,model,Y,0.0,2,0.437,0.231,2.234,0.878
87,male,0.0,1.452,different,different,1,0,0,model,Y,0.0,2,0.437,0.1,0.134,0.681
87,male,0.0,1.452,different,different,1,0,0,model,Y,0.0,2,0.437,0.1,0.134,0.681
87,male,100.0,5.121,different,different,1,0,0,model,Y,0.0,2,0.437,0.23,3.284,1.07
87,male,100.0,3.428,different,different,1,0,0,model,Y,0.0,2,0.437,0.219,1.634,1.038
87,male,100.0,1.972,same,same,1,0,0,model,Y,0.0,0,0.437,0.168,0.584,0.784
87,male,0.0,1.302,same,same,1,0,0,model,Y,0.0,0,0.437,0.1,0.134,0.631
87,male,100.0,3.999,different,different,1,0,0,model,Y,0.0,2,0.437,0.212,2.234,1.016
87,male,100.0,2.381,same,same,1,0,0,model,Y,0.0,0,0.437,0.155,1.034,0.755
87,male,150.0,4.374,different,different,1,0,0,model,Y,0.0,2,0.437,0.237,2.534,1.066
87,male,150.0,4.345,different,different,1,0,0,model,Y,0.0,2,0.437,0.229,2.534,1.044
87,male,150.0,2.633,same,same,1,0,0,model,Y,0.0,0,0.437,0.187,1.184,0.826
87,male,100.0,6.0,different,different,1,0,0,model,Y,0.0,2,0.437,0.225,4.184,1.054
87,male,100.0,3.337,different,different,1,0,0,model,Y,0.0,2,0.437,0.234,1.484,1.082
87,male,0.0,1.302,same,same,1,0,0,model,Y,0.0,0,0.437,0.1,0.134,0.631
87,male,0.0,1.452,different,different,1,0,0,model,Y,0.0,2,0.437,0.1,0.134,0.681
87,male,0.0,1.452,different,different,1,0,0,model,Y,0.0,2,0.437,0.1,0.134,0.681
87,male,0.0,1.302,same,same,1,0,0,model,Y,0.0,0,0.437,0.1,0.134,0.631
87,male,0.0,1.302,same,same,1,0,0,model,Y,0.0,0,0.437,0.1,0.134,0.631
87,male,50.0,2.704,same,same,1,0,0,model,Y,0.0,0,0.437,0.162,1.334,0.771
87,male,100.0,3.313,different,different,1,0,0,model,Y,0.0,2,0.437,0.19,1.634,0.952
87,male,50.0,2.767,different,different,1,0,0,model,Y,0.0,2,0.437,0.163,1.184,0.883
87,male,0.0,1.302,same,same,1,0,0,model,Y,0.0,0,0.437,0.1,0.134,0.631
87,male,0.0,1.302,same,same,1,0,0,model,Y,0.0,0,0.437,0.1,0.134,0.631
87,male,0.0,1.302,same,same,1,0,0,model,Y,0.0,0,0.437,0.1,0.134,0.631
87,male,150.0,4.515,different,different,1,0,0,model,Y,0.0,2,0.437,0.274,2.534,1.17
87,male,50.0,2.802,different,different,1,0,0,model,Y,0.0,2,0.437,0.136,1.334,0.796
87,male,0.0,1.302,same,same,1,0,0,model,Y,0.0,0,0.437,0.1,0.134,0.631
87,male,0.0,1.452,different,different,1,0,0,model,Y,0.0,2,0.437,0.1,0.134,0.681
87,male,100.0,4.332,different,different,1,0,0,model,Y,0.0,2,0.437,0.183,2.684,0.928
87,male,100.0,3.394,same,different,0,1,0,model,Y,0.0,2,0.437,0.173,1.784,0.9
87,male,50.0,2.225,same,same,1,0,0,model,Y,0.0,0,0.437,0.153,0.884,0.75
87,male,0.0,1.302,same,same,1,0,0,model,Y,0.0,0,0.437,0.1,0.134,0.631
87,male,100.0,3.764,same,different,0,1,0,model,Y,0.0,2,0.437,0.191,2.084,0.952
87,male,100.0,3.609,same,different,0,1,0,model,Y,0.0,2,0.437,0.189,1.934,0.948
87,male,50.0,3.119,different,different,1,0,0,model,Y,0.0,2,0.437,0.14,1.634,0.808
87,male,0.0,1.452,different,different,1,0,0,model,Y,0.0,2,0.437,0.1,0.134,0.681
87,male,0.0,1.452,different,different,1,0,0,model,Y,0.0,2,0.437,0.1,0.134,0.681
87,male,0.0,1.452,different,different,1,0,0,model,Y,0.0,2,0.437,0.1,0.134,0.681
87,male,150.0,3.526,different,different,1,0,0,model,Y,0.0,2,0.437,0.251,1.634,1.105
87,male,0.0,1.302,same,same,1,0,0,model,Y,0.0,0,0.437,0.1,0.134,0.631
87,male,50.0,2.803,different,different,1,0,0,model,Y,0.0,2,0.437,0.136,1.334,0.796
87,male,0.0,1.302,same,same,1,0,0,model,Y,0.0,0,0.437,0.1,0.134,0.631
87,male,100.0,2.513,same,same,1,0,0,model,Y,0.0,0,0.437,0.196,1.034,0.847
87,male,0.0,1.452,different,different,1,0,0,model,Y,0.0,2,0.437,0.1,0.134,0.681
87,male,50.0,3.341,different,different,1,0,0,model,Y,0.0,2,0.437,0.136,1.934,0.734
88,male,150.0,5.585,different,same,0,0,1,model,Y,0.0,3,0.578,0.234,2.865,1.758
88,male,150.0,2.703,same,same,1,0,0,model,Y,0.0,0,0.578,0.209,1.065,0.851
88,male,150.0,4.308,different,same,0,0,1,model,Y,0.0,3,0.578,0.248,2.565,0.766
88,male,0.0,1.798,different,different,1,0,0,model,Y,0.0,3,0.578,0.1,0.165,0.805
88,male,100.0,2.37,same,same,1,0,0,model,Y,0.0,0,0.578,0.199,0.765,0.827
88,male,150.0,2.712,same,same,1,0,0,model,Y,0.0,0,0.578,0.258,0.915,0.961
88,male,100.0,3.073,same,same,1,0,0,model,Y,0.0,0,0.578,0.231,1.365,0.899
88,male,150.0,4.17,different,different,1,0,0,model,Y,0.0,3,0.578,0.199,2.115,1.127
88,male,0.0,1.448,same,same,1,0,0,model,Y,0.0,0,0.578,0.1,0.165,0.605
88,male,100.0,2.336,same,same,1,0,0,model,Y,0.0,0,0.578,0.189,0.765,0.804
88,male,0.0,1.448,same,same,1,0,0,model,Y,0.0,0,0.578,0.1,0.165,0.605
88,male,0.0,1.798,different,different,1,0,0,model,Y,0.0,3,0.578,0.1,0.165,0.805
88,male,0.0,1.448,same,same,1,0,0,model,Y,0.0,0,0.578,0.1,0.165,0.605
88,male,50.0,2.095,same,same,1,0,0,model,Y,0.0,0,0.578,0.16,0.615,0.741
88,male,50.0,4.415,different,same,0,0,1,model,Y,0.0,3,0.578,0.166,1.965,1.555
88,male,150.0,4.604,different,same,0,0,1,model,Y,0.0,3,0.578,0.245,1.815,1.816
88,male,100.0,2.809,same,same,1,0,0,model,Y,0.0,1,0.578,0.192,1.215,0.774
88,male,150.0,4.044,different,different,1,0,0,model,Y,0.0,3,0.578,0.24,1.815,1.261
88,male,0.0,1.798,same,different,0,1,0,model,Y,0.0,3,0.578,0.1,0.165,0.805
88,male,100.0,3.139,same,same,1,0,0,model,Y,0.0,1,0.578,0.193,1.215,1.103
88,male,150.0,3.789,same,same,1,0,0,model,Y,0.0,1,0.578,0.233,1.515,1.413
88,male,50.0,2.869,different,different,1,0,0,model,Y,0.0,3,0.578,0.131,1.065,0.945
88,male,0.0,1.798,different,different,1,0,0,model,Y,0.0,3,0.578,0.1,0.165,0.805
88,male,100.0,2.342,same,same,1,0,0,model,Y,0.0,0,0.578,0.237,0.615,0.912
88,male,100.0,2.476,same,same,1,0,0,model,Y,0.0,0,0.578,0.186,0.915,0.797
88,male,150.0,3.046,same,same,1,0,0,model,Y,0.0,0,0.578,0.269,1.215,0.984
88,male,100.0,3.864,different,different,1,0,0,model,Y,0.0,3,0.578,0.189,1.815,1.132
88,male,50.0,3.201,different,different,1,0,0,model,Y,0.0,3,0.578,0.163,1.215,1.095
88,male,100.0,2.218,same,same,1,0,0,model,Y,0.0,0,0.578,0.199,0.615,0.826
88,male,100.0,4.378,same,same,1,0,0,model,Y,0.0,1,0.578,0.196,2.265,1.289
88,male,50.0,3.491,different,different,1,0,0,model,Y,0.0,3,0.578,0.162,1.515,1.086
88,male,150.0,2.66,same,same,1,0,0,model,Y,0.0,0,0.578,0.196,1.065,0.821
88,male,100.0,4.034,different,different,1,0,0,model,Y,0.0,3,0.578,0.225,1.815,1.265
88,male,100.0,3.445,same,same,1,0,0,model,Y,0.0,1,0.578,0.194,1.515,1.108
88,male,50.0,3.317,same,different,0,1,0,model,Y,0.0,3,0.578,0.13,1.515,0.943
88,male,50.0,2.667,different,different,1,0,0,model,Y,0.0,3,0.578,0.148,0.765,1.025
88,male,100.0,4.068,different,different,1,0,0,model,Y,0.0,3,0.578,0.233,1.815,1.292
88,male,0.0,1.448,same,same,1,0,0,model,Y,0.0,0,0.578,0.1,0.165,0.605
88,male,0.0,1.448,same,same,1,0,0,model,Y,0.0,0,0.578,0.1,0.165,0.605
88,male,0.0,1.448,same,same,1,0,0,model,Y,0.0,0,0.578,0.1,0.165,0.605
88,male,0.0,1.798,different,different,1,0,0,model,Y,0.0,3,0.578,0.1,0.165,0.805
88,male,150.0,4.657,different,different,1,0,0,model,Y,0.0,3,0.578,0.208,2.565,1.156
88,male,0.0,1.798,different,different,1,0,0,model,Y,0.0,3,0.578,0.1,0.165,0.805
88,male,50.0,2.706,different,different,1,0,0,model,Y,0.0,3,0.578,0.128,0.915,0.934
88,male,0.0,1.798,different,different,1,0,0,model,Y,0.0,3,0.578,0.1,0.165,0.805
88,male,100.0,3.583,different,different,1,0,0,model,Y,0.0,3,0.578,0.193,1.515,1.147
88,male,100.0,3.835,different,same,0,0,1,model,Y,0.0,3,0.578,0.183,1.815,1.109
88,male,100.0,3.116,different,different,1,0,0,model,Y,0.0,3,0.578,0.207,1.215,0.965
88,male,0.0,1.798,different,different,1,0,0,model,Y,0.0,3,0.578,0.1,0.165,0.805
88,male,0.0,1.798,different,different,1,0,0,model,Y,0.0,3,0.578,0.1,0.165,0.805
88,male,50.0,4.112,different,same,0,0,1,model,Y,0.0,3,0.578,0.136,2.565,0.682
88,male,150.0,3.623,different,different,1,0,0,model,Y,0.0,3,0.578,0.247,1.365,1.283
88,male,50.0,1.93,same,same,1,0,0,model,Y,0.0,0,0.578,0.156,0.465,0.731
88,male,100.0,3.129,same,same,1,0,0,model,Y,0.0,0,0.578,0.202,1.515,0.834
88,male,150.0,5.497,same,same,1,0,0,model,Y,0.0,1,0.578,0.324,3.015,1.53
88,male,0.0,1.798,same,different,0,1,0,model,Y,0.0,3,0.578,0.1,0.165,0.805
88,male,0.0,1.798,different,different,1,0,0,model,Y,0.0,3,0.578,0.1,0.165,0.805
88,male,150.0,4.163,different,different,1,0,0,model,Y,0.0,3,0.578,0.303,1.665,1.467
88,male,150.0,2.926,same,same,1,0,0,model,Y,0.0,0,0.578,0.232,1.215,0.901
88,male,100.0,3.355,different,different,1,0,0,model,Y,0.0,3,0.578,0.176,1.365,1.085
88,male,100.0,3.915,different,different,1,0,0,model,Y,0.0,3,0.578,0.2,1.815,1.172
88,male,100.0,3.535,different,different,1,0,0,model,Y,0.0,3,0.578,0.215,1.365,1.227
88,male,150.0,5.434,different,different,1,0,0,model,Y,0.0,3,0.578,0.249,3.165,1.292
88,male,0.0,1.448,same,same,1,0,0,model,Y,0.0,0,0.578,0.1,0.165,0.605
88,male,50.0,2.586,same,different,0,1,0,model,Y,0.0,3,0.578,0.15,0.915,0.792
88,male,100.0,2.268,same,same,1,0,0,model,Y,0.0,0,0.578,0.168,0.765,0.757
88,male,50.0,2.623,different,different,1,0,0,model,Y,0.0,3,0.578,0.14,0.765,0.989
88,male,100.0,3.101,same,same,1,0,0,model,Y,0.0,0,0.578,0.193,1.515,0.814
88,male,100.0,3.854,different,different,1,0,0,model,Y,0.0,3,0.578,0.155,1.965,1.006
88,male,150.0,2.955,same,same,1,0,0,model,Y,0.0,0,0.578,0.287,1.065,1.025
88,male,150.0,4.453,different,different,1,0,0,model,Y,0.0,3,0.578,0.265,2.115,1.344
88,male,100.0,4.683,different,different,1,0,0,model,Y,0.0,3,0.578,0.172,2.715,1.068
88,male,100.0,2.935,different,different,1,0,0,model,Y,0.0,3,0.578,0.195,1.065,0.947
88,male,100.0,3.683,different,different,1,0,0,model,Y,0.0,3,0.578,0.177,1.965,0.813
88,male,50.0,2.095,same,same,1,0,0,model,Y,0.0,0,0.578,0.161,0.615,0.741
88,male,0.0,1.798,different,different,1,0,0,model,Y,0.0,3,0.578,0.1,0.165,0.805
88,male,150.0,3.799,same,same,1,0,0,model,Y,0.0,1,0.578,0.279,1.515,1.376
88,male,50.0,2.902,same,same,1,0,0,model,Y,0.0,1,0.578,0.169,0.915,1.189
88,male,100.0,4.012,different,different,1,0,0,model,Y,0.0,3,0.578,0.221,1.815,1.248
88,male,150.0,2.349,same,same,1,0,0,model,Y,0.0,0,0.578,0.193,0.765,0.813
88,male,100.0,3.904,different,different,1,0,0,model,Y,0.0,3,0.578,0.198,1.815,1.163
88,male,50.0,1.998,same,same,1,0,0,model,Y,0.0,0,0.578,0.131,0.615,0.674
88,male,100.0,3.804,different,different,1,0,0,model,Y,0.0,3,0.578,0.176,1.815,1.085
88,male,150.0,4.13,different,different,1,0,0,model,Y,0.0,3,0.578,0.295,1.665,1.441
88,male,0.0,1.798,different,different,1,0,0,model,Y,0.0,3,0.578,0.1,0.165,0.805
88,male,100.0,2.512,same,same,1,0,0,model,Y,0.0,0,0.578,0.197,0.915,0.822
88,male,150.0,5.25,different,same,0,0,1,model,Y,0.0,3,0.578,0.276,2.865,1.38
88,male,0.0,1.798,different,different,1,0,0,model,Y,0.0,3,0.578,0.1,0.165,0.805
88,male,50.0,2.784,different,different,1,0,0,model,Y,0.0,3,0.578,0.142,0.915,0.998
88,male,0.0,1.448,same,same,1,0,0,model,Y,0.0,0,0.578,0.1,0.165,0.605
88,male,0.0,1.448,same,same,1,0,0,model,Y,0.0,0,0.578,0.1,0.165,0.605
88,male,100.0,2.405,same,same,1,0,0,model,Y,0.0,0,0.578,0.21,0.765,0.852
88,male,50.0,2.212,same,same,1,0,0,model,Y,0.0,0,0.578,0.151,0.765,0.718
88,male,150.0,8.118,different,different,1,0,0,model,Y,0.0,3,0.578,0.316,5.565,1.509
88,male,50.0,1.93,same,same,1,0,0,model,Y,0.0,0,0.578,0.156,0.465,0.73
88,male,100.0,2.9,different,different,1,0,0,model,Y,0.0,3,0.578,0.221,1.065,0.886
89,female,100.0,4.339,same,different,0,1,0,model,Y,0.0,3,0.383,0.23,2.249,1.327
89,female,100.0,3.662,different,different,1,0,0,model,Y,0.0,3,0.383,0.246,1.499,1.385
89,female,50.0,1.791,same,same,1,0,0,model,Y,0.0,0,0.383,0.165,0.449,0.795
89,female,0.0,1.279,same,same,1,0,0,model,Y,0.0,0,0.383,0.1,0.149,0.648
89,female,100.0,3.457,different,different,1,0,0,model,Y,0.0,3,0.383,0.171,1.799,0.954
89,female,0.0,1.629,different,different,1,0,0,model,Y,0.0,3,0.383,0.1,0.149,0.848
89,female,0.0,1.629,different,different,1,0,0,model,Y,0.0,3,0.383,0.1,0.149,0.848
89,female,0.0,1.279,same,same,1,0,0,model,Y,0.0,0,0.383,0.1,0.149,0.648
89,female,0.0,1.629,different,different,1,0,0,model,Y,0.0,3,0.383,0.1,0.149,0.848
89,female,50.0,2.506,different,different,1,0,0,model,Y,0.0,3,0.383,0.15,0.749,1.075
89,female,150.0,5.129,different,different,1,0,0,model,Y,0.0,3,0.383,0.288,2.849,1.46
89,female,0.0,1.279,same,same,1,0,0,model,Y,0.0,0,0.383,0.1,0.149,0.648
89,female,150.0,6.253,different,different,1,0,0,model,Y,0.0,3,0.383,0.199,4.349,1.172
89,female,50.0,2.191,same,same,1,0,0,model,Y,0.0,0,0.383,0.15,0.899,0.76
89,female,150.0,2.824,same,same,1,0,0,model,Y,0.0,0,0.383,0.252,1.199,0.99
89,female,0.0,1.279,same,same,1,0,0,model,Y,0.0,0,0.383,0.1,0.149,0.648
89,female,50.0,2.512,different,different,1,0,0,model,Y,0.0,3,0.383,0.153,0.899,0.928
89,female,150.0,3.421,same,same,1,0,0,model,Y,0.0,0,0.383,0.205,1.949,0.884
89,female,100.0,2.882,same,same,1,0,0,model,Y,0.0,0,0.383,0.178,1.499,0.823
89,female,100.0,3.296,same,same,1,0,0,model,Y,0.0,0,0.383,0.213,1.799,0.902
89,female,50.0,2.998,different,different,1,0,0,model,Y,0.0,3,0.383,0.157,1.199,1.109
89,female,150.0,2.864,same,same,1,0,0,model,Y,0.0,0,0.383,0.311,1.049,1.122
89,female,0.0,1.629,different,different,1,0,0,model,Y,0.0,3,0.383,0.1,0.149,0.848
89,female,150.0,2.623,same,same,1,0,0,model,Y,0.0,0,0.383,0.236,1.049,0.955
89,female,100.0,2.07,same,same,1,0,0,model,Y,0.0,0,0.383,0.205,0.599,0.884
89,female,0.0,1.629,different,different,1,0,0,model,Y,0.0,3,0.383,0.1,0.149,0.848
89,female,100.0,3.414,different,different,1,0,0,model,Y,0.0,3,0.383,0.193,1.499,1.19
89,female,100.0,2.607,same,same,1,0,0,model,Y,0.0,0,0.383,0.186,1.199,0.84
89,female,150.0,2.451,same,same,1,0,0,model,Y,0.0,0,0.383,0.276,0.749,1.044
89,female,100.0,3.23,different,different,1,0,0,model,Y,0.0,3,0.383,0.218,1.199,1.281
89,female,100.0,3.273,different,different,1,0,0,model,Y,0.0,3,0.383,0.227,1.199,1.315
89,female,150.0,4.098,different,different,1,0,0,model,Y,0.0,3,0.383,0.257,1.949,1.359
89,female,150.0,2.352,same,same,1,0,0,model,Y,0.0,0,0.383,0.199,0.899,0.872
89,female,0.0,1.629,same,different,0,1,0,model,Y,0.0,3,0.383,0.1,0.149,0.848
89,female,100.0,2.505,same,same,1,0,0,model,Y,0.0,0,0.383,0.154,1.199,0.77
89,female,0.0,1.629,different,different,1,0,0,model,Y,0.0,3,0.383,0.1,0.149,0.848
89,female,150.0,3.745,different,different,1,0,0,model,Y,0.0,3,0.383,0.209,1.799,1.204
89,female,0.0,1.279,same,same,1,0,0,model,Y,0.0,0,0.383,0.1,0.149,0.648
89,female,100.0,4.628,different,different,1,0,0,model,Y,0.0,3,0.383,0.196,2.699,1.2
89,female,0.0,1.279,same,same,1,0,0,model,Y,0.0,0,0.383,0.1,0.149,0.648
89,female,150.0,5.665,different,different,1,0,0,model,Y,0.0,3,0.383,0.273,3.449,1.411
89,female,50.0,2.901,different,different,1,0,0,model,Y,0.0,3,0.383,0.167,1.049,1.153
89,female,100.0,2.138,same,same,1,0,0,model,Y,0.0,0,0.383,0.18,0.749,0.827
89,female,0.0,1.279,same,same,1,0,0,model,Y,0.0,0,0.383,0.1,0.149,0.648
89,female,100.0,2.873,same,same,1,0,0,model,Y,0.0,0,0.383,0.221,1.349,0.92
89,female,150.0,4.219,different,different,1,0,0,model,Y,0.0,3,0.383,0.215,2.249,1.223
89,female,50.0,1.723,same,same,1,0,0,model,Y,0.0,0,0.383,0.144,0.449,0.748
89,female,150.0,2.699,same,same,1,0,0,model,Y,0.0,0,0.383,0.26,1.049,1.008
89,female,50.0,1.798,same,same,1,0,0,model,Y,0.0,0,0.383,0.167,0.449,0.799
89,female,50.0,2.661,different,different,1,0,0,model,Y,0.0,3,0.383,0.151,0.899,1.079
89,female,100.0,3.09,different,different,1,0,0,model,Y,0.0,3,0.383,0.204,1.349,1.005
89,female,100.0,3.884,different,different,1,0,0,model,Y,0.0,3,0.383,0.229,1.799,1.323
89,female,150.0,2.611,same,same,1,0,0,model,Y,0.0,0,0.383,0.279,0.899,1.051
89,female,0.0,1.629,different,different,1,0,0,model,Y,0.0,3,0.383,0.1,0.149,0.848
89,female,100.0,2.503,same,same,1,0,0,model,Y,0.0,0,0.383,0.2,1.049,0.872
89,female,150.0,2.929,same,same,1,0,0,model,Y,0.0,0,0.383,0.285,1.199,1.063
89,female,150.0,9.013,different,different,1,0,0,model,Y,0.0,3,0.383,0.249,6.899,1.333
89,female,150.0,3.5,different,different,1,0,0,model,Y,0.0,3,0.383,0.222,1.499,1.246
89,female,150.0,4.56,different,different,1,0,0,model,Y,0.0,3,0.383,0.225,2.549,1.254
89,female,50.0,1.763,same,same,1,0,0,model,Y,0.0,0,0.383,0.157,0.449,0.775
89,female,50.0,1.859,same,same,1,0,0,model,Y,0.0,0,0.383,0.14,0.599,0.738
89,female,100.0,4.074,different,different,1,0,0,model,Y,0.0,3,0.383,0.174,2.249,1.119
89,female,150.0,5.895,different,different,1,0,0,model,Y,0.0,3,0.383,0.256,3.749,1.357
89,female,50.0,3.247,different,different,1,0,0,model,Y,0.0,3,0.383,0.148,1.499,1.068
89,female,0.0,1.629,different,different,1,0,0,model,Y,0.0,3,0.383,0.1,0.149,0.848
89,female,50.0,1.897,same,same,1,0,0,model,Y,0.0,0,0.383,0.152,0.599,0.764
89,female,150.0,5.111,different,different,1,0,0,model,Y,0.0,3,0.383,0.284,2.849,1.446
89,female,100.0,2.359,same,same,1,0,0,model,Y,0.0,0,0.383,0.201,0.899,0.876
89,female,50.0,1.91,same,same,1,0,0,model,Y,0.0,0,0.383,0.156,0.599,0.773
89,female,50.0,1.911,same,same,1,0,0,model,Y,0.0,0,0.383,0.156,0.599,0.774
89,female,50.0,3.263,different,different,1,0,0,model,Y,0.0,3,0.383,0.151,1.499,1.081
89,female,100.0,2.265,same,same,1,0,0,model,Y,0.0,0,0.383,0.219,0.749,0.915
89,female,100.0,2.128,same,same,1,0,0,model,Y,0.0,0,0.383,0.177,0.749,0.82
89,female,150.0,3.59,different,different,1,0,0,model,Y,0.0,3,0.383,0.224,1.799,1.034
89,female,50.0,1.807,same,same,1,0,0,model,Y,0.0,0,0.383,0.17,0.449,0.806
89,female,150.0,4.553,different,different,1,0,0,model,Y,0.0,3,0.383,0.293,2.249,1.478
89,female,150.0,5.103,different,different,1,0,0,model,Y,0.0,3,0.383,0.282,2.849,1.44
89,female,100.0,2.86,same,same,1,0,0,model,Y,0.0,0,0.383,0.217,1.349,0.912
89,female,150.0,2.805,same,same,1,0,0,model,Y,0.0,0,0.383,0.247,1.199,0.978
89,female,150.0,3.835,different,different,1,0,0,model,Y,0.0,3,0.383,0.231,1.799,1.273
89,female,50.0,2.957,different,different,1,0,0,model,Y,0.0,3,0.383,0.15,1.199,1.076
89,female,50.0,1.856,same,same,1,0,0,model,Y,0.0,0,0.383,0.139,0.599,0.736
89,female,50.0,1.701,same,same,1,0,0,model,Y,0.0,0,0.383,0.138,0.449,0.732
89,female,50.0,3.259,different,different,1,0,0,model,Y,0.0,3,0.383,0.15,1.499,1.078
89,female,150.0,2.807,same,same,1,0,0,model,Y,0.0,0,0.383,0.293,1.049,1.082
89,female,0.0,1.629,same,different,0,1,0,model,Y,0.0,3,0.383,0.1,0.149,0.848
89,female,150.0,2.602,same,same,1,0,0,model,Y,0.0,0,0.383,0.276,0.899,1.044
89,female,100.0,2.866,different,different,1,0,0,model,Y,0.0,3,0.383,0.235,1.049,1.05
89,female,100.0,2.292,same,same,1,0,0,model,Y,0.0,0,0.383,0.227,0.749,0.934
89,female,0.0,1.629,different,different,1,0,0,model,Y,0.0,3,0.383,0.1,0.149,0.848
89,female,50.0,2.628,different,different,1,0,0,model,Y,0.0,3,0.383,0.14,1.049,0.907
89,female,50.0,2.054,same,same,1,0,0,model,Y,0.0,0,0.383,0.154,0.749,0.769
89,female,100.0,2.181,same,same,1,0,0,model,Y,0.0,0,0.383,0.239,0.599,0.961
89,female,100.0,2.297,same,same,1,0,0,model,Y,0.0,0,0.383,0.229,0.749,0.937
89,female,50.0,2.74,different,different,1,0,0,model,Y,0.0,3,0.383,0.138,1.049,1.021
89,female,150.0,2.695,same,same,1,0,0,model,Y,0.0,0,0.383,0.259,1.049,1.005
90,female,0.0,1.43,different,different,1,0,0,model,Y,0.0,2,0.338,0.1,0.151,0.742
90,female,0.0,1.28,same,same,1,0,0,model,Y,0.0,0,0.338,0.1,0.151,0.692
90,female,150.0,4.278,same,different,0,1,0,model,Y,0.0,2,0.338,0.279,2.551,1.011
90,female,50.0,2.571,same,different,0,1,0,model,Y,0.0,2,0.338,0.157,1.051,0.925
90,female,100.0,2.375,same,same,1,0,0,model,Y,0.0,0,0.338,0.206,0.901,0.93
90,female,100.0,2.92,same,same,1,0,0,model,Y,0.0,0,0.338,0.235,1.351,0.996
90,female,150.0,3.426,different,different,1,0,0,model,Y,0.0,2,0.338,0.23,1.651,1.108
90,female,150.0,3.325,different,different,1,0,0,model,Y,0.0,2,0.338,0.243,1.501,1.143
90,female,50.0,1.877,same,same,1,0,0,model,Y,0.0,0,0.338,0.145,0.601,0.793
90,female,0.0,1.28,same,same,1,0,0,model,Y,0.0,0,0.338,0.1,0.151,0.692
90,female,50.0,2.413,same,different,0,1,0,model,Y,0.0,2,0.338,0.155,0.901,0.919
90,female,150.0,2.579,same,same,1,0,0,model,Y,0.0,0,0.338,0.269,0.901,1.072
90,female,150.0,3.917,different,different,1,0,0,model,Y,0.0,2,0.338,0.241,2.101,1.138
90,female,0.0,1.43,different,different,1,0,0,model,Y,0.0,2,0.338,0.1,0.151,0.742
90,female,50.0,2.511,different,different,1,0,0,model,Y,0.0,2,0.338,0.143,1.051,0.879
90,female,150.0,2.413,same,same,1,0,0,model,Y,0.0,0,0.338,0.264,0.751,1.06
90,female,100.0,2.627,same,same,1,0,0,model,Y,0.0,0,0.338,0.237,1.051,1.001
90,female,0.0,1.43,same,different,0,1,0,model,Y,0.0,2,0.338,0.1,0.151,0.742
90,female,0.0,1.28,same,same,1,0,0,model,Y,0.0,0,0.338,0.1,0.151,0.692
90,female,50.0,2.729,same,different,0,1,0,model,Y,0.0,2,0.338,0.159,1.201,0.932
90,female,50.0,2.977,different,different,1,0,0,model,Y,0.0,2,0.338,0.147,1.501,0.892
90,female,100.0,2.276,same,same,1,0,0,model,Y,0.0,0,0.338,0.222,0.751,0.965
90,female,100.0,3.046,same,same,1,0,0,model,Y,0.0,0,0.338,0.182,1.651,0.876
90,female,150.0,2.592,same,same,1,0,0,model,Y,0.0,0,0.338,0.273,0.901,1.08
90,female,150.0,4.088,different,different,1,0,0,model,Y,0.0,2,0.338,0.203,2.551,0.896
90,female,50.0,2.412,different,different,1,0,0,model,Y,0.0,2,0.338,0.133,1.051,0.791
90,female,100.0,4.693,same,different,0,1,0,model,Y,0.0,2,0.338,0.203,3.001,1.051
90,female,100.0,3.585,different,different,1,0,0,model,Y,0.0,2,0.338,0.226,1.801,1.12
90,female,50.0,2.016,same,same,1,0,0,model,Y,0.0,0,0.338,0.142,0.751,0.786
90,female,50.0,1.753,same,same,1,0,0,model,Y,0.0,0,0.338,0.153,0.451,0.811
90,female,100.0,2.849,same,same,1,0,0,model,Y,0.0,0,0.338,0.213,1.351,0.947
90,female,50.0,1.957,same,same,1,0,0,model,Y,0.0,0,0.338,0.17,0.601,0.848
90,female,0.0,1.28,same,same,1,0,0,model,Y,0.0,0,0.338,0.1,0.151,0.692
90,female,50.0,1.765,same,same,1,0,0,model,Y,0.0,0,0.338,0.157,0.451,0.819
90,female,100.0,2.129,same,same,1,0,0,model,Y,0.0,0,0.338,0.177,0.751,0.864
90,female,50.0,2.233,same,same,1,0,0,model,Y,0.0,0,0.338,0.162,0.901,0.832
90,female,100.0,2.438,same,same,1,0,0,model,Y,0.0,0,0.338,0.179,1.051,0.87
90,female,50.0,3.19,different,different,1,0,0,model,Y,0.0,2,0.338,0.162,1.651,0.94
90,female,50.0,1.798,same,same,1,0,0,model,Y,0.0,0,0.338,0.167,0.451,0.842
90,female,150.0,9.819,different,different,1,0,0,model,Y,0.0,2,0.338,0.276,8.101,1.005
90,female,150.0,4.005,different,different,1,0,0,model,Y,0.0,2,0.338,0.225,2.251,1.092
90,female,100.0,2.47,same,same,1,0,0,model,Y,0.0,0,0.338,0.235,0.901,0.996
90,female,150.0,2.459,same,same,1,0,0,model,Y,0.0,0,0.338,0.186,1.051,0.885
90,female,150.0,3.4,different,different,1,0,0,model,Y,0.0,2,0.338,0.184,1.801,0.978
90,female,100.0,3.439,different,different,1,0,0,model,Y,0.0,2,0.338,0.19,1.801,1.011
90,female,0.0,1.28,same,same,1,0,0,model,Y,0.0,0,0.338,0.1,0.151,0.692
90,female,100.0,4.803,different,different,1,0,0,model,Y,0.0,2,0.338,0.193,3.151,1.021
90,female,50.0,1.75,same,same,1,0,0,model,Y,0.0,0,0.338,0.152,0.451,0.81
90,female,0.0,1.43,same,different,0,1,0,model,Y,0.0,2,0.338,0.1,0.151,0.742
90,female,150.0,3.716,same,same,1,0,0,model,Y,0.0,0,0.338,0.296,1.951,1.132
90,female,50.0,1.835,same,same,1,0,0,model,Y,0.0,0,0.338,0.132,0.601,0.765
90,female,100.0,2.762,same,same,1,0,0,model,Y,0.0,0,0.338,0.187,1.351,0.887
90,female,0.0,1.43,different,different,1,0,0,model,Y,0.0,2,0.338,0.1,0.151,0.742
90,female,0.0,1.43,different,different,1,0,0,model,Y,0.0,2,0.338,0.1,0.151,0.742
90,female,150.0,3.87,same,different,0,1,0,model,Y,0.0,2,0.338,0.229,2.101,1.103
90,female,100.0,2.043,same,same,1,0,0,model,Y,0.0,0,0.338,0.196,0.601,0.908
90,female,0.0,1.28,same,same,1,0,0,model,Y,0.0,0,0.338,0.1,0.151,0.692
90,female,0.0,1.28,same,same,1,0,0,model,Y,0.0,0,0.338,0.1,0.151,0.692
90,female,0.0,1.28,same,same,1,0,0,model,Y,0.0,0,0.338,0.1,0.151,0.692
90,female,100.0,2.37,same,same,1,0,0,model,Y,0.0,0,0.338,0.204,0.901,0.927
90,female,50.0,1.671,same,same,1,0,0,model,Y,0.0,0,0.338,0.128,0.451,0.755
90,female,50.0,2.435,different,different,1,0,0,model,Y,0.0,2,0.338,0.16,0.901,0.936
90,female,100.0,2.899,different,different,1,0,0,model,Y,0.0,2,0.338,0.205,1.201,1.056
90,female,50.0,1.742,same,same,1,0,0,model,Y,0.0,0,0.338,0.15,0.451,0.804
90,female,50.0,1.752,same,same,1,0,0,model,Y,0.0,0,0.338,0.153,0.451,0.811
90,female,50.0,2.187,same,same,1,0,0,model,Y,0.0,0,0.338,0.148,0.901,0.8
90,female,50.0,2.403,same,different,0,1,0,model,Y,0.0,2,0.338,0.153,0.901,0.912
90,female,50.0,2.665,same,different,0,1,0,model,Y,0.0,2,0.338,0.144,1.201,0.882
90,female,0.0,1.28,same,same,1,0,0,model,Y,0.0,0,0.338,0.1,0.151,0.692
90,female,0.0,1.43,different,different,1,0,0,model,Y,0.0,2,0.338,0.1,0.151,0.742
90,female,150.0,2.422,same,same,1,0,0,model,Y,0.0,0,0.338,0.267,0.751,1.067
90,female,50.0,1.896,same,same,1,0,0,model,Y,0.0,0,0.338,0.151,0.601,0.807
90,female,50.0,2.597,different,different,1,0,0,model,Y,0.0,2,0.338,0.147,1.201,0.812
90,female,50.0,2.31,same,same,1,0,0,model,Y,0.0,0,0.338,0.14,1.051,0.781
90,female,150.0,2.546,same,same,1,0,0,model,Y,0.0,0,0.338,0.212,1.051,0.945
90,female,100.0,4.115,same,different,0,1,0,model,Y,0.0,2,0.338,0.246,2.251,1.18
90,female,100.0,3.824,different,different,1,0,0,model,Y,0.0,2,0.338,0.174,2.251,0.962
90,female,100.0,2.653,same,same,1,0,0,model,Y,0.0,0,0.338,0.245,1.051,1.019
90,female,0.0,1.43,different,different,1,0,0,model,Y,0.0,2,0.338,0.1,0.151,0.742
90,female,50.0,4.549,different,different,1,0,0,model,Y,0.0,2,0.338,0.164,3.001,0.947
90,female,100.0,2.183,same,same,1,0,0,model,Y,0.0,0,0.338,0.193,0.751,0.901
90,female,100.0,2.274,same,same,1,0,0,model,Y,0.0,0,0.338,0.175,0.901,0.86
90,female,100.0,4.028,different,different,1,0,0,model,Y,0.0,2,0.338,0.225,2.251,1.115
90,female,0.0,1.28,same,same,1,0,0,model,Y,0.0,0,0.338,0.1,0.151,0.692
90,female,50.0,1.726,same,same,1,0,0,model,Y,0.0,0,0.338,0.145,0.451,0.793
90,female,100.0,2.492,same,same,1,0,0,model,Y,0.0,0,0.338,0.196,1.051,0.908
90,female,100.0,2.209,same,same,1,0,0,model,Y,0.0,0,0.338,0.201,0.751,0.919
90,female,50.0,1.914,same,same,1,0,0,model,Y,0.0,0,0.338,0.157,0.601,0.819
90,female,150.0,5.382,different,different,1,0,0,model,Y,0.0,2,0.338,0.232,3.601,1.112
90,female,150.0,2.722,same,same,1,0,0,model,Y,0.0,0,0.338,0.313,0.901,1.171
90,female,100.0,7.548,same,different,0,1,0,model,Y,0.0,2,0.338,0.207,6.001,0.903
90,female,150.0,2.791,same,same,1,0,0,model,Y,0.0,0,0.338,0.242,1.201,1.011
90,female,100.0,3.213,same,different,0,1,0,model,Y,0.0,2,0.338,0.208,1.501,1.066
90,female,50.0,1.879,same,same,1,0,0,model,Y,0.0,0,0.338,0.146,0.601,0.795
90,female,50.0,1.753,same,same,1,0,0,model,Y,0.0,0,0.338,0.153,0.451,0.812
90,female,50.0,3.813,different,different,1,0,0,model,Y,0.0,2,0.338,0.153,2.401,0.821
91,female,100.0,2.339,same,same,1,0,0,model,Y,0.0,0,0.536,0.164,0.731,0.909
91,female,0.0,1.682,same,different,0,1,0,model,Y,0.0,2,0.536,0.1,0.131,0.815
91,female,150.0,2.902,same,same,1,0,0,model,Y,0.0,0,0.536,0.291,0.881,1.194
91,female,150.0,2.769,same,same,1,0,0,model,Y,0.0,0,0.536,0.25,0.881,1.102
91,female,150.0,4.354,different,different,1,0,0,model,Y,0.0,2,0.536,0.269,2.381,1.068
91,female,150.0,2.57,same,same,1,0,0,model,Y,0.0,0,0.536,0.188,0.881,0.964
91,female,50.0,1.979,same,same,1,0,0,model,Y,0.0,0,0.536,0.145,0.431,0.867
91,female,50.0,3.029,different,different,1,0,0,model,Y,0.0,2,0.536,0.17,1.181,1.042
91,female,100.0,2.807,same,same,1,0,0,model,Y,0.0,0,0.536,0.215,1.031,1.025
91,female,50.0,2.322,same,same,1,0,0,model,Y,0.0,0,0.536,0.158,0.731,0.897
91,female,100.0,2.359,same,same,1,0,0,model,Y,0.0,0,0.536,0.17,0.731,0.922
91,female,50.0,5.28,same,different,0,1,0,model,Y,0.0,2,0.536,0.135,3.581,0.928
91,female,50.0,2.194,same,same,1,0,0,model,Y,0.0,0,0.536,0.165,0.581,0.912
91,female,50.0,4.124,same,different,0,1,0,model,Y,0.0,2,0.536,0.146,2.381,0.962
91,female,0.0,1.682,different,different,1,0,0,model,Y,0.0,2,0.536,0.1,0.131,0.815
91,female,50.0,2.12,same,same,1,0,0,model,Y,0.0,0,0.536,0.143,0.581,0.861
91,female,100.0,2.59,same,same,1,0,0,model,Y,0.0,0,0.536,0.195,0.881,0.979
91,female,50.0,2.01,same,same,1,0,0,model,Y,0.0,0,0.536,0.155,0.431,0.888
91,female,0.0,1.682,different,different,1,0,0,model,Y,0.0,2,0.536,0.1,0.131,0.815
91,female,150.0,3.938,different,different,1,0,0,model,Y,0.0,2,0.536,0.259,1.781,1.262
91,female,150.0,3.441,same,same,1,0,0,model,Y,0.0,0,0.536,0.226,1.631,1.048
91,female,100.0,2.515,same,same,1,0,0,model,Y,0.0,0,0.536,0.172,0.881,0.927
91,female,150.0,3.638,different,different,1,0,0,model,Y,0.0,2,0.536,0.259,1.481,1.262
91,female,50.0,2.005,same,same,1,0,0,model,Y,0.0,0,0.536,0.153,0.431,0.885
91,female,0.0,1.682,different,different,1,0,0,model,Y,0.0,2,0.536,0.1,0.131,0.815
91,female,100.0,2.197,same,same,1,0,0,model,Y,0.0,0,0.536,0.166,0.581,0.914
91,female,100.0,2.316,same,same,1,0,0,model,Y,0.0,0,0.536,0.203,0.581,0.997
91,female,50.0,2.858,different,different,1,0,0,model,Y,0.0,2,0.536,0.13,1.181,0.911
91,female,0.0,1.682,different,different,1,0,0,model,Y,0.0,2,0.536,0.1,0.131,0.815
91,female,100.0,2.211,same,same,1,0,0,model,Y,0.0,0,0.536,0.171,0.581,0.924
91,female,150.0,2.898,same,same,1,0,0,model,Y,0.0,0,0.536,0.197,1.181,0.984
91,female,50.0,2.944,different,different,1,0,0,model,Y,0.0,2,0.536,0.15,1.181,0.977
91,female,50.0,2.817,different,different,1,0,0,model,Y,0.0,2,0.536,0.156,1.031,0.995
91,female,50.0,2.279,same,same,1,0,0,model,Y,0.0,0,0.536,0.145,0.731,0.867
91,female,100.0,3.346,different,different,1,0,0,model,Y,0.0,2,0.536,0.179,1.481,1.051
91,female,0.0,1.532,same,same,1,0,0,model,Y,0.0,0,0.536,0.1,0.131,0.765
91,female,50.0,2.631,different,different,1,0,0,model,Y,0.0,2,0.536,0.147,0.881,0.967
91,female,50.0,2.19,same,same,1,0,0,model,Y,0.0,0,0.536,0.164,0.581,0.909
91,female,150.0,2.942,same,same,1,0,0,model,Y,0.0,0,0.536,0.257,1.031,1.118
91,female,100.0,3.64,different,different,1,0,0,model,Y,0.0,2,0.536,0.223,1.781,1.0
91,female,50.0,2.478,different,different,1,0,0,model,Y,0.0,2,0.536,0.146,0.731,0.964
91,female,150.0,4.985,different,different,1,0,0,model,Y,0.0,2,0.536,0.258,2.831,1.26
91,female,50.0,2.007,same,same,1,0,0,model,Y,0.0,0,0.536,0.154,0.431,0.886
91,female,50.0,2.063,same,same,1,0,0,model,Y,0.0,0,0.536,0.171,0.431,0.925
91,female,50.0,2.975,different,different,1,0,0,model,Y,0.0,2,0.536,0.158,1.181,1.0
91,female,50.0,2.54,same,different,0,1,0,model,Y,0.0,2,0.536,0.126,0.881,0.898
91,female,100.0,2.713,same,same,1,0,0,model,Y,0.0,0,0.536,0.186,1.031,0.96
91,female,150.0,3.336,different,different,1,0,0,model,Y,0.0,2,0.536,0.222,1.481,0.998
91,female,100.0,3.771,different,different,1,0,0,model,Y,0.0,2,0.536,0.21,1.781,1.144
91,female,0.0,1.532,same,same,1,0,0,model,Y,0.0,0,0.536,0.1,0.131,0.765
91,female,50.0,2.699,different,different,1,0,0,model,Y,0.0,2,0.536,0.147,1.031,0.886
91,female,150.0,3.133,same,same,1,0,0,model,Y,0.0,0,0.536,0.223,1.331,1.043
91,female,0.0,1.682,different,different,1,0,0,model,Y,0.0,2,0.536,0.1,0.131,0.815
91,female,50.0,2.028,same,same,1,0,0,model,Y,0.0,0,0.536,0.16,0.431,0.901
91,female,150.0,2.945,same,same,1,0,0,model,Y,0.0,0,0.536,0.212,1.181,1.017
91,female,50.0,5.403,different,different,1,0,0,model,Y,0.0,2,0.536,0.164,3.581,1.022
91,female,150.0,3.632,different,different,1,0,0,model,Y,0.0,2,0.536,0.258,1.481,1.258
91,female,100.0,2.457,same,same,1,0,0,model,Y,0.0,0,0.536,0.2,0.731,0.99
91,female,150.0,2.669,same,same,1,0,0,model,Y,0.0,0,0.536,0.219,0.881,1.033
91,female,0.0,1.532,same,same,1,0,0,model,Y,0.0,0,0.536,0.1,0.131,0.765
91,female,100.0,3.897,same,different,0,1,0,model,Y,0.0,2,0.536,0.241,1.781,1.239
91,female,0.0,1.532,same,same,1,0,0,model,Y,0.0,0,0.536,0.1,0.131,0.765
91,female,0.0,1.532,same,same,1,0,0,model,Y,0.0,0,0.536,0.1,0.131,0.765
91,female,150.0,3.63,different,different,1,0,0,model,Y,0.0,2,0.536,0.257,1.481,1.256
91,female,50.0,2.205,same,same,1,0,0,model,Y,0.0,0,0.536,0.169,0.581,0.92
91,female,100.0,3.446,different,different,1,0,0,model,Y,0.0,2,0.536,0.204,1.481,1.126
91,female,50.0,2.034,same,same,1,0,0,model,Y,0.0,0,0.536,0.162,0.431,0.905
91,female,100.0,3.244,same,same,1,0,0,model,Y,0.0,0,0.536,0.211,1.481,1.016
91,female,0.0,1.682,same,different,0,1,0,model,Y,0.0,2,0.536,0.1,0.131,0.815
91,female,150.0,2.591,same,same,1,0,0,model,Y,0.0,0,0.536,0.241,0.731,1.083
91,female,100.0,4.06,different,different,1,0,0,model,Y,0.0,2,0.536,0.207,2.081,1.136
91,female,0.0,1.682,different,different,1,0,0,model,Y,0.0,2,0.536,0.1,0.131,0.815
91,female,0.0,1.682,different,different,1,0,0,model,Y,0.0,2,0.536,0.1,0.131,0.815
91,female,50.0,2.274,same,same,1,0,0,model,Y,0.0,0,0.536,0.144,0.731,0.864
91,female,0.0,1.532,same,same,1,0,0,model,Y,0.0,0,0.536,0.1,0.131,0.765
91,female,0.0,1.682,different,different,1,0,0,model,Y,0.0,2,0.536,0.1,0.131,0.815
91,female,100.0,3.133,same,same,1,0,0,model,Y,0.0,0,0.536,0.223,1.331,1.043
91,female,100.0,2.606,same,same,1,0,0,model,Y,0.0,0,0.536,0.2,0.881,0.989
91,female,100.0,4.073,different,different,1,0,0,model,Y,0.0,2,0.536,0.21,2.081,1.146
91,female,0.0,1.682,different,different,1,0,0,model,Y,0.0,2,0.536,0.1,0.131,0.815
91,female,0.0,1.532,same,same,1,0,0,model,Y,0.0,0,0.536,0.1,0.131,0.765
91,female,50.0,2.275,same,same,1,0,0,model,Y,0.0,0,0.536,0.144,0.731,0.864
91,female,100.0,2.776,same,same,1,0,0,model,Y,0.0,0,0.536,0.206,1.031,1.003
91,female,150.0,3.671,different,different,1,0,0,model,Y,0.0,2,0.536,0.268,1.481,1.286
91,female,0.0,1.682,different,different,1,0,0,model,Y,0.0,2,0.536,0.1,0.131,0.815
91,female,100.0,3.487,different,different,1,0,0,model,Y,0.0,2,0.536,0.214,1.481,1.156
91,female,150.0,2.613,same,same,1,0,0,model,Y,0.0,0,0.536,0.248,0.731,1.098
91,female,100.0,2.523,same,same,1,0,0,model,Y,0.0,0,0.536,0.174,0.881,0.932
91,female,150.0,4.811,same,different,0,1,0,model,Y,0.0,2,0.536,0.213,2.831,1.132
91,female,100.0,2.844,same,same,1,0,0,model,Y,0.0,0,0.536,0.227,1.031,1.05
91,female,0.0,1.532,same,same,1,0,0,model,Y,0.0,0,0.536,0.1,0.131,0.765
91,female,50.0,2.315,same,same,1,0,0,model,Y,0.0,0,0.536,0.156,0.731,0.892
91,female,150.0,6.639,different,different,1,0,0,model,Y,0.0,2,0.536,0.299,4.331,1.373
91,female,100.0,3.347,different,different,1,0,0,model,Y,0.0,2,0.536,0.216,1.331,1.164
91,female,0.0,1.682,different,different,1,0,0,model,Y,0.0,2,0.536,0.1,0.131,0.815
91,female,150.0,3.438,same,same,1,0,0,model,Y,0.0,0,0.536,0.225,1.631,1.046
92,female,150.0,4.343,different,different,1,0,0,model,Y,0.0,2,0.516,0.31,2.101,1.317
92,female,100.0,3.28,different,different,1,0,0,model,Y,0.0,2,0.516,0.184,1.501,0.98
92,female,50.0,2.442,different,different,1,0,0,model,Y,0.0,2,0.516,0.139,0.901,0.787
92,female,50.0,1.966,same,same,1,0,0,model,Y,0.0,0,0.516,0.168,0.451,0.832
92,female,50.0,3.982,different,different,1,0,0,model,Y,0.0,2,0.516,0.155,2.401,0.811
92,female,100.0,4.655,different,different,1,0,0,model,Y,0.0,2,0.516,0.228,2.701,1.111
92,female,50.0,2.741,different,different,1,0,0,model,Y,0.0,2,0.516,0.158,1.051,0.916
92,female,100.0,2.451,same,same,1,0,0,model,Y,0.0,0,0.516,0.179,0.901,0.856
92,female,100.0,3.233,different,different,1,0,0,model,Y,0.0,2,0.516,0.172,1.501,0.945
92,female,150.0,2.885,same,same,1,0,0,model,Y,0.0,0,0.516,0.266,1.051,1.052
92,female,100.0,2.974,different,different,1,0,0,model,Y,0.0,2,0.516,0.182,1.201,0.975
92,female,100.0,4.059,different,different,1,0,0,model,Y,0.0,2,0.516,0.191,2.251,1.001
92,female,0.0,1.445,same,same,1,0,0,model,Y,0.0,0,0.516,0.1,0.151,0.678
92,female,150.0,3.977,same,same,1,0,0,model,Y,0.0,0,0.516,0.279,2.101,1.082
92,female,50.0,2.195,same,same,1,0,0,model,Y,0.0,0,0.516,0.146,0.751,0.783
92,female,0.0,1.445,same,same,1,0,0,model,Y,0.0,0,0.516,0.1,0.151,0.678
92,female,100.0,2.415,same,same,1,0,0,model,Y,0.0,0,0.516,0.214,0.751,0.935
92,female,0.0,1.445,same,same,1,0,0,model,Y,0.0,0,0.516,0.1,0.151,0.678
92,female,0.0,1.595,different,different,1,0,0,model,Y,0.0,2,0.516,0.1,0.151,0.728
92,female,150.0,2.722,same,same,1,0,0,model,Y,0.0,0,0.516,0.262,0.901,1.043
92,female,150.0,5.262,different,different,1,0,0,model,Y,0.0,2,0.516,0.236,3.301,1.11
92,female,100.0,2.235,same,same,1,0,0,model,Y,0.0,0,0.516,0.158,0.751,0.81
92,female,50.0,1.976,same,same,1,0,0,model,Y,0.0,0,0.516,0.125,0.601,0.735
92,female,50.0,2.645,same,different,0,1,0,model,Y,0.0,2,0.516,0.136,1.051,0.843
92,female,50.0,3.561,same,different,0,1,0,model,Y,0.0,2,0.516,0.166,1.951,0.828
92,female,50.0,2.015,same,same,1,0,0,model,Y,0.0,0,0.516,0.137,0.601,0.762
92,female,150.0,4.714,different,different,1,0,0,model,Y,0.0,2,0.516,0.21,2.851,1.038
92,female,150.0,2.632,same,same,1,0,0,model,Y,0.0,0,0.516,0.281,0.751,1.085
92,female,100.0,2.504,same,same,1,0,0,model,Y,0.0,0,0.516,0.195,0.901,0.893
92,female,100.0,2.927,different,different,1,0,0,model,Y,0.0,2,0.516,0.171,1.201,0.94
92,female,0.0,1.445,same,same,1,0,0,model,Y,0.0,0,0.516,0.1,0.151,0.678
92,female,150.0,2.774,same,same,1,0,0,model,Y,0.0,0,0.516,0.232,1.051,0.976
92,female,150.0,2.707,same,same,1,0,0,model,Y,0.0,0,0.516,0.258,0.901,1.033
92,female,150.0,2.863,same,same,1,0,0,model,Y,0.0,0,0.516,0.259,1.051,1.037
92,female,0.0,1.445,same,same,1,0,0,model,Y,0.0,0,0.516,0.1,0.151,0.678
92,female,150.0,2.444,same,same,1,0,0,model,Y,0.0,0,0.516,0.177,0.901,0.851
92,female,100.0,2.717,same,same,1,0,0,model,Y,0.0,0,0.516,0.215,1.051,0.936
92,female,50.0,1.917,same,same,1,0,0,model,Y,0.0,0,0.516,0.153,0.451,0.798
92,female,0.0,1.595,same,different,0,1,0,model,Y,0.0,2,0.516,0.1,0.151,0.728
92,female,100.0,2.526,same,same,1,0,0,model,Y,0.0,0,0.516,0.202,0.901,0.908
92,female,150.0,2.757,same,same,1,0,0,model,Y,0.0,0,0.516,0.273,0.901,1.068
92,female,100.0,3.01,different,different,1,0,0,model,Y,0.0,2,0.516,0.191,1.201,1.002
92,female,100.0,2.328,same,same,1,0,0,model,Y,0.0,0,0.516,0.187,0.751,0.874
92,female,0.0,1.445,same,same,1,0,0,model,Y,0.0,0,0.516,0.1,0.151,0.678
92,female,100.0,2.188,same,same,1,0,0,model,Y,0.0,0,0.516,0.19,0.601,0.881
92,female,150.0,3.835,different,different,1,0,0,model,Y,0.0,2,0.516,0.294,1.651,1.274
92,female,0.0,1.445,same,same,1,0,0,model,Y,0.0,0,0.516,0.1,0.151,0.678
92,female,100.0,3.062,different,different,1,0,0,model,Y,0.0,2,0.516,0.207,1.351,0.889
92,female,0.0,1.445,same,same,1,0,0,model,Y,0.0,0,0.516,0.1,0.151,0.678
92,female,50.0,2.681,different,different,1,0,0,model,Y,0.0,2,0.516,0.144,1.051,0.87
92,female,100.0,2.811,different,different,1,0,0,model,Y,0.0,2,0.516,0.227,1.051,0.918
92,female,50.0,2.091,same,same,1,0,0,model,Y,0.0,0,0.516,0.16,0.601,0.814
92,female,100.0,2.503,same,same,1,0,0,model,Y,0.0,0,0.516,0.195,0.901,0.892
92,female,50.0,2.673,different,different,1,0,0,model,Y,0.0,2,0.516,0.142,1.051,0.864
92,female,0.0,1.445,same,same,1,0,0,model,Y,0.0,0,0.516,0.1,0.151,0.678
92,female,50.0,2.862,different,different,1,0,0,model,Y,0.0,2,0.516,0.151,1.201,0.894
92,female,100.0,3.708,different,different,1,0,0,model,Y,0.0,2,0.516,0.216,1.801,1.075
92,female,100.0,2.523,same,same,1,0,0,model,Y,0.0,0,0.516,0.201,0.901,0.905
92,female,50.0,2.189,same,same,1,0,0,model,Y,0.0,0,0.516,0.144,0.751,0.778
92,female,150.0,8.061,different,different,1,0,0,model,Y,0.0,2,0.516,0.222,6.151,1.072
92,female,0.0,1.595,different,different,1,0,0,model,Y,0.0,2,0.516,0.1,0.151,0.728
92,female,100.0,2.359,same,same,1,0,0,model,Y,0.0,0,0.516,0.197,0.751,0.896
92,female,50.0,2.451,different,different,1,0,0,model,Y,0.0,2,0.516,0.161,0.751,0.924
92,female,150.0,4.056,different,different,1,0,0,model,Y,0.0,2,0.516,0.234,2.101,1.105
92,female,150.0,2.691,same,same,1,0,0,model,Y,0.0,0,0.516,0.299,0.751,1.126
92,female,100.0,2.399,same,same,1,0,0,model,Y,0.0,0,0.516,0.209,0.751,0.923
92,female,50.0,2.224,same,same,1,0,0,model,Y,0.0,0,0.516,0.155,0.751,0.802
92,female,150.0,3.055,same,same,1,0,0,model,Y,0.0,0,0.516,0.319,1.051,1.17
92,female,100.0,3.112,same,same,1,0,0,model,Y,0.0,0,0.516,0.244,1.351,1.002
92,female,100.0,2.252,same,same,1,0,0,model,Y,0.0,0,0.516,0.164,0.751,0.822
92,female,100.0,5.123,different,different,1,0,0,model,Y,0.0,2,0.516,0.232,3.151,1.124
92,female,0.0,1.445,same,same,1,0,0,model,Y,0.0,0,0.516,0.1,0.151,0.678
92,female,100.0,3.454,different,different,1,0,0,model,Y,0.0,2,0.516,0.244,1.651,0.944
92,female,100.0,2.554,same,same,1,0,0,model,Y,0.0,0,0.516,0.211,0.901,0.927
92,female,0.0,1.445,same,same,1,0,0,model,Y,0.0,0,0.516,0.1,0.151,0.678
92,female,150.0,2.741,same,same,1,0,0,model,Y,0.0,0,0.516,0.314,0.751,1.16
92,female,0.0,1.595,different,different,1,0,0,model,Y,0.0,2,0.516,0.1,0.151,0.728
92,female,100.0,3.511,same,same,1,0,0,model,Y,0.0,0,0.516,0.182,1.951,0.862
92,female,50.0,1.904,same,same,1,0,0,model,Y,0.0,0,0.516,0.149,0.451,0.789
92,female,50.0,3.402,different,different,1,0,0,model,Y,0.0,2,0.516,0.173,1.651,0.963
92,female,150.0,3.675,same,different,0,1,0,model,Y,0.0,2,0.516,0.292,1.501,1.266
92,female,100.0,3.159,same,different,0,1,0,model,Y,0.0,2,0.516,0.191,1.351,1.001
92,female,150.0,3.251,same,same,1,0,0,model,Y,0.0,0,0.516,0.24,1.501,0.994
92,female,100.0,3.333,same,same,1,0,0,model,Y,0.0,0,0.516,0.173,1.801,0.843
92,female,50.0,3.229,different,different,1,0,0,model,Y,0.0,2,0.516,0.167,1.501,0.945
92,female,0.0,1.445,same,same,1,0,0,model,Y,0.0,0,0.516,0.1,0.151,0.678
92,female,150.0,5.145,same,different,0,1,0,model,Y,0.0,2,0.516,0.323,2.851,1.355
92,female,150.0,3.475,different,different,1,0,0,model,Y,0.0,2,0.516,0.192,1.801,0.866
92,female,100.0,2.419,same,same,1,0,0,model,Y,0.0,0,0.516,0.215,0.751,0.937
92,female,0.0,1.595,different,different,1,0,0,model,Y,0.0,2,0.516,0.1,0.151,0.728
92,female,100.0,2.362,same,same,1,0,0,model,Y,0.0,0,0.516,0.198,0.751,0.898
92,female,100.0,2.496,same,same,1,0,0,model,Y,0.0,0,0.516,0.193,0.901,0.887
92,female,50.0,2.42,same,same,1,0,0,model,Y,0.0,0,0.516,0.169,0.901,0.834
92,female,0.0,1.595,different,different,1,0,0,model,Y,0.0,2,0.516,0.1,0.151,0.728
92,female,50.0,2.153,same,same,1,0,0,model,Y,0.0,0,0.516,0.133,0.751,0.753
92,female,0.0,1.445,same,same,1,0,0,model,Y,0.0,0,0.516,0.1,0.151,0.678
93,female,150.0,5.296,different,different,1,0,0,model,Y,0.0,3,0.382,0.249,3.152,1.364
93,female,100.0,3.413,different,different,1,0,0,model,Y,0.0,3,0.382,0.186,1.502,1.194
93,female,0.0,1.663,different,different,1,0,0,model,Y,0.0,3,0.382,0.1,0.152,0.88
93,female,0.0,1.663,same,different,0,1,0,model,Y,0.0,3,0.382,0.1,0.152,0.88
93,female,0.0,1.313,same,same,1,0,0,model,Y,0.0,0,0.382,0.1,0.152,0.68
93,female,100.0,3.471,different,different,1,0,0,model,Y,0.0,3,0.382,0.166,1.652,1.122
93,female,150.0,4.49,same,same,1,0,0,model,Y,0.0,0,0.382,0.247,2.852,1.01
93,female,150.0,2.246,same,same,1,0,0,model,Y,0.0,0,0.382,0.203,0.752,0.911
93,female,100.0,3.474,different,different,1,0,0,model,Y,0.0,3,0.382,0.199,1.502,1.242
93,female,100.0,3.416,same,different,0,1,0,model,Y,0.0,3,0.382,0.186,1.502,1.197
93,female,100.0,2.589,same,same,1,0,0,model,Y,0.0,0,0.382,0.216,1.052,0.94
93,female,100.0,3.322,different,different,1,0,0,model,Y,0.0,3,0.382,0.166,1.502,1.123
93,female,100.0,2.283,same,same,1,0,0,model,Y,0.0,0,0.382,0.214,0.752,0.936
93,female,50.0,2.663,different,different,1,0,0,model,Y,0.0,3,0.382,0.145,0.902,1.085
93,female,0.0,1.313,same,same,1,0,0,model,Y,0.0,0,0.382,0.1,0.152,0.68
93,female,100.0,3.495,different,different,1,0,0,model,Y,0.0,3,0.382,0.171,1.652,1.141
93,female,0.0,1.313,same,same,1,0,0,model,Y,0.0,0,0.382,0.1,0.152,0.68
93,female,0.0,1.663,different,different,1,0,0,model,Y,0.0,3,0.382,0.1,0.152,0.88
93,female,150.0,2.897,same,same,1,0,0,model,Y,0.0,0,0.382,0.311,1.052,1.154
93,female,50.0,1.794,same,same,1,0,0,model,Y,0.0,0,0.382,0.156,0.452,0.805
93,female,0.0,1.663,different,different,1,0,0,model,Y,0.0,3,0.382,0.1,0.152,0.88
93,female,0.0,1.313,same,same,1,0,0,model,Y,0.0,0,0.382,0.1,0.152,0.68
93,female,0.0,1.663,different,different,1,0,0,model,Y,0.0,3,0.382,0.1,0.152,0.88
93,female,0.0,1.663,different,different,1,0,0,model,Y,0.0,3,0.382,0.1,0.152,0.88
93,female,0.0,1.313,same,same,1,0,0,model,Y,0.0,0,0.382,0.1,0.152,0.68
93,female,50.0,2.097,same,same,1,0,0,model,Y,0.0,0,0.382,0.157,0.752,0.807
93,female,150.0,4.36,different,different,1,0,0,model,Y,0.0,3,0.382,0.24,2.252,1.337
93,female,0.0,1.663,different,different,1,0,0,model,Y,0.0,3,0.382,0.1,0.152,0.88
93,female,0.0,1.663,different,different,1,0,0,model,Y,0.0,3,0.382,0.1,0.152,0.88
93,female,0.0,1.313,same,same,1,0,0,model,Y,0.0,0,0.382,0.1,0.152,0.68
93,female,50.0,2.483,different,different,1,0,0,model,Y,0.0,3,0.382,0.139,0.752,1.06
93,female,50.0,2.562,same,same,1,0,0,model,Y,0.0,0,0.382,0.161,1.202,0.817
93,female,100.0,2.181,same,same,1,0,0,model,Y,0.0,0,0.382,0.183,0.752,0.866
93,female,50.0,3.307,different,different,1,0,0,model,Y,0.0,3,0.382,0.153,1.502,1.121
93,female,150.0,2.466,same,same,1,0,0,model,Y,0.0,0,0.382,0.27,0.752,1.062
93,female,100.0,2.353,same,same,1,0,0,model,Y,0.0,0,0.382,0.189,0.902,0.88
93,female,0.0,1.663,different,different,1,0,0,model,Y,0.0,3,0.382,0.1,0.152,0.88
93,female,0.0,1.663,different,different,1,0,0,model,Y,0.0,3,0.382,0.1,0.152,0.88
93,female,150.0,2.86,same,same,1,0,0,model,Y,0.0,0,0.382,0.299,1.052,1.127
93,female,150.0,3.392,different,different,1,0,0,model,Y,0.0,3,0.382,0.192,1.652,1.017
93,female,0.0,1.663,different,different,1,0,0,model,Y,0.0,3,0.382,0.1,0.152,0.88
93,female,0.0,1.663,different,different,1,0,0,model,Y,0.0,3,0.382,0.1,0.152,0.88
93,female,100.0,2.398,same,same,1,0,0,model,Y,0.0,0,0.382,0.203,0.902,0.912
93,female,0.0,1.663,same,different,0,1,0,model,Y,0.0,3,0.382,0.1,0.152,0.88
93,female,50.0,1.806,same,same,1,0,0,model,Y,0.0,0,0.382,0.16,0.452,0.814
93,female,100.0,3.512,same,same,1,0,0,model,Y,0.0,0,0.382,0.223,1.952,0.956
93,female,150.0,3.652,same,same,1,0,0,model,Y,0.0,0,0.382,0.22,2.102,0.949
93,female,150.0,2.682,same,same,1,0,0,model,Y,0.0,0,0.382,0.244,1.052,1.004
93,female,100.0,1.953,same,same,1,0,0,model,Y,0.0,0,0.382,0.158,0.602,0.811
93,female,50.0,4.217,different,different,1,0,0,model,Y,0.0,3,0.382,0.155,2.402,1.129
93,female,150.0,5.952,different,different,1,0,0,model,Y,0.0,3,0.382,0.256,4.052,1.113
93,female,0.0,1.313,same,same,1,0,0,model,Y,0.0,0,0.382,0.1,0.152,0.68
93,female,100.0,4.901,different,different,1,0,0,model,Y,0.0,3,0.382,0.195,3.152,1.023
93,female,100.0,3.379,different,different,1,0,0,model,Y,0.0,3,0.382,0.178,1.502,1.168
93,female,150.0,2.367,same,same,1,0,0,model,Y,0.0,0,0.382,0.24,0.752,0.994
93,female,50.0,3.646,different,different,1,0,0,model,Y,0.0,3,0.382,0.133,1.952,1.029
93,female,50.0,2.091,same,same,1,0,0,model,Y,0.0,0,0.382,0.155,0.752,0.803
93,female,100.0,4.101,different,different,1,0,0,model,Y,0.0,3,0.382,0.204,2.102,1.263
93,female,50.0,2.055,same,same,1,0,0,model,Y,0.0,0,0.382,0.144,0.752,0.778
93,female,0.0,1.313,same,same,1,0,0,model,Y,0.0,0,0.382,0.1,0.152,0.68
93,female,0.0,1.313,same,same,1,0,0,model,Y,0.0,0,0.382,0.1,0.152,0.68
93,female,50.0,3.376,different,different,1,0,0,model,Y,0.0,3,0.382,0.165,1.502,1.178
93,female,0.0,1.313,same,same,1,0,0,model,Y,0.0,0,0.382,0.1,0.152,0.68
93,female,0.0,1.663,different,different,1,0,0,model,Y,0.0,3,0.382,0.1,0.152,0.88
93,female,150.0,5.033,different,different,1,0,0,model,Y,0.0,3,0.382,0.248,3.152,1.102
93,female,100.0,3.475,different,different,1,0,0,model,Y,0.0,3,0.382,0.199,1.502,1.243
93,female,50.0,2.732,same,different,0,1,0,model,Y,0.0,3,0.382,0.157,0.902,1.142
93,female,150.0,4.931,different,different,1,0,0,model,Y,0.0,3,0.382,0.233,2.852,1.315
93,female,150.0,3.726,different,different,1,0,0,model,Y,0.0,3,0.382,0.267,1.502,1.425
93,female,0.0,1.313,same,same,1,0,0,model,Y,0.0,0,0.382,0.1,0.152,0.68
93,female,0.0,1.313,same,same,1,0,0,model,Y,0.0,0,0.382,0.1,0.152,0.68
93,female,0.0,1.313,same,same,1,0,0,model,Y,0.0,0,0.382,0.1,0.152,0.68
93,female,150.0,5.934,different,different,1,0,0,model,Y,0.0,3,0.382,0.248,4.052,1.102
93,female,50.0,1.882,same,same,1,0,0,model,Y,0.0,0,0.382,0.137,0.602,0.762
93,female,0.0,1.313,same,same,1,0,0,model,Y,0.0,0,0.382,0.1,0.152,0.68
93,female,100.0,2.534,same,same,1,0,0,model,Y,0.0,0,0.382,0.199,1.052,0.902
93,female,100.0,5.414,different,different,1,0,0,model,Y,0.0,3,0.382,0.229,3.302,1.352
93,female,150.0,5.103,different,different,1,0,0,model,Y,0.0,3,0.382,0.238,3.002,1.331
93,female,150.0,2.56,same,same,1,0,0,model,Y,0.0,0,0.382,0.253,0.902,1.024
93,female,150.0,4.093,different,different,1,0,0,model,Y,0.0,3,0.382,0.283,1.802,1.476
93,female,150.0,3.634,different,different,1,0,0,model,Y,0.0,3,0.382,0.246,1.502,1.355
93,female,50.0,2.055,same,same,1,0,0,model,Y,0.0,0,0.382,0.144,0.752,0.778
93,female,100.0,2.635,same,same,1,0,0,model,Y,0.0,0,0.382,0.184,1.202,0.868
93,female,50.0,3.032,different,different,1,0,0,model,Y,0.0,3,0.382,0.157,1.202,1.142
93,female,100.0,3.178,same,same,1,0,0,model,Y,0.0,0,0.382,0.212,1.652,0.932
93,female,100.0,5.499,different,different,1,0,0,model,Y,0.0,3,0.382,0.215,3.452,1.301
93,female,150.0,2.42,same,same,1,0,0,model,Y,0.0,0,0.382,0.21,0.902,0.927
93,female,150.0,2.943,same,same,1,0,0,model,Y,0.0,0,0.382,0.278,1.202,1.081
93,female,100.0,3.718,different,different,1,0,0,model,Y,0.0,3,0.382,0.187,1.802,1.198
93,female,100.0,4.229,different,different,1,0,0,model,Y,0.0,3,0.382,0.2,2.252,1.246
93,female,50.0,2.682,different,different,1,0,0,model,Y,0.0,3,0.382,0.147,1.052,0.951
93,female,0.0,1.313,same,same,1,0,0,model,Y,0.0,0,0.382,0.1,0.152,0.68
93,female,100.0,2.493,same,same,1,0,0,model,Y,0.0,0,0.382,0.186,1.052,0.873
93,female,100.0,2.339,same,same,1,0,0,model,Y,0.0,0,0.382,0.231,0.752,0.975
93,female,100.0,2.118,same,same,1,0,0,model,Y,0.0,0,0.382,0.209,0.602,0.926
93,female,150.0,3.266,different,different,1,0,0,model,Y,0.0,3,0.382,0.261,1.352,1.122
94,male,100.0,3.669,different,different,1,0,0,model,Y,0.0,3,0.288,0.196,1.827,1.208
94,male,0.0,1.222,same,same,1,0,0,model,Y,0.0,0,0.288,0.1,0.177,0.657
94,male,50.0,3.496,different,different,1,0,0,model,Y,0.0,3,0.288,0.15,1.977,0.931
94,male,50.0,2.477,different,different,1,0,0,model,Y,0.0,3,0.288,0.155,0.777,1.107
94,male,0.0,1.222,same,same,1,0,0,model,Y,0.0,0,0.288,0.1,0.177,0.657
94,male,0.0,1.572,different,different,1,0,0,model,Y,0.0,3,0.288,0.1,0.177,0.857
94,male,100.0,2.084,same,same,1,0,0,model,Y,0.0,0,0.288,0.181,0.777,0.838
94,male,150.0,4.175,different,different,1,0,0,model,Y,0.0,3,0.288,0.218,2.277,1.242
94,male,100.0,2.985,different,different,1,0,0,model,Y,0.0,3,0.288,0.178,1.227,1.142
94,male,50.0,1.643,same,same,1,0,0,model,Y,0.0,0,0.288,0.137,0.477,0.74
94,male,50.0,1.683,same,same,1,0,0,model,Y,0.0,0,0.288,0.15,0.477,0.768
94,male,100.0,5.043,different,different,1,0,0,model,Y,0.0,3,0.288,0.201,3.177,1.227
94,male,50.0,2.541,different,different,1,0,0,model,Y,0.0,3,0.288,0.139,0.927,1.036
94,male,150.0,2.627,same,same,1,0,0,model,Y,0.0,0,0.288,0.302,0.927,1.11
94,male,100.0,2.316,same,same,1,0,0,model,Y,0.0,0,0.288,0.206,0.927,0.895
94,male,0.0,1.222,same,same,1,0,0,model,Y,0.0,0,0.288,0.1,0.177,0.657
94,male,150.0,2.89,same,same,1,0,0,model,Y,0.0,0,0.288,0.29,1.227,1.084
94,male,150.0,2.226,same,same,1,0,0,model,Y,0.0,0,0.288,0.224,0.777,0.936
94,male,150.0,6.359,same,different,0,1,0,model,Y,0.0,3,0.288,0.273,4.227,1.421
94,male,0.0,1.222,same,same,1,0,0,model,Y,0.0,0,0.288,0.1,0.177,0.657
94,male,50.0,2.969,different,different,1,0,0,model,Y,0.0,3,0.288,0.162,1.227,1.142
94,male,100.0,4.959,different,different,1,0,0,model,Y,0.0,3,0.288,0.183,3.177,1.161
94,male,100.0,2.162,same,same,1,0,0,model,Y,0.0,0,0.288,0.205,0.777,0.892
94,male,50.0,1.717,same,same,1,0,0,model,Y,0.0,0,0.288,0.16,0.477,0.792
94,male,150.0,3.91,different,different,1,0,0,model,Y,0.0,3,0.288,0.255,2.127,1.09
94,male,150.0,3.859,different,different,1,0,0,model,Y,0.0,3,0.288,0.235,2.127,1.059
94,male,150.0,6.746,same,different,0,1,0,model,Y,0.0,3,0.288,0.258,4.677,1.373
94,male,50.0,1.7,same,same,1,0,0,model,Y,0.0,0,0.288,0.155,0.477,0.78
94,male,150.0,4.088,different,different,1,0,0,model,Y,0.0,3,0.288,0.303,1.827,1.519
94,male,100.0,3.609,different,different,1,0,0,model,Y,0.0,3,0.288,0.183,1.827,1.161
94,male,50.0,1.678,same,same,1,0,0,model,Y,0.0,0,0.288,0.148,0.477,0.765
94,male,50.0,1.83,same,same,1,0,0,model,Y,0.0,0,0.288,0.149,0.627,0.766
94,male,150.0,2.683,same,same,1,0,0,model,Y,0.0,0,0.288,0.18,1.377,0.838
94,male,150.0,2.642,same,same,1,0,0,model,Y,0.0,0,0.288,0.306,0.927,1.121
94,male,100.0,3.346,different,different,1,0,0,model,Y,0.0,3,0.288,0.191,1.527,1.19
94,male,50.0,2.446,different,different,1,0,0,model,Y,0.0,3,0.288,0.149,0.777,1.082
94,male,150.0,2.377,same,same,1,0,0,model,Y,0.0,0,0.288,0.225,0.927,0.937
94,male,50.0,1.68,same,same,1,0,0,model,Y,0.0,0,0.288,0.149,0.477,0.766
94,male,150.0,4.096,different,different,1,0,0,model,Y,0.0,3,0.288,0.2,2.277,1.182
94,male,0.0,1.572,same,different,0,1,0,model,Y,0.0,3,0.288,0.1,0.177,0.857
94,male,0.0,1.572,same,different,0,1,0,model,Y,0.0,3,0.288,0.1,0.177,0.857
94,male,0.0,1.222,same,same,1,0,0,model,Y,0.0,0,0.288,0.1,0.177,0.657
94,male,50.0,1.85,same,same,1,0,0,model,Y,0.0,0,0.288,0.155,0.627,0.78
94,male,0.0,1.222,same,same,1,0,0,model,Y,0.0,0,0.288,0.1,0.177,0.657
94,male,0.0,1.572,different,different,1,0,0,model,Y,0.0,3,0.288,0.1,0.177,0.857
94,male,0.0,1.572,same,different,0,1,0,model,Y,0.0,3,0.288,0.1,0.177,0.857
94,male,100.0,2.124,same,same,1,0,0,model,Y,0.0,0,0.288,0.193,0.777,0.866
94,male,150.0,2.627,same,same,1,0,0,model,Y,0.0,0,0.288,0.302,0.927,1.11
94,male,100.0,2.393,same,same,1,0,0,model,Y,0.0,0,0.288,0.184,1.077,0.845
94,male,50.0,2.405,different,different,1,0,0,model,Y,0.0,3,0.288,0.142,0.777,1.048
94,male,50.0,2.153,same,same,1,0,0,model,Y,0.0,0,0.288,0.156,0.927,0.782
94,male,0.0,1.572,different,different,1,0,0,model,Y,0.0,3,0.288,0.1,0.177,0.857
94,male,100.0,2.792,same,different,0,1,0,model,Y,0.0,3,0.288,0.228,1.077,1.049
94,male,0.0,1.222,same,same,1,0,0,model,Y,0.0,0,0.288,0.1,0.177,0.657
94,male,100.0,2.087,same,same,1,0,0,model,Y,0.0,0,0.288,0.228,0.627,0.944
94,male,100.0,2.146,same,same,1,0,0,model,Y,0.0,0,0.288,0.2,0.777,0.881
94,male,0.0,1.572,different,different,1,0,0,model,Y,0.0,3,0.288,0.1,0.177,0.857
94,male,0.0,1.572,same,different,0,1,0,model,Y,0.0,3,0.288,0.1,0.177,0.857
94,male,150.0,5.093,different,different,1,0,0,model,Y,0.0,3,0.288,0.292,2.877,1.485
94,male,0.0,1.222,same,same,1,0,0,model,Y,0.0,0,0.288,0.1,0.177,0.657
94,male,50.0,2.669,different,different,1,0,0,model,Y,0.0,3,0.288,0.162,0.927,1.142
94,male,50.0,1.692,same,same,1,0,0,model,Y,0.0,0,0.288,0.152,0.477,0.775
94,male,100.0,5.398,different,different,1,0,0,model,Y,0.0,3,0.288,0.18,3.627,1.153
94,male,50.0,3.209,different,different,1,0,0,model,Y,0.0,3,0.288,0.151,1.527,1.092
94,male,100.0,2.409,same,same,1,0,0,model,Y,0.0,0,0.288,0.234,0.927,0.959
94,male,0.0,1.572,same,different,0,1,0,model,Y,0.0,3,0.288,0.1,0.177,0.857
94,male,150.0,2.578,same,same,1,0,0,model,Y,0.0,0,0.288,0.194,1.227,0.868
94,male,0.0,1.572,same,different,0,1,0,model,Y,0.0,3,0.288,0.1,0.177,0.857
94,male,50.0,2.544,different,different,1,0,0,model,Y,0.0,3,0.288,0.14,0.927,1.039
94,male,150.0,2.861,same,same,1,0,0,model,Y,0.0,0,0.288,0.235,1.377,0.961
94,male,0.0,1.572,different,different,1,0,0,model,Y,0.0,3,0.288,0.1,0.177,0.857
94,male,50.0,2.392,different,different,1,0,0,model,Y,0.0,3,0.288,0.14,0.777,1.037
94,male,50.0,2.475,different,different,1,0,0,model,Y,0.0,3,0.288,0.161,0.927,0.948
94,male,50.0,2.588,different,different,1,0,0,model,Y,0.0,3,0.288,0.146,1.077,0.926
94,male,0.0,1.222,same,same,1,0,0,model,Y,0.0,0,0.288,0.1,0.177,0.657
94,male,150.0,2.508,same,same,1,0,0,model,Y,0.0,0,0.288,0.265,0.927,1.028
94,male,100.0,3.305,different,different,1,0,0,model,Y,0.0,3,0.288,0.182,1.527,1.158
94,male,150.0,2.729,same,same,1,0,0,model,Y,0.0,0,0.288,0.194,1.377,0.869
94,male,0.0,1.572,different,different,1,0,0,model,Y,0.0,3,0.288,0.1,0.177,0.857
94,male,100.0,4.829,different,different,1,0,0,model,Y,0.0,3,0.288,0.187,3.027,1.177
94,male,0.0,1.222,same,same,1,0,0,model,Y,0.0,0,0.288,0.1,0.177,0.657
94,male,150.0,4.004,different,different,1,0,0,model,Y,0.0,3,0.288,0.283,1.827,1.455
94,male,150.0,7.063,different,different,1,0,0,model,Y,0.0,3,0.288,0.297,4.827,1.501
94,male,150.0,2.928,same,same,1,0,0,model,Y,0.0,0,0.288,0.21,1.527,0.903
94,male,100.0,3.236,same,same,1,0,0,model,Y,0.0,0,0.288,0.212,1.827,0.909
94,male,100.0,3.921,different,different,1,0,0,model,Y,0.0,3,0.288,0.185,2.127,1.171
94,male,0.0,1.572,different,different,1,0,0,model,Y,0.0,3,0.288,0.1,0.177,0.857
94,male,50.0,2.781,different,different,1,0,0,model,Y,0.0,3,0.288,0.164,1.227,0.952
94,male,0.0,1.222,same,same,1,0,0,model,Y,0.0,0,0.288,0.1,0.177,0.657
94,male,0.0,1.572,different,different,1,0,0,model,Y,0.0,3,0.288,0.1,0.177,0.857
94,male,150.0,1.952,same,same,1,0,0,model,Y,0.0,0,0.288,0.186,0.627,0.85
94,male,100.0,3.099,different,different,1,0,0,model,Y,0.0,3,0.288,0.202,1.227,1.232
94,male,100.0,2.052,same,same,1,0,0,model,Y,0.0,0,0.288,0.171,0.777,0.816
94,male,0.0,1.572,different,different,1,0,0,model,Y,0.0,3,0.288,0.1,0.177,0.857
94,male,100.0,3.151,different,different,1,0,0,model,Y,0.0,3,0.288,0.181,1.377,1.155
94,male,0.0,1.222,same,same,1,0,0,model,Y,0.0,0,0.288,0.1,0.177,0.657
95,male,0.0,1.402,same,same,1,0,0,model,Y,0.0,0,0.566,0.1,0.121,0.615
95,male,100.0,4.078,different,different,1,0,0,model,Y,0.0,3,0.566,0.18,2.071,1.11
95,male,50.0,2.363,different,different,1,0,0,model,Y,0.0,3,0.566,0.145,0.721,0.781
95,male,50.0,3.452,same,same,1,0,0,model,Y,0.0,1,0.566,0.169,1.621,1.046
95,male,150.0,5.012,different,different,1,0,0,model,Y,0.0,3,0.566,0.249,3.271,0.776
95,male,50.0,2.681,different,different,1,0,0,model,Y,0.0,3,0.566,0.159,0.721,1.085
95,male,150.0,6.028,different,same,0,0,1,model,Y,0.0,3,0.566,0.224,3.871,1.217
95,male,50.0,2.626,different,different,1,0,0,model,Y,0.0,3,0.566,0.149,0.721,1.04
95,male,150.0,2.764,same,same,1,0,0,model,Y,0.0,0,0.566,0.288,0.871,1.038
95,male,50.0,2.041,same,same,1,0,0,model,Y,0.0,0,0.566,0.158,0.571,0.746
95,male,150.0,2.789,same,same,1,0,0,model,Y,0.0,0,0.566,0.25,1.021,0.952
95,male,100.0,2.097,same,same,1,0,0,model,Y,0.0,0,0.566,0.176,0.571,0.784
95,male,150.0,4.382,different,different,1,0,0,model,Y,0.0,3,0.566,0.26,2.071,1.335
95,male,50.0,2.016,same,same,1,0,0,model,Y,0.0,0,0.566,0.151,0.571,0.728
95,male,50.0,2.669,different,different,1,0,0,model,Y,0.0,3,0.566,0.13,0.871,0.952
95,male,50.0,2.091,same,same,1,0,0,model,Y,0.0,0,0.566,0.174,0.571,0.78
95,male,0.0,1.402,same,same,1,0,0,model,Y,0.0,0,0.566,0.1,0.121,0.615
95,male,0.0,1.402,same,same,1,0,0,model,Y,0.0,0,0.566,0.1,0.121,0.615
95,male,150.0,3.879,different,different,1,0,0,model,Y,0.0,3,0.566,0.212,1.771,1.18
95,male,150.0,5.254,different,different,1,0,0,model,Y,0.0,3,0.566,0.218,3.121,1.199
95,male,50.0,2.661,different,different,1,0,0,model,Y,0.0,3,0.566,0.156,0.721,1.068
95,male,50.0,1.992,same,same,1,0,0,model,Y,0.0,0,0.566,0.143,0.571,0.711
95,male,0.0,1.752,different,different,1,0,0,model,Y,0.0,3,0.566,0.1,0.121,0.815
95,male,0.0,1.752,same,different,0,1,0,model,Y,0.0,3,0.566,0.1,0.121,0.815
95,male,150.0,3.181,same,different,0,1,0,model,Y,0.0,3,0.566,0.232,1.321,0.912
95,male,50.0,4.58,different,same,0,0,1,model,Y,0.0,3,0.566,0.174,2.971,0.72
95,male,150.0,4.439,different,different,1,0,0,model,Y,0.0,3,0.566,0.238,2.221,1.264
95,male,50.0,1.842,same,same,1,0,0,model,Y,0.0,0,0.566,0.143,0.421,0.712
95,male,0.0,1.402,same,same,1,0,0,model,Y,0.0,0,0.566,0.1,0.121,0.615
95,male,100.0,3.994,different,different,1,0,0,model,Y,0.0,3,0.566,0.195,1.921,1.162
95,male,50.0,2.721,different,different,1,0,0,model,Y,0.0,3,0.566,0.166,0.721,1.117
95,male,150.0,4.099,different,different,1,0,0,model,Y,0.0,3,0.566,0.193,2.071,1.118
95,male,100.0,2.484,same,same,1,0,0,model,Y,0.0,0,0.566,0.248,0.721,0.948
95,male,50.0,1.852,same,same,1,0,0,model,Y,0.0,0,0.566,0.146,0.421,0.718
95,male,100.0,3.917,different,different,1,0,0,model,Y,0.0,3,0.566,0.178,1.921,1.102
95,male,50.0,2.649,same,same,1,0,0,model,Y,0.0,1,0.566,0.159,0.871,1.003
95,male,150.0,2.641,same,same,1,0,0,model,Y,0.0,0,0.566,0.25,0.871,0.953
95,male,0.0,1.402,same,same,1,0,0,model,Y,0.0,0,0.566,0.1,0.121,0.615
95,male,0.0,1.402,same,same,1,0,0,model,Y,0.0,0,0.566,0.1,0.121,0.615
95,male,50.0,2.473,different,different,1,0,0,model,Y,0.0,3,0.566,0.148,0.721,0.887
95,male,100.0,2.55,same,same,1,0,0,model,Y,0.0,0,0.566,0.177,1.021,0.787
95,male,100.0,2.431,same,same,1,0,0,model,Y,0.0,0,0.566,0.186,0.871,0.808
95,male,100.0,2.359,same,same,1,0,0,model,Y,0.0,0,0.566,0.21,0.721,0.862
95,male,50.0,2.727,different,different,1,0,0,model,Y,0.0,3,0.566,0.14,0.871,1.0
95,male,150.0,4.193,different,different,1,0,0,model,Y,0.0,3,0.566,0.286,1.771,1.42
95,male,0.0,1.402,same,same,1,0,0,model,Y,0.0,0,0.566,0.1,0.121,0.615
95,male,100.0,2.722,same,same,1,0,0,model,Y,0.0,0,0.566,0.229,1.021,0.906
95,male,50.0,2.536,different,different,1,0,0,model,Y,0.0,3,0.566,0.174,0.721,0.925
95,male,0.0,1.402,same,same,1,0,0,model,Y,0.0,0,0.566,0.1,0.121,0.615
95,male,0.0,1.752,different,different,1,0,0,model,Y,0.0,3,0.566,0.1,0.121,0.815
95,male,100.0,3.632,different,different,1,0,0,model,Y,0.0,3,0.566,0.232,1.771,0.913
95,male,50.0,1.914,same,same,1,0,0,model,Y,0.0,0,0.566,0.165,0.421,0.762
95,male,50.0,1.969,same,same,1,0,0,model,Y,0.0,0,0.566,0.136,0.571,0.696
95,male,0.0,1.402,same,same,1,0,0,model,Y,0.0,0,0.566,0.1,0.121,0.615
95,male,100.0,2.508,same,same,1,0,0,model,Y,0.0,0,0.566,0.21,0.871,0.861
95,male,100.0,2.695,same,same,1,0,0,model,Y,0.0,0,0.566,0.221,1.021,0.887
95,male,100.0,2.323,same,same,1,0,0,model,Y,0.0,0,0.566,0.199,0.721,0.837
95,male,50.0,3.535,different,different,1,0,0,model,Y,0.0,3,0.566,0.151,1.621,1.047
95,male,0.0,1.402,same,same,1,0,0,model,Y,0.0,0,0.566,0.1,0.121,0.615
95,male,100.0,3.248,different,different,1,0,0,model,Y,0.0,3,0.566,0.163,1.321,1.047
95,male,100.0,3.749,different,different,1,0,0,model,Y,0.0,3,0.566,0.238,1.471,1.323
95,male,0.0,1.402,same,same,1,0,0,model,Y,0.0,0,0.566,0.1,0.121,0.615
95,male,150.0,4.202,different,different,1,0,0,model,Y,0.0,3,0.566,0.288,1.771,1.427
95,male,0.0,1.402,same,same,1,0,0,model,Y,0.0,0,0.566,0.1,0.121,0.615
95,male,50.0,2.032,same,same,1,0,0,model,Y,0.0,0,0.566,0.156,0.571,0.74
95,male,150.0,6.068,different,different,1,0,0,model,Y,0.0,3,0.566,0.233,3.871,1.248
95,male,100.0,8.49,different,same,0,0,1,model,Y,0.0,3,0.566,0.226,6.271,1.278
95,male,100.0,2.48,same,same,1,0,0,model,Y,0.0,0,0.566,0.247,0.721,0.946
95,male,100.0,3.903,same,different,0,1,0,model,Y,0.0,3,0.566,0.207,1.771,1.209
95,male,100.0,4.708,different,same,0,0,1,model,Y,0.0,3,0.566,0.185,2.221,1.585
95,male,50.0,2.577,same,same,1,0,0,model,Y,0.0,1,0.566,0.144,0.871,0.945
95,male,100.0,2.738,same,same,1,0,0,model,Y,0.0,0,0.566,0.234,1.021,0.917
95,male,150.0,7.362,different,different,1,0,0,model,Y,0.0,3,0.566,0.22,5.671,0.755
95,male,150.0,4.645,different,different,1,0,0,model,Y,0.0,3,0.566,0.217,2.821,0.89
95,male,0.0,1.402,same,same,1,0,0,model,Y,0.0,0,0.566,0.1,0.121,0.615
95,male,100.0,4.09,different,different,1,0,0,model,Y,0.0,3,0.566,0.247,1.771,1.356
95,male,150.0,3.624,same,same,1,0,0,model,Y,0.0,1,0.566,0.251,1.471,1.286
95,male,50.0,2.276,same,same,1,0,0,model,Y,0.0,0,0.566,0.138,0.871,0.701
95,male,0.0,1.752,different,different,1,0,0,model,Y,0.0,3,0.566,0.1,0.121,0.815
95,male,150.0,2.798,same,same,1,0,0,model,Y,0.0,0,0.566,0.253,1.021,0.958
95,male,150.0,3.755,different,different,1,0,0,model,Y,0.0,3,0.566,0.183,1.771,1.085
95,male,50.0,2.674,different,different,1,0,0,model,Y,0.0,3,0.566,0.158,0.721,1.079
95,male,150.0,2.745,same,same,1,0,0,model,Y,0.0,0,0.566,0.283,0.871,1.025
95,male,100.0,3.126,different,different,1,0,0,model,Y,0.0,3,0.566,0.202,1.021,1.188
95,male,150.0,3.914,different,different,1,0,0,model,Y,0.0,3,0.566,0.22,1.771,1.207
95,male,150.0,5.141,different,different,1,0,0,model,Y,0.0,3,0.566,0.262,2.821,1.342
95,male,100.0,2.363,same,same,1,0,0,model,Y,0.0,0,0.566,0.211,0.721,0.865
95,male,0.0,1.402,same,same,1,0,0,model,Y,0.0,0,0.566,0.1,0.121,0.615
95,male,100.0,2.307,same,same,1,0,0,model,Y,0.0,0,0.566,0.194,0.721,0.826
95,male,100.0,5.598,different,different,1,0,0,model,Y,0.0,3,0.566,0.185,3.571,1.126
95,male,50.0,4.077,same,different,0,1,0,model,Y,0.0,3,0.566,0.143,2.521,0.697
95,male,150.0,4.358,different,different,1,0,0,model,Y,0.0,3,0.566,0.254,2.071,1.317
95,male,50.0,2.887,same,different,0,1,0,model,Y,0.0,3,0.566,0.142,1.021,1.007
95,male,0.0,1.402,same,same,1,0,0,model,Y,0.0,0,0.566,0.1,0.121,0.615
95,male,50.0,2.565,different,different,1,0,0,model,Y,0.0,3,0.566,0.138,0.721,0.99
95,male,50.0,3.154,different,same,0,0,1,model,Y,0.0,3,0.566,0.13,1.621,0.687
96,female,50.0,2.718,different,different,1,0,0,model,Y,0.0,3,0.439,0.128,1.028,0.972
96,female,150.0,2.524,same,same,1,0,0,model,Y,0.0,0,0.439,0.243,0.878,0.964
96,female,50.0,2.829,different,different,1,0,0,model,Y,0.0,3,0.439,0.147,1.178,0.914
96,female,0.0,1.311,same,same,1,0,0,model,Y,0.0,0,0.439,0.1,0.128,0.643
96,female,0.0,1.311,same,same,1,0,0,model,Y,0.0,0,0.439,0.1,0.128,0.643
96,female,100.0,3.23,same,different,0,1,0,model,Y,0.0,3,0.439,0.211,1.178,1.251
96,female,150.0,2.516,same,same,1,0,0,model,Y,0.0,0,0.439,0.24,0.878,0.959
96,female,50.0,2.045,same,same,1,0,0,model,Y,0.0,0,0.439,0.141,0.728,0.736
96,female,150.0,3.432,same,same,1,0,0,model,Y,0.0,0,0.439,0.245,1.778,0.97
96,female,0.0,1.311,same,same,1,0,0,model,Y,0.0,0,0.439,0.1,0.128,0.643
96,female,150.0,4.031,different,different,1,0,0,model,Y,0.0,3,0.439,0.269,1.778,1.395
96,female,0.0,1.311,same,same,1,0,0,model,Y,0.0,0,0.439,0.1,0.128,0.643
96,female,100.0,2.083,same,same,1,0,0,model,Y,0.0,0,0.439,0.199,0.578,0.866
96,female,150.0,6.063,different,different,1,0,0,model,Y,0.0,3,0.439,0.183,4.178,1.113
96,female,100.0,2.413,same,same,1,0,0,model,Y,0.0,0,0.439,0.208,0.878,0.887
96,female,100.0,3.052,different,different,1,0,0,model,Y,0.0,3,0.439,0.205,1.028,1.229
96,female,50.0,1.774,same,same,1,0,0,model,Y,0.0,0,0.439,0.15,0.428,0.756
96,female,0.0,1.311,same,same,1,0,0,model,Y,0.0,0,0.439,0.1,0.128,0.643
96,female,50.0,2.001,same,same,1,0,0,model,Y,0.0,0,0.439,0.174,0.578,0.81
96,female,0.0,1.661,different,different,1,0,0,model,Y,0.0,3,0.439,0.1,0.128,0.843
96,female,100.0,2.182,same,same,1,0,0,model,Y,0.0,0,0.439,0.183,0.728,0.831
96,female,50.0,2.629,different,different,1,0,0,model,Y,0.0,3,0.439,0.166,0.728,1.146
96,female,100.0,2.336,same,same,1,0,0,model,Y,0.0,0,0.439,0.231,0.728,0.938
96,female,50.0,1.897,same,same,1,0,0,model,Y,0.0,0,0.439,0.142,0.578,0.738
96,female,0.0,1.311,same,same,1,0,0,model,Y,0.0,0,0.439,0.1,0.128,0.643
96,female,150.0,2.789,same,same,1,0,0,model,Y,0.0,0,0.439,0.232,1.178,0.94
96,female,50.0,1.94,same,same,1,0,0,model,Y,0.0,0,0.439,0.155,0.578,0.767
96,female,50.0,2.785,different,different,1,0,0,model,Y,0.0,3,0.439,0.167,0.878,1.15
96,female,150.0,3.857,different,different,1,0,0,model,Y,0.0,3,0.439,0.299,1.478,1.491
96,female,0.0,1.661,different,different,1,0,0,model,Y,0.0,3,0.439,0.1,0.128,0.843
96,female,100.0,2.916,different,different,1,0,0,model,Y,0.0,3,0.439,0.176,1.028,1.123
96,female,50.0,2.504,same,same,1,0,0,model,Y,0.0,1,0.439,0.148,0.878,0.989
96,female,100.0,3.07,same,same,1,0,0,model,Y,0.0,1,0.439,0.176,1.328,1.077
96,female,100.0,3.417,different,different,1,0,0,model,Y,0.0,3,0.439,0.187,1.478,1.163
96,female,150.0,6.252,different,different,1,0,0,model,Y,0.0,3,0.439,0.227,4.178,1.257
96,female,150.0,4.185,different,different,1,0,0,model,Y,0.0,3,0.439,0.235,2.078,1.283
96,female,100.0,4.755,different,different,1,0,0,model,Y,0.0,3,0.439,0.216,2.678,1.271
96,female,50.0,2.852,different,different,1,0,0,model,Y,0.0,3,0.439,0.152,1.028,1.083
96,female,0.0,1.661,different,different,1,0,0,model,Y,0.0,3,0.439,0.1,0.128,0.843
96,female,50.0,1.989,same,same,1,0,0,model,Y,0.0,0,0.439,0.17,0.578,0.802
96,female,50.0,2.46,same,same,1,0,0,model,Y,0.0,1,0.439,0.143,0.728,1.1
96,female,50.0,2.376,same,same,1,0,0,model,Y,0.0,0,0.439,0.151,1.028,0.758
96,female,0.0,1.661,different,different,1,0,0,model,Y,0.0,3,0.439,0.1,0.128,0.843
96,female,0.0,1.661,different,different,1,0,0,model,Y,0.0,3,0.439,0.1,0.128,0.843
96,female,0.0,1.311,same,same,1,0,0,model,Y,0.0,0,0.439,0.1,0.128,0.643
96,female,100.0,3.216,different,different,1,0,0,model,Y,0.0,3,0.439,0.208,1.178,1.24
96,female,50.0,1.764,same,same,1,0,0,model,Y,0.0,0,0.439,0.147,0.428,0.75
96,female,50.0,2.001,same,same,1,0,0,model,Y,0.0,0,0.439,0.128,0.728,0.706
96,female,100.0,1.986,same,same,1,0,0,model,Y,0.0,0,0.439,0.169,0.578,0.799
96,female,100.0,2.258,same,same,1,0,0,model,Y,0.0,0,0.439,0.207,0.728,0.883
96,female,150.0,2.948,same,same,1,0,0,model,Y,0.0,1,0.439,0.178,1.478,0.802
96,female,150.0,2.304,same,same,1,0,0,model,Y,0.0,0,0.439,0.221,0.728,0.915
96,female,150.0,3.982,different,different,1,0,0,model,Y,0.0,3,0.439,0.249,2.078,1.066
96,female,150.0,5.308,different,different,1,0,0,model,Y,0.0,3,0.439,0.287,2.978,1.453
96,female,50.0,2.599,different,different,1,0,0,model,Y,0.0,3,0.439,0.161,0.728,1.121
96,female,50.0,2.964,different,different,1,0,0,model,Y,0.0,3,0.439,0.172,1.028,1.174
96,female,100.0,5.945,different,different,1,0,0,model,Y,0.0,3,0.439,0.214,3.878,1.263
96,female,100.0,4.57,different,different,1,0,0,model,Y,0.0,3,0.439,0.177,2.678,1.126
96,female,50.0,1.912,same,same,1,0,0,model,Y,0.0,0,0.439,0.147,0.578,0.748
96,female,100.0,2.365,same,same,1,0,0,model,Y,0.0,0,0.439,0.24,0.728,0.958
96,female,0.0,1.661,different,different,1,0,0,model,Y,0.0,3,0.439,0.1,0.128,0.843
96,female,150.0,2.462,same,same,1,0,0,model,Y,0.0,0,0.439,0.223,0.878,0.921
96,female,0.0,1.661,different,different,1,0,0,model,Y,0.0,3,0.439,0.1,0.128,0.843
96,female,100.0,3.397,different,different,1,0,0,model,Y,0.0,3,0.439,0.215,1.328,1.265
96,female,100.0,2.027,same,same,1,0,0,model,Y,0.0,0,0.439,0.182,0.578,0.828
96,female,0.0,1.311,same,same,1,0,0,model,Y,0.0,0,0.439,0.1,0.128,0.643
96,female,0.0,1.661,different,different,1,0,0,model,Y,0.0,3,0.439,0.1,0.128,0.843
96,female,100.0,2.209,same,same,1,0,0,model,Y,0.0,0,0.439,0.192,0.728,0.85
96,female,50.0,3.409,different,different,1,0,0,model,Y,0.0,3,0.439,0.144,1.628,1.047
96,female,150.0,4.588,different,different,1,0,0,model,Y,0.0,3,0.439,0.224,2.528,1.247
96,female,100.0,3.169,different,different,1,0,0,model,Y,0.0,3,0.439,0.198,1.178,1.204
96,female,50.0,1.825,same,same,1,0,0,model,Y,0.0,0,0.439,0.166,0.428,0.792
96,female,100.0,2.202,same,same,1,0,0,model,Y,0.0,0,0.439,0.236,0.578,0.949
96,female,0.0,1.661,same,different,0,1,0,model,Y,0.0,3,0.439,0.1,0.128,0.843
96,female,150.0,2.477,same,same,1,0,0,model,Y,0.0,0,0.439,0.228,0.878,0.931
96,female,0.0,1.661,different,different,1,0,0,model,Y,0.0,3,0.439,0.1,0.128,0.843
96,female,0.0,1.661,different,different,1,0,0,model,Y,0.0,3,0.439,0.1,0.128,0.843
96,female,150.0,4.719,same,same,1,0,0,model,Y,0.0,1,0.439,0.293,2.228,1.708
96,female,100.0,2.469,same,same,1,0,0,model,Y,0.0,0,0.439,0.179,1.028,0.822
96,female,100.0,4.027,different,different,1,0,0,model,Y,0.0,3,0.439,0.221,1.928,1.288
96,female,0.0,1.311,same,same,1,0,0,model,Y,0.0,0,0.439,0.1,0.128,0.643
96,female,150.0,4.033,different,different,1,0,0,model,Y,0.0,3,0.439,0.27,1.778,1.396
96,female,100.0,2.496,same,same,1,0,0,model,Y,0.0,0,0.439,0.234,0.878,0.944
96,female,150.0,2.88,same,same,1,0,0,model,Y,0.0,0,0.439,0.26,1.178,1.003
96,female,0.0,1.661,different,different,1,0,0,model,Y,0.0,3,0.439,0.1,0.128,0.843
96,female,100.0,2.214,same,same,1,0,0,model,Y,0.0,0,0.439,0.193,0.728,0.853
96,female,150.0,5.351,different,different,1,0,0,model,Y,0.0,3,0.439,0.227,3.278,1.256
96,female,150.0,3.458,same,same,1,0,0,model,Y,0.0,0,0.439,0.207,1.928,0.884
96,female,50.0,1.778,same,same,1,0,0,model,Y,0.0,0,0.439,0.151,0.428,0.759
96,female,150.0,3.642,different,different,1,0,0,model,Y,0.0,3,0.439,0.248,1.478,1.326
96,female,150.0,5.699,different,different,1,0,0,model,Y,0.0,3,0.439,0.275,3.728,1.106
96,female,100.0,4.471,same,same,1,0,0,model,Y,0.0,1,0.439,0.211,2.378,1.392
96,female,0.0,1.311,same,same,1,0,0,model,Y,0.0,0,0.439,0.1,0.128,0.643
96,female,100.0,2.013,same,same,1,0,0,model,Y,0.0,0,0.439,0.177,0.578,0.818
96,female,50.0,2.815,different,different,1,0,0,model,Y,0.0,3,0.439,0.173,0.878,1.175
96,female,50.0,2.369,different,different,1,0,0,model,Y,0.0,3,0.439,0.143,0.728,0.908
97,female,0.0,1.316,different,different,1,0,0,model,Y,0.0,2,0.295,0.1,0.162,0.659
97,female,100.0,4.295,different,different,1,0,0,model,Y,0.0,2,0.295,0.207,2.712,0.98
97,female,150.0,3.813,different,different,1,0,0,model,Y,0.0,2,0.295,0.259,2.262,0.897
97,female,0.0,1.316,different,different,1,0,0,model,Y,0.0,2,0.295,0.1,0.162,0.659
97,female,0.0,1.166,same,same,1,0,0,model,Y,0.0,0,0.295,0.1,0.162,0.609
97,female,50.0,2.32,same,different,0,1,0,model,Y,0.0,2,0.295,0.16,0.912,0.852
97,female,100.0,3.222,different,different,1,0,0,model,Y,0.0,2,0.295,0.164,1.812,0.851
97,female,150.0,4.235,different,different,1,0,0,model,Y,0.0,2,0.295,0.276,2.412,1.152
97,female,100.0,2.152,same,same,1,0,0,model,Y,0.0,0,0.295,0.219,0.762,0.876
97,female,150.0,3.569,same,same,1,0,0,model,Y,0.0,0,0.295,0.285,1.962,1.026
97,female,50.0,1.913,same,same,1,0,0,model,Y,0.0,0,0.295,0.145,0.762,0.71
97,female,50.0,1.682,same,same,1,0,0,model,Y,0.0,0,0.295,0.166,0.462,0.758
97,female,100.0,2.061,same,same,1,0,0,model,Y,0.0,0,0.295,0.191,0.762,0.813
97,female,100.0,4.388,different,different,1,0,0,model,Y,0.0,2,0.295,0.155,3.012,0.825
97,female,50.0,1.746,same,same,1,0,0,model,Y,0.0,0,0.295,0.14,0.612,0.699
97,female,50.0,2.135,different,different,1,0,0,model,Y,0.0,2,0.295,0.152,0.762,0.826
97,female,0.0,1.316,different,different,1,0,0,model,Y,0.0,2,0.295,0.1,0.162,0.659
97,female,100.0,2.482,same,same,1,0,0,model,Y,0.0,0,0.295,0.182,1.212,0.793
97,female,0.0,1.316,different,different,1,0,0,model,Y,0.0,2,0.295,0.1,0.162,0.659
97,female,100.0,2.237,same,same,1,0,0,model,Y,0.0,0,0.295,0.199,0.912,0.831
97,female,0.0,1.316,different,different,1,0,0,model,Y,0.0,2,0.295,0.1,0.162,0.659
97,female,100.0,7.142,same,different,0,1,0,model,Y,0.0,2,0.295,0.169,5.712,0.866
97,female,0.0,1.166,same,same,1,0,0,model,Y,0.0,0,0.295,0.1,0.162,0.609
97,female,150.0,4.206,same,different,0,1,0,model,Y,0.0,2,0.295,0.268,2.412,1.131
97,female,150.0,4.814,different,different,1,0,0,model,Y,0.0,2,0.295,0.239,3.312,0.867
97,female,0.0,1.166,same,same,1,0,0,model,Y,0.0,0,0.295,0.1,0.162,0.609
97,female,0.0,1.166,same,same,1,0,0,model,Y,0.0,0,0.295,0.1,0.162,0.609
97,female,0.0,1.316,same,different,0,1,0,model,Y,0.0,2,0.295,0.1,0.162,0.659
97,female,150.0,3.706,different,different,1,0,0,model,Y,0.0,2,0.295,0.294,1.812,1.204
97,female,100.0,2.31,same,same,1,0,0,model,Y,0.0,0,0.295,0.221,0.912,0.881
97,female,100.0,2.065,same,same,1,0,0,model,Y,0.0,0,0.295,0.192,0.762,0.816
97,female,0.0,1.166,same,same,1,0,0,model,Y,0.0,0,0.295,0.1,0.162,0.609
97,female,0.0,1.316,different,different,1,0,0,model,Y,0.0,2,0.295,0.1,0.162,0.659
97,female,150.0,2.536,same,same,1,0,0,model,Y,0.0,0,0.295,0.245,1.062,0.934
97,female,100.0,2.591,same,same,1,0,0,model,Y,0.0,0,0.295,0.215,1.212,0.868
97,female,150.0,5.786,different,different,1,0,0,model,Y,0.0,2,0.295,0.289,3.912,1.189
97,female,100.0,3.549,different,different,1,0,0,model,Y,0.0,2,0.295,0.171,2.112,0.871
97,female,50.0,1.755,same,same,1,0,0,model,Y,0.0,0,0.295,0.143,0.612,0.705
97,female,150.0,2.59,same,same,1,0,0,model,Y,0.0,0,0.295,0.215,1.212,0.867
97,female,50.0,1.567,same,same,1,0,0,model,Y,0.0,0,0.295,0.131,0.462,0.679
97,female,0.0,1.316,different,different,1,0,0,model,Y,0.0,2,0.295,0.1,0.162,0.659
97,female,50.0,1.801,same,same,1,0,0,model,Y,0.0,0,0.295,0.157,0.612,0.737
97,female,100.0,2.134,same,same,1,0,0,model,Y,0.0,0,0.295,0.213,0.762,0.863
97,female,150.0,2.399,same,same,1,0,0,model,Y,0.0,0,0.295,0.202,1.062,0.839
97,female,100.0,2.098,same,same,1,0,0,model,Y,0.0,0,0.295,0.202,0.762,0.839
97,female,50.0,1.595,same,same,1,0,0,model,Y,0.0,0,0.295,0.14,0.462,0.698
97,female,100.0,3.388,different,different,1,0,0,model,Y,0.0,2,0.295,0.205,1.812,0.975
97,female,0.0,1.166,same,same,1,0,0,model,Y,0.0,0,0.295,0.1,0.162,0.609
97,female,50.0,1.578,same,same,1,0,0,model,Y,0.0,0,0.295,0.134,0.462,0.686
97,female,150.0,2.308,same,same,1,0,0,model,Y,0.0,0,0.295,0.267,0.762,0.984
97,female,150.0,2.482,same,same,1,0,0,model,Y,0.0,0,0.295,0.182,1.212,0.793
97,female,50.0,2.087,different,different,1,0,0,model,Y,0.0,2,0.295,0.14,0.762,0.789
97,female,50.0,2.323,different,different,1,0,0,model,Y,0.0,2,0.295,0.143,1.062,0.723
97,female,50.0,1.899,same,same,1,0,0,model,Y,0.0,0,0.295,0.141,0.762,0.701
97,female,50.0,2.698,same,different,0,1,0,model,Y,0.0,2,0.295,0.143,1.362,0.797
97,female,100.0,3.799,different,different,1,0,0,model,Y,0.0,2,0.295,0.196,2.262,0.946
97,female,50.0,2.62,different,different,1,0,0,model,Y,0.0,2,0.295,0.16,1.212,0.852
97,female,0.0,1.316,different,different,1,0,0,model,Y,0.0,2,0.295,0.1,0.162,0.659
97,female,100.0,2.225,same,same,1,0,0,model,Y,0.0,0,0.295,0.195,0.912,0.822
97,female,50.0,2.559,different,different,1,0,0,model,Y,0.0,2,0.295,0.146,1.212,0.806
97,female,100.0,5.994,different,different,1,0,0,model,Y,0.0,2,0.295,0.22,4.362,1.017
97,female,100.0,2.905,different,different,1,0,0,model,Y,0.0,2,0.295,0.197,1.362,0.95
97,female,150.0,3.534,different,different,1,0,0,model,Y,0.0,2,0.295,0.249,1.812,1.077
97,female,50.0,1.834,same,same,1,0,0,model,Y,0.0,0,0.295,0.167,0.612,0.759
97,female,50.0,1.873,same,same,1,0,0,model,Y,0.0,0,0.295,0.133,0.762,0.683
97,female,150.0,3.99,different,different,1,0,0,model,Y,0.0,2,0.295,0.29,2.112,1.193
97,female,50.0,2.156,different,different,1,0,0,model,Y,0.0,2,0.295,0.157,0.762,0.842
97,female,100.0,2.227,same,same,1,0,0,model,Y,0.0,0,0.295,0.196,0.912,0.824
97,female,0.0,1.166,same,same,1,0,0,model,Y,0.0,0,0.295,0.1,0.162,0.609
97,female,50.0,1.643,same,same,1,0,0,model,Y,0.0,0,0.295,0.154,0.462,0.731
97,female,150.0,2.252,same,same,1,0,0,model,Y,0.0,0,0.295,0.203,0.912,0.841
97,female,150.0,6.218,different,different,1,0,0,model,Y,0.0,2,0.295,0.245,4.512,1.066
97,female,50.0,2.804,different,different,1,0,0,model,Y,0.0,2,0.295,0.155,1.512,0.742
97,female,150.0,2.343,same,same,1,0,0,model,Y,0.0,0,0.295,0.231,0.912,0.904
97,female,0.0,1.166,same,same,1,0,0,model,Y,0.0,0,0.295,0.1,0.162,0.609
97,female,0.0,1.316,same,different,0,1,0,model,Y,0.0,2,0.295,0.1,0.162,0.659
97,female,100.0,4.453,different,different,1,0,0,model,Y,0.0,2,0.295,0.172,3.012,0.874
97,female,100.0,2.1,same,same,1,0,0,model,Y,0.0,0,0.295,0.203,0.762,0.839
97,female,50.0,2.029,same,same,1,0,0,model,Y,0.0,0,0.295,0.135,0.912,0.687
97,female,100.0,1.918,same,same,1,0,0,model,Y,0.0,0,0.295,0.193,0.612,0.817
97,female,100.0,3.654,different,different,1,0,0,model,Y,0.0,2,0.295,0.235,1.962,1.062
97,female,150.0,2.405,same,same,1,0,0,model,Y,0.0,0,0.295,0.296,0.762,1.051
97,female,150.0,2.493,same,same,1,0,0,model,Y,0.0,0,0.295,0.277,0.912,1.008
97,female,50.0,4.902,different,different,1,0,0,model,Y,0.0,2,0.295,0.168,3.462,0.877
97,female,150.0,2.064,same,same,1,0,0,model,Y,0.0,0,0.295,0.192,0.762,0.815
97,female,100.0,2.155,same,same,1,0,0,model,Y,0.0,0,0.295,0.22,0.762,0.878
97,female,50.0,2.011,same,same,1,0,0,model,Y,0.0,0,0.295,0.129,0.912,0.674
97,female,0.0,1.316,same,different,0,1,0,model,Y,0.0,2,0.295,0.1,0.162,0.659
97,female,150.0,2.132,same,same,1,0,0,model,Y,0.0,0,0.295,0.212,0.762,0.862
97,female,0.0,1.316,different,different,1,0,0,model,Y,0.0,2,0.295,0.1,0.162,0.659
97,female,150.0,2.827,same,same,1,0,0,model,Y,0.0,0,0.295,0.288,1.212,1.032
97,female,150.0,8.357,different,different,1,0,0,model,Y,0.0,2,0.295,0.255,6.612,1.094
97,female,0.0,1.316,different,different,1,0,0,model,Y,0.0,2,0.295,0.1,0.162,0.659
97,female,0.0,1.316,same,different,0,1,0,model,Y,0.0,2,0.295,0.1,0.162,0.659
97,female,50.0,3.313,same,different,0,1,0,model,Y,0.0,2,0.295,0.147,1.962,0.809
97,female,150.0,3.577,same,same,1,0,0,model,Y,0.0,0,0.295,0.288,1.962,1.032
98,female,0.0,1.655,same,same,1,0,0,model,Y,0.0,0,0.644,0.1,0.189,0.722
98,female,150.0,5.089,different,different,1,0,0,model,Y,0.0,3,0.644,0.261,2.589,1.446
98,female,150.0,2.94,same,same,1,0,0,model,Y,0.0,0,0.644,0.218,1.089,0.989
98,female,100.0,4.146,different,different,1,0,0,model,Y,0.0,3,0.644,0.205,1.839,1.308
98,female,100.0,3.562,different,different,1,0,0,model,Y,0.0,3,0.644,0.183,1.539,1.046
98,female,150.0,3.448,same,same,1,0,0,model,Y,0.0,0,0.644,0.282,1.389,1.132
98,female,50.0,3.654,different,different,1,0,0,model,Y,0.0,3,0.644,0.153,1.539,1.167
98,female,50.0,2.851,different,different,1,0,0,model,Y,0.0,3,0.644,0.144,0.789,1.124
98,female,150.0,2.985,same,same,1,0,0,model,Y,0.0,0,0.644,0.186,1.239,0.916
98,female,150.0,5.067,different,different,1,0,0,model,Y,0.0,3,0.644,0.255,2.589,1.429
98,female,150.0,5.179,different,different,1,0,0,model,Y,0.0,3,0.644,0.246,2.739,1.399
98,female,0.0,1.655,same,same,1,0,0,model,Y,0.0,0,0.644,0.1,0.189,0.722
98,female,150.0,4.876,different,different,1,0,0,model,Y,0.0,3,0.644,0.281,2.289,1.512
98,female,150.0,3.371,same,same,1,0,0,model,Y,0.0,0,0.644,0.213,1.539,0.976
98,female,100.0,3.593,different,different,1,0,0,model,Y,0.0,3,0.644,0.215,1.239,1.345
98,female,0.0,2.005,different,different,1,0,0,model,Y,0.0,3,0.644,0.1,0.189,0.922
98,female,0.0,2.005,different,different,1,0,0,model,Y,0.0,3,0.644,0.1,0.189,0.922
98,female,150.0,3.022,same,same,1,0,0,model,Y,0.0,0,0.644,0.243,1.089,1.045
98,female,150.0,4.068,different,different,1,0,0,model,Y,0.0,3,0.644,0.197,1.839,1.238
98,female,0.0,2.005,different,different,1,0,0,model,Y,0.0,3,0.644,0.1,0.189,0.922
98,female,0.0,2.005,different,different,1,0,0,model,Y,0.0,3,0.644,0.1,0.189,0.922
98,female,100.0,2.522,same,same,1,0,0,model,Y,0.0,0,0.644,0.228,0.639,1.011
98,female,0.0,1.655,same,same,1,0,0,model,Y,0.0,0,0.644,0.1,0.189,0.722
98,female,150.0,4.603,different,different,1,0,0,model,Y,0.0,3,0.644,0.287,1.989,1.533
98,female,0.0,2.005,different,different,1,0,0,model,Y,0.0,3,0.644,0.1,0.189,0.922
98,female,150.0,3.972,different,different,1,0,0,model,Y,0.0,3,0.644,0.227,1.839,1.112
98,female,50.0,3.709,different,different,1,0,0,model,Y,0.0,3,0.644,0.137,1.689,1.09
98,female,0.0,2.005,different,different,1,0,0,model,Y,0.0,3,0.644,0.1,0.189,0.922
98,female,100.0,3.9,different,different,1,0,0,model,Y,0.0,3,0.644,0.217,1.539,1.351
98,female,50.0,2.253,same,same,1,0,0,model,Y,0.0,0,0.644,0.146,0.639,0.825
98,female,0.0,1.655,same,same,1,0,0,model,Y,0.0,0,0.644,0.1,0.189,0.722
98,female,150.0,4.771,different,different,1,0,0,model,Y,0.0,3,0.644,0.256,2.289,1.432
98,female,50.0,3.224,different,different,1,0,0,model,Y,0.0,3,0.644,0.157,1.089,1.184
98,female,150.0,3.681,different,different,1,0,0,model,Y,0.0,3,0.644,0.212,1.389,1.287
98,female,150.0,3.085,same,same,1,0,0,model,Y,0.0,0,0.644,0.263,1.089,1.089
98,female,150.0,4.899,different,different,1,0,0,model,Y,0.0,3,0.644,0.251,2.439,1.415
98,female,100.0,4.359,different,different,1,0,0,model,Y,0.0,3,0.644,0.218,1.989,1.358
98,female,100.0,4.749,different,different,1,0,0,model,Y,0.0,3,0.644,0.238,2.289,1.428
98,female,150.0,6.929,different,different,1,0,0,model,Y,0.0,3,0.644,0.235,4.539,1.362
98,female,150.0,2.548,same,same,1,0,0,model,Y,0.0,0,0.644,0.19,0.789,0.925
98,female,0.0,2.005,same,different,0,1,0,model,Y,0.0,3,0.644,0.1,0.189,0.922
98,female,150.0,3.038,same,same,1,0,0,model,Y,0.0,0,0.644,0.248,1.089,1.056
98,female,50.0,2.979,different,different,1,0,0,model,Y,0.0,3,0.644,0.13,1.089,0.967
98,female,50.0,3.158,different,different,1,0,0,model,Y,0.0,3,0.644,0.145,1.089,1.13
98,female,100.0,3.352,different,different,1,0,0,model,Y,0.0,3,0.644,0.195,1.089,1.273
98,female,100.0,2.776,same,same,1,0,0,model,Y,0.0,0,0.644,0.214,0.939,0.979
98,female,150.0,3.834,same,same,1,0,0,model,Y,0.0,0,0.644,0.263,1.839,1.089
98,female,50.0,2.127,same,same,1,0,0,model,Y,0.0,0,0.644,0.153,0.489,0.841
98,female,0.0,1.655,same,same,1,0,0,model,Y,0.0,0,0.644,0.1,0.189,0.722
98,female,100.0,2.448,same,same,1,0,0,model,Y,0.0,0,0.644,0.159,0.789,0.856
98,female,50.0,2.285,same,same,1,0,0,model,Y,0.0,0,0.644,0.155,0.639,0.847
98,female,50.0,2.793,different,different,1,0,0,model,Y,0.0,3,0.644,0.134,0.789,1.077
98,female,150.0,4.982,different,different,1,0,0,model,Y,0.0,3,0.644,0.211,2.889,1.089
98,female,100.0,2.765,same,same,1,0,0,model,Y,0.0,0,0.644,0.211,0.939,0.971
98,female,50.0,2.866,different,different,1,0,0,model,Y,0.0,3,0.644,0.147,0.789,1.136
98,female,50.0,3.283,different,different,1,0,0,model,Y,0.0,3,0.644,0.141,1.239,1.109
98,female,50.0,2.184,same,same,1,0,0,model,Y,0.0,0,0.644,0.17,0.489,0.881
98,female,0.0,2.005,different,different,1,0,0,model,Y,0.0,3,0.644,0.1,0.189,0.922
98,female,100.0,3.91,different,different,1,0,0,model,Y,0.0,3,0.644,0.219,1.539,1.358
98,female,50.0,3.308,different,different,1,0,0,model,Y,0.0,3,0.644,0.172,1.089,1.252
98,female,150.0,3.248,same,same,1,0,0,model,Y,0.0,0,0.644,0.313,1.089,1.202
98,female,50.0,2.899,different,different,1,0,0,model,Y,0.0,3,0.644,0.153,0.789,1.164
98,female,150.0,3.135,same,same,1,0,0,model,Y,0.0,0,0.644,0.278,1.089,1.124
98,female,150.0,3.366,same,same,1,0,0,model,Y,0.0,0,0.644,0.257,1.389,1.076
98,female,0.0,1.655,same,same,1,0,0,model,Y,0.0,0,0.644,0.1,0.189,0.722
98,female,150.0,4.826,different,different,1,0,0,model,Y,0.0,3,0.644,0.234,2.439,1.359
98,female,100.0,4.156,different,different,1,0,0,model,Y,0.0,3,0.644,0.207,1.839,1.316
98,female,150.0,2.725,same,same,1,0,0,model,Y,0.0,0,0.644,0.244,0.789,1.047
98,female,0.0,2.005,different,different,1,0,0,model,Y,0.0,3,0.644,0.1,0.189,0.922
98,female,150.0,4.602,different,different,1,0,0,model,Y,0.0,3,0.644,0.252,2.139,1.417
98,female,100.0,4.155,different,different,1,0,0,model,Y,0.0,3,0.644,0.207,1.839,1.315
98,female,100.0,3.735,different,different,1,0,0,model,Y,0.0,3,0.644,0.181,1.539,1.221
98,female,100.0,3.633,different,different,1,0,0,model,Y,0.0,3,0.644,0.211,1.539,1.089
98,female,150.0,3.154,same,same,1,0,0,model,Y,0.0,0,0.644,0.238,1.239,1.033
98,female,0.0,1.655,same,same,1,0,0,model,Y,0.0,0,0.644,0.1,0.189,0.722
98,female,50.0,2.063,same,same,1,0,0,model,Y,0.0,0,0.644,0.133,0.489,0.797
98,female,100.0,2.815,same,same,1,0,0,model,Y,0.0,0,0.644,0.226,0.939,1.006
98,female,150.0,4.358,different,different,1,0,0,model,Y,0.0,3,0.644,0.265,1.839,1.46
98,female,100.0,2.668,same,same,1,0,0,model,Y,0.0,0,0.644,0.181,0.939,0.904
98,female,150.0,2.673,same,same,1,0,0,model,Y,0.0,0,0.644,0.229,0.789,1.012
98,female,0.0,1.655,same,same,1,0,0,model,Y,0.0,0,0.644,0.1,0.189,0.722
98,female,100.0,3.787,different,different,1,0,0,model,Y,0.0,3,0.644,0.224,1.389,1.38
98,female,0.0,2.005,different,different,1,0,0,model,Y,0.0,3,0.644,0.1,0.189,0.922
98,female,50.0,2.384,same,same,1,0,0,model,Y,0.0,0,0.644,0.14,0.789,0.811
98,female,100.0,3.724,different,different,1,0,0,model,Y,0.0,3,0.644,0.179,1.539,1.212
98,female,50.0,2.152,same,same,1,0,0,model,Y,0.0,0,0.644,0.161,0.489,0.859
98,female,50.0,2.112,same,same,1,0,0,model,Y,0.0,0,0.644,0.148,0.489,0.831
98,female,0.0,1.655,same,same,1,0,0,model,Y,0.0,0,0.644,0.1,0.189,0.722
98,female,100.0,3.53,different,different,1,0,0,model,Y,0.0,3,0.644,0.169,1.389,1.178
98,female,50.0,2.482,same,same,1,0,0,model,Y,0.0,0,0.644,0.17,0.789,0.88
98,female,150.0,2.831,same,same,1,0,0,model,Y,0.0,0,0.644,0.231,0.939,1.017
98,female,150.0,4.976,same,different,0,1,0,model,Y,0.0,3,0.644,0.234,2.589,1.359
98,female,150.0,3.262,same,same,1,0,0,model,Y,0.0,0,0.644,0.271,1.239,1.108
98,female,150.0,4.507,different,different,1,0,0,model,Y,0.0,3,0.644,0.3,1.839,1.574
98,female,150.0,3.23,same,same,1,0,0,model,Y,0.0,0,0.644,0.261,1.239,1.086
98,female,0.0,2.005,different,different,1,0,0,model,Y,0.0,3,0.644,0.1,0.189,0.922
99,female,150.0,2.494,same,same,1,0,0,model,Y,0.0,0,0.535,0.19,0.889,0.881
99,female,100.0,2.782,same,same,1,0,0,model,Y,0.0,0,0.535,0.232,1.039,0.976
99,female,150.0,3.08,same,same,1,0,0,model,Y,0.0,0,0.535,0.231,1.339,0.975
99,female,50.0,3.045,different,different,1,0,0,model,Y,0.0,3,0.535,0.134,1.189,1.037
99,female,0.0,1.802,different,different,1,0,0,model,Y,0.0,3,0.535,0.1,0.139,0.879
99,female,50.0,2.015,same,same,1,0,0,model,Y,0.0,0,0.535,0.135,0.589,0.757
99,female,100.0,3.777,different,different,1,0,0,model,Y,0.0,3,0.535,0.234,1.489,1.37
99,female,100.0,2.252,same,same,1,0,0,model,Y,0.0,0,0.535,0.208,0.589,0.921
99,female,150.0,3.899,different,different,1,0,0,model,Y,0.0,3,0.535,0.275,1.489,1.45
99,female,100.0,3.886,different,different,1,0,0,model,Y,0.0,3,0.535,0.193,1.789,1.219
99,female,50.0,2.087,same,same,1,0,0,model,Y,0.0,0,0.535,0.157,0.589,0.807
99,female,50.0,2.047,same,same,1,0,0,model,Y,0.0,0,0.535,0.144,0.589,0.779
99,female,100.0,2.242,same,same,1,0,0,model,Y,0.0,0,0.535,0.204,0.589,0.914
99,female,100.0,2.344,same,same,1,0,0,model,Y,0.0,0,0.535,0.19,0.739,0.881
99,female,100.0,3.158,different,different,1,0,0,model,Y,0.0,3,0.535,0.165,1.189,1.119
99,female,100.0,2.312,same,same,1,0,0,model,Y,0.0,0,0.535,0.18,0.739,0.859
99,female,150.0,2.805,same,same,1,0,0,model,Y,0.0,0,0.535,0.286,0.889,1.096
99,female,50.0,3.025,different,different,1,0,0,model,Y,0.0,3,0.535,0.158,1.039,1.143
99,female,150.0,2.565,same,same,1,0,0,model,Y,0.0,0,0.535,0.258,0.739,1.033
99,female,100.0,2.409,same,same,1,0,0,model,Y,0.0,0,0.535,0.21,0.739,0.926
99,female,100.0,2.342,same,same,1,0,0,model,Y,0.0,0,0.535,0.189,0.739,0.879
99,female,150.0,2.778,same,same,1,0,0,model,Y,0.0,0,0.535,0.277,0.889,1.078
99,female,100.0,2.258,same,same,1,0,0,model,Y,0.0,0,0.535,0.163,0.739,0.821
99,female,100.0,3.991,different,different,1,0,0,model,Y,0.0,3,0.535,0.215,1.789,1.302
99,female,150.0,5.542,different,different,1,0,0,model,Y,0.0,3,0.535,0.216,3.589,1.053
99,female,0.0,1.802,different,different,1,0,0,model,Y,0.0,3,0.535,0.1,0.139,0.879
99,female,100.0,3.449,different,different,1,0,0,model,Y,0.0,3,0.535,0.196,1.339,1.23
99,female,100.0,3.353,different,different,1,0,0,model,Y,0.0,3,0.535,0.207,1.189,1.273
99,female,0.0,1.802,different,different,1,0,0,model,Y,0.0,3,0.535,0.1,0.139,0.879
99,female,100.0,3.272,different,different,1,0,0,model,Y,0.0,3,0.535,0.19,1.189,1.209
99,female,0.0,1.802,different,different,1,0,0,model,Y,0.0,3,0.535,0.1,0.139,0.879
99,female,150.0,3.585,different,different,1,0,0,model,Y,0.0,3,0.535,0.202,1.489,1.21
99,female,150.0,3.497,different,different,1,0,0,model,Y,0.0,3,0.535,0.216,1.339,1.257
99,female,0.0,1.452,same,same,1,0,0,model,Y,0.0,0,0.535,0.1,0.139,0.679
99,female,50.0,3.415,different,different,1,0,0,model,Y,0.0,3,0.535,0.147,1.489,1.094
99,female,0.0,1.452,same,same,1,0,0,model,Y,0.0,0,0.535,0.1,0.139,0.679
99,female,0.0,1.802,different,different,1,0,0,model,Y,0.0,3,0.535,0.1,0.139,0.879
99,female,50.0,2.036,same,same,1,0,0,model,Y,0.0,0,0.535,0.141,0.589,0.771
99,female,100.0,2.177,same,same,1,0,0,model,Y,0.0,0,0.535,0.184,0.589,0.869
99,female,100.0,2.478,same,same,1,0,0,model,Y,0.0,0,0.535,0.231,0.739,0.973
99,female,100.0,2.508,same,same,1,0,0,model,Y,0.0,0,0.535,0.194,0.889,0.891
99,female,100.0,4.227,different,different,1,0,0,model,Y,0.0,3,0.535,0.169,2.239,1.134
99,female,0.0,1.802,different,different,1,0,0,model,Y,0.0,3,0.535,0.1,0.139,0.879
99,female,100.0,2.456,same,same,1,0,0,model,Y,0.0,0,0.535,0.224,0.739,0.958
99,female,100.0,2.677,same,same,1,0,0,model,Y,0.0,0,0.535,0.2,1.039,0.903
99,female,50.0,1.901,same,same,1,0,0,model,Y,0.0,0,0.535,0.146,0.439,0.782
99,female,0.0,1.802,different,different,1,0,0,model,Y,0.0,3,0.535,0.1,0.139,0.879
99,female,0.0,1.452,same,same,1,0,0,model,Y,0.0,0,0.535,0.1,0.139,0.679
99,female,0.0,1.802,different,different,1,0,0,model,Y,0.0,3,0.535,0.1,0.139,0.879
99,female,100.0,3.269,different,different,1,0,0,model,Y,0.0,3,0.535,0.221,1.039,1.324
99,female,50.0,2.874,different,different,1,0,0,model,Y,0.0,3,0.535,0.169,1.039,0.982
99,female,100.0,2.428,same,same,1,0,0,model,Y,0.0,0,0.535,0.169,0.889,0.835
99,female,50.0,2.02,same,same,1,0,0,model,Y,0.0,0,0.535,0.136,0.589,0.76
99,female,50.0,2.557,different,different,1,0,0,model,Y,0.0,3,0.535,0.128,0.739,1.005
99,female,50.0,1.907,same,same,1,0,0,model,Y,0.0,0,0.535,0.148,0.439,0.786
99,female,150.0,5.344,different,different,1,0,0,model,Y,0.0,3,0.535,0.298,2.839,1.523
99,female,50.0,1.942,same,same,1,0,0,model,Y,0.0,0,0.535,0.158,0.439,0.81
99,female,150.0,4.685,same,same,1,0,0,model,Y,0.0,0,0.535,0.31,2.689,1.152
99,female,100.0,3.215,different,different,1,0,0,model,Y,0.0,3,0.535,0.21,1.039,1.282
99,female,100.0,2.248,same,same,1,0,0,model,Y,0.0,0,0.535,0.206,0.589,0.918
99,female,150.0,2.783,same,same,1,0,0,model,Y,0.0,0,0.535,0.233,1.039,0.977
99,female,150.0,4.382,different,different,1,0,0,model,Y,0.0,3,0.535,0.318,1.789,1.591
99,female,0.0,1.452,same,same,1,0,0,model,Y,0.0,0,0.535,0.1,0.139,0.679
99,female,50.0,1.859,same,same,1,0,0,model,Y,0.0,0,0.535,0.133,0.439,0.752
99,female,150.0,4.165,different,different,1,0,0,model,Y,0.0,3,0.535,0.265,2.089,1.126
99,female,150.0,3.288,same,same,1,0,0,model,Y,0.0,0,0.535,0.203,1.639,0.911
99,female,50.0,1.851,same,same,1,0,0,model,Y,0.0,0,0.535,0.13,0.439,0.747
99,female,100.0,2.817,same,same,1,0,0,model,Y,0.0,0,0.535,0.197,1.189,0.897
99,female,100.0,3.269,different,different,1,0,0,model,Y,0.0,3,0.535,0.189,1.189,1.206
99,female,0.0,1.452,same,same,1,0,0,model,Y,0.0,0,0.535,0.1,0.139,0.679
99,female,100.0,2.609,same,same,1,0,0,model,Y,0.0,0,0.535,0.179,1.039,0.857
99,female,0.0,1.452,same,same,1,0,0,model,Y,0.0,0,0.535,0.1,0.139,0.679
99,female,0.0,1.802,different,different,1,0,0,model,Y,0.0,3,0.535,0.1,0.139,0.879
99,female,150.0,2.648,same,same,1,0,0,model,Y,0.0,0,0.535,0.237,0.889,0.987
99,female,100.0,3.526,different,different,1,0,0,model,Y,0.0,3,0.535,0.18,1.489,1.173
99,female,100.0,2.655,same,same,1,0,0,model,Y,0.0,0,0.535,0.193,1.039,0.888
99,female,50.0,2.938,different,different,1,0,0,model,Y,0.0,3,0.535,0.169,0.889,1.195
99,female,100.0,3.681,same,different,0,1,0,model,Y,0.0,3,0.535,0.245,1.339,1.413
99,female,0.0,1.452,same,same,1,0,0,model,Y,0.0,0,0.535,0.1,0.139,0.679
99,female,100.0,2.504,same,same,1,0,0,model,Y,0.0,0,0.535,0.193,0.889,0.888
99,female,150.0,4.338,different,different,1,0,0,model,Y,0.0,3,0.535,0.238,2.089,1.327
99,female,0.0,1.802,different,different,1,0,0,model,Y,0.0,3,0.535,0.1,0.139,0.879
99,female,150.0,3.76,same,same,1,0,0,model,Y,0.0,0,0.535,0.256,1.939,1.03
99,female,150.0,4.401,same,same,1,0,0,model,Y,0.0,0,0.535,0.223,2.689,0.955
99,female,50.0,2.763,different,different,1,0,0,model,Y,0.0,3,0.535,0.138,0.889,1.052
99,female,100.0,2.182,same,same,1,0,0,model,Y,0.0,0,0.535,0.186,0.589,0.872
99,female,150.0,2.787,same,same,1,0,0,model,Y,0.0,0,0.535,0.28,0.889,1.083
99,female,100.0,2.342,same,same,1,0,0,model,Y,0.0,0,0.535,0.189,0.739,0.879
99,female,0.0,1.452,same,same,1,0,0,model,Y,0.0,0,0.535,0.1,0.139,0.679
99,female,100.0,2.533,same,same,1,0,0,model,Y,0.0,0,0.535,0.202,0.889,0.908
99,female,100.0,3.347,same,different,0,1,0,model,Y,0.0,3,0.535,0.178,1.489,0.996
99,female,0.0,1.452,same,same,1,0,0,model,Y,0.0,0,0.535,0.1,0.139,0.679
99,female,50.0,2.255,same,same,1,0,0,model,Y,0.0,0,0.535,0.162,0.739,0.819
99,female,150.0,3.858,different,different,1,0,0,model,Y,0.0,3,0.535,0.23,1.639,1.304
99,female,150.0,5.762,different,different,1,0,0,model,Y,0.0,3,0.535,0.255,3.439,1.384
99,female,150.0,3.624,different,different,1,0,0,model,Y,0.0,3,0.535,0.229,1.639,1.072
100,male,100.0,3.078,different,different,1,0,0,model,Y,0.0,2,0.561,0.158,1.339,0.921
100,male,0.0,1.648,different,different,1,0,0,model,Y,0.0,2,0.561,0.1,0.139,0.748
100,male,50.0,4.165,different,different,1,0,0,model,Y,0.0,2,0.561,0.147,2.539,0.818
100,male,100.0,3.316,different,different,1,0,0,model,Y,0.0,2,0.561,0.18,1.489,0.987
100,male,150.0,3.451,different,different,1,0,0,model,Y,0.0,2,0.561,0.281,1.489,1.02
100,male,0.0,1.648,different,different,1,0,0,model,Y,0.0,2,0.561,0.1,0.139,0.748
100,male,50.0,2.797,same,different,0,1,0,model,Y,0.0,2,0.561,0.159,1.039,0.938
100,male,150.0,4.281,different,different,1,0,0,model,Y,0.0,2,0.561,0.28,2.089,1.252
100,male,150.0,3.079,same,same,1,0,0,model,Y,0.0,0,0.561,0.31,1.039,1.169
100,male,0.0,1.498,same,same,1,0,0,model,Y,0.0,0,0.561,0.1,0.139,0.698
100,male,150.0,3.464,different,different,1,0,0,model,Y,0.0,2,0.561,0.262,1.339,1.203
100,male,100.0,3.414,different,different,1,0,0,model,Y,0.0,2,0.561,0.167,1.639,0.947
100,male,150.0,3.576,same,different,0,1,0,model,Y,0.0,2,0.561,0.252,1.489,1.174
100,male,150.0,2.479,same,same,1,0,0,model,Y,0.0,0,0.561,0.217,0.739,0.962
100,male,0.0,1.498,same,same,1,0,0,model,Y,0.0,0,0.561,0.1,0.139,0.698
100,male,50.0,2.634,different,different,1,0,0,model,Y,0.0,2,0.561,0.156,0.889,0.928
100,male,50.0,3.28,same,different,0,1,0,model,Y,0.0,2,0.561,0.153,1.639,0.827
100,male,50.0,2.263,same,same,1,0,0,model,Y,0.0,0,0.561,0.151,0.739,0.813
100,male,150.0,3.6,different,different,1,0,0,model,Y,0.0,2,0.561,0.258,1.489,1.192
100,male,100.0,3.326,different,different,1,0,0,model,Y,0.0,2,0.561,0.22,1.339,1.107
100,male,150.0,4.613,same,different,0,1,0,model,Y,0.0,2,0.561,0.249,2.539,1.165
100,male,100.0,3.356,same,different,0,1,0,model,Y,0.0,2,0.561,0.19,1.489,1.016
100,male,50.0,3.307,same,different,0,1,0,model,Y,0.0,2,0.561,0.138,1.639,0.87
100,male,100.0,3.163,different,different,1,0,0,model,Y,0.0,2,0.561,0.216,1.189,1.097
100,male,150.0,4.305,different,different,1,0,0,model,Y,0.0,2,0.561,0.263,2.389,0.992
100,male,50.0,1.952,same,same,1,0,0,model,Y,0.0,0,0.561,0.148,0.439,0.805
100,male,150.0,2.902,same,same,1,0,0,model,Y,0.0,0,0.561,0.255,1.039,1.047
100,male,150.0,2.869,same,same,1,0,0,model,Y,0.0,0,0.561,0.291,0.889,1.128
100,male,50.0,1.976,same,same,1,0,0,model,Y,0.0,0,0.561,0.155,0.439,0.821
100,male,100.0,4.046,different,different,1,0,0,model,Y,0.0,2,0.561,0.175,2.239,0.972
100,male,150.0,4.894,different,different,1,0,0,model,Y,0.0,2,0.561,0.243,2.839,1.151
100,male,100.0,2.473,same,same,1,0,0,model,Y,0.0,0,0.561,0.169,0.889,0.854
100,male,0.0,1.648,different,different,1,0,0,model,Y,0.0,2,0.561,0.1,0.139,0.748
100,male,100.0,4.667,different,different,1,0,0,model,Y,0.0,2,0.561,0.217,2.689,1.1
100,male,0.0,1.498,same,same,1,0,0,model,Y,0.0,0,0.561,0.1,0.139,0.698
100,male,100.0,3.237,different,different,1,0,0,model,Y,0.0,2,0.561,0.197,1.339,1.04
100,male,0.0,1.648,different,different,1,0,0,model,Y,0.0,2,0.561,0.1,0.139,0.748
100,male,0.0,1.648,same,different,0,1,0,model,Y,0.0,2,0.561,0.1,0.139,0.748
100,male,100.0,3.694,different,different,1,0,0,model,Y,0.0,2,0.561,0.199,1.789,1.045
100,male,100.0,2.412,same,same,1,0,0,model,Y,0.0,0,0.561,0.197,0.739,0.916
100,male,100.0,3.016,different,different,1,0,0,model,Y,0.0,2,0.561,0.18,1.189,0.987
100,male,150.0,3.326,different,different,1,0,0,model,Y,0.0,2,0.561,0.226,1.339,1.101
100,male,150.0,2.629,same,same,1,0,0,model,Y,0.0,0,0.561,0.263,0.739,1.066
100,male,50.0,2.918,different,different,1,0,0,model,Y,0.0,2,0.561,0.152,1.189,0.916
100,male,0.0,1.648,different,different,1,0,0,model,Y,0.0,2,0.561,0.1,0.139,0.748
100,male,100.0,5.322,different,different,1,0,0,model,Y,0.0,2,0.561,0.194,3.439,1.029
100,male,0.0,1.498,same,same,1,0,0,model,Y,0.0,0,0.561,0.1,0.139,0.698
100,male,150.0,2.559,same,same,1,0,0,model,Y,0.0,0,0.561,0.196,0.889,0.914
100,male,100.0,4.301,different,different,1,0,0,model,Y,0.0,2,0.561,0.201,2.389,1.05
100,male,150.0,3.663,different,different,1,0,0,model,Y,0.0,2,0.561,0.235,1.639,1.128
100,male,50.0,2.121,same,same,1,0,0,model,Y,0.0,0,0.561,0.153,0.589,0.818
100,male,50.0,2.084,same,same,1,0,0,model,Y,0.0,0,0.561,0.142,0.589,0.793
100,male,0.0,1.498,same,same,1,0,0,model,Y,0.0,0,0.561,0.1,0.139,0.698
100,male,150.0,3.55,different,different,1,0,0,model,Y,0.0,2,0.561,0.206,1.639,1.044
100,male,100.0,2.363,same,same,1,0,0,model,Y,0.0,0,0.561,0.182,0.739,0.882
100,male,150.0,2.873,same,same,1,0,0,model,Y,0.0,0,0.561,0.246,1.039,1.027
100,male,100.0,3.719,same,different,0,1,0,model,Y,0.0,2,0.561,0.168,1.939,0.951
100,male,0.0,1.648,different,different,1,0,0,model,Y,0.0,2,0.561,0.1,0.139,0.748
100,male,0.0,1.498,same,same,1,0,0,model,Y,0.0,0,0.561,0.1,0.139,0.698
100,male,150.0,3.36,different,different,1,0,0,model,Y,0.0,2,0.561,0.235,1.339,1.126
100,male,100.0,2.474,same,same,1,0,0,model,Y,0.0,0,0.561,0.216,0.739,0.958
100,male,100.0,2.426,same,same,1,0,0,model,Y,0.0,0,0.561,0.201,0.739,0.925
100,male,0.0,1.498,same,same,1,0,0,model,Y,0.0,0,0.561,0.1,0.139,0.698
100,male,150.0,3.283,same,same,1,0,0,model,Y,0.0,0,0.561,0.28,1.339,1.103
100,male,150.0,3.448,different,different,1,0,0,model,Y,0.0,2,0.561,0.28,1.489,1.018
100,male,150.0,2.771,same,same,1,0,0,model,Y,0.0,0,0.561,0.215,1.039,0.957
100,male,50.0,2.133,same,same,1,0,0,model,Y,0.0,0,0.561,0.157,0.589,0.826
100,male,150.0,3.201,same,same,1,0,0,model,Y,0.0,0,0.561,0.301,1.189,1.15
100,male,50.0,2.049,same,same,1,0,0,model,Y,0.0,0,0.561,0.131,0.589,0.768
100,male,0.0,1.648,different,different,1,0,0,model,Y,0.0,2,0.561,0.1,0.139,0.748
100,male,100.0,2.464,same,same,1,0,0,model,Y,0.0,0,0.561,0.167,0.889,0.848
100,male,0.0,1.648,different,different,1,0,0,model,Y,0.0,2,0.561,0.1,0.139,0.748
100,male,0.0,1.648,different,different,1,0,0,model,Y,0.0,2,0.561,0.1,0.139,0.748
100,male,50.0,2.224,same,same,1,0,0,model,Y,0.0,0,0.561,0.139,0.739,0.785
100,male,150.0,3.501,different,different,1,0,0,model,Y,0.0,2,0.561,0.272,1.339,1.23
100,male,150.0,2.635,same,same,1,0,0,model,Y,0.0,0,0.561,0.265,0.739,1.07
100,male,0.0,1.498,same,same,1,0,0,model,Y,0.0,0,0.561,0.1,0.139,0.698
100,male,150.0,4.058,same,different,0,1,0,model,Y,0.0,2,0.561,0.3,1.789,1.309
100,male,0.0,1.648,different,different,1,0,0,model,Y,0.0,2,0.561,0.1,0.139,0.748
100,male,0.0,1.648,different,different,1,0,0,model,Y,0.0,2,0.561,0.1,0.139,0.748
100,male,50.0,2.482,different,different,1,0,0,model,Y,0.0,2,0.561,0.156,0.739,0.927
100,male,150.0,3.621,same,different,0,1,0,model,Y,0.0,2,0.561,0.185,1.789,0.986
100,male,50.0,2.006,same,same,1,0,0,model,Y,0.0,0,0.561,0.164,0.439,0.842
100,male,50.0,2.076,same,same,1,0,0,model,Y,0.0,0,0.561,0.139,0.589,0.786
100,male,150.0,4.205,same,different,0,1,0,model,Y,0.0,2,0.561,0.259,2.089,1.196
100,male,0.0,1.648,different,different,1,0,0,model,Y,0.0,2,0.561,0.1,0.139,0.748
100,male,100.0,2.341,same,same,1,0,0,model,Y,0.0,0,0.561,0.221,0.589,0.97
100,male,150.0,2.81,same,same,1,0,0,model,Y,0.0,0,0.561,0.273,0.889,1.087
100,male,150.0,3.4,same,different,0,1,0,model,Y,0.0,2,0.561,0.245,1.339,1.155
100,male,50.0,4.162,same,different,0,1,0,model,Y,0.0,2,0.561,0.163,2.389,0.949
100,male,150.0,2.881,same,same,1,0,0,model,Y,0.0,0,0.561,0.249,1.039,1.032
100,male,150.0,3.666,different,different,1,0,0,model,Y,0.0,2,0.561,0.236,1.639,1.13
100,male,0.0,1.648,different,different,1,0,0,model,Y,0.0,2,0.561,0.1,0.139,0.748
100,male,50.0,2.476,different,different,1,0,0,model,Y,0.0,2,0.561,0.154,0.739,0.922
100,male,150.0,2.359,same,same,1,0,0,model,Y,0.0,0,0.561,0.18,0.739,0.879
100,male,50.0,2.384,different,different,1,0,0,model,Y,0.0,2,0.561,0.155,0.739,0.83
101,male,100.0,3.404,different,different,1,0,0,model,Y,0.0,3,0.582,0.224,1.173,1.275
101,male,50.0,1.957,same,same,1,0,0,model,Y,0.0,0,0.582,0.171,0.423,0.781
101,male,150.0,2.703,same,same,1,0,0,model,Y,0.0,0,0.582,0.262,0.873,0.986
101,male,50.0,2.05,same,same,1,0,0,model,Y,0.0,0,0.582,0.154,0.573,0.741
101,male,50.0,3.42,different,different,1,0,0,model,Y,0.0,3,0.582,0.158,1.623,0.907
101,male,50.0,2.708,different,different,1,0,0,model,Y,0.0,3,0.582,0.16,0.723,1.094
101,male,0.0,1.426,same,same,1,0,0,model,Y,0.0,0,0.582,0.1,0.123,0.621
101,male,150.0,3.842,different,different,1,0,0,model,Y,0.0,3,0.582,0.268,1.473,1.369
101,male,100.0,3.675,different,different,1,0,0,model,Y,0.0,3,0.582,0.25,1.323,1.371
101,male,100.0,2.059,same,same,1,0,0,model,Y,0.0,0,0.582,0.156,0.573,0.748
101,male,0.0,1.776,different,different,1,0,0,model,Y,0.0,3,0.582,0.1,0.123,0.821
101,male,0.0,1.426,same,same,1,0,0,model,Y,0.0,0,0.582,0.1,0.123,0.621
101,male,50.0,3.284,different,different,1,0,0,model,Y,0.0,3,0.582,0.155,1.323,1.074
101,male,0.0,1.426,same,same,1,0,0,model,Y,0.0,0,0.582,0.1,0.123,0.621
101,male,100.0,3.965,different,different,1,0,0,model,Y,0.0,3,0.582,0.215,1.773,1.245
101,male,50.0,3.566,different,different,1,0,0,model,Y,0.0,3,0.582,0.152,1.623,1.058
101,male,50.0,2.784,different,different,1,0,0,model,Y,0.0,3,0.582,0.143,1.023,0.886
101,male,150.0,5.628,different,different,1,0,0,model,Y,0.0,3,0.582,0.265,3.273,1.358
101,male,150.0,2.947,same,same,1,0,0,model,Y,0.0,0,0.582,0.291,1.023,1.051
101,male,50.0,1.904,same,same,1,0,0,model,Y,0.0,0,0.582,0.155,0.423,0.744
101,male,150.0,4.783,different,different,1,0,0,model,Y,0.0,3,0.582,0.242,2.523,1.285
101,male,50.0,2.689,different,different,1,0,0,model,Y,0.0,3,0.582,0.156,0.723,1.077
101,male,50.0,3.158,different,different,1,0,0,model,Y,0.0,3,0.582,0.16,1.173,1.093
101,male,100.0,3.129,same,same,1,0,0,model,Y,0.0,0,0.582,0.162,1.623,0.761
101,male,150.0,3.381,different,different,1,0,0,model,Y,0.0,3,0.582,0.202,1.473,0.974
101,male,50.0,2.825,different,different,1,0,0,model,Y,0.0,3,0.582,0.16,1.023,0.911
101,male,50.0,2.012,same,same,1,0,0,model,Y,0.0,0,0.582,0.142,0.573,0.715
101,male,100.0,2.523,same,same,1,0,0,model,Y,0.0,0,0.582,0.207,0.873,0.861
101,male,150.0,4.361,different,different,1,0,0,model,Y,0.0,3,0.582,0.249,2.073,1.307
101,male,0.0,1.776,different,different,1,0,0,model,Y,0.0,3,0.582,0.1,0.123,0.821
101,male,0.0,1.426,same,same,1,0,0,model,Y,0.0,0,0.582,0.1,0.123,0.621
101,male,150.0,3.497,different,different,1,0,0,model,Y,0.0,3,0.582,0.222,1.323,1.219
101,male,0.0,1.426,same,same,1,0,0,model,Y,0.0,0,0.582,0.1,0.123,0.621
101,male,150.0,4.631,different,different,1,0,0,model,Y,0.0,3,0.582,0.277,2.223,1.399
101,male,100.0,5.933,different,different,1,0,0,model,Y,0.0,3,0.582,0.187,3.873,1.141
101,male,0.0,1.776,different,different,1,0,0,model,Y,0.0,3,0.582,0.1,0.123,0.821
101,male,50.0,2.641,different,different,1,0,0,model,Y,0.0,3,0.582,0.148,0.723,1.039
101,male,0.0,1.426,same,same,1,0,0,model,Y,0.0,0,0.582,0.1,0.123,0.621
101,male,50.0,1.868,same,same,1,0,0,model,Y,0.0,0,0.582,0.143,0.423,0.719
101,male,50.0,2.486,same,different,0,1,0,model,Y,0.0,3,0.582,0.144,0.723,0.887
101,male,50.0,2.018,same,same,1,0,0,model,Y,0.0,0,0.582,0.144,0.573,0.719
101,male,0.0,1.426,same,same,1,0,0,model,Y,0.0,0,0.582,0.1,0.123,0.621
101,male,0.0,1.776,different,different,1,0,0,model,Y,0.0,3,0.582,0.1,0.123,0.821
101,male,50.0,1.956,same,same,1,0,0,model,Y,0.0,0,0.582,0.171,0.423,0.78
101,male,100.0,3.094,different,different,1,0,0,model,Y,0.0,3,0.582,0.189,1.023,1.149
101,male,150.0,2.523,same,same,1,0,0,model,Y,0.0,0,0.582,0.253,0.723,0.965
101,male,50.0,1.84,same,same,1,0,0,model,Y,0.0,0,0.582,0.135,0.423,0.7
101,male,0.0,1.776,different,different,1,0,0,model,Y,0.0,3,0.582,0.1,0.123,0.821
101,male,100.0,3.458,different,different,1,0,0,model,Y,0.0,3,0.582,0.171,1.473,1.081
101,male,0.0,1.776,different,different,1,0,0,model,Y,0.0,3,0.582,0.1,0.123,0.821
101,male,0.0,1.426,same,same,1,0,0,model,Y,0.0,0,0.582,0.1,0.123,0.621
101,male,0.0,1.776,different,different,1,0,0,model,Y,0.0,3,0.582,0.1,0.123,0.821
101,male,150.0,2.993,same,same,1,0,0,model,Y,0.0,0,0.582,0.305,1.023,1.082
101,male,0.0,1.426,same,same,1,0,0,model,Y,0.0,0,0.582,0.1,0.123,0.621
101,male,50.0,2.015,same,same,1,0,0,model,Y,0.0,0,0.582,0.143,0.573,0.717
101,male,0.0,1.776,different,different,1,0,0,model,Y,0.0,3,0.582,0.1,0.123,0.821
101,male,50.0,1.88,same,same,1,0,0,model,Y,0.0,0,0.582,0.147,0.423,0.727
101,male,50.0,1.907,same,same,1,0,0,model,Y,0.0,0,0.582,0.155,0.423,0.746
101,male,100.0,5.314,different,different,1,0,0,model,Y,0.0,3,0.582,0.247,2.973,1.362
101,male,50.0,3.627,different,different,1,0,0,model,Y,0.0,3,0.582,0.163,1.623,1.109
101,male,50.0,1.92,same,same,1,0,0,model,Y,0.0,0,0.582,0.16,0.423,0.755
101,male,50.0,1.89,same,same,1,0,0,model,Y,0.0,0,0.582,0.15,0.423,0.734
101,male,50.0,2.128,same,same,1,0,0,model,Y,0.0,0,0.582,0.131,0.723,0.692
101,male,150.0,4.023,different,different,1,0,0,model,Y,0.0,3,0.582,0.311,1.473,1.507
101,male,150.0,4.397,same,same,1,0,0,model,Y,0.0,0,0.582,0.276,2.523,1.016
101,male,100.0,2.392,same,same,1,0,0,model,Y,0.0,0,0.582,0.213,0.723,0.874
101,male,50.0,1.929,same,same,1,0,0,model,Y,0.0,0,0.582,0.162,0.423,0.762
101,male,100.0,2.133,same,same,1,0,0,model,Y,0.0,0,0.582,0.179,0.573,0.799
101,male,100.0,2.159,same,same,1,0,0,model,Y,0.0,0,0.582,0.187,0.573,0.817
101,male,150.0,8.493,different,different,1,0,0,model,Y,0.0,3,0.582,0.233,6.273,1.255
101,male,0.0,1.776,different,different,1,0,0,model,Y,0.0,3,0.582,0.1,0.123,0.821
101,male,150.0,2.957,same,same,1,0,0,model,Y,0.0,0,0.582,0.248,1.173,0.954
101,male,150.0,6.405,different,different,1,0,0,model,Y,0.0,3,0.582,0.211,4.473,0.988
101,male,100.0,2.421,same,same,1,0,0,model,Y,0.0,0,0.582,0.222,0.723,0.895
101,male,100.0,4.006,different,different,1,0,0,model,Y,0.0,3,0.582,0.224,1.773,1.277
101,male,0.0,1.776,different,different,1,0,0,model,Y,0.0,3,0.582,0.1,0.123,0.821
101,male,0.0,1.426,same,same,1,0,0,model,Y,0.0,0,0.582,0.1,0.123,0.621
101,male,150.0,4.365,different,different,1,0,0,model,Y,0.0,3,0.582,0.25,2.073,1.31
101,male,50.0,2.708,different,different,1,0,0,model,Y,0.0,3,0.582,0.133,0.873,0.97
101,male,100.0,6.837,different,different,1,0,0,model,Y,0.0,3,0.582,0.22,4.623,1.262
101,male,50.0,2.695,different,different,1,0,0,model,Y,0.0,3,0.582,0.157,0.723,1.082
101,male,0.0,1.776,different,different,1,0,0,model,Y,0.0,3,0.582,0.1,0.123,0.821
101,male,150.0,2.857,same,same,1,0,0,model,Y,0.0,0,0.582,0.263,1.023,0.988
101,male,100.0,3.256,different,different,1,0,0,model,Y,0.0,3,0.582,0.224,1.023,1.277
101,male,0.0,1.776,different,different,1,0,0,model,Y,0.0,3,0.582,0.1,0.123,0.821
101,male,150.0,4.114,different,different,1,0,0,model,Y,0.0,3,0.582,0.262,1.773,1.348
101,male,50.0,2.597,different,different,1,0,0,model,Y,0.0,3,0.582,0.14,0.723,1.002
101,male,100.0,4.536,different,different,1,0,0,model,Y,0.0,3,0.582,0.244,2.523,1.037
101,male,50.0,3.082,same,different,0,1,0,model,Y,0.0,3,0.582,0.146,1.173,1.031
101,male,0.0,1.776,different,different,1,0,0,model,Y,0.0,3,0.582,0.1,0.123,0.821
101,male,50.0,2.782,different,different,1,0,0,model,Y,0.0,3,0.582,0.142,1.023,0.884
101,male,0.0,1.426,same,same,1,0,0,model,Y,0.0,0,0.582,0.1,0.123,0.621
101,male,100.0,3.106,different,different,1,0,0,model,Y,0.0,3,0.582,0.192,1.023,1.159
101,male,100.0,2.959,same,same,1,0,0,model,Y,0.0,0,0.582,0.202,1.323,0.851
101,male,50.0,2.033,same,same,1,0,0,model,Y,0.0,0,0.582,0.148,0.573,0.73
101,male,100.0,2.942,same,same,1,0,0,model,Y,0.0,0,0.582,0.197,1.323,0.839
102,male,150.0,2.792,same,same,1,0,0,model,Y,0.0,0,0.433,0.26,1.232,0.867
102,male,100.0,2.994,different,different,1,0,0,model,Y,0.0,2,0.433,0.205,1.382,0.873
102,male,50.0,1.675,same,same,1,0,0,model,Y,0.0,0,0.433,0.147,0.482,0.613
102,male,0.0,1.373,same,different,0,1,0,model,Y,0.0,2,0.433,0.1,0.182,0.557
102,male,0.0,1.223,same,same,1,0,0,model,Y,0.0,0,0.433,0.1,0.182,0.507
102,male,100.0,2.836,different,different,1,0,0,model,Y,0.0,2,0.433,0.203,1.232,0.867
102,male,100.0,2.642,same,same,1,0,0,model,Y,0.0,0,0.433,0.214,1.232,0.763
102,male,100.0,3.0,same,same,1,0,0,model,Y,0.0,0,0.433,0.185,1.682,0.699
102,male,50.0,1.626,same,same,1,0,0,model,Y,0.0,0,0.433,0.132,0.482,0.578
102,male,50.0,1.742,same,same,1,0,0,model,Y,0.0,0,0.433,0.168,0.482,0.659
102,male,150.0,4.115,different,different,1,0,0,model,Y,0.0,2,0.433,0.269,2.282,1.031
102,male,50.0,2.376,different,different,1,0,0,model,Y,0.0,2,0.433,0.16,0.932,0.75
102,male,150.0,3.662,different,different,1,0,0,model,Y,0.0,2,0.433,0.268,1.832,1.028
102,male,100.0,2.664,different,different,1,0,0,model,Y,0.0,2,0.433,0.198,1.082,0.851
102,male,0.0,1.373,same,different,0,1,0,model,Y,0.0,2,0.433,0.1,0.182,0.557
102,male,150.0,3.343,different,different,1,0,0,model,Y,0.0,2,0.433,0.184,1.832,0.794
102,male,50.0,2.365,different,different,1,0,0,model,Y,0.0,2,0.433,0.137,1.082,0.613
102,male,50.0,1.649,same,same,1,0,0,model,Y,0.0,0,0.433,0.139,0.482,0.595
102,male,50.0,2.27,same,different,0,1,0,model,Y,0.0,2,0.433,0.135,0.932,0.669
102,male,150.0,2.513,same,same,1,0,0,model,Y,0.0,0,0.433,0.22,1.082,0.777
102,male,0.0,1.373,different,different,1,0,0,model,Y,0.0,2,0.433,0.1,0.182,0.557
102,male,50.0,1.671,same,same,1,0,0,model,Y,0.0,0,0.433,0.146,0.482,0.61
102,male,0.0,1.373,different,different,1,0,0,model,Y,0.0,2,0.433,0.1,0.182,0.557
102,male,50.0,2.161,different,different,1,0,0,model,Y,0.0,2,0.433,0.145,0.782,0.7
102,male,100.0,2.264,same,same,1,0,0,model,Y,0.0,0,0.433,0.19,0.932,0.709
102,male,100.0,2.54,different,different,1,0,0,model,Y,0.0,2,0.433,0.207,1.082,0.718
102,male,100.0,2.076,same,same,1,0,0,model,Y,0.0,0,0.433,0.224,0.632,0.787
102,male,100.0,2.271,same,same,1,0,0,model,Y,0.0,0,0.433,0.192,0.932,0.713
102,male,0.0,1.223,same,same,1,0,0,model,Y,0.0,0,0.433,0.1,0.182,0.507
102,male,100.0,1.921,same,same,1,0,0,model,Y,0.0,0,0.433,0.176,0.632,0.679
102,male,100.0,2.0,same,same,1,0,0,model,Y,0.0,0,0.433,0.201,0.632,0.734
102,male,0.0,1.373,same,different,0,1,0,model,Y,0.0,2,0.433,0.1,0.182,0.557
102,male,50.0,3.394,different,different,1,0,0,model,Y,0.0,2,0.433,0.153,1.982,0.726
102,male,50.0,2.201,different,different,1,0,0,model,Y,0.0,2,0.433,0.154,0.782,0.731
102,male,100.0,3.108,different,different,1,0,0,model,Y,0.0,2,0.433,0.196,1.532,0.846
102,male,100.0,2.501,different,different,1,0,0,model,Y,0.0,2,0.433,0.157,1.082,0.729
102,male,0.0,1.223,same,same,1,0,0,model,Y,0.0,0,0.433,0.1,0.182,0.507
102,male,0.0,1.223,same,same,1,0,0,model,Y,0.0,0,0.433,0.1,0.182,0.507
102,male,50.0,2.012,same,same,1,0,0,model,Y,0.0,0,0.433,0.158,0.782,0.638
102,male,150.0,2.93,different,different,1,0,0,model,Y,0.0,2,0.433,0.243,1.382,0.771
102,male,50.0,1.621,same,same,1,0,0,model,Y,0.0,0,0.433,0.13,0.482,0.575
102,male,50.0,1.715,same,same,1,0,0,model,Y,0.0,0,0.433,0.159,0.482,0.64
102,male,100.0,2.987,different,different,1,0,0,model,Y,0.0,2,0.433,0.206,1.532,0.716
102,male,150.0,3.253,same,different,0,1,0,model,Y,0.0,2,0.433,0.239,1.532,0.948
102,male,50.0,1.671,same,same,1,0,0,model,Y,0.0,0,0.433,0.146,0.482,0.61
102,male,50.0,2.128,different,different,1,0,0,model,Y,0.0,2,0.433,0.137,0.782,0.675
102,male,150.0,2.594,same,same,1,0,0,model,Y,0.0,0,0.433,0.291,0.932,0.937
102,male,100.0,2.488,different,different,1,0,0,model,Y,0.0,2,0.433,0.186,1.082,0.686
102,male,50.0,2.622,different,different,1,0,0,model,Y,0.0,2,0.433,0.147,1.232,0.709
102,male,100.0,1.975,same,same,1,0,0,model,Y,0.0,0,0.433,0.193,0.632,0.716
102,male,100.0,1.943,same,same,1,0,0,model,Y,0.0,0,0.433,0.183,0.632,0.694
102,male,100.0,1.889,same,same,1,0,0,model,Y,0.0,0,0.433,0.167,0.632,0.657
102,male,50.0,2.233,different,different,1,0,0,model,Y,0.0,2,0.433,0.144,0.932,0.624
102,male,50.0,2.179,same,different,0,1,0,model,Y,0.0,2,0.433,0.149,0.782,0.714
102,male,150.0,2.243,same,same,1,0,0,model,Y,0.0,0,0.433,0.229,0.782,0.798
102,male,150.0,2.187,same,same,1,0,0,model,Y,0.0,0,0.433,0.212,0.782,0.759
102,male,100.0,3.438,different,different,1,0,0,model,Y,0.0,2,0.433,0.204,1.832,0.869
102,male,50.0,1.687,same,same,1,0,0,model,Y,0.0,0,0.433,0.151,0.482,0.621
102,male,150.0,2.374,same,same,1,0,0,model,Y,0.0,0,0.433,0.269,0.782,0.889
102,male,150.0,3.245,same,same,1,0,0,model,Y,0.0,0,0.433,0.307,1.532,0.973
102,male,150.0,3.027,same,same,1,0,0,model,Y,0.0,0,0.433,0.24,1.532,0.822
102,male,50.0,1.698,same,same,1,0,0,model,Y,0.0,0,0.433,0.154,0.482,0.628
102,male,0.0,1.373,different,different,1,0,0,model,Y,0.0,2,0.433,0.1,0.182,0.557
102,male,0.0,1.373,different,different,1,0,0,model,Y,0.0,2,0.433,0.1,0.182,0.557
102,male,50.0,2.229,different,different,1,0,0,model,Y,0.0,2,0.433,0.143,0.932,0.621
102,male,0.0,1.373,different,different,1,0,0,model,Y,0.0,2,0.433,0.1,0.182,0.557
102,male,150.0,2.661,same,same,1,0,0,model,Y,0.0,0,0.433,0.266,1.082,0.88
102,male,150.0,3.874,different,different,1,0,0,model,Y,0.0,2,0.433,0.205,2.282,0.853
102,male,0.0,1.223,same,same,1,0,0,model,Y,0.0,0,0.433,0.1,0.182,0.507
102,male,150.0,4.14,different,different,1,0,0,model,Y,0.0,2,0.433,0.275,2.282,1.049
102,male,100.0,4.903,different,different,1,0,0,model,Y,0.0,2,0.433,0.195,3.332,0.842
102,male,100.0,2.209,same,same,1,0,0,model,Y,0.0,0,0.433,0.173,0.932,0.67
102,male,100.0,1.941,same,same,1,0,0,model,Y,0.0,0,0.433,0.182,0.632,0.693
102,male,150.0,4.141,different,different,1,0,0,model,Y,0.0,2,0.433,0.247,2.582,0.778
102,male,150.0,3.225,different,different,1,0,0,model,Y,0.0,2,0.433,0.232,1.532,0.927
102,male,50.0,1.649,same,same,1,0,0,model,Y,0.0,0,0.433,0.139,0.482,0.594
102,male,0.0,1.223,same,same,1,0,0,model,Y,0.0,0,0.433,0.1,0.182,0.507
102,male,150.0,2.582,same,same,1,0,0,model,Y,0.0,0,0.433,0.241,1.082,0.825
102,male,150.0,2.303,same,same,1,0,0,model,Y,0.0,0,0.433,0.248,0.782,0.839
102,male,150.0,3.305,same,different,0,1,0,model,Y,0.0,2,0.433,0.214,1.682,0.876
102,male,0.0,1.373,different,different,1,0,0,model,Y,0.0,2,0.433,0.1,0.182,0.557
102,male,150.0,2.389,same,same,1,0,0,model,Y,0.0,0,0.433,0.274,0.782,0.899
102,male,100.0,2.535,same,same,1,0,0,model,Y,0.0,0,0.433,0.227,1.082,0.792
102,male,50.0,1.643,same,same,1,0,0,model,Y,0.0,0,0.433,0.137,0.482,0.59
102,male,150.0,3.161,same,different,0,1,0,model,Y,0.0,2,0.433,0.215,1.532,0.88
102,male,150.0,2.149,same,same,1,0,0,model,Y,0.0,0,0.433,0.2,0.782,0.733
102,male,100.0,3.294,different,different,1,0,0,model,Y,0.0,2,0.433,0.205,1.682,0.873
102,male,100.0,2.123,same,same,1,0,0,model,Y,0.0,0,0.433,0.192,0.782,0.715
102,male,150.0,3.909,same,different,0,1,0,model,Y,0.0,2,0.433,0.254,2.132,0.989
102,male,100.0,2.411,same,same,1,0,0,model,Y,0.0,0,0.433,0.235,0.932,0.811
102,male,100.0,2.885,different,different,1,0,0,model,Y,0.0,2,0.433,0.165,1.532,0.655
102,male,0.0,1.373,same,different,0,1,0,model,Y,0.0,2,0.433,0.1,0.182,0.557
102,male,150.0,3.437,same,different,0,1,0,model,Y,0.0,2,0.433,0.248,1.682,0.973
102,male,50.0,2.578,different,different,1,0,0,model,Y,0.0,2,0.433,0.137,1.232,0.676
102,male,100.0,2.066,same,same,1,0,0,model,Y,0.0,0,0.433,0.175,0.782,0.675
102,male,150.0,4.254,different,different,1,0,0,model,Y,0.0,2,0.433,0.232,2.732,0.756
103,male,100.0,3.325,same,same,1,0,0,model,Y,0.0,0,0.46,0.196,1.804,0.865
103,male,100.0,5.819,different,different,1,0,0,model,Y,0.0,2,0.46,0.201,4.054,1.003
103,male,100.0,2.407,same,same,1,0,0,model,Y,0.0,0,0.46,0.19,0.904,0.852
103,male,150.0,2.848,same,same,1,0,0,model,Y,0.0,0,0.46,0.233,1.204,0.95
103,male,100.0,2.493,same,same,1,0,0,model,Y,0.0,0,0.46,0.217,0.904,0.912
103,male,50.0,2.483,different,different,1,0,0,model,Y,0.0,2,0.46,0.152,0.904,0.867
103,male,0.0,1.364,same,same,1,0,0,model,Y,0.0,0,0.46,0.1,0.154,0.649
103,male,0.0,1.364,same,same,1,0,0,model,Y,0.0,0,0.46,0.1,0.154,0.649
103,male,50.0,2.773,different,different,1,0,0,model,Y,0.0,2,0.46,0.15,1.204,0.859
103,male,0.0,1.514,different,different,1,0,0,model,Y,0.0,2,0.46,0.1,0.154,0.699
103,male,0.0,1.364,same,same,1,0,0,model,Y,0.0,0,0.46,0.1,0.154,0.649
103,male,50.0,1.954,same,same,1,0,0,model,Y,0.0,0,0.46,0.143,0.604,0.746
103,male,100.0,3.882,different,different,1,0,0,model,Y,0.0,2,0.46,0.205,2.104,1.013
103,male,100.0,3.289,different,different,1,0,0,model,Y,0.0,2,0.46,0.206,1.504,1.018
103,male,100.0,2.21,same,same,1,0,0,model,Y,0.0,0,0.46,0.222,0.604,0.924
103,male,150.0,2.519,same,same,1,0,0,model,Y,0.0,0,0.46,0.271,0.754,1.034
103,male,100.0,3.457,different,different,1,0,0,model,Y,0.0,2,0.46,0.217,1.804,0.875
103,male,50.0,2.036,same,same,1,0,0,model,Y,0.0,0,0.46,0.168,0.604,0.803
103,male,50.0,2.573,same,different,0,1,0,model,Y,0.0,2,0.46,0.138,1.054,0.821
103,male,100.0,2.922,different,different,1,0,0,model,Y,0.0,2,0.46,0.19,1.204,0.968
103,male,0.0,1.364,same,same,1,0,0,model,Y,0.0,0,0.46,0.1,0.154,0.649
103,male,100.0,4.807,same,different,0,1,0,model,Y,0.0,2,0.46,0.211,3.004,1.032
103,male,150.0,4.202,different,different,1,0,0,model,Y,0.0,2,0.46,0.294,2.104,1.244
103,male,100.0,2.772,same,same,1,0,0,model,Y,0.0,0,0.46,0.21,1.204,0.897
103,male,50.0,1.984,same,same,1,0,0,model,Y,0.0,0,0.46,0.152,0.604,0.767
103,male,0.0,1.364,same,same,1,0,0,model,Y,0.0,0,0.46,0.1,0.154,0.649
103,male,0.0,1.364,same,same,1,0,0,model,Y,0.0,0,0.46,0.1,0.154,0.649
103,male,150.0,3.846,different,different,1,0,0,model,Y,0.0,2,0.46,0.279,1.804,1.203
103,male,150.0,5.185,different,different,1,0,0,model,Y,0.0,2,0.46,0.237,3.304,1.083
103,male,50.0,2.879,same,different,0,1,0,model,Y,0.0,2,0.46,0.175,1.204,0.94
103,male,150.0,3.874,different,different,1,0,0,model,Y,0.0,2,0.46,0.208,2.104,1.002
103,male,150.0,3.738,same,different,0,1,0,model,Y,0.0,2,0.46,0.251,1.804,1.122
103,male,100.0,3.233,different,different,1,0,0,model,Y,0.0,2,0.46,0.192,1.504,0.976
103,male,150.0,2.614,same,same,1,0,0,model,Y,0.0,0,0.46,0.254,0.904,0.995
103,male,50.0,2.824,different,different,1,0,0,model,Y,0.0,2,0.46,0.162,1.204,0.897
103,male,100.0,2.268,same,same,1,0,0,model,Y,0.0,0,0.46,0.193,0.754,0.86
103,male,150.0,4.582,same,different,0,1,0,model,Y,0.0,2,0.46,0.275,2.554,1.192
103,male,0.0,1.514,different,different,1,0,0,model,Y,0.0,2,0.46,0.1,0.154,0.699
103,male,0.0,1.364,same,same,1,0,0,model,Y,0.0,0,0.46,0.1,0.154,0.649
103,male,100.0,2.425,same,same,1,0,0,model,Y,0.0,0,0.46,0.196,0.904,0.864
103,male,100.0,2.383,same,same,1,0,0,model,Y,0.0,0,0.46,0.229,0.754,0.94
103,male,0.0,1.364,same,same,1,0,0,model,Y,0.0,0,0.46,0.1,0.154,0.649
103,male,150.0,2.524,same,same,1,0,0,model,Y,0.0,0,0.46,0.272,0.754,1.037
103,male,0.0,1.514,same,different,0,1,0,model,Y,0.0,2,0.46,0.1,0.154,0.699
103,male,100.0,3.897,same,different,0,1,0,model,Y,0.0,2,0.46,0.171,2.254,0.912
103,male,0.0,1.514,different,different,1,0,0,model,Y,0.0,2,0.46,0.1,0.154,0.699
103,male,100.0,2.351,same,same,1,0,0,model,Y,0.0,0,0.46,0.173,0.904,0.813
103,male,0.0,1.364,same,same,1,0,0,model,Y,0.0,0,0.46,0.1,0.154,0.649
103,male,50.0,2.084,same,same,1,0,0,model,Y,0.0,0,0.46,0.137,0.754,0.732
103,male,50.0,2.896,different,different,1,0,0,model,Y,0.0,2,0.46,0.143,1.354,0.839
103,male,50.0,1.829,same,same,1,0,0,model,Y,0.0,0,0.46,0.151,0.454,0.764
103,male,150.0,4.581,different,different,1,0,0,model,Y,0.0,2,0.46,0.275,2.554,1.191
103,male,150.0,3.371,different,different,1,0,0,model,Y,0.0,2,0.46,0.183,1.804,0.824
103,male,100.0,3.551,different,different,1,0,0,model,Y,0.0,2,0.46,0.197,1.804,0.989
103,male,0.0,1.364,same,same,1,0,0,model,Y,0.0,0,0.46,0.1,0.154,0.649
103,male,100.0,2.794,same,same,1,0,0,model,Y,0.0,0,0.46,0.217,1.204,0.913
103,male,100.0,2.436,same,same,1,0,0,model,Y,0.0,0,0.46,0.245,0.754,0.976
103,male,50.0,2.642,different,different,1,0,0,model,Y,0.0,2,0.46,0.154,1.054,0.873
103,male,50.0,2.631,different,different,1,0,0,model,Y,0.0,2,0.46,0.151,1.054,0.865
103,male,150.0,2.842,same,same,1,0,0,model,Y,0.0,0,0.46,0.278,1.054,1.049
103,male,100.0,3.135,different,different,1,0,0,model,Y,0.0,2,0.46,0.205,1.354,1.015
103,male,0.0,1.514,same,different,0,1,0,model,Y,0.0,2,0.46,0.1,0.154,0.699
103,male,50.0,3.12,different,different,1,0,0,model,Y,0.0,2,0.46,0.161,1.504,0.895
103,male,0.0,1.364,same,same,1,0,0,model,Y,0.0,0,0.46,0.1,0.154,0.649
103,male,50.0,2.408,same,same,1,0,0,model,Y,0.0,0,0.46,0.144,1.054,0.749
103,male,100.0,2.399,same,same,1,0,0,model,Y,0.0,0,0.46,0.234,0.754,0.95
103,male,150.0,2.553,same,same,1,0,0,model,Y,0.0,0,0.46,0.281,0.754,1.057
103,male,100.0,3.429,same,different,0,1,0,model,Y,0.0,2,0.46,0.204,1.654,1.011
103,male,150.0,2.384,same,same,1,0,0,model,Y,0.0,0,0.46,0.229,0.754,0.94
103,male,50.0,1.84,same,same,1,0,0,model,Y,0.0,0,0.46,0.154,0.454,0.771
103,male,0.0,1.514,different,different,1,0,0,model,Y,0.0,2,0.46,0.1,0.154,0.699
103,male,50.0,1.872,same,same,1,0,0,model,Y,0.0,0,0.46,0.164,0.454,0.793
103,male,150.0,4.164,different,different,1,0,0,model,Y,0.0,2,0.46,0.26,2.404,0.94
103,male,100.0,2.684,same,same,1,0,0,model,Y,0.0,0,0.46,0.229,1.054,0.94
103,male,150.0,4.296,different,different,1,0,0,model,Y,0.0,2,0.46,0.318,2.104,1.313
103,male,100.0,2.547,same,same,1,0,0,model,Y,0.0,0,0.46,0.233,0.904,0.949
103,male,150.0,3.05,same,same,1,0,0,model,Y,0.0,0,0.46,0.296,1.204,1.09
103,male,100.0,3.514,different,different,1,0,0,model,Y,0.0,2,0.46,0.188,1.804,0.962
103,male,100.0,2.441,same,same,1,0,0,model,Y,0.0,0,0.46,0.201,0.904,0.876
103,male,0.0,1.364,same,same,1,0,0,model,Y,0.0,0,0.46,0.1,0.154,0.649
103,male,50.0,2.787,different,different,1,0,0,model,Y,0.0,2,0.46,0.153,1.204,0.87
103,male,150.0,2.972,same,same,1,0,0,model,Y,0.0,0,0.46,0.226,1.354,0.932
103,male,50.0,1.99,same,same,1,0,0,model,Y,0.0,0,0.46,0.154,0.604,0.771
103,male,100.0,2.495,same,same,1,0,0,model,Y,0.0,0,0.46,0.217,0.904,0.913
103,male,100.0,4.673,different,different,1,0,0,model,Y,0.0,2,0.46,0.177,3.004,0.931
103,male,0.0,1.514,different,different,1,0,0,model,Y,0.0,2,0.46,0.1,0.154,0.699
103,male,150.0,4.205,different,different,1,0,0,model,Y,0.0,2,0.46,0.216,2.404,1.025
103,male,0.0,1.514,different,different,1,0,0,model,Y,0.0,2,0.46,0.1,0.154,0.699
103,male,50.0,2.825,different,different,1,0,0,model,Y,0.0,2,0.46,0.162,1.204,0.898
103,male,100.0,3.176,different,different,1,0,0,model,Y,0.0,2,0.46,0.178,1.504,0.933
103,male,150.0,3.605,different,different,1,0,0,model,Y,0.0,2,0.46,0.276,1.804,0.964
103,male,100.0,2.5,same,same,1,0,0,model,Y,0.0,0,0.46,0.219,0.904,0.917
103,male,100.0,3.694,different,different,1,0,0,model,Y,0.0,2,0.46,0.233,1.804,1.097
103,male,50.0,1.939,same,same,1,0,0,model,Y,0.0,0,0.46,0.138,0.604,0.736
103,male,0.0,1.364,same,same,1,0,0,model,Y,0.0,0,0.46,0.1,0.154,0.649
103,male,50.0,3.887,different,different,1,0,0,model,Y,0.0,2,0.46,0.149,2.404,0.773
104,female,0.0,1.418,same,same,1,0,0,model,Y,0.0,0,0.454,0.1,0.147,0.718
104,female,50.0,2.009,same,same,1,0,0,model,Y,0.0,0,0.454,0.143,0.597,0.815
104,female,150.0,5.365,different,different,1,0,0,model,Y,0.0,3,0.454,0.279,3.297,1.186
104,female,150.0,4.337,different,different,1,0,0,model,Y,0.0,3,0.454,0.316,1.797,1.621
104,female,50.0,1.998,same,same,1,0,0,model,Y,0.0,0,0.454,0.14,0.597,0.808
104,female,100.0,3.276,different,different,1,0,0,model,Y,0.0,3,0.454,0.198,1.197,1.278
104,female,150.0,2.906,same,same,1,0,0,model,Y,0.0,0,0.454,0.281,1.047,1.125
104,female,50.0,2.15,same,same,1,0,0,model,Y,0.0,0,0.454,0.14,0.747,0.809
104,female,0.0,1.768,different,different,1,0,0,model,Y,0.0,3,0.454,0.1,0.147,0.918
104,female,50.0,2.296,same,same,1,0,0,model,Y,0.0,0,0.454,0.139,0.897,0.806
104,female,50.0,2.847,different,different,1,0,0,model,Y,0.0,3,0.454,0.159,0.897,1.187
104,female,0.0,1.418,same,same,1,0,0,model,Y,0.0,0,0.454,0.1,0.147,0.718
104,female,0.0,1.418,same,same,1,0,0,model,Y,0.0,0,0.454,0.1,0.147,0.718
104,female,100.0,3.509,same,different,0,1,0,model,Y,0.0,3,0.454,0.184,1.497,1.225
104,female,50.0,2.91,different,different,1,0,0,model,Y,0.0,3,0.454,0.143,1.047,1.116
104,female,150.0,4.14,different,different,1,0,0,model,Y,0.0,3,0.454,0.199,2.097,1.24
104,female,0.0,1.418,same,same,1,0,0,model,Y,0.0,0,0.454,0.1,0.147,0.718
104,female,0.0,1.418,same,same,1,0,0,model,Y,0.0,0,0.454,0.1,0.147,0.718
104,female,100.0,3.393,different,different,1,0,0,model,Y,0.0,3,0.454,0.223,1.197,1.37
104,female,50.0,2.881,same,different,0,1,0,model,Y,0.0,3,0.454,0.138,1.047,1.092
104,female,0.0,1.768,different,different,1,0,0,model,Y,0.0,3,0.454,0.1,0.147,0.918
104,female,150.0,4.915,different,different,1,0,0,model,Y,0.0,3,0.454,0.275,2.547,1.489
104,female,150.0,3.994,different,different,1,0,0,model,Y,0.0,3,0.454,0.27,1.647,1.473
104,female,0.0,1.418,same,same,1,0,0,model,Y,0.0,0,0.454,0.1,0.147,0.718
104,female,150.0,2.891,same,same,1,0,0,model,Y,0.0,0,0.454,0.276,1.047,1.114
104,female,100.0,2.535,same,same,1,0,0,model,Y,0.0,0,0.454,0.213,0.897,0.972
104,female,50.0,2.363,same,same,1,0,0,model,Y,0.0,0,0.454,0.16,0.897,0.853
104,female,0.0,1.418,same,same,1,0,0,model,Y,0.0,0,0.454,0.1,0.147,0.718
104,female,100.0,4.154,different,different,1,0,0,model,Y,0.0,3,0.454,0.193,2.097,1.26
104,female,100.0,2.674,same,same,1,0,0,model,Y,0.0,0,0.454,0.163,1.197,0.86
104,female,100.0,3.5,different,different,1,0,0,model,Y,0.0,3,0.454,0.246,1.197,1.454
104,female,50.0,1.815,same,same,1,0,0,model,Y,0.0,0,0.454,0.13,0.447,0.785
104,female,0.0,1.768,different,different,1,0,0,model,Y,0.0,3,0.454,0.1,0.147,0.918
104,female,0.0,1.768,different,different,1,0,0,model,Y,0.0,3,0.454,0.1,0.147,0.918
104,female,50.0,2.029,same,same,1,0,0,model,Y,0.0,0,0.454,0.149,0.597,0.829
104,female,0.0,1.418,same,same,1,0,0,model,Y,0.0,0,0.454,0.1,0.147,0.718
104,female,150.0,2.73,same,same,1,0,0,model,Y,0.0,0,0.454,0.319,0.747,1.21
104,female,150.0,3.157,same,same,1,0,0,model,Y,0.0,0,0.454,0.266,1.347,1.091
104,female,100.0,2.46,same,same,1,0,0,model,Y,0.0,0,0.454,0.19,0.897,0.92
104,female,150.0,2.844,same,same,1,0,0,model,Y,0.0,0,0.454,0.262,1.047,1.082
104,female,50.0,2.07,same,same,1,0,0,model,Y,0.0,0,0.454,0.162,0.597,0.858
104,female,100.0,2.3,same,same,1,0,0,model,Y,0.0,0,0.454,0.187,0.747,0.913
104,female,100.0,3.035,same,different,0,1,0,model,Y,0.0,3,0.454,0.187,1.197,1.048
104,female,50.0,2.739,different,different,1,0,0,model,Y,0.0,3,0.454,0.14,0.897,1.099
104,female,150.0,2.623,same,same,1,0,0,model,Y,0.0,0,0.454,0.24,0.897,1.033
104,female,50.0,2.628,same,different,0,1,0,model,Y,0.0,3,0.454,0.147,0.747,1.131
104,female,50.0,2.614,different,different,1,0,0,model,Y,0.0,3,0.454,0.144,0.747,1.12
104,female,150.0,2.591,same,same,1,0,0,model,Y,0.0,0,0.454,0.23,0.897,1.01
104,female,150.0,4.72,different,different,1,0,0,model,Y,0.0,3,0.454,0.265,2.397,1.455
104,female,150.0,3.64,same,same,1,0,0,model,Y,0.0,0,0.454,0.276,1.797,1.114
104,female,100.0,3.657,different,different,1,0,0,model,Y,0.0,3,0.454,0.195,1.797,1.061
104,female,50.0,2.156,same,same,1,0,0,model,Y,0.0,0,0.454,0.142,0.747,0.813
104,female,150.0,3.775,different,different,1,0,0,model,Y,0.0,3,0.454,0.243,1.797,1.132
104,female,0.0,1.418,same,same,1,0,0,model,Y,0.0,0,0.454,0.1,0.147,0.718
104,female,0.0,1.418,same,same,1,0,0,model,Y,0.0,0,0.454,0.1,0.147,0.718
104,female,150.0,4.795,different,different,1,0,0,model,Y,0.0,3,0.454,0.247,2.547,1.397
104,female,0.0,1.418,same,same,1,0,0,model,Y,0.0,0,0.454,0.1,0.147,0.718
104,female,150.0,5.491,different,different,1,0,0,model,Y,0.0,3,0.454,0.234,3.297,1.356
104,female,50.0,2.77,different,different,1,0,0,model,Y,0.0,3,0.454,0.172,0.747,1.248
104,female,150.0,2.601,same,same,1,0,0,model,Y,0.0,0,0.454,0.233,0.897,1.018
104,female,150.0,2.723,same,same,1,0,0,model,Y,0.0,0,0.454,0.271,0.897,1.102
104,female,0.0,1.768,different,different,1,0,0,model,Y,0.0,3,0.454,0.1,0.147,0.918
104,female,50.0,3.321,different,different,1,0,0,model,Y,0.0,3,0.454,0.163,1.347,1.207
104,female,50.0,2.787,different,different,1,0,0,model,Y,0.0,3,0.454,0.148,0.897,1.138
104,female,0.0,1.768,different,different,1,0,0,model,Y,0.0,3,0.454,0.1,0.147,0.918
104,female,100.0,3.358,different,different,1,0,0,model,Y,0.0,3,0.454,0.183,1.347,1.224
104,female,50.0,2.652,different,different,1,0,0,model,Y,0.0,3,0.454,0.151,0.747,1.151
104,female,50.0,2.574,different,different,1,0,0,model,Y,0.0,3,0.454,0.137,0.747,1.087
104,female,150.0,3.873,different,different,1,0,0,model,Y,0.0,3,0.454,0.207,1.797,1.266
104,female,50.0,2.813,different,different,1,0,0,model,Y,0.0,3,0.454,0.153,0.897,1.159
104,female,100.0,2.399,same,same,1,0,0,model,Y,0.0,0,0.454,0.217,0.747,0.981
104,female,100.0,2.307,same,same,1,0,0,model,Y,0.0,0,0.454,0.189,0.747,0.918
104,female,100.0,4.923,different,different,1,0,0,model,Y,0.0,3,0.454,0.162,3.147,1.01
104,female,0.0,1.418,same,same,1,0,0,model,Y,0.0,0,0.454,0.1,0.147,0.718
104,female,0.0,1.768,different,different,1,0,0,model,Y,0.0,3,0.454,0.1,0.147,0.918
104,female,100.0,3.536,different,different,1,0,0,model,Y,0.0,3,0.454,0.189,1.497,1.246
104,female,50.0,2.069,same,same,1,0,0,model,Y,0.0,0,0.454,0.162,0.597,0.857
104,female,150.0,2.99,same,same,1,0,0,model,Y,0.0,0,0.454,0.307,1.047,1.183
104,female,50.0,2.579,different,different,1,0,0,model,Y,0.0,3,0.454,0.138,0.747,1.091
104,female,100.0,2.255,same,same,1,0,0,model,Y,0.0,0,0.454,0.219,0.597,0.986
104,female,50.0,2.026,same,same,1,0,0,model,Y,0.0,0,0.454,0.149,0.597,0.827
104,female,150.0,5.939,different,different,1,0,0,model,Y,0.0,3,0.454,0.234,3.747,1.355
104,female,150.0,3.717,different,different,1,0,0,model,Y,0.0,3,0.454,0.241,1.497,1.376
104,female,150.0,4.638,different,different,1,0,0,model,Y,0.0,3,0.454,0.281,2.247,1.507
104,female,50.0,3.378,different,different,1,0,0,model,Y,0.0,3,0.454,0.147,1.497,1.131
104,female,50.0,1.922,same,same,1,0,0,model,Y,0.0,0,0.454,0.163,0.447,0.859
104,female,150.0,2.83,same,same,1,0,0,model,Y,0.0,0,0.454,0.211,1.197,0.968
104,female,50.0,2.023,same,same,1,0,0,model,Y,0.0,0,0.454,0.148,0.597,0.825
104,female,50.0,1.924,same,same,1,0,0,model,Y,0.0,0,0.454,0.163,0.447,0.86
104,female,100.0,3.259,different,different,1,0,0,model,Y,0.0,3,0.454,0.226,1.047,1.382
104,female,0.0,1.768,different,different,1,0,0,model,Y,0.0,3,0.454,0.1,0.147,0.918
104,female,0.0,1.418,same,same,1,0,0,model,Y,0.0,0,0.454,0.1,0.147,0.718
104,female,0.0,1.418,same,same,1,0,0,model,Y,0.0,0,0.454,0.1,0.147,0.718
104,female,150.0,4.843,different,different,1,0,0,model,Y,0.0,3,0.454,0.258,2.547,1.434
104,female,50.0,2.704,different,different,1,0,0,model,Y,0.0,3,0.454,0.16,0.747,1.193
104,female,100.0,2.384,same,same,1,0,0,model,Y,0.0,0,0.454,0.213,0.747,0.971
