subject_num,gender,angle,time,response,expected_answer,correct,false_positive,false_negative,source,axis,axis_difficulty,num_of_repeats,encoding_time,landmarking_time,rotation_time,decision_time
1,male,150,2.729,same,same,1,0,0,model,[0 1 0],0.0,0,0.462,0.182,1.34,0.746
1,male,150,4.928,different,same,0,0,1,model,[0 1 0],0.0,2,0.462,0.274,2.99,1.102
1,male,100,4.726,different,different,1,0,0,model,[0 1 0],0.0,2,0.462,0.164,3.44,0.561
1,male,0,1.414,different,different,1,0,0,model,[0 1 0],0.0,2,0.462,0.1,0.14,0.612
1,male,150,4.179,different,same,0,0,1,model,[0 1 0],0.0,2,0.462,0.195,2.84,0.583
1,male,100,2.039,same,same,1,0,0,model,[0 1 0],0.0,0,0.462,0.2,0.59,0.788
1,male,50,2.361,same,same,1,0,0,model,[0 1 0],0.0,1,0.462,0.159,0.74,0.951
1,male,150,3.421,different,different,1,0,0,model,[0 1 0],0.0,2,0.462,0.233,1.64,0.986
1,male,100,3.105,different,different,1,0,0,model,[0 1 0],0.0,2,0.462,0.185,1.49,0.869
1,male,50,1.903,same,same,1,0,0,model,[0 1 0],0.0,0,0.462,0.158,0.59,0.694
1,male,150,3.891,same,different,0,1,0,model,[0 1 0],0.0,2,0.462,0.238,2.09,1.001
1,male,100,3.197,different,different,1,0,0,model,[0 1 0],0.0,2,0.462,0.246,1.34,1.05
1,male,100,4.821,different,different,1,0,0,model,[0 1 0],0.0,2,0.462,0.202,3.14,0.918
1,male,150,2.572,same,same,1,0,0,model,[0 1 0],0.0,0,0.462,0.272,0.89,0.949
1,male,150,3.549,same,different,0,1,0,model,[0 1 0],0.0,2,0.462,0.227,1.79,0.97
1,male,0,1.264,same,same,1,0,0,model,[0 1 0],0.0,0,0.462,0.1,0.14,0.562
1,male,150,3.215,same,same,1,0,0,model,[0 1 0],0.0,0,0.462,0.285,1.49,0.979
1,male,0,1.414,different,different,1,0,0,model,[0 1 0],0.0,2,0.462,0.1,0.14,0.612
1,male,150,2.625,same,same,1,0,0,model,[0 1 0],0.0,0,0.462,0.288,0.89,0.986
1,male,50,1.866,same,same,1,0,0,model,[0 1 0],0.0,0,0.462,0.147,0.59,0.668
1,male,0,1.414,same,different,0,1,0,model,[0 1 0],0.0,2,0.462,0.1,0.14,0.612
1,male,150,3.306,same,same,1,0,0,model,[0 1 0],0.0,0,0.462,0.267,1.64,0.938
1,male,150,3.449,different,different,1,0,0,model,[0 1 0],0.0,2,0.462,0.241,1.64,1.008
1,male,50,2.506,same,same,1,0,0,model,[0 1 0],0.0,1,0.462,0.133,0.89,0.972
1,male,100,2.612,same,same,1,0,0,model,[0 1 0],0.0,1,0.462,0.185,1.19,0.726
1,male,100,5.271,different,different,1,0,0,model,[0 1 0],0.0,2,0.462,0.218,3.89,0.601
1,male,0,1.414,same,different,0,1,0,model,[0 1 0],0.0,2,0.462,0.1,0.14,0.612
1,male,100,2.691,same,different,0,1,0,model,[0 1 0],0.0,2,0.462,0.194,1.04,0.895
1,male,100,2.4,same,same,1,0,0,model,[0 1 0],0.0,0,0.462,0.219,0.89,0.83
1,male,50,2.679,different,different,1,0,0,model,[0 1 0],0.0,2,0.462,0.151,1.19,0.777
1,male,150,2.233,same,same,1,0,0,model,[0 1 0],0.0,0,0.462,0.214,0.74,0.818
1,male,100,3.931,different,same,0,0,1,model,[0 1 0],0.0,2,0.462,0.204,2.24,0.925
1,male,0,1.264,same,same,1,0,0,model,[0 1 0],0.0,0,0.462,0.1,0.14,0.562
1,male,150,3.623,different,different,1,0,0,model,[0 1 0],0.0,2,0.462,0.247,1.79,1.025
1,male,0,1.264,same,same,1,0,0,model,[0 1 0],0.0,0,0.462,0.1,0.14,0.562
1,male,0,1.414,different,different,1,0,0,model,[0 1 0],0.0,2,0.462,0.1,0.14,0.612
1,male,50,2.903,different,different,1,0,0,model,[0 1 0],0.0,2,0.462,0.133,1.49,0.719
1,male,50,2.546,different,different,1,0,0,model,[0 1 0],0.0,2,0.462,0.155,1.04,0.79
1,male,100,2.117,same,same,1,0,0,model,[0 1 0],0.0,0,0.462,0.178,0.74,0.738
1,male,150,6.873,different,same,0,0,1,model,[0 1 0],0.0,2,0.462,0.191,5.54,0.581
1,male,50,2.941,different,different,1,0,0,model,[0 1 0],0.0,2,0.462,0.142,1.49,0.748
1,male,150,4.519,same,same,1,0,0,model,[0 1 0],0.0,2,0.462,0.285,2.54,1.133
1,male,100,2.811,different,different,1,0,0,model,[0 1 0],0.0,2,0.462,0.184,1.49,0.576
1,male,50,2.252,different,different,1,0,0,model,[0 1 0],0.0,2,0.462,0.157,0.74,0.794
1,male,150,3.555,different,different,1,0,0,model,[0 1 0],0.0,2,0.462,0.229,1.79,0.975
1,male,100,2.146,same,same,1,0,0,model,[0 1 0],0.0,0,0.462,0.187,0.74,0.758
1,male,100,2.156,same,same,1,0,0,model,[0 1 0],0.0,0,0.462,0.19,0.74,0.765
1,male,0,1.414,different,different,1,0,0,model,[0 1 0],0.0,2,0.462,0.1,0.14,0.612
1,male,50,2.305,different,different,1,0,0,model,[0 1 0],0.0,2,0.462,0.169,0.74,0.835
1,male,100,2.52,different,different,1,0,0,model,[0 1 0],0.0,2,0.462,0.152,1.04,0.767
1,male,0,1.414,different,different,1,0,0,model,[0 1 0],0.0,2,0.462,0.1,0.14,0.612
1,male,150,3.533,different,different,1,0,0,model,[0 1 0],0.0,2,0.462,0.223,1.79,0.959
1,male,100,2.043,same,same,1,0,0,model,[0 1 0],0.0,0,0.462,0.155,0.74,0.686
1,male,0,1.264,same,same,1,0,0,model,[0 1 0],0.0,0,0.462,0.1,0.14,0.562
1,male,0,1.264,same,same,1,0,0,model,[0 1 0],0.0,0,0.462,0.1,0.14,0.562
1,male,150,8.208,different,same,0,0,1,model,[0 1 0],0.0,2,0.462,0.269,6.29,1.088
1,male,0,1.264,same,same,1,0,0,model,[0 1 0],0.0,0,0.462,0.1,0.14,0.562
1,male,150,3.59,different,different,1,0,0,model,[0 1 0],0.0,2,0.462,0.238,1.79,1.001
1,male,150,5.074,different,same,0,0,1,model,[0 1 0],0.0,2,0.462,0.195,3.44,0.878
1,male,0,1.264,same,same,1,0,0,model,[0 1 0],0.0,0,0.462,0.1,0.14,0.562
1,male,150,4.799,different,same,0,0,1,model,[0 1 0],0.0,2,0.462,0.251,2.54,1.447
1,male,150,5.807,different,different,1,0,0,model,[0 1 0],0.0,2,0.462,0.308,3.74,1.197
1,male,0,1.264,same,same,1,0,0,model,[0 1 0],0.0,0,0.462,0.1,0.14,0.562
1,male,100,5.205,different,same,0,0,1,model,[0 1 0],0.0,2,0.462,0.208,3.14,1.296
1,male,0,1.264,same,same,1,0,0,model,[0 1 0],0.0,0,0.462,0.1,0.14,0.562
1,male,0,1.414,different,different,1,0,0,model,[0 1 0],0.0,2,0.462,0.1,0.14,0.612
1,male,150,6.003,different,different,1,0,0,model,[0 1 0],0.0,2,0.462,0.242,4.19,1.01
1,male,100,2.173,same,same,1,0,0,model,[0 1 0],0.0,0,0.462,0.195,0.74,0.776
1,male,0,1.264,same,same,1,0,0,model,[0 1 0],0.0,0,0.462,0.1,0.14,0.562
1,male,150,4.32,same,same,1,0,0,model,[0 1 0],0.0,2,0.462,0.303,1.79,1.666
1,male,0,1.414,different,different,1,0,0,model,[0 1 0],0.0,2,0.462,0.1,0.14,0.612
1,male,50,2.634,same,same,1,0,0,model,[0 1 0],0.0,1,0.462,0.155,0.89,1.078
1,male,150,2.926,different,different,1,0,0,model,[0 1 0],0.0,2,0.462,0.307,1.34,0.718
1,male,50,2.926,different,different,1,0,0,model,[0 1 0],0.0,2,0.462,0.164,1.64,0.56
1,male,100,5.066,different,different,1,0,0,model,[0 1 0],0.0,2,0.462,0.151,3.59,0.764
1,male,0,1.414,different,different,1,0,0,model,[0 1 0],0.0,2,0.462,0.1,0.14,0.612
1,male,150,4.932,different,same,0,0,1,model,[0 1 0],0.0,2,0.462,0.275,2.99,1.105
1,male,0,1.414,different,different,1,0,0,model,[0 1 0],0.0,2,0.462,0.1,0.14,0.612
1,male,100,2.321,same,same,1,0,0,model,[0 1 0],0.0,0,0.462,0.195,0.89,0.775
1,male,150,2.593,same,same,1,0,0,model,[0 1 0],0.0,0,0.462,0.278,0.89,0.963
1,male,150,4.389,different,different,1,0,0,model,[0 1 0],0.0,2,0.462,0.291,2.39,1.148
1,male,150,4.224,different,different,1,0,0,model,[0 1 0],0.0,2,0.462,0.287,2.24,1.136
1,male,50,4.739,different,same,0,0,1,model,[0 1 0],0.0,2,0.462,0.142,3.29,0.746
1,male,150,4.035,different,different,1,0,0,model,[0 1 0],0.0,2,0.462,0.276,2.09,1.108
1,male,150,3.966,different,different,1,0,0,model,[0 1 0],0.0,2,0.462,0.258,2.09,1.056
1,male,100,3.51,different,different,1,0,0,model,[0 1 0],0.0,2,0.462,0.212,1.79,0.947
1,male,50,3.602,different,same,0,0,1,model,[0 1 0],0.0,2,0.462,0.157,2.09,0.794
1,male,100,2.545,different,different,1,0,0,model,[0 1 0],0.0,2,0.462,0.192,1.04,0.751
1,male,0,1.414,different,different,1,0,0,model,[0 1 0],0.0,2,0.462,0.1,0.14,0.612
1,male,50,1.927,same,same,1,0,0,model,[0 1 0],0.0,0,0.462,0.166,0.59,0.71
1,male,100,2.856,different,different,1,0,0,model,[0 1 0],0.0,2,0.462,0.217,1.34,0.738
1,male,0,1.264,same,same,1,0,0,model,[0 1 0],0.0,0,0.462,0.1,0.14,0.562
1,male,100,3.194,same,different,0,1,0,model,[0 1 0],0.0,2,0.462,0.208,1.49,0.935
1,male,150,4.349,different,different,1,0,0,model,[0 1 0],0.0,2,0.462,0.241,2.54,1.007
1,male,0,1.264,same,same,1,0,0,model,[0 1 0],0.0,0,0.462,0.1,0.14,0.562
1,male,150,2.766,different,different,1,0,0,model,[0 1 0],0.0,2,0.462,0.215,1.34,0.649
2,female,50,2.749,same,different,0,1,0,model,[0 1 0],0.0,2,0.345,0.134,1.347,0.825
2,female,100,5.26,same,different,0,1,0,model,[0 1 0],0.0,2,0.345,0.2,3.597,1.018
2,female,0,1.258,same,same,1,0,0,model,[0 1 0],0.0,0,0.345,0.1,0.147,0.667
2,female,50,2.141,different,different,1,0,0,model,[0 1 0],0.0,2,0.345,0.132,0.747,0.819
2,female,100,3.342,different,different,1,0,0,model,[0 1 0],0.0,2,0.345,0.214,1.797,0.887
2,female,50,2.664,different,different,1,0,0,model,[0 1 0],0.0,2,0.345,0.149,1.197,0.874
2,female,150,2.655,same,same,1,0,0,model,[0 1 0],0.0,0,0.345,0.299,0.897,1.115
2,female,0,1.408,different,different,1,0,0,model,[0 1 0],0.0,2,0.345,0.1,0.147,0.717
2,female,100,2.322,same,same,1,0,0,model,[0 1 0],0.0,0,0.345,0.197,0.897,0.885
2,female,100,3.019,different,different,1,0,0,model,[0 1 0],0.0,2,0.345,0.165,1.497,0.913
2,female,100,2.917,different,different,1,0,0,model,[0 1 0],0.0,2,0.345,0.177,1.347,0.949
2,female,100,2.867,different,different,1,0,0,model,[0 1 0],0.0,2,0.345,0.165,1.347,0.911
2,female,50,2.296,different,different,1,0,0,model,[0 1 0],0.0,2,0.345,0.133,0.897,0.822
2,female,100,2.089,same,same,1,0,0,model,[0 1 0],0.0,0,0.345,0.217,0.597,0.931
2,female,0,1.258,same,same,1,0,0,model,[0 1 0],0.0,0,0.345,0.1,0.147,0.667
2,female,50,2.371,different,different,1,0,0,model,[0 1 0],0.0,2,0.345,0.151,0.897,0.88
2,female,150,3.786,different,different,1,0,0,model,[0 1 0],0.0,2,0.345,0.271,2.097,0.974
2,female,100,2.304,same,same,1,0,0,model,[0 1 0],0.0,0,0.345,0.191,0.897,0.872
2,female,150,2.606,same,same,1,0,0,model,[0 1 0],0.0,0,0.345,0.238,1.047,0.977
2,female,150,5.228,different,different,1,0,0,model,[0 1 0],0.0,2,0.345,0.197,3.597,0.99
2,female,0,1.408,different,different,1,0,0,model,[0 1 0],0.0,2,0.345,0.1,0.147,0.717
2,female,50,2.644,different,different,1,0,0,model,[0 1 0],0.0,2,0.345,0.144,1.197,0.858
2,female,0,1.408,same,different,0,1,0,model,[0 1 0],0.0,2,0.345,0.1,0.147,0.717
2,female,100,2.214,same,same,1,0,0,model,[0 1 0],0.0,0,0.345,0.21,0.747,0.913
2,female,0,1.258,same,same,1,0,0,model,[0 1 0],0.0,0,0.345,0.1,0.147,0.667
2,female,100,3.322,different,different,1,0,0,model,[0 1 0],0.0,2,0.345,0.206,1.797,0.875
2,female,50,2.954,different,different,1,0,0,model,[0 1 0],0.0,2,0.345,0.146,1.497,0.866
2,female,0,1.258,same,same,1,0,0,model,[0 1 0],0.0,0,0.345,0.1,0.147,0.667
2,female,100,2.152,same,same,1,0,0,model,[0 1 0],0.0,0,0.345,0.191,0.747,0.871
2,female,50,2.025,same,same,1,0,0,model,[0 1 0],0.0,0,0.345,0.151,0.747,0.782
2,female,100,3.508,same,different,0,1,0,model,[0 1 0],0.0,2,0.345,0.212,1.797,1.054
2,female,150,9.267,different,different,1,0,0,model,[0 1 0],0.0,2,0.345,0.234,7.497,1.092
2,female,50,1.72,same,same,1,0,0,model,[0 1 0],0.0,0,0.345,0.15,0.447,0.779
2,female,150,2.349,same,same,1,0,0,model,[0 1 0],0.0,0,0.345,0.205,0.897,0.903
2,female,50,2.639,different,different,1,0,0,model,[0 1 0],0.0,2,0.345,0.143,1.197,0.855
2,female,150,2.945,different,different,1,0,0,model,[0 1 0],0.0,2,0.345,0.188,1.347,0.965
2,female,100,2.739,same,different,0,1,0,model,[0 1 0],0.0,2,0.345,0.208,1.047,1.04
2,female,0,1.408,different,different,1,0,0,model,[0 1 0],0.0,2,0.345,0.1,0.147,0.717
2,female,150,2.427,same,same,1,0,0,model,[0 1 0],0.0,0,0.345,0.229,0.897,0.957
2,female,0,1.408,different,different,1,0,0,model,[0 1 0],0.0,2,0.345,0.1,0.147,0.717
2,female,50,1.761,same,same,1,0,0,model,[0 1 0],0.0,0,0.345,0.163,0.447,0.808
2,female,150,3.834,different,different,1,0,0,model,[0 1 0],0.0,2,0.345,0.225,2.097,1.068
2,female,50,2.322,different,different,1,0,0,model,[0 1 0],0.0,2,0.345,0.165,0.897,0.815
2,female,100,3.054,different,different,1,0,0,model,[0 1 0],0.0,2,0.345,0.212,1.347,1.051
2,female,0,1.258,same,same,1,0,0,model,[0 1 0],0.0,0,0.345,0.1,0.147,0.667
2,female,50,2.747,different,different,1,0,0,model,[0 1 0],0.0,2,0.345,0.169,1.197,0.938
2,female,150,2.866,same,same,1,0,0,model,[0 1 0],0.0,0,0.345,0.272,1.197,1.053
2,female,150,2.722,same,same,1,0,0,model,[0 1 0],0.0,0,0.345,0.227,1.197,0.953
2,female,50,1.787,same,same,1,0,0,model,[0 1 0],0.0,0,0.345,0.17,0.447,0.825
2,female,50,1.979,same,same,1,0,0,model,[0 1 0],0.0,0,0.345,0.137,0.747,0.75
2,female,100,3.19,different,different,1,0,0,model,[0 1 0],0.0,2,0.345,0.153,1.797,0.796
2,female,0,1.408,different,different,1,0,0,model,[0 1 0],0.0,2,0.345,0.1,0.147,0.717
2,female,150,5.745,different,different,1,0,0,model,[0 1 0],0.0,2,0.345,0.275,4.047,0.979
2,female,150,3.055,same,same,1,0,0,model,[0 1 0],0.0,0,0.345,0.237,1.497,0.976
2,female,50,1.978,same,same,1,0,0,model,[0 1 0],0.0,0,0.345,0.137,0.747,0.75
2,female,150,2.316,same,same,1,0,0,model,[0 1 0],0.0,0,0.345,0.241,0.747,0.984
2,female,50,1.981,same,same,1,0,0,model,[0 1 0],0.0,0,0.345,0.138,0.747,0.752
2,female,0,1.258,same,same,1,0,0,model,[0 1 0],0.0,0,0.345,0.1,0.147,0.667
2,female,150,2.656,same,same,1,0,0,model,[0 1 0],0.0,0,0.345,0.253,1.047,1.012
2,female,50,2.461,same,same,1,0,0,model,[0 1 0],0.0,0,0.345,0.147,1.197,0.773
2,female,0,1.258,same,same,1,0,0,model,[0 1 0],0.0,0,0.345,0.1,0.147,0.667
2,female,150,2.754,same,same,1,0,0,model,[0 1 0],0.0,0,0.345,0.237,1.197,0.976
2,female,50,1.739,same,same,1,0,0,model,[0 1 0],0.0,0,0.345,0.156,0.447,0.792
2,female,0,1.258,same,same,1,0,0,model,[0 1 0],0.0,0,0.345,0.1,0.147,0.667
2,female,150,3.305,same,different,0,1,0,model,[0 1 0],0.0,2,0.345,0.199,1.797,0.865
2,female,100,2.431,same,same,1,0,0,model,[0 1 0],0.0,0,0.345,0.23,0.897,0.96
2,female,50,4.715,different,different,1,0,0,model,[0 1 0],0.0,2,0.345,0.173,3.147,0.951
2,female,150,3.119,same,same,1,0,0,model,[0 1 0],0.0,0,0.345,0.303,1.347,1.124
2,female,0,1.258,same,same,1,0,0,model,[0 1 0],0.0,0,0.345,0.1,0.147,0.667
2,female,50,1.821,same,same,1,0,0,model,[0 1 0],0.0,0,0.345,0.135,0.597,0.745
2,female,0,1.408,different,different,1,0,0,model,[0 1 0],0.0,2,0.345,0.1,0.147,0.717
2,female,50,2.485,same,different,0,1,0,model,[0 1 0],0.0,2,0.345,0.142,1.047,0.852
2,female,0,1.408,different,different,1,0,0,model,[0 1 0],0.0,2,0.345,0.1,0.147,0.717
2,female,50,2.357,same,same,1,0,0,model,[0 1 0],0.0,0,0.345,0.161,1.047,0.805
2,female,50,2.027,same,same,1,0,0,model,[0 1 0],0.0,0,0.345,0.152,0.747,0.784
2,female,150,2.569,same,same,1,0,0,model,[0 1 0],0.0,0,0.345,0.226,1.047,0.951
2,female,100,2.559,same,same,1,0,0,model,[0 1 0],0.0,0,0.345,0.223,1.047,0.944
2,female,0,1.408,different,different,1,0,0,model,[0 1 0],0.0,2,0.345,0.1,0.147,0.717
2,female,100,2.515,same,same,1,0,0,model,[0 1 0],0.0,0,0.345,0.21,1.047,0.914
2,female,0,1.408,different,different,1,0,0,model,[0 1 0],0.0,2,0.345,0.1,0.147,0.717
2,female,0,1.258,same,same,1,0,0,model,[0 1 0],0.0,0,0.345,0.1,0.147,0.667
2,female,150,3.283,same,same,1,0,0,model,[0 1 0],0.0,0,0.345,0.262,1.647,1.03
2,female,100,2.208,same,same,1,0,0,model,[0 1 0],0.0,0,0.345,0.208,0.747,0.909
2,female,0,1.408,different,different,1,0,0,model,[0 1 0],0.0,2,0.345,0.1,0.147,0.717
2,female,0,1.408,different,different,1,0,0,model,[0 1 0],0.0,2,0.345,0.1,0.147,0.717
2,female,150,2.492,same,same,1,0,0,model,[0 1 0],0.0,0,0.345,0.249,0.897,1.002
2,female,0,1.408,different,different,1,0,0,model,[0 1 0],0.0,2,0.345,0.1,0.147,0.717
2,female,150,2.856,same,same,1,0,0,model,[0 1 0],0.0,0,0.345,0.269,1.197,1.047
2,female,100,3.693,same,different,0,1,0,model,[0 1 0],0.0,2,0.345,0.221,1.947,1.08
2,female,100,2.284,same,same,1,0,0,model,[0 1 0],0.0,0,0.345,0.231,0.747,0.962
2,female,150,4.279,same,same,1,0,0,model,[0 1 0],0.0,0,0.345,0.245,2.697,0.993
2,female,50,3.565,different,different,1,0,0,model,[0 1 0],0.0,2,0.345,0.149,2.097,0.875
2,female,150,3.422,same,same,1,0,0,model,[0 1 0],0.0,1,0.345,0.238,1.497,1.294
2,female,150,4.704,different,different,1,0,0,model,[0 1 0],0.0,2,0.345,0.256,2.847,1.156
2,female,100,2.235,same,same,1,0,0,model,[0 1 0],0.0,0,0.345,0.216,0.747,0.928
2,female,100,4.807,different,different,1,0,0,model,[0 1 0],0.0,2,0.345,0.2,3.297,0.866
3,female,100,2.708,same,same,1,0,0,model,[0 1 0],0.0,0,0.367,0.211,1.2,0.931
3,female,100,4.863,different,different,1,0,0,model,[0 1 0],0.0,3,0.367,0.242,2.7,1.404
3,female,50,1.934,same,same,1,0,0,model,[0 1 0],0.0,0,0.367,0.157,0.6,0.809
3,female,150,4.175,different,different,1,0,0,model,[0 1 0],0.0,3,0.367,0.236,2.1,1.323
3,female,0,1.298,same,same,1,0,0,model,[0 1 0],0.0,0,0.367,0.1,0.15,0.681
3,female,50,2.49,different,different,1,0,0,model,[0 1 0],0.0,3,0.367,0.143,0.75,1.08
3,female,0,1.298,same,same,1,0,0,model,[0 1 0],0.0,0,0.367,0.1,0.15,0.681
3,female,0,1.298,same,same,1,0,0,model,[0 1 0],0.0,0,0.367,0.1,0.15,0.681
3,female,50,2.777,different,different,1,0,0,model,[0 1 0],0.0,3,0.367,0.141,1.05,1.069
3,female,150,2.967,same,same,1,0,0,model,[0 1 0],0.0,0,0.367,0.29,1.2,1.11
3,female,50,3.7,different,different,1,0,0,model,[0 1 0],0.0,3,0.367,0.145,1.95,1.088
3,female,0,1.648,different,different,1,0,0,model,[0 1 0],0.0,3,0.367,0.1,0.15,0.881
3,female,0,1.298,same,same,1,0,0,model,[0 1 0],0.0,0,0.367,0.1,0.15,0.681
3,female,150,3.288,same,same,1,0,0,model,[0 1 0],0.0,0,0.367,0.251,1.65,1.02
3,female,100,2.732,same,same,1,0,0,model,[0 1 0],0.0,0,0.367,0.172,1.35,0.843
3,female,150,2.524,same,same,1,0,0,model,[0 1 0],0.0,0,0.367,0.246,0.9,1.011
3,female,100,2.503,same,same,1,0,0,model,[0 1 0],0.0,0,0.367,0.24,0.9,0.996
3,female,50,1.948,same,same,1,0,0,model,[0 1 0],0.0,0,0.367,0.161,0.6,0.819
3,female,100,2.339,same,same,1,0,0,model,[0 1 0],0.0,0,0.367,0.189,0.9,0.882
3,female,150,2.447,same,same,1,0,0,model,[0 1 0],0.0,0,0.367,0.269,0.75,1.061
3,female,0,1.648,different,different,1,0,0,model,[0 1 0],0.0,3,0.367,0.1,0.15,0.881
3,female,0,1.648,different,different,1,0,0,model,[0 1 0],0.0,3,0.367,0.1,0.15,0.881
3,female,50,1.956,same,same,1,0,0,model,[0 1 0],0.0,0,0.367,0.164,0.6,0.825
3,female,50,2.805,different,different,1,0,0,model,[0 1 0],0.0,3,0.367,0.146,1.05,1.092
3,female,100,2.338,same,same,1,0,0,model,[0 1 0],0.0,0,0.367,0.189,0.9,0.882
3,female,50,1.963,same,same,1,0,0,model,[0 1 0],0.0,0,0.367,0.166,0.6,0.83
3,female,50,2.469,different,different,1,0,0,model,[0 1 0],0.0,3,0.367,0.14,0.75,1.062
3,female,0,1.648,different,different,1,0,0,model,[0 1 0],0.0,3,0.367,0.1,0.15,0.881
3,female,0,1.648,different,different,1,0,0,model,[0 1 0],0.0,3,0.367,0.1,0.15,0.881
3,female,150,3.6,different,different,1,0,0,model,[0 1 0],0.0,3,0.367,0.206,1.65,1.227
3,female,50,2.864,different,different,1,0,0,model,[0 1 0],0.0,3,0.367,0.157,1.05,1.14
3,female,0,1.648,different,different,1,0,0,model,[0 1 0],0.0,3,0.367,0.1,0.15,0.881
3,female,50,3.896,different,different,1,0,0,model,[0 1 0],0.0,3,0.367,0.154,2.1,1.126
3,female,100,3.557,different,different,1,0,0,model,[0 1 0],0.0,3,0.367,0.187,1.65,1.202
3,female,50,3.246,different,different,1,0,0,model,[0 1 0],0.0,3,0.367,0.144,1.5,1.084
3,female,100,2.38,same,same,1,0,0,model,[0 1 0],0.0,0,0.367,0.202,0.9,0.911
3,female,150,4.697,different,different,1,0,0,model,[0 1 0],0.0,3,0.367,0.252,2.55,1.378
3,female,50,2.264,same,same,1,0,0,model,[0 1 0],0.0,0,0.367,0.166,0.9,0.831
3,female,150,2.216,same,same,1,0,0,model,[0 1 0],0.0,0,0.367,0.198,0.75,0.901
3,female,150,2.665,same,same,1,0,0,model,[0 1 0],0.0,0,0.367,0.244,1.05,1.004
3,female,50,2.825,different,different,1,0,0,model,[0 1 0],0.0,3,0.367,0.15,1.05,1.108
3,female,50,1.777,same,same,1,0,0,model,[0 1 0],0.0,0,0.367,0.155,0.45,0.805
3,female,150,5.227,different,different,1,0,0,model,[0 1 0],0.0,3,0.367,0.212,3.45,1.049
3,female,0,1.298,same,same,1,0,0,model,[0 1 0],0.0,0,0.367,0.1,0.15,0.681
3,female,150,3.805,different,different,1,0,0,model,[0 1 0],0.0,3,0.367,0.289,1.5,1.498
3,female,0,1.298,same,same,1,0,0,model,[0 1 0],0.0,0,0.367,0.1,0.15,0.681
3,female,50,2.858,same,different,0,1,0,model,[0 1 0],0.0,3,0.367,0.156,1.05,1.136
3,female,50,1.762,same,same,1,0,0,model,[0 1 0],0.0,0,0.367,0.15,0.45,0.795
3,female,100,2.316,same,same,1,0,0,model,[0 1 0],0.0,0,0.367,0.229,0.75,0.97
3,female,100,2.463,same,same,1,0,0,model,[0 1 0],0.0,0,0.367,0.228,0.9,0.969
3,female,0,1.648,different,different,1,0,0,model,[0 1 0],0.0,3,0.367,0.1,0.15,0.881
3,female,100,2.375,same,same,1,0,0,model,[0 1 0],0.0,0,0.367,0.154,1.05,0.804
3,female,150,3.898,different,different,1,0,0,model,[0 1 0],0.0,3,0.367,0.22,2.1,1.061
3,female,0,1.648,different,different,1,0,0,model,[0 1 0],0.0,3,0.367,0.1,0.15,0.881
3,female,50,1.698,same,same,1,0,0,model,[0 1 0],0.0,0,0.367,0.131,0.45,0.75
3,female,50,1.946,same,same,1,0,0,model,[0 1 0],0.0,0,0.367,0.161,0.6,0.818
3,female,50,1.894,same,same,1,0,0,model,[0 1 0],0.0,0,0.367,0.145,0.6,0.782
3,female,150,4.319,different,different,1,0,0,model,[0 1 0],0.0,3,0.367,0.269,2.1,1.433
3,female,0,1.298,same,same,1,0,0,model,[0 1 0],0.0,0,0.367,0.1,0.15,0.681
3,female,150,4.535,same,different,0,1,0,model,[0 1 0],0.0,3,0.367,0.32,2.1,1.598
3,female,150,2.6,same,same,1,0,0,model,[0 1 0],0.0,0,0.367,0.27,0.9,1.063
3,female,0,1.648,different,different,1,0,0,model,[0 1 0],0.0,3,0.367,0.1,0.15,0.881
3,female,0,1.298,same,same,1,0,0,model,[0 1 0],0.0,0,0.367,0.1,0.15,0.681
3,female,50,1.804,same,same,1,0,0,model,[0 1 0],0.0,0,0.367,0.163,0.45,0.824
3,female,0,1.648,different,different,1,0,0,model,[0 1 0],0.0,3,0.367,0.1,0.15,0.881
3,female,50,2.977,different,different,1,0,0,model,[0 1 0],0.0,3,0.367,0.15,1.2,1.11
3,female,150,2.877,same,same,1,0,0,model,[0 1 0],0.0,0,0.367,0.309,1.05,1.151
3,female,100,2.327,same,same,1,0,0,model,[0 1 0],0.0,0,0.367,0.232,0.75,0.978
3,female,50,1.949,same,same,1,0,0,model,[0 1 0],0.0,0,0.367,0.162,0.6,0.82
3,female,100,3.351,different,different,1,0,0,model,[0 1 0],0.0,3,0.367,0.24,1.2,1.394
3,female,50,1.771,same,same,1,0,0,model,[0 1 0],0.0,0,0.367,0.153,0.45,0.801
3,female,100,2.33,same,same,1,0,0,model,[0 1 0],0.0,0,0.367,0.187,0.9,0.876
3,female,50,2.715,different,different,1,0,0,model,[0 1 0],0.0,3,0.367,0.167,1.05,0.981
3,female,100,4.745,different,different,1,0,0,model,[0 1 0],0.0,3,0.367,0.199,3.0,1.029
3,female,100,3.288,same,same,1,0,0,model,[0 1 0],0.0,0,0.367,0.204,1.8,0.916
3,female,0,1.648,different,different,1,0,0,model,[0 1 0],0.0,3,0.367,0.1,0.15,0.881
3,female,0,1.298,same,same,1,0,0,model,[0 1 0],0.0,0,0.367,0.1,0.15,0.681
3,female,100,2.249,same,same,1,0,0,model,[0 1 0],0.0,0,0.367,0.208,0.75,0.924
3,female,50,1.726,same,same,1,0,0,model,[0 1 0],0.0,0,0.367,0.139,0.45,0.77
3,female,50,1.735,same,same,1,0,0,model,[0 1 0],0.0,0,0.367,0.142,0.45,0.776
3,female,150,2.69,same,same,1,0,0,model,[0 1 0],0.0,0,0.367,0.251,1.05,1.022
3,female,50,1.914,same,same,1,0,0,model,[0 1 0],0.0,0,0.367,0.151,0.6,0.796
3,female,150,2.532,same,same,1,0,0,model,[0 1 0],0.0,0,0.367,0.249,0.9,1.016
3,female,150,5.613,different,different,1,0,0,model,[0 1 0],0.0,3,0.367,0.291,3.3,1.505
3,female,50,1.744,same,same,1,0,0,model,[0 1 0],0.0,0,0.367,0.145,0.45,0.782
3,female,100,2.377,same,same,1,0,0,model,[0 1 0],0.0,0,0.367,0.201,0.9,0.909
3,female,100,3.782,different,different,1,0,0,model,[0 1 0],0.0,3,0.367,0.204,1.8,1.262
3,female,100,2.02,same,same,1,0,0,model,[0 1 0],0.0,0,0.367,0.184,0.6,0.869
3,female,0,1.298,same,same,1,0,0,model,[0 1 0],0.0,0,0.367,0.1,0.15,0.681
3,female,50,1.705,same,same,1,0,0,model,[0 1 0],0.0,0,0.367,0.133,0.45,0.755
3,female,150,2.958,same,same,1,0,0,model,[0 1 0],0.0,0,0.367,0.242,1.35,1.0
3,female,0,1.648,different,different,1,0,0,model,[0 1 0],0.0,3,0.367,0.1,0.15,0.881
3,female,150,2.522,same,same,1,0,0,model,[0 1 0],0.0,0,0.367,0.246,0.9,1.009
3,female,0,1.648,different,different,1,0,0,model,[0 1 0],0.0,3,0.367,0.1,0.15,0.881
3,female,100,2.184,same,same,1,0,0,model,[0 1 0],0.0,0,0.367,0.188,0.75,0.879
3,female,100,2.235,same,same,1,0,0,model,[0 1 0],0.0,0,0.367,0.204,0.75,0.914
4,female,100,2.85,same,same,1,0,0,model,[0 1 0],0.0,0,0.602,0.177,1.214,0.857
4,female,50,5.208,different,different,1,0,0,model,[0 1 0],0.0,3,0.602,0.128,3.314,1.013
4,female,100,3.255,different,different,1,0,0,model,[0 1 0],0.0,3,0.602,0.189,1.514,0.801
4,female,100,3.527,same,same,1,0,0,model,[0 1 0],0.0,0,0.602,0.2,1.814,0.91
4,female,50,3.729,same,same,1,0,0,model,[0 1 0],0.0,1,0.602,0.145,2.114,0.818
4,female,150,4.158,different,different,1,0,0,model,[0 1 0],0.0,3,0.602,0.243,1.814,1.349
4,female,150,2.994,same,same,1,0,0,model,[0 1 0],0.0,0,0.602,0.267,1.064,1.06
4,female,50,2.807,different,different,1,0,0,model,[0 1 0],0.0,3,0.602,0.155,0.764,1.135
4,female,0,1.901,different,different,1,0,0,model,[0 1 0],0.0,3,0.602,0.1,0.164,0.884
4,female,0,1.551,same,same,1,0,0,model,[0 1 0],0.0,0,0.602,0.1,0.164,0.684
4,female,150,2.715,same,same,1,0,0,model,[0 1 0],0.0,0,0.602,0.228,0.914,0.972
4,female,50,2.078,same,same,1,0,0,model,[0 1 0],0.0,0,0.602,0.17,0.464,0.842
4,female,150,4.436,different,different,1,0,0,model,[0 1 0],0.0,3,0.602,0.238,2.114,1.333
4,female,150,4.841,different,same,0,0,1,model,[0 1 0],0.0,3,0.602,0.227,2.564,1.298
4,female,100,2.777,same,same,1,0,0,model,[0 1 0],0.0,0,0.602,0.2,1.064,0.91
4,female,150,4.032,different,different,1,0,0,model,[0 1 0],0.0,3,0.602,0.284,1.514,1.483
4,female,150,3.625,different,same,0,0,1,model,[0 1 0],0.0,3,0.602,0.228,1.814,0.831
4,female,100,2.404,same,same,1,0,0,model,[0 1 0],0.0,0,0.602,0.224,0.614,0.964
4,female,150,5.827,different,different,1,0,0,model,[0 1 0],0.0,3,0.602,0.212,3.614,1.249
4,female,50,2.085,same,same,1,0,0,model,[0 1 0],0.0,0,0.602,0.172,0.464,0.846
4,female,100,3.829,different,different,1,0,0,model,[0 1 0],0.0,3,0.602,0.224,1.514,1.339
4,female,150,2.616,same,same,1,0,0,model,[0 1 0],0.0,0,0.602,0.197,0.914,0.903
4,female,100,2.377,same,same,1,0,0,model,[0 1 0],0.0,0,0.602,0.17,0.764,0.841
4,female,150,2.774,same,same,1,0,0,model,[0 1 0],0.0,0,0.602,0.246,0.914,1.012
4,female,100,3.307,different,different,1,0,0,model,[0 1 0],0.0,3,0.602,0.243,1.214,1.098
4,female,100,3.435,different,different,1,0,0,model,[0 1 0],0.0,3,0.602,0.174,1.514,0.995
4,female,0,1.901,different,different,1,0,0,model,[0 1 0],0.0,3,0.602,0.1,0.164,0.884
4,female,50,2.762,different,different,1,0,0,model,[0 1 0],0.0,3,0.602,0.147,0.764,1.099
4,female,100,2.471,same,same,1,0,0,model,[0 1 0],0.0,0,0.602,0.199,0.764,0.906
4,female,0,1.901,different,different,1,0,0,model,[0 1 0],0.0,3,0.602,0.1,0.164,0.884
4,female,0,1.551,same,same,1,0,0,model,[0 1 0],0.0,0,0.602,0.1,0.164,0.684
4,female,0,1.551,same,same,1,0,0,model,[0 1 0],0.0,0,0.602,0.1,0.164,0.684
4,female,50,3.562,different,different,1,0,0,model,[0 1 0],0.0,3,0.602,0.156,1.514,1.14
4,female,0,1.901,different,different,1,0,0,model,[0 1 0],0.0,3,0.602,0.1,0.164,0.884
4,female,0,1.551,same,same,1,0,0,model,[0 1 0],0.0,0,0.602,0.1,0.164,0.684
4,female,0,1.551,same,same,1,0,0,model,[0 1 0],0.0,0,0.602,0.1,0.164,0.684
4,female,100,3.072,different,different,1,0,0,model,[0 1 0],0.0,3,0.602,0.158,1.064,1.098
4,female,50,2.048,same,same,1,0,0,model,[0 1 0],0.0,0,0.602,0.161,0.464,0.821
4,female,50,3.35,different,different,1,0,0,model,[0 1 0],0.0,3,0.602,0.172,1.214,1.212
4,female,100,4.261,different,different,1,0,0,model,[0 1 0],0.0,3,0.602,0.204,2.264,1.041
4,female,150,4.838,different,different,1,0,0,model,[0 1 0],0.0,3,0.602,0.226,2.564,1.296
4,female,150,3.155,same,same,1,0,0,model,[0 1 0],0.0,0,0.602,0.317,1.064,1.172
4,female,0,1.551,same,same,1,0,0,model,[0 1 0],0.0,0,0.602,0.1,0.164,0.684
4,female,100,4.364,different,different,1,0,0,model,[0 1 0],0.0,3,0.602,0.178,2.264,1.17
4,female,0,1.901,different,different,1,0,0,model,[0 1 0],0.0,3,0.602,0.1,0.164,0.884
4,female,0,1.901,same,different,0,1,0,model,[0 1 0],0.0,3,0.602,0.1,0.164,0.884
4,female,150,3.436,same,same,1,0,0,model,[0 1 0],0.0,0,0.602,0.219,1.664,0.951
4,female,50,3.053,different,different,1,0,0,model,[0 1 0],0.0,3,0.602,0.141,1.214,0.946
4,female,100,4.553,same,different,0,1,0,model,[0 1 0],0.0,3,0.602,0.218,2.264,1.319
4,female,0,1.551,same,same,1,0,0,model,[0 1 0],0.0,0,0.602,0.1,0.164,0.684
4,female,100,4.977,different,different,1,0,0,model,[0 1 0],0.0,3,0.602,0.231,3.014,0.98
4,female,100,2.372,same,same,1,0,0,model,[0 1 0],0.0,0,0.602,0.168,0.764,0.838
4,female,100,2.504,same,same,1,0,0,model,[0 1 0],0.0,0,0.602,0.209,0.764,0.929
4,female,50,2.915,same,different,0,1,0,model,[0 1 0],0.0,3,0.602,0.148,0.914,1.102
4,female,50,2.194,same,same,1,0,0,model,[0 1 0],0.0,0,0.602,0.159,0.614,0.818
4,female,150,4.982,different,different,1,0,0,model,[0 1 0],0.0,3,0.602,0.26,2.564,1.406
4,female,150,4.641,different,different,1,0,0,model,[0 1 0],0.0,3,0.602,0.25,2.264,1.375
4,female,150,4.403,different,different,1,0,0,model,[0 1 0],0.0,3,0.602,0.23,2.114,1.307
4,female,100,2.577,same,same,1,0,0,model,[0 1 0],0.0,0,0.602,0.231,0.764,0.98
4,female,50,3.021,different,different,1,0,0,model,[0 1 0],0.0,3,0.602,0.139,1.064,1.065
4,female,100,2.463,same,same,1,0,0,model,[0 1 0],0.0,0,0.602,0.196,0.764,0.901
4,female,0,1.551,same,same,1,0,0,model,[0 1 0],0.0,0,0.602,0.1,0.164,0.684
4,female,50,2.042,same,same,1,0,0,model,[0 1 0],0.0,0,0.602,0.159,0.464,0.817
4,female,100,2.298,same,same,1,0,0,model,[0 1 0],0.0,0,0.602,0.192,0.614,0.89
4,female,150,2.845,same,same,1,0,0,model,[0 1 0],0.0,0,0.602,0.267,0.914,1.061
4,female,100,2.187,same,same,1,0,0,model,[0 1 0],0.0,0,0.602,0.157,0.614,0.813
4,female,0,1.901,different,different,1,0,0,model,[0 1 0],0.0,3,0.602,0.1,0.164,0.884
4,female,50,2.779,different,different,1,0,0,model,[0 1 0],0.0,3,0.602,0.15,0.764,1.113
4,female,50,2.17,same,same,1,0,0,model,[0 1 0],0.0,0,0.602,0.152,0.614,0.802
4,female,50,2.09,same,same,1,0,0,model,[0 1 0],0.0,0,0.602,0.174,0.464,0.85
4,female,150,3.144,same,same,1,0,0,model,[0 1 0],0.0,0,0.602,0.267,1.214,1.061
4,female,150,2.666,same,same,1,0,0,model,[0 1 0],0.0,0,0.602,0.213,0.914,0.938
4,female,150,2.926,same,same,1,0,0,model,[0 1 0],0.0,0,0.602,0.292,0.914,1.117
4,female,50,2.948,different,different,1,0,0,model,[0 1 0],0.0,3,0.602,0.159,1.064,0.973
4,female,150,2.68,same,same,1,0,0,model,[0 1 0],0.0,0,0.602,0.217,0.914,0.947
4,female,0,1.901,different,different,1,0,0,model,[0 1 0],0.0,3,0.602,0.1,0.164,0.884
4,female,0,1.551,same,same,1,0,0,model,[0 1 0],0.0,0,0.602,0.1,0.164,0.684
4,female,150,4.244,different,different,1,0,0,model,[0 1 0],0.0,3,0.602,0.263,1.814,1.415
4,female,50,3.032,different,different,1,0,0,model,[0 1 0],0.0,3,0.602,0.141,1.064,1.074
4,female,0,1.901,different,different,1,0,0,model,[0 1 0],0.0,3,0.602,0.1,0.164,0.884
4,female,50,2.898,different,different,1,0,0,model,[0 1 0],0.0,3,0.602,0.144,0.914,1.087
4,female,150,4.325,different,different,1,0,0,model,[0 1 0],0.0,3,0.602,0.211,2.114,1.248
4,female,100,4.808,different,different,1,0,0,model,[0 1 0],0.0,3,0.602,0.176,2.714,1.165
4,female,150,2.98,same,same,1,0,0,model,[0 1 0],0.0,0,0.602,0.309,0.914,1.155
4,female,150,7.691,different,different,1,0,0,model,[0 1 0],0.0,3,0.602,0.192,5.564,1.183
4,female,150,2.703,same,same,1,0,0,model,[0 1 0],0.0,0,0.602,0.224,0.914,0.963
4,female,150,4.272,different,different,1,0,0,model,[0 1 0],0.0,3,0.602,0.269,1.814,1.437
4,female,150,3.495,different,different,1,0,0,model,[0 1 0],0.0,3,0.602,0.198,1.514,1.031
4,female,50,1.993,same,same,1,0,0,model,[0 1 0],0.0,0,0.602,0.144,0.464,0.783
4,female,150,10.068,different,different,1,0,0,model,[0 1 0],0.0,3,0.602,0.292,7.514,1.51
4,female,0,1.901,different,different,1,0,0,model,[0 1 0],0.0,3,0.602,0.1,0.164,0.884
4,female,0,1.901,different,different,1,0,0,model,[0 1 0],0.0,3,0.602,0.1,0.164,0.884
4,female,150,6.291,different,different,1,0,0,model,[0 1 0],0.0,3,0.602,0.18,4.214,1.145
4,female,150,3.551,different,different,1,0,0,model,[0 1 0],0.0,3,0.602,0.206,1.364,1.229
4,female,50,2.783,different,different,1,0,0,model,[0 1 0],0.0,3,0.602,0.151,0.764,1.116
4,female,100,2.377,same,same,1,0,0,model,[0 1 0],0.0,0,0.602,0.216,0.614,0.945
5,male,100,2.721,same,same,1,0,0,model,[0 1 0],0.0,0,0.396,0.21,1.238,0.876
5,male,150,5.386,different,different,1,0,0,model,[0 1 0],0.0,3,0.396,0.27,3.188,1.381
5,male,0,1.663,different,different,1,0,0,model,[0 1 0],0.0,3,0.396,0.1,0.188,0.828
5,male,150,2.935,same,same,1,0,0,model,[0 1 0],0.0,0,0.396,0.276,1.238,1.024
5,male,150,3.583,different,different,1,0,0,model,[0 1 0],0.0,3,0.396,0.208,1.838,0.99
5,male,100,2.405,same,same,1,0,0,model,[0 1 0],0.0,0,0.396,0.205,0.938,0.865
5,male,50,1.925,same,same,1,0,0,model,[0 1 0],0.0,0,0.396,0.15,0.638,0.74
5,male,0,1.313,same,same,1,0,0,model,[0 1 0],0.0,0,0.396,0.1,0.188,0.628
5,male,0,1.663,different,different,1,0,0,model,[0 1 0],0.0,3,0.396,0.1,0.188,0.828
5,male,100,3.473,different,different,1,0,0,model,[0 1 0],0.0,3,0.396,0.199,1.538,1.19
5,male,150,3.013,same,same,1,0,0,model,[0 1 0],0.0,0,0.396,0.254,1.388,0.974
5,male,100,3.175,different,different,1,0,0,model,[0 1 0],0.0,3,0.396,0.199,1.238,1.191
5,male,0,1.663,different,different,1,0,0,model,[0 1 0],0.0,3,0.396,0.1,0.188,0.828
5,male,50,2.107,same,same,1,0,0,model,[0 1 0],0.0,0,0.396,0.16,0.788,0.762
5,male,100,3.437,different,different,1,0,0,model,[0 1 0],0.0,3,0.396,0.191,1.538,1.161
5,male,150,5.316,different,different,1,0,0,model,[0 1 0],0.0,3,0.396,0.289,3.038,1.442
5,male,150,3.847,different,different,1,0,0,model,[0 1 0],0.0,3,0.396,0.194,2.138,0.968
5,male,150,2.611,same,same,1,0,0,model,[0 1 0],0.0,0,0.396,0.223,1.088,0.904
5,male,50,1.882,same,same,1,0,0,model,[0 1 0],0.0,0,0.396,0.137,0.638,0.71
5,male,0,1.313,same,same,1,0,0,model,[0 1 0],0.0,0,0.396,0.1,0.188,0.628
5,male,150,7.896,different,different,1,0,0,model,[0 1 0],0.0,3,0.396,0.225,5.888,1.236
5,male,50,3.241,different,different,1,0,0,model,[0 1 0],0.0,3,0.396,0.141,1.538,1.015
5,male,50,3.037,different,different,1,0,0,model,[0 1 0],0.0,3,0.396,0.158,1.238,1.094
5,male,50,1.992,same,same,1,0,0,model,[0 1 0],0.0,0,0.396,0.171,0.638,0.786
5,male,50,2.989,different,different,1,0,0,model,[0 1 0],0.0,3,0.396,0.151,1.388,0.904
5,male,150,3.389,same,same,1,0,0,model,[0 1 0],0.0,0,0.396,0.277,1.688,1.027
5,male,100,4.039,different,different,1,0,0,model,[0 1 0],0.0,3,0.396,0.191,2.138,1.163
5,male,150,4.503,different,different,1,0,0,model,[0 1 0],0.0,3,0.396,0.239,2.438,1.28
5,male,50,2.839,different,different,1,0,0,model,[0 1 0],0.0,3,0.396,0.15,1.088,1.055
5,male,100,2.615,same,same,1,0,0,model,[0 1 0],0.0,0,0.396,0.178,1.238,0.802
5,male,100,2.227,same,same,1,0,0,model,[0 1 0],0.0,0,0.396,0.197,0.788,0.846
5,male,100,2.595,same,same,1,0,0,model,[0 1 0],0.0,0,0.396,0.171,1.238,0.788
5,male,100,2.456,same,same,1,0,0,model,[0 1 0],0.0,0,0.396,0.221,0.938,0.9
5,male,50,5.176,different,different,1,0,0,model,[0 1 0],0.0,3,0.396,0.138,3.488,1.003
5,male,0,1.313,same,same,1,0,0,model,[0 1 0],0.0,0,0.396,0.1,0.188,0.628
5,male,150,4.319,different,different,1,0,0,model,[0 1 0],0.0,3,0.396,0.266,2.138,1.368
5,male,0,1.663,different,different,1,0,0,model,[0 1 0],0.0,3,0.396,0.1,0.188,0.828
5,male,50,4.444,different,different,1,0,0,model,[0 1 0],0.0,3,0.396,0.141,2.738,1.017
5,male,0,1.313,same,same,1,0,0,model,[0 1 0],0.0,0,0.396,0.1,0.188,0.628
5,male,100,3.252,same,different,0,1,0,model,[0 1 0],0.0,3,0.396,0.216,1.538,0.951
5,male,0,1.313,same,same,1,0,0,model,[0 1 0],0.0,0,0.396,0.1,0.188,0.628
5,male,0,1.313,same,same,1,0,0,model,[0 1 0],0.0,0,0.396,0.1,0.188,0.628
5,male,100,3.975,different,different,1,0,0,model,[0 1 0],0.0,3,0.396,0.185,2.288,0.955
5,male,50,2.625,different,different,1,0,0,model,[0 1 0],0.0,3,0.396,0.165,0.788,1.125
5,male,100,5.041,different,different,1,0,0,model,[0 1 0],0.0,3,0.396,0.181,3.188,1.125
5,male,150,2.939,same,same,1,0,0,model,[0 1 0],0.0,0,0.396,0.277,1.238,1.027
5,male,50,3.011,different,different,1,0,0,model,[0 1 0],0.0,3,0.396,0.154,1.238,1.072
5,male,100,2.336,same,same,1,0,0,model,[0 1 0],0.0,0,0.396,0.184,0.938,0.817
5,male,50,4.418,different,different,1,0,0,model,[0 1 0],0.0,3,0.396,0.164,2.588,1.119
5,male,150,2.457,same,same,1,0,0,model,[0 1 0],0.0,0,0.396,0.221,0.938,0.901
5,male,0,1.663,different,different,1,0,0,model,[0 1 0],0.0,3,0.396,0.1,0.188,0.828
5,male,0,1.313,same,same,1,0,0,model,[0 1 0],0.0,0,0.396,0.1,0.188,0.628
5,male,100,2.241,same,same,1,0,0,model,[0 1 0],0.0,0,0.396,0.155,0.938,0.751
5,male,100,2.292,same,same,1,0,0,model,[0 1 0],0.0,0,0.396,0.217,0.788,0.891
5,male,150,2.635,same,same,1,0,0,model,[0 1 0],0.0,0,0.396,0.23,1.088,0.92
5,male,0,1.313,same,same,1,0,0,model,[0 1 0],0.0,0,0.396,0.1,0.188,0.628
5,male,50,2.242,same,same,1,0,0,model,[0 1 0],0.0,0,0.396,0.155,0.938,0.752
5,male,50,1.963,same,same,1,0,0,model,[0 1 0],0.0,0,0.396,0.162,0.638,0.766
5,male,50,2.556,different,different,1,0,0,model,[0 1 0],0.0,3,0.396,0.153,0.788,1.068
5,male,150,4.167,different,different,1,0,0,model,[0 1 0],0.0,3,0.396,0.265,1.988,1.367
5,male,150,2.776,same,same,1,0,0,model,[0 1 0],0.0,0,0.396,0.273,1.088,1.018
5,male,50,2.238,same,same,1,0,0,model,[0 1 0],0.0,0,0.396,0.154,0.938,0.749
5,male,50,2.816,different,different,1,0,0,model,[0 1 0],0.0,3,0.396,0.145,1.088,1.036
5,male,150,4.064,different,different,1,0,0,model,[0 1 0],0.0,3,0.396,0.277,1.838,1.403
5,male,0,1.313,same,same,1,0,0,model,[0 1 0],0.0,0,0.396,0.1,0.188,0.628
5,male,0,1.663,different,different,1,0,0,model,[0 1 0],0.0,3,0.396,0.1,0.188,0.828
5,male,100,2.887,same,same,1,0,0,model,[0 1 0],0.0,0,0.396,0.215,1.388,0.887
5,male,150,2.348,same,same,1,0,0,model,[0 1 0],0.0,0,0.396,0.188,0.938,0.825
5,male,100,3.136,same,same,1,0,0,model,[0 1 0],0.0,0,0.396,0.199,1.688,0.851
5,male,100,3.241,different,different,1,0,0,model,[0 1 0],0.0,3,0.396,0.213,1.238,1.243
5,male,100,4.626,same,different,0,1,0,model,[0 1 0],0.0,3,0.396,0.22,2.588,1.27
5,male,100,5.061,different,different,1,0,0,model,[0 1 0],0.0,3,0.396,0.217,3.038,1.259
5,male,150,5.753,different,different,1,0,0,model,[0 1 0],0.0,3,0.396,0.296,3.788,1.122
5,male,150,3.401,different,different,1,0,0,model,[0 1 0],0.0,3,0.396,0.255,1.538,1.061
5,male,100,2.364,same,same,1,0,0,model,[0 1 0],0.0,0,0.396,0.239,0.788,0.94
5,male,50,1.786,same,same,1,0,0,model,[0 1 0],0.0,0,0.396,0.153,0.488,0.748
5,male,0,1.313,same,same,1,0,0,model,[0 1 0],0.0,0,0.396,0.1,0.188,0.628
5,male,0,1.313,same,same,1,0,0,model,[0 1 0],0.0,0,0.396,0.1,0.188,0.628
5,male,0,1.663,same,different,0,1,0,model,[0 1 0],0.0,3,0.396,0.1,0.188,0.828
5,male,0,1.313,same,same,1,0,0,model,[0 1 0],0.0,0,0.396,0.1,0.188,0.628
5,male,150,2.997,same,same,1,0,0,model,[0 1 0],0.0,0,0.396,0.249,1.388,0.963
5,male,150,2.862,same,same,1,0,0,model,[0 1 0],0.0,0,0.396,0.254,1.238,0.974
5,male,50,2.687,different,different,1,0,0,model,[0 1 0],0.0,3,0.396,0.149,0.938,1.053
5,male,0,1.313,same,same,1,0,0,model,[0 1 0],0.0,0,0.396,0.1,0.188,0.628
5,male,100,4.086,different,different,1,0,0,model,[0 1 0],0.0,3,0.396,0.233,1.988,1.317
5,male,0,1.313,same,same,1,0,0,model,[0 1 0],0.0,0,0.396,0.1,0.188,0.628
5,male,0,1.313,same,same,1,0,0,model,[0 1 0],0.0,0,0.396,0.1,0.188,0.628
5,male,150,2.476,same,same,1,0,0,model,[0 1 0],0.0,0,0.396,0.227,0.938,0.914
5,male,50,3.299,same,different,0,1,0,model,[0 1 0],0.0,3,0.396,0.151,1.538,1.062
5,male,50,2.803,different,different,1,0,0,model,[0 1 0],0.0,3,0.396,0.143,1.088,1.025
5,male,100,3.241,different,different,1,0,0,model,[0 1 0],0.0,3,0.396,0.191,1.538,0.965
5,male,0,1.313,same,same,1,0,0,model,[0 1 0],0.0,0,0.396,0.1,0.188,0.628
5,male,150,6.151,different,different,1,0,0,model,[0 1 0],0.0,3,0.396,0.238,4.088,1.278
5,male,150,3.587,same,same,1,0,0,model,[0 1 0],0.0,0,0.396,0.292,1.838,1.06
5,male,0,1.663,different,different,1,0,0,model,[0 1 0],0.0,3,0.396,0.1,0.188,0.828
5,male,50,3.724,different,different,1,0,0,model,[0 1 0],0.0,3,0.396,0.144,2.138,0.894
6,female,150,2.656,same,same,1,0,0,model,[0 1 0],0.0,0,0.444,0.297,0.918,0.997
6,female,50,3.657,different,different,1,0,0,model,[0 1 0],0.0,3,0.444,0.143,1.968,0.952
6,female,100,2.319,same,same,1,0,0,model,[0 1 0],0.0,0,0.444,0.24,0.768,0.868
6,female,150,7.374,different,different,1,0,0,model,[0 1 0],0.0,3,0.444,0.255,5.268,1.258
6,female,50,4.093,different,different,1,0,0,model,[0 1 0],0.0,3,0.444,0.144,2.718,0.636
6,female,50,2.685,different,different,1,0,0,model,[0 1 0],0.0,3,0.444,0.157,0.918,1.016
6,female,50,2.575,different,different,1,0,0,model,[0 1 0],0.0,3,0.444,0.165,0.768,1.048
6,female,100,2.395,same,same,1,0,0,model,[0 1 0],0.0,0,0.444,0.171,1.068,0.712
6,female,50,2.799,different,different,1,0,0,model,[0 1 0],0.0,3,0.444,0.151,1.068,0.986
6,female,50,1.682,same,same,1,0,0,model,[0 1 0],0.0,0,0.444,0.136,0.468,0.634
6,female,150,2.516,same,same,1,0,0,model,[0 1 0],0.0,0,0.444,0.254,0.918,0.9
6,female,100,3.95,different,different,1,0,0,model,[0 1 0],0.0,3,0.444,0.182,2.118,1.056
6,female,50,2.848,different,different,1,0,0,model,[0 1 0],0.0,3,0.444,0.133,1.218,0.904
6,female,0,1.265,same,same,1,0,0,model,[0 1 0],0.0,0,0.444,0.1,0.168,0.553
6,female,0,1.265,same,same,1,0,0,model,[0 1 0],0.0,0,0.444,0.1,0.168,0.553
6,female,150,4.082,different,different,1,0,0,model,[0 1 0],0.0,3,0.444,0.292,1.818,1.378
6,female,50,1.93,same,same,1,0,0,model,[0 1 0],0.0,0,0.444,0.166,0.618,0.702
6,female,0,1.265,same,same,1,0,0,model,[0 1 0],0.0,0,0.444,0.1,0.168,0.553
6,female,0,1.615,different,different,1,0,0,model,[0 1 0],0.0,3,0.444,0.1,0.168,0.753
6,female,0,1.265,same,same,1,0,0,model,[0 1 0],0.0,0,0.444,0.1,0.168,0.553
6,female,100,2.217,same,same,1,0,0,model,[0 1 0],0.0,0,0.444,0.208,0.768,0.797
6,female,100,2.229,same,same,1,0,0,model,[0 1 0],0.0,0,0.444,0.166,0.918,0.701
6,female,150,2.572,same,same,1,0,0,model,[0 1 0],0.0,0,0.444,0.271,0.918,0.938
6,female,150,3.728,different,different,1,0,0,model,[0 1 0],0.0,3,0.444,0.279,1.518,1.337
6,female,0,1.615,different,different,1,0,0,model,[0 1 0],0.0,3,0.444,0.1,0.168,0.753
6,female,150,3.804,different,different,1,0,0,model,[0 1 0],0.0,3,0.444,0.179,2.268,0.763
6,female,50,2.375,different,different,1,0,0,model,[0 1 0],0.0,3,0.444,0.129,0.768,0.884
6,female,0,1.615,different,different,1,0,0,model,[0 1 0],0.0,3,0.444,0.1,0.168,0.753
6,female,0,1.265,same,same,1,0,0,model,[0 1 0],0.0,0,0.444,0.1,0.168,0.553
6,female,50,2.981,same,different,0,1,0,model,[0 1 0],0.0,3,0.444,0.157,1.218,1.012
6,female,100,3.474,same,same,1,0,0,model,[0 1 0],0.0,1,0.444,0.239,1.518,1.223
6,female,0,1.265,same,same,1,0,0,model,[0 1 0],0.0,0,0.444,0.1,0.168,0.553
6,female,150,4.141,different,different,1,0,0,model,[0 1 0],0.0,3,0.444,0.235,2.118,1.194
6,female,150,3.727,different,different,1,0,0,model,[0 1 0],0.0,3,0.444,0.208,1.818,1.107
6,female,150,3.315,same,same,1,0,0,model,[0 1 0],0.0,0,0.444,0.315,1.518,1.038
6,female,100,3.205,same,same,1,0,0,model,[0 1 0],0.0,1,0.444,0.182,1.518,1.011
6,female,0,1.265,same,same,1,0,0,model,[0 1 0],0.0,0,0.444,0.1,0.168,0.553
6,female,50,2.626,different,different,1,0,0,model,[0 1 0],0.0,3,0.444,0.174,0.768,1.09
6,female,50,2.661,different,different,1,0,0,model,[0 1 0],0.0,3,0.444,0.153,0.918,0.996
6,female,150,2.744,same,same,1,0,0,model,[0 1 0],0.0,0,0.444,0.278,1.068,0.954
6,female,50,1.709,same,same,1,0,0,model,[0 1 0],0.0,0,0.444,0.144,0.468,0.653
6,female,50,1.876,same,same,1,0,0,model,[0 1 0],0.0,0,0.444,0.15,0.618,0.665
6,female,150,3.166,same,same,1,0,0,model,[0 1 0],0.0,0,0.444,0.316,1.368,1.038
6,female,100,2.435,same,same,1,0,0,model,[0 1 0],0.0,0,0.444,0.183,1.068,0.74
6,female,0,1.615,different,different,1,0,0,model,[0 1 0],0.0,3,0.444,0.1,0.168,0.753
6,female,0,1.265,same,same,1,0,0,model,[0 1 0],0.0,0,0.444,0.1,0.168,0.553
6,female,0,1.615,different,different,1,0,0,model,[0 1 0],0.0,3,0.444,0.1,0.168,0.753
6,female,0,1.615,different,different,1,0,0,model,[0 1 0],0.0,3,0.444,0.1,0.168,0.753
6,female,100,2.466,same,same,1,0,0,model,[0 1 0],0.0,0,0.444,0.192,1.068,0.761
6,female,100,2.155,same,same,1,0,0,model,[0 1 0],0.0,0,0.444,0.189,0.768,0.754
6,female,150,2.536,same,same,1,0,0,model,[0 1 0],0.0,0,0.444,0.214,1.068,0.81
6,female,50,2.604,same,different,0,1,0,model,[0 1 0],0.0,3,0.444,0.143,0.918,0.949
6,female,0,1.615,different,different,1,0,0,model,[0 1 0],0.0,3,0.444,0.1,0.168,0.753
6,female,0,1.265,same,same,1,0,0,model,[0 1 0],0.0,0,0.444,0.1,0.168,0.553
6,female,150,7.467,same,same,1,0,0,model,[0 1 0],0.0,1,0.444,0.269,5.418,1.287
6,female,100,2.227,same,same,1,0,0,model,[0 1 0],0.0,0,0.444,0.211,0.768,0.803
6,female,100,6.237,different,different,1,0,0,model,[0 1 0],0.0,3,0.444,0.222,4.218,1.203
6,female,0,1.265,same,same,1,0,0,model,[0 1 0],0.0,0,0.444,0.1,0.168,0.553
6,female,50,2.649,different,different,1,0,0,model,[0 1 0],0.0,3,0.444,0.151,0.918,0.986
6,female,150,3.541,same,different,0,1,0,model,[0 1 0],0.0,3,0.444,0.27,1.368,1.308
6,female,100,2.242,same,same,1,0,0,model,[0 1 0],0.0,0,0.444,0.17,0.918,0.71
6,female,50,1.91,same,same,1,0,0,model,[0 1 0],0.0,0,0.444,0.16,0.618,0.688
6,female,50,1.698,same,same,1,0,0,model,[0 1 0],0.0,0,0.444,0.141,0.468,0.645
6,female,0,1.615,different,different,1,0,0,model,[0 1 0],0.0,3,0.444,0.1,0.168,0.753
6,female,0,1.615,different,different,1,0,0,model,[0 1 0],0.0,3,0.444,0.1,0.168,0.753
6,female,150,5.369,different,different,1,0,0,model,[0 1 0],0.0,3,0.444,0.242,3.318,1.215
6,female,150,2.679,same,same,1,0,0,model,[0 1 0],0.0,0,0.444,0.212,1.218,0.805
6,female,0,1.265,same,same,1,0,0,model,[0 1 0],0.0,0,0.444,0.1,0.168,0.553
6,female,50,2.903,different,different,1,0,0,model,[0 1 0],0.0,3,0.444,0.169,1.068,1.071
6,female,150,3.015,same,same,1,0,0,model,[0 1 0],0.0,0,0.444,0.269,1.368,0.934
6,female,0,1.265,same,same,1,0,0,model,[0 1 0],0.0,0,0.444,0.1,0.168,0.553
6,female,100,1.961,same,same,1,0,0,model,[0 1 0],0.0,0,0.444,0.176,0.618,0.723
6,female,50,2.602,different,different,1,0,0,model,[0 1 0],0.0,3,0.444,0.149,1.218,0.64
6,female,50,1.995,same,same,1,0,0,model,[0 1 0],0.0,0,0.444,0.14,0.768,0.643
6,female,50,1.827,same,same,1,0,0,model,[0 1 0],0.0,0,0.444,0.135,0.618,0.631
6,female,100,4.75,different,different,1,0,0,model,[0 1 0],0.0,3,0.444,0.225,2.718,1.213
6,female,0,1.265,same,same,1,0,0,model,[0 1 0],0.0,0,0.444,0.1,0.168,0.553
6,female,50,2.904,different,different,1,0,0,model,[0 1 0],0.0,3,0.444,0.143,1.218,0.949
6,female,150,2.841,same,same,1,0,0,model,[0 1 0],0.0,0,0.444,0.216,1.368,0.814
6,female,0,1.615,different,different,1,0,0,model,[0 1 0],0.0,3,0.444,0.1,0.168,0.753
6,female,100,2.544,same,same,1,0,0,model,[0 1 0],0.0,0,0.444,0.217,1.068,0.816
6,female,150,3.97,different,different,1,0,0,model,[0 1 0],0.0,3,0.444,0.195,2.118,1.063
6,female,50,1.831,same,same,1,0,0,model,[0 1 0],0.0,0,0.444,0.136,0.618,0.634
6,female,100,3.959,different,different,1,0,0,model,[0 1 0],0.0,3,0.444,0.248,1.818,1.298
6,female,50,1.691,same,same,1,0,0,model,[0 1 0],0.0,0,0.444,0.139,0.468,0.64
6,female,150,3.221,same,same,1,0,0,model,[0 1 0],0.0,0,0.444,0.24,1.668,0.869
6,female,50,1.874,same,same,1,0,0,model,[0 1 0],0.0,0,0.444,0.149,0.618,0.663
6,female,150,4.786,different,different,1,0,0,model,[0 1 0],0.0,3,0.444,0.312,3.018,0.862
6,female,100,2.96,different,different,1,0,0,model,[0 1 0],0.0,3,0.444,0.195,1.068,1.103
6,female,50,1.745,same,same,1,0,0,model,[0 1 0],0.0,0,0.444,0.155,0.468,0.678
6,female,0,1.265,same,same,1,0,0,model,[0 1 0],0.0,0,0.444,0.1,0.168,0.553
6,female,150,8.086,different,different,1,0,0,model,[0 1 0],0.0,3,0.444,0.281,5.868,1.343
6,female,100,2.448,same,same,1,0,0,model,[0 1 0],0.0,0,0.444,0.187,1.068,0.749
6,female,0,1.265,same,same,1,0,0,model,[0 1 0],0.0,0,0.444,0.1,0.168,0.553
6,female,0,1.265,same,same,1,0,0,model,[0 1 0],0.0,0,0.444,0.1,0.168,0.553
6,female,0,1.615,different,different,1,0,0,model,[0 1 0],0.0,3,0.444,0.1,0.168,0.753
7,male,150,2.663,same,same,1,0,0,model,[0 1 0],0.0,0,0.527,0.227,1.031,0.878
7,male,100,2.279,same,same,1,0,0,model,[0 1 0],0.0,0,0.527,0.201,0.731,0.82
7,male,100,2.648,same,same,1,0,0,model,[0 1 0],0.0,0,0.527,0.222,1.031,0.868
7,male,150,2.417,different,different,1,0,0,model,[0 1 0],0.0,1,0.527,0.246,0.881,0.713
7,male,50,1.94,same,same,1,0,0,model,[0 1 0],0.0,0,0.527,0.143,0.581,0.689
7,male,150,2.513,different,different,1,0,0,model,[0 1 0],0.0,1,0.527,0.285,0.881,0.77
7,male,0,1.351,same,same,1,0,0,model,[0 1 0],0.0,0,0.527,0.1,0.131,0.593
7,male,50,2.023,different,different,1,0,0,model,[0 1 0],0.0,1,0.527,0.148,0.731,0.566
7,male,150,2.864,same,same,1,0,0,model,[0 1 0],0.0,0,0.527,0.243,1.181,0.914
7,male,50,1.859,same,different,0,1,0,model,[0 1 0],0.0,1,0.527,0.143,0.581,0.558
7,male,0,1.351,same,same,1,0,0,model,[0 1 0],0.0,0,0.527,0.1,0.131,0.593
7,male,100,2.179,different,different,1,0,0,model,[0 1 0],0.0,1,0.527,0.211,0.731,0.66
7,male,100,2.085,same,different,0,1,0,model,[0 1 0],0.0,1,0.527,0.173,0.731,0.603
7,male,100,2.327,same,same,1,0,0,model,[0 1 0],0.0,0,0.527,0.216,0.731,0.853
7,male,50,2.043,different,different,1,0,0,model,[0 1 0],0.0,1,0.527,0.157,0.731,0.578
7,male,0,1.301,different,different,1,0,0,model,[0 1 0],0.0,1,0.527,0.1,0.131,0.493
7,male,0,1.351,same,same,1,0,0,model,[0 1 0],0.0,0,0.527,0.1,0.131,0.593
7,male,0,1.301,different,different,1,0,0,model,[0 1 0],0.0,1,0.527,0.1,0.131,0.493
7,male,50,1.913,same,same,1,0,0,model,[0 1 0],0.0,0,0.527,0.134,0.581,0.671
7,male,150,2.305,different,different,1,0,0,model,[0 1 0],0.0,1,0.527,0.261,0.731,0.735
7,male,50,1.831,same,same,1,0,0,model,[0 1 0],0.0,0,0.527,0.155,0.431,0.717
7,male,50,1.968,same,same,1,0,0,model,[0 1 0],0.0,0,0.527,0.151,0.581,0.708
7,male,0,1.351,same,same,1,0,0,model,[0 1 0],0.0,0,0.527,0.1,0.131,0.593
7,male,150,2.528,same,same,1,0,0,model,[0 1 0],0.0,0,0.527,0.231,0.881,0.888
7,male,150,2.607,same,same,1,0,0,model,[0 1 0],0.0,0,0.527,0.21,1.031,0.84
7,male,100,2.365,same,same,1,0,0,model,[0 1 0],0.0,0,0.527,0.227,0.731,0.88
7,male,0,1.351,same,same,1,0,0,model,[0 1 0],0.0,0,0.527,0.1,0.131,0.593
7,male,150,2.873,same,same,1,0,0,model,[0 1 0],0.0,0,0.527,0.245,1.181,0.92
7,male,50,1.776,same,same,1,0,0,model,[0 1 0],0.0,0,0.527,0.138,0.431,0.679
7,male,100,2.241,different,different,1,0,0,model,[0 1 0],0.0,1,0.527,0.176,0.881,0.607
7,male,0,1.301,different,different,1,0,0,model,[0 1 0],0.0,1,0.527,0.1,0.131,0.493
7,male,100,2.442,same,different,0,1,0,model,[0 1 0],0.0,1,0.527,0.196,1.031,0.637
7,male,0,1.351,same,same,1,0,0,model,[0 1 0],0.0,0,0.527,0.1,0.131,0.593
7,male,0,1.301,same,different,0,1,0,model,[0 1 0],0.0,1,0.527,0.1,0.131,0.493
7,male,0,1.301,different,different,1,0,0,model,[0 1 0],0.0,1,0.527,0.1,0.131,0.493
7,male,150,2.436,different,different,1,0,0,model,[0 1 0],0.0,1,0.527,0.254,0.881,0.724
7,male,50,1.887,different,different,1,0,0,model,[0 1 0],0.0,1,0.527,0.154,0.581,0.575
7,male,100,2.259,different,different,1,0,0,model,[0 1 0],0.0,1,0.527,0.183,0.881,0.618
7,male,50,1.789,same,same,1,0,0,model,[0 1 0],0.0,0,0.527,0.142,0.431,0.688
7,male,150,3.587,same,same,1,0,0,model,[0 1 0],0.0,0,0.527,0.234,1.931,0.895
7,male,50,1.752,different,different,1,0,0,model,[0 1 0],0.0,1,0.527,0.16,0.431,0.583
7,male,150,3.056,same,same,1,0,0,model,[0 1 0],0.0,0,0.527,0.255,1.331,0.942
7,male,100,2.792,same,same,1,0,0,model,[0 1 0],0.0,0,0.527,0.22,1.181,0.864
7,male,150,3.194,same,same,1,0,0,model,[0 1 0],0.0,0,0.527,0.298,1.331,1.038
7,male,50,1.932,same,same,1,0,0,model,[0 1 0],0.0,0,0.527,0.14,0.581,0.684
7,male,50,1.785,same,same,1,0,0,model,[0 1 0],0.0,0,0.527,0.141,0.431,0.686
7,male,0,1.301,different,different,1,0,0,model,[0 1 0],0.0,1,0.527,0.1,0.131,0.493
7,male,50,1.901,different,different,1,0,0,model,[0 1 0],0.0,1,0.527,0.16,0.581,0.583
7,male,0,1.301,different,different,1,0,0,model,[0 1 0],0.0,1,0.527,0.1,0.131,0.493
7,male,0,1.301,different,different,1,0,0,model,[0 1 0],0.0,1,0.527,0.1,0.131,0.493
7,male,50,1.75,different,different,1,0,0,model,[0 1 0],0.0,1,0.527,0.159,0.431,0.582
7,male,50,2.108,same,same,1,0,0,model,[0 1 0],0.0,0,0.527,0.148,0.731,0.702
7,male,0,1.351,same,same,1,0,0,model,[0 1 0],0.0,0,0.527,0.1,0.131,0.593
7,male,100,2.168,same,same,1,0,0,model,[0 1 0],0.0,0,0.527,0.213,0.581,0.847
7,male,50,1.668,different,different,1,0,0,model,[0 1 0],0.0,1,0.527,0.127,0.431,0.533
7,male,100,2.264,same,same,1,0,0,model,[0 1 0],0.0,0,0.527,0.15,0.881,0.706
7,male,100,2.391,same,different,0,1,0,model,[0 1 0],0.0,1,0.527,0.176,1.031,0.607
7,male,50,1.851,same,different,0,1,0,model,[0 1 0],0.0,1,0.527,0.14,0.581,0.553
7,male,50,2.069,different,different,1,0,0,model,[0 1 0],0.0,1,0.527,0.167,0.731,0.594
7,male,100,2.155,different,different,1,0,0,model,[0 1 0],0.0,1,0.527,0.202,0.731,0.646
7,male,100,2.381,different,different,1,0,0,model,[0 1 0],0.0,1,0.527,0.232,0.881,0.691
7,male,100,3.13,same,same,1,0,0,model,[0 1 0],0.0,0,0.527,0.186,1.631,0.786
7,male,150,2.339,different,different,1,0,0,model,[0 1 0],0.0,1,0.527,0.215,0.881,0.666
7,male,0,1.301,different,different,1,0,0,model,[0 1 0],0.0,1,0.527,0.1,0.131,0.493
7,male,150,3.526,same,same,1,0,0,model,[0 1 0],0.0,0,0.527,0.308,1.631,1.061
7,male,50,1.958,same,same,1,0,0,model,[0 1 0],0.0,0,0.527,0.148,0.581,0.702
7,male,100,2.991,same,different,0,1,0,model,[0 1 0],0.0,1,0.527,0.176,1.631,0.607
7,male,100,1.891,different,different,1,0,0,model,[0 1 0],0.0,1,0.527,0.156,0.581,0.577
7,male,150,3.049,different,different,1,0,0,model,[0 1 0],0.0,1,0.527,0.259,1.481,0.732
7,male,50,1.816,same,same,1,0,0,model,[0 1 0],0.0,0,0.527,0.151,0.431,0.707
7,male,150,2.881,same,different,0,1,0,model,[0 1 0],0.0,1,0.527,0.252,1.331,0.721
7,male,150,2.137,different,different,1,0,0,model,[0 1 0],0.0,1,0.527,0.194,0.731,0.634
7,male,0,1.301,different,different,1,0,0,model,[0 1 0],0.0,1,0.527,0.1,0.131,0.493
7,male,0,1.351,same,same,1,0,0,model,[0 1 0],0.0,0,0.527,0.1,0.131,0.593
7,male,50,1.778,different,different,1,0,0,model,[0 1 0],0.0,1,0.527,0.171,0.431,0.599
7,male,50,1.723,same,different,0,1,0,model,[0 1 0],0.0,1,0.527,0.149,0.431,0.566
7,male,0,1.301,different,different,1,0,0,model,[0 1 0],0.0,1,0.527,0.1,0.131,0.493
7,male,100,2.038,same,same,1,0,0,model,[0 1 0],0.0,0,0.527,0.173,0.581,0.757
7,male,150,2.566,different,different,1,0,0,model,[0 1 0],0.0,1,0.527,0.246,1.031,0.712
7,male,50,1.854,different,different,1,0,0,model,[0 1 0],0.0,1,0.527,0.141,0.581,0.555
7,male,50,1.78,same,same,1,0,0,model,[0 1 0],0.0,0,0.527,0.14,0.431,0.683
7,male,50,1.863,same,different,0,1,0,model,[0 1 0],0.0,1,0.527,0.145,0.581,0.56
7,male,50,1.937,same,same,1,0,0,model,[0 1 0],0.0,0,0.527,0.142,0.581,0.687
7,male,100,2.255,same,different,0,1,0,model,[0 1 0],0.0,1,0.527,0.182,0.881,0.615
7,male,100,2.539,same,same,1,0,0,model,[0 1 0],0.0,0,0.527,0.235,0.881,0.896
7,male,100,2.064,same,same,1,0,0,model,[0 1 0],0.0,0,0.527,0.181,0.581,0.775
7,male,100,2.822,different,different,1,0,0,model,[0 1 0],0.0,1,0.527,0.168,1.481,0.596
7,male,100,1.943,different,different,1,0,0,model,[0 1 0],0.0,1,0.527,0.177,0.581,0.608
7,male,50,1.897,same,different,0,1,0,model,[0 1 0],0.0,1,0.527,0.158,0.581,0.581
7,male,0,1.301,different,different,1,0,0,model,[0 1 0],0.0,1,0.527,0.1,0.131,0.493
7,male,150,2.798,same,same,1,0,0,model,[0 1 0],0.0,0,0.527,0.222,1.181,0.868
7,male,150,2.554,same,same,1,0,0,model,[0 1 0],0.0,0,0.527,0.239,0.881,0.906
7,male,100,2.033,different,different,1,0,0,model,[0 1 0],0.0,1,0.527,0.153,0.731,0.572
7,male,50,1.82,same,same,1,0,0,model,[0 1 0],0.0,0,0.527,0.152,0.431,0.71
7,male,50,1.896,same,same,1,0,0,model,[0 1 0],0.0,0,0.527,0.129,0.581,0.659
7,male,0,1.351,same,same,1,0,0,model,[0 1 0],0.0,0,0.527,0.1,0.131,0.593
8,male,50,2.764,different,different,1,0,0,model,[0 1 0],0.0,3,0.392,0.173,0.862,1.188
8,male,50,1.841,same,same,1,0,0,model,[0 1 0],0.0,0,0.392,0.141,0.562,0.746
8,male,100,2.546,same,same,1,0,0,model,[0 1 0],0.0,0,0.392,0.22,1.012,0.923
8,male,150,2.769,same,same,1,0,0,model,[0 1 0],0.0,0,0.392,0.242,1.162,0.973
8,male,0,1.606,different,different,1,0,0,model,[0 1 0],0.0,3,0.392,0.1,0.112,0.853
8,male,50,2.598,different,different,1,0,0,model,[0 1 0],0.0,3,0.392,0.143,0.862,1.052
8,male,150,2.722,same,same,1,0,0,model,[0 1 0],0.0,0,0.392,0.274,1.012,1.044
8,male,100,2.411,same,same,1,0,0,model,[0 1 0],0.0,0,0.392,0.224,0.862,0.933
8,male,0,1.606,different,different,1,0,0,model,[0 1 0],0.0,3,0.392,0.1,0.112,0.853
8,male,100,3.865,different,different,1,0,0,model,[0 1 0],0.0,3,0.392,0.166,2.062,1.096
8,male,150,5.839,same,different,0,1,0,model,[0 1 0],0.0,3,0.392,0.248,3.712,1.337
8,male,0,1.606,different,different,1,0,0,model,[0 1 0],0.0,3,0.392,0.1,0.112,0.853
8,male,150,5.475,different,different,1,0,0,model,[0 1 0],0.0,3,0.392,0.269,3.262,1.403
8,male,50,1.697,same,same,1,0,0,model,[0 1 0],0.0,0,0.392,0.143,0.412,0.751
8,male,50,3.092,different,different,1,0,0,model,[0 1 0],0.0,3,0.392,0.151,1.312,1.087
8,male,150,3.631,same,same,1,0,0,model,[0 1 0],0.0,0,0.392,0.231,2.062,0.947
8,male,50,2.767,different,different,1,0,0,model,[0 1 0],0.0,3,0.392,0.144,1.162,0.919
8,male,50,3.049,different,different,1,0,0,model,[0 1 0],0.0,3,0.392,0.144,1.312,1.052
8,male,0,1.606,different,different,1,0,0,model,[0 1 0],0.0,3,0.392,0.1,0.112,0.853
8,male,100,2.169,same,same,1,0,0,model,[0 1 0],0.0,0,0.392,0.196,0.712,0.87
8,male,100,4.582,different,different,1,0,0,model,[0 1 0],0.0,3,0.392,0.191,2.662,1.188
8,male,100,3.816,different,different,1,0,0,model,[0 1 0],0.0,3,0.392,0.22,1.762,1.293
8,male,50,2.766,different,different,1,0,0,model,[0 1 0],0.0,3,0.392,0.147,1.012,1.066
8,male,100,2.408,same,same,1,0,0,model,[0 1 0],0.0,0,0.392,0.224,0.862,0.931
8,male,50,3.969,different,different,1,0,0,model,[0 1 0],0.0,3,0.392,0.145,2.362,0.921
8,male,150,2.579,same,same,1,0,0,model,[0 1 0],0.0,0,0.392,0.23,1.012,0.946
8,male,150,2.693,same,same,1,0,0,model,[0 1 0],0.0,0,0.392,0.219,1.162,0.921
8,male,0,1.606,different,different,1,0,0,model,[0 1 0],0.0,3,0.392,0.1,0.112,0.853
8,male,50,1.886,same,same,1,0,0,model,[0 1 0],0.0,0,0.392,0.155,0.562,0.778
8,male,0,1.606,different,different,1,0,0,model,[0 1 0],0.0,3,0.392,0.1,0.112,0.853
8,male,50,1.926,same,same,1,0,0,model,[0 1 0],0.0,0,0.392,0.168,0.562,0.805
8,male,150,2.473,same,same,1,0,0,model,[0 1 0],0.0,0,0.392,0.244,0.862,0.976
8,male,50,1.672,same,same,1,0,0,model,[0 1 0],0.0,0,0.392,0.136,0.412,0.733
8,male,0,1.606,different,different,1,0,0,model,[0 1 0],0.0,3,0.392,0.1,0.112,0.853
8,male,50,1.717,same,same,1,0,0,model,[0 1 0],0.0,0,0.392,0.149,0.412,0.764
8,male,50,1.825,same,same,1,0,0,model,[0 1 0],0.0,0,0.392,0.136,0.562,0.735
8,male,100,3.51,different,different,1,0,0,model,[0 1 0],0.0,3,0.392,0.218,1.462,1.288
8,male,100,2.101,same,same,1,0,0,model,[0 1 0],0.0,0,0.392,0.175,0.712,0.823
8,male,100,1.971,same,same,1,0,0,model,[0 1 0],0.0,0,0.392,0.181,0.562,0.836
8,male,50,1.868,same,same,1,0,0,model,[0 1 0],0.0,0,0.392,0.15,0.562,0.765
8,male,0,1.606,different,different,1,0,0,model,[0 1 0],0.0,3,0.392,0.1,0.112,0.853
8,male,0,1.256,same,same,1,0,0,model,[0 1 0],0.0,0,0.392,0.1,0.112,0.653
8,male,150,3.652,different,different,1,0,0,model,[0 1 0],0.0,3,0.392,0.258,1.762,1.09
8,male,100,2.02,same,same,1,0,0,model,[0 1 0],0.0,0,0.392,0.197,0.562,0.87
8,male,150,4.961,different,different,1,0,0,model,[0 1 0],0.0,3,0.392,0.254,2.812,1.354
8,male,100,2.351,same,same,1,0,0,model,[0 1 0],0.0,0,0.392,0.206,0.862,0.892
8,male,150,2.416,same,same,1,0,0,model,[0 1 0],0.0,0,0.392,0.272,0.712,1.04
8,male,0,1.606,different,different,1,0,0,model,[0 1 0],0.0,3,0.392,0.1,0.112,0.853
8,male,0,1.256,same,same,1,0,0,model,[0 1 0],0.0,0,0.392,0.1,0.112,0.653
8,male,0,1.256,same,same,1,0,0,model,[0 1 0],0.0,0,0.392,0.1,0.112,0.653
8,male,100,2.822,different,different,1,0,0,model,[0 1 0],0.0,3,0.392,0.166,1.162,0.952
8,male,100,2.059,same,same,1,0,0,model,[0 1 0],0.0,0,0.392,0.209,0.562,0.897
8,male,50,3.252,different,different,1,0,0,model,[0 1 0],0.0,3,0.392,0.158,1.612,0.941
8,male,150,2.492,same,same,1,0,0,model,[0 1 0],0.0,0,0.392,0.296,0.712,1.093
8,male,0,1.256,same,same,1,0,0,model,[0 1 0],0.0,0,0.392,0.1,0.112,0.653
8,male,50,2.685,different,different,1,0,0,model,[0 1 0],0.0,3,0.392,0.159,0.862,1.123
8,male,50,2.402,different,different,1,0,0,model,[0 1 0],0.0,3,0.392,0.135,0.712,1.014
8,male,100,3.168,different,different,1,0,0,model,[0 1 0],0.0,3,0.392,0.242,1.012,1.373
8,male,50,1.695,same,same,1,0,0,model,[0 1 0],0.0,0,0.392,0.143,0.412,0.749
8,male,50,2.769,different,different,1,0,0,model,[0 1 0],0.0,3,0.392,0.147,1.012,1.069
8,male,150,2.134,same,same,1,0,0,model,[0 1 0],0.0,0,0.392,0.185,0.712,0.845
8,male,100,2.042,same,same,1,0,0,model,[0 1 0],0.0,0,0.392,0.203,0.562,0.885
8,male,0,1.606,different,different,1,0,0,model,[0 1 0],0.0,3,0.392,0.1,0.112,0.853
8,male,50,2.022,same,same,1,0,0,model,[0 1 0],0.0,0,0.392,0.151,0.712,0.767
8,male,0,1.256,same,same,1,0,0,model,[0 1 0],0.0,0,0.392,0.1,0.112,0.653
8,male,0,1.256,same,same,1,0,0,model,[0 1 0],0.0,0,0.392,0.1,0.112,0.653
8,male,50,2.85,different,different,1,0,0,model,[0 1 0],0.0,3,0.392,0.135,1.162,1.012
8,male,100,2.964,different,different,1,0,0,model,[0 1 0],0.0,3,0.392,0.198,1.012,1.213
8,male,0,1.256,same,same,1,0,0,model,[0 1 0],0.0,0,0.392,0.1,0.112,0.653
8,male,0,1.256,same,same,1,0,0,model,[0 1 0],0.0,0,0.392,0.1,0.112,0.653
8,male,100,3.311,different,different,1,0,0,model,[0 1 0],0.0,3,0.392,0.24,1.162,1.367
8,male,0,1.606,different,different,1,0,0,model,[0 1 0],0.0,3,0.392,0.1,0.112,0.853
8,male,50,2.448,different,different,1,0,0,model,[0 1 0],0.0,3,0.392,0.137,0.862,0.908
8,male,150,2.576,same,same,1,0,0,model,[0 1 0],0.0,0,0.392,0.275,0.862,1.048
8,male,0,1.606,different,different,1,0,0,model,[0 1 0],0.0,3,0.392,0.1,0.112,0.853
8,male,100,3.322,different,different,1,0,0,model,[0 1 0],0.0,3,0.392,0.242,1.162,1.376
8,male,100,3.958,different,different,1,0,0,model,[0 1 0],0.0,3,0.392,0.218,1.912,1.287
8,male,100,2.449,same,same,1,0,0,model,[0 1 0],0.0,0,0.392,0.236,0.862,0.96
8,male,50,2.757,different,different,1,0,0,model,[0 1 0],0.0,3,0.392,0.145,1.012,1.059
8,male,100,3.02,different,different,1,0,0,model,[0 1 0],0.0,3,0.392,0.178,1.162,1.139
8,male,0,1.256,same,same,1,0,0,model,[0 1 0],0.0,0,0.392,0.1,0.112,0.653
8,male,150,2.85,same,same,1,0,0,model,[0 1 0],0.0,0,0.392,0.267,1.162,1.029
8,male,50,2.68,different,different,1,0,0,model,[0 1 0],0.0,3,0.392,0.131,1.012,0.995
8,male,150,2.499,same,same,1,0,0,model,[0 1 0],0.0,0,0.392,0.205,1.012,0.89
8,male,0,1.606,different,different,1,0,0,model,[0 1 0],0.0,3,0.392,0.1,0.112,0.853
8,male,150,4.096,different,different,1,0,0,model,[0 1 0],0.0,3,0.392,0.227,2.062,1.266
8,male,50,1.747,same,same,1,0,0,model,[0 1 0],0.0,0,0.392,0.159,0.412,0.785
8,male,100,2.075,same,same,1,0,0,model,[0 1 0],0.0,0,0.392,0.214,0.562,0.909
8,male,50,1.708,same,same,1,0,0,model,[0 1 0],0.0,0,0.392,0.147,0.412,0.758
8,male,50,1.701,same,same,1,0,0,model,[0 1 0],0.0,0,0.392,0.145,0.412,0.753
8,male,150,2.651,same,same,1,0,0,model,[0 1 0],0.0,0,0.392,0.298,0.862,1.099
8,male,100,3.479,different,different,1,0,0,model,[0 1 0],0.0,3,0.392,0.212,1.462,1.264
8,male,100,5.436,different,different,1,0,0,model,[0 1 0],0.0,3,0.392,0.213,3.412,1.27
8,male,150,2.79,same,same,1,0,0,model,[0 1 0],0.0,0,0.392,0.295,1.012,1.092
8,male,50,2.647,same,different,0,1,0,model,[0 1 0],0.0,3,0.392,0.152,0.862,1.091
8,male,150,3.709,different,different,1,0,0,model,[0 1 0],0.0,3,0.392,0.281,1.762,1.124
9,female,50,2.6,same,different,0,1,0,model,[0 1 0],0.0,2,0.565,0.156,0.89,0.89
9,female,0,1.465,same,same,1,0,0,model,[0 1 0],0.0,0,0.565,0.1,0.14,0.661
9,female,150,2.561,same,same,1,0,0,model,[0 1 0],0.0,0,0.565,0.253,0.74,1.004
9,female,50,2.547,same,same,1,0,0,model,[0 1 0],0.0,0,0.565,0.156,1.04,0.787
9,female,50,2.797,same,different,0,1,0,model,[0 1 0],0.0,2,0.565,0.153,1.19,0.79
9,female,0,1.465,same,same,1,0,0,model,[0 1 0],0.0,0,0.565,0.1,0.14,0.661
9,female,0,1.465,same,same,1,0,0,model,[0 1 0],0.0,0,0.565,0.1,0.14,0.661
9,female,100,2.713,same,same,1,0,0,model,[0 1 0],0.0,0,0.565,0.207,1.04,0.901
9,female,150,4.008,different,different,1,0,0,model,[0 1 0],0.0,2,0.565,0.216,2.09,1.037
9,female,150,2.715,same,same,1,0,0,model,[0 1 0],0.0,0,0.565,0.254,0.89,1.007
9,female,100,2.365,same,same,1,0,0,model,[0 1 0],0.0,0,0.565,0.192,0.74,0.868
9,female,0,1.615,different,different,1,0,0,model,[0 1 0],0.0,2,0.565,0.1,0.14,0.711
9,female,100,2.31,same,same,1,0,0,model,[0 1 0],0.0,0,0.565,0.175,0.74,0.83
9,female,50,2.732,different,different,1,0,0,model,[0 1 0],0.0,2,0.565,0.151,1.04,0.876
9,female,100,2.319,same,same,1,0,0,model,[0 1 0],0.0,0,0.565,0.178,0.74,0.837
9,female,50,2.191,same,same,1,0,0,model,[0 1 0],0.0,0,0.565,0.139,0.74,0.748
9,female,150,3.444,same,different,0,1,0,model,[0 1 0],0.0,2,0.565,0.231,1.64,0.908
9,female,0,1.465,same,same,1,0,0,model,[0 1 0],0.0,0,0.565,0.1,0.14,0.661
9,female,0,1.615,different,different,1,0,0,model,[0 1 0],0.0,2,0.565,0.1,0.14,0.711
9,female,150,5.454,same,different,0,1,0,model,[0 1 0],0.0,2,0.565,0.281,3.29,1.219
9,female,100,2.391,same,same,1,0,0,model,[0 1 0],0.0,0,0.565,0.2,0.74,0.886
9,female,100,3.383,same,same,1,0,0,model,[0 1 0],0.0,0,0.565,0.182,1.79,0.846
9,female,100,3.451,same,different,0,1,0,model,[0 1 0],0.0,2,0.565,0.184,1.64,0.962
9,female,100,2.291,same,same,1,0,0,model,[0 1 0],0.0,0,0.565,0.216,0.59,0.921
9,female,50,1.911,same,same,1,0,0,model,[0 1 0],0.0,0,0.565,0.145,0.44,0.762
9,female,100,3.045,same,same,1,0,0,model,[0 1 0],0.0,0,0.565,0.217,1.34,0.924
9,female,150,7.325,different,different,1,0,0,model,[0 1 0],0.0,2,0.565,0.181,5.54,0.939
9,female,0,1.465,same,same,1,0,0,model,[0 1 0],0.0,0,0.565,0.1,0.14,0.661
9,female,50,2.872,different,different,1,0,0,model,[0 1 0],0.0,2,0.565,0.149,1.19,0.868
9,female,100,3.054,same,same,1,0,0,model,[0 1 0],0.0,0,0.565,0.22,1.34,0.93
9,female,0,1.465,same,same,1,0,0,model,[0 1 0],0.0,0,0.565,0.1,0.14,0.661
9,female,100,2.343,same,same,1,0,0,model,[0 1 0],0.0,0,0.565,0.232,0.59,0.957
9,female,0,1.465,same,same,1,0,0,model,[0 1 0],0.0,0,0.565,0.1,0.14,0.661
9,female,50,2.89,same,different,0,1,0,model,[0 1 0],0.0,2,0.565,0.153,1.19,0.883
9,female,50,2.682,different,different,1,0,0,model,[0 1 0],0.0,2,0.565,0.14,1.04,0.838
9,female,50,2.058,same,same,1,0,0,model,[0 1 0],0.0,0,0.565,0.144,0.59,0.759
9,female,0,1.465,same,same,1,0,0,model,[0 1 0],0.0,0,0.565,0.1,0.14,0.661
9,female,100,3.158,different,different,1,0,0,model,[0 1 0],0.0,2,0.565,0.223,1.19,1.08
9,female,100,2.3,same,same,1,0,0,model,[0 1 0],0.0,0,0.565,0.172,0.74,0.823
9,female,50,3.565,different,different,1,0,0,model,[0 1 0],0.0,2,0.565,0.16,1.94,0.801
9,female,100,2.514,same,same,1,0,0,model,[0 1 0],0.0,0,0.565,0.192,0.89,0.868
9,female,50,2.829,different,different,1,0,0,model,[0 1 0],0.0,2,0.565,0.174,1.04,0.95
9,female,0,1.615,different,different,1,0,0,model,[0 1 0],0.0,2,0.565,0.1,0.14,0.711
9,female,0,1.465,same,same,1,0,0,model,[0 1 0],0.0,0,0.565,0.1,0.14,0.661
9,female,150,2.877,same,same,1,0,0,model,[0 1 0],0.0,0,0.565,0.304,0.89,1.119
9,female,50,2.765,same,different,0,1,0,model,[0 1 0],0.0,2,0.565,0.159,1.04,0.902
9,female,150,2.671,same,same,1,0,0,model,[0 1 0],0.0,0,0.565,0.24,0.89,0.977
9,female,50,2.063,same,same,1,0,0,model,[0 1 0],0.0,0,0.565,0.146,0.59,0.763
9,female,50,4.241,different,different,1,0,0,model,[0 1 0],0.0,2,0.565,0.154,2.54,0.883
9,female,150,2.693,same,same,1,0,0,model,[0 1 0],0.0,0,0.565,0.201,1.04,0.888
9,female,50,3.413,different,different,1,0,0,model,[0 1 0],0.0,2,0.565,0.159,1.79,0.8
9,female,100,2.338,same,same,1,0,0,model,[0 1 0],0.0,0,0.565,0.184,0.74,0.85
9,female,100,4.344,different,different,1,0,0,model,[0 1 0],0.0,2,0.565,0.172,2.69,0.818
9,female,100,2.166,same,same,1,0,0,model,[0 1 0],0.0,0,0.565,0.177,0.59,0.835
9,female,100,3.354,same,different,0,1,0,model,[0 1 0],0.0,2,0.565,0.197,1.49,1.002
9,female,150,2.684,same,same,1,0,0,model,[0 1 0],0.0,0,0.565,0.244,0.89,0.985
9,female,50,1.926,same,same,1,0,0,model,[0 1 0],0.0,0,0.565,0.149,0.44,0.772
9,female,0,1.615,different,different,1,0,0,model,[0 1 0],0.0,2,0.565,0.1,0.14,0.711
9,female,0,1.465,same,same,1,0,0,model,[0 1 0],0.0,0,0.565,0.1,0.14,0.661
9,female,150,3.867,different,different,1,0,0,model,[0 1 0],0.0,2,0.565,0.258,1.79,1.155
9,female,50,2.607,different,different,1,0,0,model,[0 1 0],0.0,2,0.565,0.157,0.89,0.895
9,female,100,2.283,same,same,1,0,0,model,[0 1 0],0.0,0,0.565,0.213,0.59,0.915
9,female,0,1.615,different,different,1,0,0,model,[0 1 0],0.0,2,0.565,0.1,0.14,0.711
9,female,50,2.639,same,different,0,1,0,model,[0 1 0],0.0,2,0.565,0.129,1.04,0.805
9,female,150,3.3,different,different,1,0,0,model,[0 1 0],0.0,2,0.565,0.234,1.49,0.912
9,female,0,1.615,different,different,1,0,0,model,[0 1 0],0.0,2,0.565,0.1,0.14,0.711
9,female,0,1.615,different,different,1,0,0,model,[0 1 0],0.0,2,0.565,0.1,0.14,0.711
9,female,50,3.539,different,different,1,0,0,model,[0 1 0],0.0,2,0.565,0.165,1.79,0.92
9,female,0,1.465,same,same,1,0,0,model,[0 1 0],0.0,0,0.565,0.1,0.14,0.661
9,female,50,1.901,same,same,1,0,0,model,[0 1 0],0.0,0,0.565,0.142,0.44,0.755
9,female,150,3.041,same,same,1,0,0,model,[0 1 0],0.0,0,0.565,0.262,1.19,1.024
9,female,0,1.465,same,same,1,0,0,model,[0 1 0],0.0,0,0.565,0.1,0.14,0.661
9,female,0,1.615,different,different,1,0,0,model,[0 1 0],0.0,2,0.565,0.1,0.14,0.711
9,female,0,1.465,same,same,1,0,0,model,[0 1 0],0.0,0,0.565,0.1,0.14,0.661
9,female,100,4.093,different,different,1,0,0,model,[0 1 0],0.0,2,0.565,0.195,2.24,0.994
9,female,100,2.177,same,same,1,0,0,model,[0 1 0],0.0,0,0.565,0.181,0.59,0.842
9,female,100,2.748,same,same,1,0,0,model,[0 1 0],0.0,0,0.565,0.218,1.04,0.926
9,female,100,3.367,different,different,1,0,0,model,[0 1 0],0.0,2,0.565,0.201,1.49,1.012
9,female,150,4.819,different,different,1,0,0,model,[0 1 0],0.0,2,0.565,0.232,2.84,1.082
9,female,150,2.553,same,same,1,0,0,model,[0 1 0],0.0,0,0.565,0.204,0.89,0.895
9,female,150,3.127,same,same,1,0,0,model,[0 1 0],0.0,0,0.565,0.196,1.49,0.876
9,female,0,1.465,same,same,1,0,0,model,[0 1 0],0.0,0,0.565,0.1,0.14,0.661
9,female,50,2.766,different,different,1,0,0,model,[0 1 0],0.0,2,0.565,0.16,1.04,0.902
9,female,100,4.122,different,different,1,0,0,model,[0 1 0],0.0,2,0.565,0.202,2.24,1.016
9,female,150,3.46,same,different,0,1,0,model,[0 1 0],0.0,2,0.565,0.23,1.49,1.075
9,female,100,2.227,same,same,1,0,0,model,[0 1 0],0.0,0,0.565,0.196,0.59,0.876
9,female,100,2.693,same,same,1,0,0,model,[0 1 0],0.0,0,0.565,0.201,1.04,0.888
9,female,100,2.7,same,same,1,0,0,model,[0 1 0],0.0,0,0.565,0.203,1.04,0.893
9,female,100,2.982,same,same,1,0,0,model,[0 1 0],0.0,0,0.565,0.197,1.34,0.88
9,female,100,3.433,same,different,0,1,0,model,[0 1 0],0.0,2,0.565,0.179,1.64,0.949
9,female,100,2.527,same,same,1,0,0,model,[0 1 0],0.0,0,0.565,0.196,0.89,0.876
9,female,100,3.873,different,different,1,0,0,model,[0 1 0],0.0,2,0.565,0.177,2.09,0.942
9,female,50,2.215,same,same,1,0,0,model,[0 1 0],0.0,0,0.565,0.146,0.74,0.764
9,female,150,3.121,same,same,1,0,0,model,[0 1 0],0.0,0,0.565,0.194,1.49,0.872
9,female,150,2.988,same,same,1,0,0,model,[0 1 0],0.0,0,0.565,0.292,1.04,1.092
9,female,150,4.306,different,different,1,0,0,model,[0 1 0],0.0,2,0.565,0.216,2.54,0.885
10,female,100,3.376,same,same,1,0,0,model,[0 1 0],0.0,0,0.552,0.222,1.652,0.951
10,female,100,2.438,same,same,1,0,0,model,[0 1 0],0.0,0,0.552,0.21,0.752,0.925
10,female,100,3.631,same,same,1,0,0,model,[0 1 0],0.0,0,0.552,0.208,1.952,0.92
10,female,100,3.028,same,same,1,0,0,model,[0 1 0],0.0,0,0.552,0.161,1.502,0.814
10,female,0,1.631,different,different,1,0,0,model,[0 1 0],0.0,2,0.552,0.1,0.152,0.728
10,female,150,4.274,different,different,1,0,0,model,[0 1 0],0.0,2,0.552,0.243,2.252,1.128
10,female,50,1.897,same,same,1,0,0,model,[0 1 0],0.0,0,0.552,0.136,0.452,0.758
10,female,150,2.457,same,same,1,0,0,model,[0 1 0],0.0,0,0.552,0.216,0.752,0.938
10,female,100,2.913,same,same,1,0,0,model,[0 1 0],0.0,0,0.552,0.218,1.202,0.942
10,female,150,2.84,same,same,1,0,0,model,[0 1 0],0.0,0,0.552,0.241,1.052,0.995
10,female,100,3.826,different,different,1,0,0,model,[0 1 0],0.0,2,0.552,0.236,1.802,1.136
10,female,50,2.484,different,different,1,0,0,model,[0 1 0],0.0,2,0.552,0.16,0.752,0.92
10,female,50,2.883,different,different,1,0,0,model,[0 1 0],0.0,2,0.552,0.148,1.202,0.881
10,female,0,1.481,same,same,1,0,0,model,[0 1 0],0.0,0,0.552,0.1,0.152,0.678
10,female,100,2.559,same,same,1,0,0,model,[0 1 0],0.0,0,0.552,0.155,1.052,0.801
10,female,0,1.481,same,same,1,0,0,model,[0 1 0],0.0,0,0.552,0.1,0.152,0.678
10,female,0,1.631,different,different,1,0,0,model,[0 1 0],0.0,2,0.552,0.1,0.152,0.728
10,female,0,1.631,same,different,0,1,0,model,[0 1 0],0.0,2,0.552,0.1,0.152,0.728
10,female,50,2.754,different,different,1,0,0,model,[0 1 0],0.0,2,0.552,0.153,1.052,0.898
10,female,0,1.631,different,different,1,0,0,model,[0 1 0],0.0,2,0.552,0.1,0.152,0.728
10,female,50,1.88,same,same,1,0,0,model,[0 1 0],0.0,0,0.552,0.13,0.452,0.746
10,female,0,1.481,same,same,1,0,0,model,[0 1 0],0.0,0,0.552,0.1,0.152,0.678
10,female,100,3.5,different,different,1,0,0,model,[0 1 0],0.0,2,0.552,0.155,1.802,0.892
10,female,50,2.012,same,same,1,0,0,model,[0 1 0],0.0,0,0.552,0.171,0.452,0.838
10,female,0,1.481,same,same,1,0,0,model,[0 1 0],0.0,0,0.552,0.1,0.152,0.678
10,female,150,3.637,same,different,0,1,0,model,[0 1 0],0.0,2,0.552,0.242,1.802,0.941
10,female,150,5.116,different,different,1,0,0,model,[0 1 0],0.0,2,0.552,0.267,3.002,1.196
10,female,150,4.891,different,different,1,0,0,model,[0 1 0],0.0,2,0.552,0.247,2.852,1.141
10,female,100,4.612,same,different,0,1,0,model,[0 1 0],0.0,2,0.552,0.245,2.552,1.163
10,female,50,2.808,same,different,0,1,0,model,[0 1 0],0.0,2,0.552,0.13,1.202,0.825
10,female,50,2.472,different,different,1,0,0,model,[0 1 0],0.0,2,0.552,0.157,0.752,0.912
10,female,150,5.013,same,different,0,1,0,model,[0 1 0],0.0,2,0.552,0.279,2.852,1.23
10,female,150,2.86,same,same,1,0,0,model,[0 1 0],0.0,0,0.552,0.247,1.052,1.009
10,female,100,2.909,different,different,1,0,0,model,[0 1 0],0.0,2,0.552,0.157,1.202,0.899
10,female,100,3.156,same,same,1,0,0,model,[0 1 0],0.0,0,0.552,0.2,1.502,0.903
10,female,100,3.412,different,different,1,0,0,model,[0 1 0],0.0,2,0.552,0.208,1.502,1.051
10,female,50,2.523,different,different,1,0,0,model,[0 1 0],0.0,2,0.552,0.169,0.752,0.95
10,female,150,3.23,same,same,1,0,0,model,[0 1 0],0.0,0,0.552,0.223,1.502,0.954
10,female,0,1.481,same,same,1,0,0,model,[0 1 0],0.0,0,0.552,0.1,0.152,0.678
10,female,50,2.005,same,same,1,0,0,model,[0 1 0],0.0,0,0.552,0.169,0.452,0.833
10,female,100,3.098,different,different,1,0,0,model,[0 1 0],0.0,2,0.552,0.167,1.352,0.928
10,female,50,2.792,different,different,1,0,0,model,[0 1 0],0.0,2,0.552,0.162,1.052,0.927
10,female,100,2.557,same,same,1,0,0,model,[0 1 0],0.0,0,0.552,0.2,0.902,0.903
10,female,50,1.933,same,same,1,0,0,model,[0 1 0],0.0,0,0.552,0.147,0.452,0.783
10,female,50,1.908,same,same,1,0,0,model,[0 1 0],0.0,0,0.552,0.139,0.452,0.766
10,female,0,1.481,same,same,1,0,0,model,[0 1 0],0.0,0,0.552,0.1,0.152,0.678
10,female,50,2.43,different,different,1,0,0,model,[0 1 0],0.0,2,0.552,0.147,0.752,0.88
10,female,50,2.36,same,same,1,0,0,model,[0 1 0],0.0,0,0.552,0.14,0.902,0.767
10,female,100,2.287,same,same,1,0,0,model,[0 1 0],0.0,0,0.552,0.209,0.602,0.924
10,female,50,3.1,different,different,1,0,0,model,[0 1 0],0.0,2,0.552,0.128,1.502,0.818
10,female,100,2.418,same,same,1,0,0,model,[0 1 0],0.0,0,0.552,0.204,0.752,0.911
10,female,0,1.481,same,same,1,0,0,model,[0 1 0],0.0,0,0.552,0.1,0.152,0.678
10,female,0,1.631,different,different,1,0,0,model,[0 1 0],0.0,2,0.552,0.1,0.152,0.728
10,female,100,4.312,same,different,0,1,0,model,[0 1 0],0.0,2,0.552,0.208,2.402,1.051
10,female,150,4.468,different,different,1,0,0,model,[0 1 0],0.0,2,0.552,0.215,2.552,1.05
10,female,0,1.481,same,same,1,0,0,model,[0 1 0],0.0,0,0.552,0.1,0.152,0.678
10,female,150,2.831,same,same,1,0,0,model,[0 1 0],0.0,0,0.552,0.285,0.902,1.093
10,female,100,3.274,same,different,0,1,0,model,[0 1 0],0.0,2,0.552,0.173,1.502,0.948
10,female,0,1.631,different,different,1,0,0,model,[0 1 0],0.0,2,0.552,0.1,0.152,0.728
10,female,50,2.156,same,same,1,0,0,model,[0 1 0],0.0,0,0.552,0.169,0.602,0.833
10,female,150,3.331,same,same,1,0,0,model,[0 1 0],0.0,0,0.552,0.208,1.652,0.92
10,female,50,2.487,different,different,1,0,0,model,[0 1 0],0.0,2,0.552,0.161,0.752,0.923
10,female,0,1.631,different,different,1,0,0,model,[0 1 0],0.0,2,0.552,0.1,0.152,0.728
10,female,150,5.262,same,different,0,1,0,model,[0 1 0],0.0,2,0.552,0.226,3.302,1.083
10,female,0,1.631,different,different,1,0,0,model,[0 1 0],0.0,2,0.552,0.1,0.152,0.728
10,female,150,3.788,same,different,0,1,0,model,[0 1 0],0.0,2,0.552,0.233,1.802,1.102
10,female,50,2.61,same,different,0,1,0,model,[0 1 0],0.0,2,0.552,0.154,0.902,0.902
10,female,100,2.858,same,same,1,0,0,model,[0 1 0],0.0,0,0.552,0.201,1.202,0.904
10,female,100,2.579,same,same,1,0,0,model,[0 1 0],0.0,0,0.552,0.207,0.902,0.919
10,female,150,2.924,same,same,1,0,0,model,[0 1 0],0.0,0,0.552,0.267,1.052,1.054
10,female,0,1.481,same,same,1,0,0,model,[0 1 0],0.0,0,0.552,0.1,0.152,0.678
10,female,50,2.4,different,different,1,0,0,model,[0 1 0],0.0,2,0.552,0.14,0.752,0.857
10,female,50,2.126,same,same,1,0,0,model,[0 1 0],0.0,0,0.552,0.16,0.602,0.812
10,female,100,6.748,different,different,1,0,0,model,[0 1 0],0.0,2,0.552,0.227,4.952,0.918
10,female,150,4.25,different,different,1,0,0,model,[0 1 0],0.0,2,0.552,0.276,2.102,1.221
10,female,50,1.882,same,same,1,0,0,model,[0 1 0],0.0,0,0.552,0.131,0.452,0.747
10,female,50,2.663,different,different,1,0,0,model,[0 1 0],0.0,2,0.552,0.167,0.902,0.943
10,female,100,5.578,different,different,1,0,0,model,[0 1 0],0.0,2,0.552,0.187,3.752,0.988
10,female,100,3.757,different,different,1,0,0,model,[0 1 0],0.0,2,0.552,0.181,1.952,0.972
10,female,150,2.631,same,same,1,0,0,model,[0 1 0],0.0,0,0.552,0.269,0.752,1.058
10,female,150,3.25,different,different,1,0,0,model,[0 1 0],0.0,2,0.552,0.21,1.352,1.037
10,female,100,3.862,different,different,1,0,0,model,[0 1 0],0.0,2,0.552,0.208,1.952,1.051
10,female,50,3.752,different,different,1,0,0,model,[0 1 0],0.0,2,0.552,0.14,2.102,0.858
10,female,150,3.193,same,same,1,0,0,model,[0 1 0],0.0,0,0.552,0.304,1.202,1.136
10,female,0,1.631,different,different,1,0,0,model,[0 1 0],0.0,2,0.552,0.1,0.152,0.728
10,female,150,2.711,same,same,1,0,0,model,[0 1 0],0.0,0,0.552,0.202,1.052,0.906
10,female,0,1.481,same,same,1,0,0,model,[0 1 0],0.0,0,0.552,0.1,0.152,0.678
10,female,150,2.729,same,same,1,0,0,model,[0 1 0],0.0,0,0.552,0.253,0.902,1.022
10,female,0,1.631,different,different,1,0,0,model,[0 1 0],0.0,2,0.552,0.1,0.152,0.728
10,female,50,2.341,same,same,1,0,0,model,[0 1 0],0.0,0,0.552,0.134,0.902,0.754
10,female,150,4.928,different,different,1,0,0,model,[0 1 0],0.0,2,0.552,0.279,3.002,0.996
10,female,50,2.074,same,same,1,0,0,model,[0 1 0],0.0,0,0.552,0.144,0.602,0.777
10,female,100,3.315,different,different,1,0,0,model,[0 1 0],0.0,2,0.552,0.221,1.352,1.091
10,female,100,2.729,same,same,1,0,0,model,[0 1 0],0.0,0,0.552,0.207,1.052,0.918
10,female,100,4.945,same,different,0,1,0,model,[0 1 0],0.0,2,0.552,0.216,3.002,1.075
10,female,100,3.036,different,different,1,0,0,model,[0 1 0],0.0,2,0.552,0.182,1.352,0.851
11,female,0,1.013,same,same,1,0,0,model,[0 1 0],0.0,0,0.203,0.1,0.175,0.534
11,female,0,1.013,same,same,1,0,0,model,[0 1 0],0.0,0,0.203,0.1,0.175,0.534
11,female,100,3.986,different,different,1,0,0,model,[0 1 0],0.0,3,0.203,0.189,2.575,0.868
11,female,100,5.171,different,different,1,0,0,model,[0 1 0],0.0,3,0.203,0.209,3.475,1.134
11,female,0,1.363,different,different,1,0,0,model,[0 1 0],0.0,3,0.203,0.1,0.175,0.734
11,female,50,1.738,same,same,1,0,0,model,[0 1 0],0.0,0,0.203,0.139,0.775,0.621
11,female,50,2.27,different,different,1,0,0,model,[0 1 0],0.0,3,0.203,0.155,0.775,0.986
11,female,50,1.625,same,same,1,0,0,model,[0 1 0],0.0,0,0.203,0.15,0.625,0.646
11,female,50,2.432,different,different,1,0,0,model,[0 1 0],0.0,3,0.203,0.157,0.925,0.996
11,female,50,1.504,same,same,1,0,0,model,[0 1 0],0.0,0,0.203,0.159,0.475,0.667
11,female,50,1.669,same,same,1,0,0,model,[0 1 0],0.0,0,0.203,0.164,0.625,0.677
11,female,0,1.013,same,same,1,0,0,model,[0 1 0],0.0,0,0.203,0.1,0.175,0.534
11,female,50,1.401,same,same,1,0,0,model,[0 1 0],0.0,0,0.203,0.127,0.475,0.595
11,female,0,1.013,same,same,1,0,0,model,[0 1 0],0.0,0,0.203,0.1,0.175,0.534
11,female,0,1.013,same,same,1,0,0,model,[0 1 0],0.0,0,0.203,0.1,0.175,0.534
11,female,150,4.319,different,different,1,0,0,model,[0 1 0],0.0,3,0.203,0.195,2.725,1.045
11,female,150,2.262,same,same,1,0,0,model,[0 1 0],0.0,0,0.203,0.254,0.925,0.88
11,female,100,2.787,different,different,1,0,0,model,[0 1 0],0.0,3,0.203,0.18,1.225,1.028
11,female,50,3.573,different,different,1,0,0,model,[0 1 0],0.0,3,0.203,0.147,2.125,0.947
11,female,0,1.363,different,different,1,0,0,model,[0 1 0],0.0,3,0.203,0.1,0.175,0.734
11,female,50,1.466,same,same,1,0,0,model,[0 1 0],0.0,0,0.203,0.147,0.475,0.64
11,female,0,1.013,same,same,1,0,0,model,[0 1 0],0.0,0,0.203,0.1,0.175,0.534
11,female,100,1.939,same,same,1,0,0,model,[0 1 0],0.0,0,0.203,0.2,0.775,0.76
11,female,50,1.663,same,same,1,0,0,model,[0 1 0],0.0,0,0.203,0.162,0.625,0.672
11,female,0,1.013,same,same,1,0,0,model,[0 1 0],0.0,0,0.203,0.1,0.175,0.534
11,female,0,1.363,different,different,1,0,0,model,[0 1 0],0.0,3,0.203,0.1,0.175,0.734
11,female,100,3.045,same,same,1,0,0,model,[0 1 0],0.0,0,0.203,0.218,1.825,0.798
11,female,150,4.018,different,different,1,0,0,model,[0 1 0],0.0,3,0.203,0.265,2.125,1.273
11,female,150,3.328,same,same,1,0,0,model,[0 1 0],0.0,0,0.203,0.258,1.975,0.89
11,female,0,1.013,same,same,1,0,0,model,[0 1 0],0.0,0,0.203,0.1,0.175,0.534
11,female,50,1.622,same,same,1,0,0,model,[0 1 0],0.0,0,0.203,0.149,0.625,0.644
11,female,50,2.475,different,different,1,0,0,model,[0 1 0],0.0,3,0.203,0.138,1.075,0.908
11,female,0,1.013,same,same,1,0,0,model,[0 1 0],0.0,0,0.203,0.1,0.175,0.534
11,female,50,3.046,different,different,1,0,0,model,[0 1 0],0.0,3,0.203,0.16,1.525,1.007
11,female,0,1.363,different,different,1,0,0,model,[0 1 0],0.0,3,0.203,0.1,0.175,0.734
11,female,150,3.732,different,different,1,0,0,model,[0 1 0],0.0,3,0.203,0.269,1.825,1.285
11,female,0,1.363,different,different,1,0,0,model,[0 1 0],0.0,3,0.203,0.1,0.175,0.734
11,female,100,2.122,same,same,1,0,0,model,[0 1 0],0.0,0,0.203,0.164,1.075,0.679
11,female,0,1.013,same,same,1,0,0,model,[0 1 0],0.0,0,0.203,0.1,0.175,0.534
11,female,50,1.847,same,same,1,0,0,model,[0 1 0],0.0,0,0.203,0.126,0.925,0.592
11,female,150,2.613,same,same,1,0,0,model,[0 1 0],0.0,0,0.203,0.315,1.075,1.019
11,female,50,1.798,same,same,1,0,0,model,[0 1 0],0.0,0,0.203,0.157,0.775,0.662
11,female,150,3.231,different,different,1,0,0,model,[0 1 0],0.0,3,0.203,0.187,1.825,0.865
11,female,150,4.139,different,different,1,0,0,model,[0 1 0],0.0,3,0.203,0.259,2.275,1.252
11,female,100,2.886,different,different,1,0,0,model,[0 1 0],0.0,3,0.203,0.201,1.225,1.106
11,female,150,3.777,different,different,1,0,0,model,[0 1 0],0.0,3,0.203,0.28,1.825,1.319
11,female,100,2.892,different,different,1,0,0,model,[0 1 0],0.0,3,0.203,0.202,1.225,1.11
11,female,0,1.013,same,same,1,0,0,model,[0 1 0],0.0,0,0.203,0.1,0.175,0.534
11,female,50,2.393,different,different,1,0,0,model,[0 1 0],0.0,3,0.203,0.15,0.925,0.964
11,female,100,2.143,same,same,1,0,0,model,[0 1 0],0.0,0,0.203,0.217,0.925,0.797
11,female,50,2.815,different,different,1,0,0,model,[0 1 0],0.0,3,0.203,0.141,1.525,0.795
11,female,150,1.943,same,same,1,0,0,model,[0 1 0],0.0,0,0.203,0.202,0.775,0.763
11,female,150,4.441,different,different,1,0,0,model,[0 1 0],0.0,3,0.203,0.251,2.875,0.961
11,female,150,2.447,same,same,1,0,0,model,[0 1 0],0.0,0,0.203,0.218,1.225,0.8
11,female,100,1.862,same,same,1,0,0,model,[0 1 0],0.0,0,0.203,0.177,0.775,0.706
11,female,100,8.448,different,different,1,0,0,model,[0 1 0],0.0,3,0.203,0.204,6.775,1.115
11,female,0,1.363,different,different,1,0,0,model,[0 1 0],0.0,3,0.203,0.1,0.175,0.734
11,female,150,2.281,same,same,1,0,0,model,[0 1 0],0.0,0,0.203,0.213,1.075,0.789
11,female,0,1.013,same,same,1,0,0,model,[0 1 0],0.0,0,0.203,0.1,0.175,0.534
11,female,100,2.755,different,different,1,0,0,model,[0 1 0],0.0,3,0.203,0.173,1.225,1.003
11,female,100,2.357,same,same,1,0,0,model,[0 1 0],0.0,0,0.203,0.191,1.225,0.738
11,female,100,1.768,same,same,1,0,0,model,[0 1 0],0.0,0,0.203,0.194,0.625,0.745
11,female,100,1.887,same,same,1,0,0,model,[0 1 0],0.0,0,0.203,0.231,0.625,0.828
11,female,50,1.6,same,same,1,0,0,model,[0 1 0],0.0,0,0.203,0.142,0.625,0.629
11,female,150,2.108,same,same,1,0,0,model,[0 1 0],0.0,0,0.203,0.206,0.925,0.773
11,female,100,2.257,same,same,1,0,0,model,[0 1 0],0.0,0,0.203,0.206,1.075,0.773
11,female,100,2.373,same,same,1,0,0,model,[0 1 0],0.0,0,0.203,0.242,1.075,0.853
11,female,50,1.431,same,same,1,0,0,model,[0 1 0],0.0,0,0.203,0.136,0.475,0.616
11,female,100,2.038,same,same,1,0,0,model,[0 1 0],0.0,0,0.203,0.185,0.925,0.725
11,female,150,2.711,same,same,1,0,0,model,[0 1 0],0.0,0,0.203,0.253,1.375,0.879
11,female,50,1.768,same,same,1,0,0,model,[0 1 0],0.0,0,0.203,0.148,0.775,0.642
11,female,0,1.363,different,different,1,0,0,model,[0 1 0],0.0,3,0.203,0.1,0.175,0.734
11,female,50,1.74,same,same,1,0,0,model,[0 1 0],0.0,0,0.203,0.139,0.775,0.622
11,female,100,1.804,same,same,1,0,0,model,[0 1 0],0.0,0,0.203,0.159,0.775,0.666
11,female,0,1.363,different,different,1,0,0,model,[0 1 0],0.0,3,0.203,0.1,0.175,0.734
11,female,100,2.013,same,same,1,0,0,model,[0 1 0],0.0,0,0.203,0.177,0.925,0.707
11,female,150,2.683,same,same,1,0,0,model,[0 1 0],0.0,0,0.203,0.245,1.375,0.859
11,female,150,2.471,same,same,1,0,0,model,[0 1 0],0.0,0,0.203,0.226,1.225,0.817
11,female,0,1.013,same,same,1,0,0,model,[0 1 0],0.0,0,0.203,0.1,0.175,0.534
11,female,0,1.013,same,same,1,0,0,model,[0 1 0],0.0,0,0.203,0.1,0.175,0.534
11,female,100,3.498,different,different,1,0,0,model,[0 1 0],0.0,3,0.203,0.204,1.825,1.116
11,female,100,5.148,different,different,1,0,0,model,[0 1 0],0.0,3,0.203,0.172,3.625,0.997
11,female,150,2.399,same,same,1,0,0,model,[0 1 0],0.0,0,0.203,0.204,1.225,0.767
11,female,150,2.326,same,same,1,0,0,model,[0 1 0],0.0,0,0.203,0.227,1.075,0.82
11,female,100,3.388,different,different,1,0,0,model,[0 1 0],0.0,3,0.203,0.18,1.825,1.029
11,female,0,1.363,different,different,1,0,0,model,[0 1 0],0.0,3,0.203,0.1,0.175,0.734
11,female,50,1.501,same,same,1,0,0,model,[0 1 0],0.0,0,0.203,0.158,0.475,0.664
11,female,0,1.363,different,different,1,0,0,model,[0 1 0],0.0,3,0.203,0.1,0.175,0.734
11,female,150,1.92,same,same,1,0,0,model,[0 1 0],0.0,0,0.203,0.194,0.775,0.746
11,female,100,2.942,different,different,1,0,0,model,[0 1 0],0.0,3,0.203,0.181,1.375,1.032
11,female,100,1.986,same,same,1,0,0,model,[0 1 0],0.0,0,0.203,0.169,0.925,0.689
11,female,50,1.79,same,same,1,0,0,model,[0 1 0],0.0,0,0.203,0.155,0.775,0.657
11,female,50,2.753,different,different,1,0,0,model,[0 1 0],0.0,3,0.203,0.161,1.225,1.013
11,female,0,1.013,same,same,1,0,0,model,[0 1 0],0.0,0,0.203,0.1,0.175,0.534
11,female,100,3.1,different,different,1,0,0,model,[0 1 0],0.0,3,0.203,0.215,1.375,1.157
11,female,100,3.386,different,different,1,0,0,model,[0 1 0],0.0,3,0.203,0.189,1.975,0.868
12,female,0,1.426,same,same,1,0,0,model,[0 1 0],0.0,0,0.675,0.1,0.122,0.529
12,female,50,2.772,same,same,1,0,0,model,[0 1 0],0.0,0,0.675,0.145,1.322,0.63
12,female,100,2.296,same,same,1,0,0,model,[0 1 0],0.0,0,0.675,0.229,0.572,0.82
12,female,0,1.426,same,same,1,0,0,model,[0 1 0],0.0,0,0.675,0.1,0.122,0.529
12,female,0,1.776,different,different,1,0,0,model,[0 1 0],0.0,3,0.675,0.1,0.122,0.729
12,female,50,2.004,same,same,1,0,0,model,[0 1 0],0.0,0,0.675,0.14,0.572,0.617
12,female,50,2.959,different,different,1,0,0,model,[0 1 0],0.0,3,0.675,0.151,1.022,0.961
12,female,100,3.39,different,different,1,0,0,model,[0 1 0],0.0,3,0.675,0.157,1.472,0.937
12,female,0,1.426,same,same,1,0,0,model,[0 1 0],0.0,0,0.675,0.1,0.122,0.529
12,female,50,1.908,same,same,1,0,0,model,[0 1 0],0.0,0,0.675,0.156,0.422,0.655
12,female,0,1.776,different,different,1,0,0,model,[0 1 0],0.0,3,0.675,0.1,0.122,0.729
12,female,100,2.677,same,same,1,0,0,model,[0 1 0],0.0,0,0.675,0.208,1.022,0.771
12,female,0,1.426,same,same,1,0,0,model,[0 1 0],0.0,0,0.675,0.1,0.122,0.529
12,female,0,1.426,same,same,1,0,0,model,[0 1 0],0.0,0,0.675,0.1,0.122,0.529
12,female,0,1.776,different,different,1,0,0,model,[0 1 0],0.0,3,0.675,0.1,0.122,0.729
12,female,150,2.853,same,same,1,0,0,model,[0 1 0],0.0,0,0.675,0.262,1.022,0.894
12,female,150,3.095,same,same,1,0,0,model,[0 1 0],0.0,0,0.675,0.29,1.172,0.957
12,female,50,2.13,same,same,1,0,0,model,[0 1 0],0.0,0,0.675,0.132,0.722,0.601
12,female,100,2.65,same,same,1,0,0,model,[0 1 0],0.0,0,0.675,0.2,1.022,0.753
12,female,50,3.017,different,different,1,0,0,model,[0 1 0],0.0,3,0.675,0.161,1.022,1.009
12,female,50,1.962,same,same,1,0,0,model,[0 1 0],0.0,0,0.675,0.127,0.572,0.588
12,female,50,3.327,different,different,1,0,0,model,[0 1 0],0.0,3,0.675,0.136,1.472,0.893
12,female,100,3.925,different,different,1,0,0,model,[0 1 0],0.0,3,0.675,0.207,1.772,1.121
12,female,50,2.956,different,different,1,0,0,model,[0 1 0],0.0,3,0.675,0.15,1.022,0.958
12,female,150,2.632,same,same,1,0,0,model,[0 1 0],0.0,0,0.675,0.24,0.872,0.845
12,female,150,3.063,same,same,1,0,0,model,[0 1 0],0.0,0,0.675,0.281,1.172,0.935
12,female,150,3.01,same,same,1,0,0,model,[0 1 0],0.0,0,0.675,0.264,1.172,0.898
12,female,100,2.287,same,same,1,0,0,model,[0 1 0],0.0,0,0.675,0.18,0.722,0.709
12,female,100,2.542,same,same,1,0,0,model,[0 1 0],0.0,0,0.675,0.213,0.872,0.782
12,female,0,1.776,different,different,1,0,0,model,[0 1 0],0.0,3,0.675,0.1,0.122,0.729
12,female,0,1.776,different,different,1,0,0,model,[0 1 0],0.0,3,0.675,0.1,0.122,0.729
12,female,150,2.677,same,same,1,0,0,model,[0 1 0],0.0,0,0.675,0.254,0.872,0.876
12,female,50,4.921,different,different,1,0,0,model,[0 1 0],0.0,3,0.675,0.153,2.972,0.971
12,female,100,3.845,different,different,1,0,0,model,[0 1 0],0.0,3,0.675,0.19,1.772,1.058
12,female,50,2.323,same,same,1,0,0,model,[0 1 0],0.0,0,0.675,0.145,0.872,0.63
12,female,150,3.672,different,different,1,0,0,model,[0 1 0],0.0,3,0.675,0.228,1.472,1.147
12,female,0,1.426,same,same,1,0,0,model,[0 1 0],0.0,0,0.675,0.1,0.122,0.529
12,female,50,2.499,same,same,1,0,0,model,[0 1 0],0.0,0,0.675,0.153,1.022,0.649
12,female,150,5.748,different,different,1,0,0,model,[0 1 0],0.0,3,0.675,0.293,3.272,1.357
12,female,0,1.776,different,different,1,0,0,model,[0 1 0],0.0,3,0.675,0.1,0.122,0.729
12,female,0,1.776,different,different,1,0,0,model,[0 1 0],0.0,3,0.675,0.1,0.122,0.729
12,female,0,1.426,same,same,1,0,0,model,[0 1 0],0.0,0,0.675,0.1,0.122,0.529
12,female,150,3.443,same,same,1,0,0,model,[0 1 0],0.0,0,0.675,0.305,1.472,0.99
12,female,50,1.839,same,same,1,0,0,model,[0 1 0],0.0,0,0.675,0.135,0.422,0.607
12,female,50,1.959,same,same,1,0,0,model,[0 1 0],0.0,0,0.675,0.125,0.572,0.586
12,female,150,2.798,same,same,1,0,0,model,[0 1 0],0.0,0,0.675,0.199,1.172,0.752
12,female,0,1.426,same,same,1,0,0,model,[0 1 0],0.0,0,0.675,0.1,0.122,0.529
12,female,100,3.154,same,same,1,0,0,model,[0 1 0],0.0,0,0.675,0.216,1.472,0.791
12,female,0,1.426,same,same,1,0,0,model,[0 1 0],0.0,0,0.675,0.1,0.122,0.529
12,female,50,2.309,same,same,1,0,0,model,[0 1 0],0.0,0,0.675,0.141,0.872,0.621
12,female,0,1.776,different,different,1,0,0,model,[0 1 0],0.0,3,0.675,0.1,0.122,0.729
12,female,100,2.502,same,same,1,0,0,model,[0 1 0],0.0,0,0.675,0.2,0.872,0.755
12,female,50,1.996,same,same,1,0,0,model,[0 1 0],0.0,0,0.675,0.137,0.572,0.612
12,female,150,6.221,different,different,1,0,0,model,[0 1 0],0.0,3,0.675,0.193,4.172,1.031
12,female,150,4.16,same,same,1,0,0,model,[0 1 0],0.0,0,0.675,0.295,2.222,0.968
12,female,100,2.602,same,same,1,0,0,model,[0 1 0],0.0,0,0.675,0.185,1.022,0.72
12,female,50,2.209,same,same,1,0,0,model,[0 1 0],0.0,0,0.675,0.156,0.722,0.655
12,female,50,1.899,same,same,1,0,0,model,[0 1 0],0.0,0,0.675,0.153,0.422,0.648
12,female,150,3.622,different,different,1,0,0,model,[0 1 0],0.0,3,0.675,0.216,1.472,1.108
12,female,150,6.918,different,different,1,0,0,model,[0 1 0],0.0,3,0.675,0.251,4.622,1.22
12,female,50,2.837,different,different,1,0,0,model,[0 1 0],0.0,3,0.675,0.156,0.872,0.984
12,female,100,6.886,different,different,1,0,0,model,[0 1 0],0.0,3,0.675,0.231,4.622,1.209
12,female,0,1.776,different,different,1,0,0,model,[0 1 0],0.0,3,0.675,0.1,0.122,0.729
12,female,150,7.512,same,different,0,1,0,model,[0 1 0],0.0,3,0.675,0.249,5.222,1.215
12,female,150,2.601,same,same,1,0,0,model,[0 1 0],0.0,0,0.675,0.277,0.722,0.927
12,female,150,4.064,same,different,0,1,0,model,[0 1 0],0.0,3,0.675,0.25,1.772,1.217
12,female,150,2.809,same,same,1,0,0,model,[0 1 0],0.0,0,0.675,0.295,0.872,0.967
12,female,100,3.549,different,different,1,0,0,model,[0 1 0],0.0,3,0.675,0.19,1.472,1.061
12,female,150,4.144,different,different,1,0,0,model,[0 1 0],0.0,3,0.675,0.198,2.072,1.048
12,female,100,3.086,different,different,1,0,0,model,[0 1 0],0.0,3,0.675,0.188,1.022,1.051
12,female,50,2.811,different,different,1,0,0,model,[0 1 0],0.0,3,0.675,0.151,0.872,0.962
12,female,50,1.987,same,same,1,0,0,model,[0 1 0],0.0,0,0.675,0.134,0.572,0.606
12,female,150,2.631,same,same,1,0,0,model,[0 1 0],0.0,0,0.675,0.24,0.872,0.844
12,female,150,2.664,same,same,1,0,0,model,[0 1 0],0.0,0,0.675,0.25,0.872,0.866
12,female,150,4.374,different,different,1,0,0,model,[0 1 0],0.0,3,0.675,0.252,2.072,1.224
12,female,100,3.289,different,different,1,0,0,model,[0 1 0],0.0,3,0.675,0.231,1.022,1.211
12,female,0,1.776,different,different,1,0,0,model,[0 1 0],0.0,3,0.675,0.1,0.122,0.729
12,female,150,2.924,same,same,1,0,0,model,[0 1 0],0.0,0,0.675,0.192,1.322,0.735
12,female,0,1.426,same,same,1,0,0,model,[0 1 0],0.0,0,0.675,0.1,0.122,0.529
12,female,150,5.232,different,different,1,0,0,model,[0 1 0],0.0,3,0.675,0.242,2.972,1.193
12,female,0,1.776,same,different,0,1,0,model,[0 1 0],0.0,3,0.675,0.1,0.122,0.729
12,female,0,1.776,different,different,1,0,0,model,[0 1 0],0.0,3,0.675,0.1,0.122,0.729
12,female,0,1.426,same,same,1,0,0,model,[0 1 0],0.0,0,0.675,0.1,0.122,0.529
12,female,0,1.426,same,same,1,0,0,model,[0 1 0],0.0,0,0.675,0.1,0.122,0.529
12,female,0,1.776,different,different,1,0,0,model,[0 1 0],0.0,3,0.675,0.1,0.122,0.729
12,female,100,4.02,different,different,1,0,0,model,[0 1 0],0.0,3,0.675,0.163,2.072,0.959
12,female,0,1.776,different,different,1,0,0,model,[0 1 0],0.0,3,0.675,0.1,0.122,0.729
12,female,50,1.832,same,same,1,0,0,model,[0 1 0],0.0,0,0.675,0.133,0.422,0.602
12,female,0,1.776,different,different,1,0,0,model,[0 1 0],0.0,3,0.675,0.1,0.122,0.729
12,female,0,1.776,different,different,1,0,0,model,[0 1 0],0.0,3,0.675,0.1,0.122,0.729
12,female,100,4.425,different,different,1,0,0,model,[0 1 0],0.0,3,0.675,0.2,2.522,0.878
12,female,100,2.51,same,same,1,0,0,model,[0 1 0],0.0,0,0.675,0.203,0.872,0.76
12,female,50,2.93,same,different,0,1,0,model,[0 1 0],0.0,3,0.675,0.146,1.022,0.937
12,female,0,1.426,same,same,1,0,0,model,[0 1 0],0.0,0,0.675,0.1,0.122,0.529
12,female,0,1.426,same,same,1,0,0,model,[0 1 0],0.0,0,0.675,0.1,0.122,0.529
12,female,50,2.84,different,different,1,0,0,model,[0 1 0],0.0,3,0.675,0.166,1.022,0.827
13,male,150,4.655,different,different,1,0,0,model,[0 1 0],0.0,3,0.454,0.238,2.556,1.257
13,male,100,4.299,different,different,1,0,0,model,[0 1 0],0.0,3,0.454,0.214,2.256,1.225
13,male,0,1.317,same,same,1,0,0,model,[0 1 0],0.0,0,0.454,0.1,0.156,0.607
13,male,100,3.236,different,different,1,0,0,model,[0 1 0],0.0,3,0.454,0.179,1.356,1.097
13,male,100,3.374,different,different,1,0,0,model,[0 1 0],0.0,3,0.454,0.243,1.506,1.021
13,male,50,2.576,different,different,1,0,0,model,[0 1 0],0.0,3,0.454,0.128,0.906,0.937
13,male,0,1.317,same,same,1,0,0,model,[0 1 0],0.0,0,0.454,0.1,0.156,0.607
13,male,100,3.244,different,different,1,0,0,model,[0 1 0],0.0,3,0.454,0.213,1.206,1.221
13,male,100,3.876,different,different,1,0,0,model,[0 1 0],0.0,3,0.454,0.188,1.956,1.128
13,male,50,1.766,same,same,1,0,0,model,[0 1 0],0.0,0,0.454,0.146,0.456,0.71
13,male,0,1.317,same,same,1,0,0,model,[0 1 0],0.0,0,0.454,0.1,0.156,0.607
13,male,0,1.317,same,same,1,0,0,model,[0 1 0],0.0,0,0.454,0.1,0.156,0.607
13,male,100,3.276,same,different,0,1,0,model,[0 1 0],0.0,3,0.454,0.187,1.356,1.128
13,male,50,1.887,same,same,1,0,0,model,[0 1 0],0.0,0,0.454,0.137,0.606,0.69
13,male,50,2.962,same,different,0,1,0,model,[0 1 0],0.0,3,0.454,0.171,1.056,1.131
13,male,50,1.776,same,same,1,0,0,model,[0 1 0],0.0,0,0.454,0.149,0.456,0.716
13,male,150,3.077,same,same,1,0,0,model,[0 1 0],0.0,0,0.454,0.272,1.356,0.994
13,male,150,2.502,same,same,1,0,0,model,[0 1 0],0.0,0,0.454,0.28,0.756,1.011
13,male,50,1.927,same,same,1,0,0,model,[0 1 0],0.0,0,0.454,0.149,0.606,0.717
13,male,100,2.425,same,same,1,0,0,model,[0 1 0],0.0,0,0.454,0.21,0.906,0.854
13,male,100,3.076,different,different,1,0,0,model,[0 1 0],0.0,3,0.454,0.209,1.056,1.207
13,male,100,4.765,different,different,1,0,0,model,[0 1 0],0.0,3,0.454,0.153,3.006,1.001
13,male,150,2.783,same,same,1,0,0,model,[0 1 0],0.0,0,0.454,0.274,1.056,0.999
13,male,50,1.861,same,same,1,0,0,model,[0 1 0],0.0,0,0.454,0.129,0.606,0.671
13,male,100,2.597,same,same,1,0,0,model,[0 1 0],0.0,0,0.454,0.217,1.056,0.87
13,male,100,2.823,different,different,1,0,0,model,[0 1 0],0.0,3,0.454,0.202,1.056,0.96
13,male,100,2.41,same,same,1,0,0,model,[0 1 0],0.0,0,0.454,0.205,0.906,0.844
13,male,0,1.667,different,different,1,0,0,model,[0 1 0],0.0,3,0.454,0.1,0.156,0.807
13,male,50,1.782,same,same,1,0,0,model,[0 1 0],0.0,0,0.454,0.151,0.456,0.72
13,male,0,1.317,same,same,1,0,0,model,[0 1 0],0.0,0,0.454,0.1,0.156,0.607
13,male,50,1.935,same,same,1,0,0,model,[0 1 0],0.0,0,0.454,0.152,0.606,0.723
13,male,0,1.317,same,same,1,0,0,model,[0 1 0],0.0,0,0.454,0.1,0.156,0.607
13,male,50,2.959,different,different,1,0,0,model,[0 1 0],0.0,3,0.454,0.17,1.056,1.128
13,male,100,7.423,different,different,1,0,0,model,[0 1 0],0.0,3,0.454,0.208,5.406,1.205
13,male,100,3.465,different,different,1,0,0,model,[0 1 0],0.0,3,0.454,0.196,1.506,1.159
13,male,100,2.428,same,same,1,0,0,model,[0 1 0],0.0,0,0.454,0.211,0.906,0.856
13,male,150,2.849,same,same,1,0,0,model,[0 1 0],0.0,0,0.454,0.248,1.206,0.941
13,male,150,4.118,different,different,1,0,0,model,[0 1 0],0.0,3,0.454,0.218,2.106,1.19
13,male,150,2.689,same,same,1,0,0,model,[0 1 0],0.0,0,0.454,0.199,1.206,0.829
13,male,0,1.667,different,different,1,0,0,model,[0 1 0],0.0,3,0.454,0.1,0.156,0.807
13,male,150,4.185,different,different,1,0,0,model,[0 1 0],0.0,3,0.454,0.233,2.106,1.241
13,male,150,4.382,different,different,1,0,0,model,[0 1 0],0.0,3,0.454,0.209,2.406,1.163
13,male,150,3.731,different,different,1,0,0,model,[0 1 0],0.0,3,0.454,0.266,1.806,1.055
13,male,50,1.852,same,same,1,0,0,model,[0 1 0],0.0,0,0.454,0.172,0.456,0.769
13,male,150,6.262,different,different,1,0,0,model,[0 1 0],0.0,3,0.454,0.228,4.206,1.224
13,male,150,2.694,same,same,1,0,0,model,[0 1 0],0.0,0,0.454,0.247,1.056,0.937
13,male,0,1.317,same,same,1,0,0,model,[0 1 0],0.0,0,0.454,0.1,0.156,0.607
13,male,0,1.317,same,same,1,0,0,model,[0 1 0],0.0,0,0.454,0.1,0.156,0.607
13,male,0,1.667,different,different,1,0,0,model,[0 1 0],0.0,3,0.454,0.1,0.156,0.807
13,male,50,1.961,same,same,1,0,0,model,[0 1 0],0.0,0,0.454,0.16,0.606,0.741
13,male,50,1.872,same,same,1,0,0,model,[0 1 0],0.0,0,0.454,0.132,0.606,0.679
13,male,150,3.92,different,different,1,0,0,model,[0 1 0],0.0,3,0.454,0.242,1.806,1.268
13,male,0,1.667,different,different,1,0,0,model,[0 1 0],0.0,3,0.454,0.1,0.156,0.807
13,male,100,2.258,same,same,1,0,0,model,[0 1 0],0.0,0,0.454,0.205,0.756,0.843
13,male,50,2.819,different,different,1,0,0,model,[0 1 0],0.0,3,0.454,0.145,1.056,1.013
13,male,50,1.703,same,same,1,0,0,model,[0 1 0],0.0,0,0.454,0.126,0.456,0.666
13,male,0,1.667,different,different,1,0,0,model,[0 1 0],0.0,3,0.454,0.1,0.156,0.807
13,male,100,2.09,same,same,1,0,0,model,[0 1 0],0.0,0,0.454,0.153,0.756,0.726
13,male,150,3.109,same,same,1,0,0,model,[0 1 0],0.0,0,0.454,0.282,1.356,1.017
13,male,150,2.926,same,same,1,0,0,model,[0 1 0],0.0,0,0.454,0.272,1.206,0.994
13,male,100,2.288,same,same,1,0,0,model,[0 1 0],0.0,0,0.454,0.214,0.756,0.863
13,male,0,1.667,different,different,1,0,0,model,[0 1 0],0.0,3,0.454,0.1,0.156,0.807
13,male,150,5.256,different,different,1,0,0,model,[0 1 0],0.0,3,0.454,0.309,2.856,1.487
13,male,150,3.556,different,different,1,0,0,model,[0 1 0],0.0,3,0.454,0.227,1.506,1.219
13,male,150,4.552,different,different,1,0,0,model,[0 1 0],0.0,3,0.454,0.294,2.556,1.097
13,male,150,2.552,same,same,1,0,0,model,[0 1 0],0.0,0,0.454,0.249,0.906,0.942
13,male,150,9.05,different,different,1,0,0,model,[0 1 0],0.0,3,0.454,0.248,6.906,1.291
13,male,0,1.317,same,same,1,0,0,model,[0 1 0],0.0,0,0.454,0.1,0.156,0.607
13,male,150,3.05,same,same,1,0,0,model,[0 1 0],0.0,0,0.454,0.218,1.506,0.872
13,male,50,2.775,different,different,1,0,0,model,[0 1 0],0.0,3,0.454,0.164,0.906,1.101
13,male,150,4.597,different,different,1,0,0,model,[0 1 0],0.0,3,0.454,0.295,2.256,1.442
13,male,0,1.317,same,same,1,0,0,model,[0 1 0],0.0,0,0.454,0.1,0.156,0.607
13,male,0,1.667,different,different,1,0,0,model,[0 1 0],0.0,3,0.454,0.1,0.156,0.807
13,male,150,2.509,same,same,1,0,0,model,[0 1 0],0.0,0,0.454,0.236,0.906,0.912
13,male,50,1.724,same,same,1,0,0,model,[0 1 0],0.0,0,0.454,0.133,0.456,0.681
13,male,150,2.815,same,same,1,0,0,model,[0 1 0],0.0,0,0.454,0.284,1.056,1.021
13,male,100,2.303,same,same,1,0,0,model,[0 1 0],0.0,0,0.454,0.219,0.756,0.874
13,male,0,1.667,different,different,1,0,0,model,[0 1 0],0.0,3,0.454,0.1,0.156,0.807
13,male,0,1.317,same,same,1,0,0,model,[0 1 0],0.0,0,0.454,0.1,0.156,0.607
13,male,100,3.58,different,different,1,0,0,model,[0 1 0],0.0,3,0.454,0.156,1.806,1.013
13,male,0,1.667,different,different,1,0,0,model,[0 1 0],0.0,3,0.454,0.1,0.156,0.807
13,male,100,3.814,different,different,1,0,0,model,[0 1 0],0.0,3,0.454,0.206,1.806,1.197
13,male,0,1.667,different,different,1,0,0,model,[0 1 0],0.0,3,0.454,0.1,0.156,0.807
13,male,100,2.067,same,same,1,0,0,model,[0 1 0],0.0,0,0.454,0.192,0.606,0.814
13,male,100,2.296,same,same,1,0,0,model,[0 1 0],0.0,0,0.454,0.17,0.906,0.765
13,male,100,2.491,same,same,1,0,0,model,[0 1 0],0.0,0,0.454,0.184,1.056,0.796
13,male,150,5.5,different,different,1,0,0,model,[0 1 0],0.0,3,0.454,0.26,3.306,1.33
13,male,50,2.808,different,different,1,0,0,model,[0 1 0],0.0,3,0.454,0.136,1.206,0.861
13,male,0,1.667,different,different,1,0,0,model,[0 1 0],0.0,3,0.454,0.1,0.156,0.807
13,male,50,3.776,different,different,1,0,0,model,[0 1 0],0.0,3,0.454,0.155,1.956,1.06
13,male,50,2.434,different,different,1,0,0,model,[0 1 0],0.0,3,0.454,0.167,0.756,0.907
13,male,50,1.823,same,same,1,0,0,model,[0 1 0],0.0,0,0.454,0.163,0.456,0.749
13,male,50,3.435,different,different,1,0,0,model,[0 1 0],0.0,3,0.454,0.148,1.656,1.027
13,male,150,4.613,different,different,1,0,0,model,[0 1 0],0.0,3,0.454,0.228,2.556,1.225
13,male,0,1.317,same,same,1,0,0,model,[0 1 0],0.0,0,0.454,0.1,0.156,0.607
13,male,150,2.534,same,same,1,0,0,model,[0 1 0],0.0,0,0.454,0.244,0.906,0.93
14,male,150,2.218,same,same,1,0,0,model,[0 1 0],0.0,0,0.408,0.193,0.734,0.884
14,male,0,1.466,different,different,1,0,0,model,[0 1 0],0.0,2,0.408,0.1,0.134,0.725
14,male,0,1.316,same,same,1,0,0,model,[0 1 0],0.0,0,0.408,0.1,0.134,0.675
14,male,150,4.298,different,same,0,0,1,model,[0 1 0],0.0,2,0.408,0.213,2.534,1.043
14,male,50,1.728,same,same,1,0,0,model,[0 1 0],0.0,0,0.408,0.135,0.434,0.752
14,male,150,3.845,different,different,1,0,0,model,[0 1 0],0.0,2,0.408,0.291,1.784,1.262
14,male,150,3.544,different,different,1,0,0,model,[0 1 0],0.0,2,0.408,0.212,1.784,1.04
14,male,150,3.67,same,same,1,0,0,model,[0 1 0],0.0,1,0.408,0.28,1.484,1.449
14,male,150,2.955,same,same,1,0,0,model,[0 1 0],0.0,0,0.408,0.235,1.334,0.979
14,male,50,2.522,different,different,1,0,0,model,[0 1 0],0.0,2,0.408,0.173,0.884,0.958
14,male,100,2.879,different,different,1,0,0,model,[0 1 0],0.0,2,0.408,0.153,1.334,0.884
14,male,50,1.712,same,same,1,0,0,model,[0 1 0],0.0,0,0.408,0.129,0.434,0.741
14,male,0,1.466,different,different,1,0,0,model,[0 1 0],0.0,2,0.408,0.1,0.134,0.725
14,male,50,3.855,same,different,0,1,0,model,[0 1 0],0.0,2,0.408,0.133,2.384,0.831
14,male,150,3.557,different,different,1,0,0,model,[0 1 0],0.0,2,0.408,0.294,1.484,1.271
14,male,100,3.269,different,different,1,0,0,model,[0 1 0],0.0,2,0.408,0.213,1.484,1.064
14,male,50,2.547,different,different,1,0,0,model,[0 1 0],0.0,2,0.408,0.175,1.184,0.681
14,male,0,1.466,different,different,1,0,0,model,[0 1 0],0.0,2,0.408,0.1,0.134,0.725
14,male,0,1.466,different,different,1,0,0,model,[0 1 0],0.0,2,0.408,0.1,0.134,0.725
14,male,100,3.437,different,different,1,0,0,model,[0 1 0],0.0,2,0.408,0.18,1.784,0.965
14,male,100,3.589,same,different,0,1,0,model,[0 1 0],0.0,2,0.408,0.218,1.784,1.079
14,male,100,3.511,same,same,1,0,0,model,[0 1 0],0.0,1,0.408,0.172,1.634,1.248
14,male,0,1.316,same,same,1,0,0,model,[0 1 0],0.0,0,0.408,0.1,0.134,0.675
14,male,50,2.414,different,different,1,0,0,model,[0 1 0],0.0,2,0.408,0.147,0.884,0.876
14,male,150,5.245,different,different,1,0,0,model,[0 1 0],0.0,2,0.408,0.191,3.734,0.812
14,male,50,1.762,same,same,1,0,0,model,[0 1 0],0.0,0,0.408,0.145,0.434,0.776
14,male,50,2.294,same,different,0,1,0,model,[0 1 0],0.0,2,0.408,0.154,0.734,0.899
14,male,100,3.917,different,different,1,0,0,model,[0 1 0],0.0,2,0.408,0.225,2.084,1.1
14,male,100,1.934,same,same,1,0,0,model,[0 1 0],0.0,0,0.408,0.152,0.584,0.791
14,male,100,3.954,different,same,0,0,1,model,[0 1 0],0.0,2,0.408,0.216,1.784,1.446
14,male,0,1.316,same,same,1,0,0,model,[0 1 0],0.0,0,0.408,0.1,0.134,0.675
14,male,150,3.477,different,different,1,0,0,model,[0 1 0],0.0,2,0.408,0.234,1.634,1.101
14,male,50,2.771,different,same,0,0,1,model,[0 1 0],0.0,2,0.408,0.16,1.184,0.919
14,male,50,2.908,different,different,1,0,0,model,[0 1 0],0.0,2,0.408,0.157,1.334,0.909
14,male,0,1.316,same,same,1,0,0,model,[0 1 0],0.0,0,0.408,0.1,0.134,0.675
14,male,50,2.41,different,different,1,0,0,model,[0 1 0],0.0,2,0.408,0.146,0.884,0.872
14,male,0,1.316,same,same,1,0,0,model,[0 1 0],0.0,0,0.408,0.1,0.134,0.675
14,male,50,3.198,same,same,1,0,0,model,[0 1 0],0.0,1,0.408,0.166,1.334,1.241
14,male,50,2.686,same,same,1,0,0,model,[0 1 0],0.0,2,0.408,0.14,1.184,0.854
14,male,0,1.466,different,different,1,0,0,model,[0 1 0],0.0,2,0.408,0.1,0.134,0.725
14,male,100,2.732,different,different,1,0,0,model,[0 1 0],0.0,2,0.408,0.191,1.034,0.999
14,male,50,3.441,different,different,1,0,0,model,[0 1 0],0.0,2,0.408,0.141,1.934,0.858
14,male,150,4.029,different,different,1,0,0,model,[0 1 0],0.0,2,0.408,0.25,2.534,0.737
14,male,100,2.917,different,different,1,0,0,model,[0 1 0],0.0,2,0.408,0.2,1.184,1.026
14,male,0,1.466,same,different,0,1,0,model,[0 1 0],0.0,2,0.408,0.1,0.134,0.725
14,male,150,3.323,different,different,1,0,0,model,[0 1 0],0.0,2,0.408,0.233,1.484,1.099
14,male,0,1.466,different,different,1,0,0,model,[0 1 0],0.0,2,0.408,0.1,0.134,0.725
14,male,0,1.316,same,same,1,0,0,model,[0 1 0],0.0,0,0.408,0.1,0.134,0.675
14,male,100,3.873,different,different,1,0,0,model,[0 1 0],0.0,2,0.408,0.177,2.234,0.955
14,male,100,2.411,same,same,1,0,0,model,[0 1 0],0.0,0,0.408,0.206,0.884,0.913
14,male,0,1.316,same,same,1,0,0,model,[0 1 0],0.0,0,0.408,0.1,0.134,0.675
14,male,100,2.35,same,same,1,0,0,model,[0 1 0],0.0,0,0.408,0.234,0.734,0.975
14,male,0,1.316,same,same,1,0,0,model,[0 1 0],0.0,0,0.408,0.1,0.134,0.675
14,male,100,3.096,different,same,0,0,1,model,[0 1 0],0.0,2,0.408,0.17,1.484,0.935
14,male,50,2.279,different,different,1,0,0,model,[0 1 0],0.0,2,0.408,0.15,0.734,0.887
14,male,100,3.187,different,different,1,0,0,model,[0 1 0],0.0,2,0.408,0.23,1.334,1.116
14,male,150,3.381,different,different,1,0,0,model,[0 1 0],0.0,2,0.408,0.288,1.334,1.252
14,male,0,1.466,same,different,0,1,0,model,[0 1 0],0.0,2,0.408,0.1,0.134,0.725
14,male,50,1.78,same,same,1,0,0,model,[0 1 0],0.0,0,0.408,0.15,0.434,0.788
14,male,0,1.466,different,different,1,0,0,model,[0 1 0],0.0,2,0.408,0.1,0.134,0.725
14,male,100,2.341,same,same,1,0,0,model,[0 1 0],0.0,0,0.408,0.185,0.884,0.865
14,male,150,6.182,different,different,1,0,0,model,[0 1 0],0.0,2,0.408,0.235,4.334,1.105
14,male,100,2.983,different,different,1,0,0,model,[0 1 0],0.0,2,0.408,0.217,1.184,1.075
14,male,100,3.481,same,same,1,0,0,model,[0 1 0],0.0,1,0.408,0.166,1.634,1.223
14,male,50,1.802,same,same,1,0,0,model,[0 1 0],0.0,0,0.408,0.157,0.434,0.803
14,male,0,1.316,same,same,1,0,0,model,[0 1 0],0.0,0,0.408,0.1,0.134,0.675
14,male,100,2.161,same,same,1,0,0,model,[0 1 0],0.0,0,0.408,0.175,0.734,0.844
14,male,150,5.992,different,different,1,0,0,model,[0 1 0],0.0,2,0.408,0.304,3.884,1.297
14,male,100,3.504,different,same,0,0,1,model,[0 1 0],0.0,2,0.408,0.189,1.484,1.324
14,male,50,2.648,same,same,1,0,0,model,[0 1 0],0.0,1,0.408,0.148,0.884,1.158
14,male,50,2.234,different,different,1,0,0,model,[0 1 0],0.0,2,0.408,0.14,0.734,0.853
14,male,50,1.821,same,same,1,0,0,model,[0 1 0],0.0,0,0.408,0.163,0.434,0.816
14,male,0,1.466,different,different,1,0,0,model,[0 1 0],0.0,2,0.408,0.1,0.134,0.725
14,male,50,2.816,different,different,1,0,0,model,[0 1 0],0.0,2,0.408,0.157,1.484,0.667
14,male,0,1.316,same,same,1,0,0,model,[0 1 0],0.0,0,0.408,0.1,0.134,0.675
14,male,50,2.681,different,different,1,0,0,model,[0 1 0],0.0,2,0.408,0.139,1.184,0.851
14,male,0,1.316,same,same,1,0,0,model,[0 1 0],0.0,0,0.408,0.1,0.134,0.675
14,male,50,2.709,same,same,1,0,0,model,[0 1 0],0.0,1,0.408,0.159,0.884,1.209
14,male,50,1.793,same,same,1,0,0,model,[0 1 0],0.0,0,0.408,0.154,0.434,0.797
14,male,150,3.413,same,different,0,1,0,model,[0 1 0],0.0,2,0.408,0.178,1.784,0.943
14,male,100,3.082,same,different,0,1,0,model,[0 1 0],0.0,2,0.408,0.167,1.484,0.924
14,male,50,2.34,different,different,1,0,0,model,[0 1 0],0.0,2,0.408,0.165,0.734,0.933
14,male,150,4.129,different,different,1,0,0,model,[0 1 0],0.0,2,0.408,0.287,2.084,1.25
14,male,100,2.101,same,same,1,0,0,model,[0 1 0],0.0,0,0.408,0.203,0.584,0.906
14,male,100,4.023,different,different,1,0,0,model,[0 1 0],0.0,2,0.408,0.214,2.234,1.067
14,male,0,1.466,different,different,1,0,0,model,[0 1 0],0.0,2,0.408,0.1,0.134,0.725
14,male,50,1.85,same,same,1,0,0,model,[0 1 0],0.0,0,0.408,0.172,0.434,0.836
14,male,150,2.639,same,same,1,0,0,model,[0 1 0],0.0,0,0.408,0.276,0.884,1.071
14,male,100,7.487,same,same,1,0,0,model,[0 1 0],0.0,2,0.408,0.231,5.234,1.515
14,male,0,1.466,same,different,0,1,0,model,[0 1 0],0.0,2,0.408,0.1,0.134,0.725
14,male,150,2.351,same,same,1,0,0,model,[0 1 0],0.0,0,0.408,0.234,0.734,0.976
14,male,100,2.178,same,same,1,0,0,model,[0 1 0],0.0,0,0.408,0.18,0.734,0.856
14,male,50,2.321,different,different,1,0,0,model,[0 1 0],0.0,2,0.408,0.16,0.734,0.919
14,male,50,1.77,same,same,1,0,0,model,[0 1 0],0.0,0,0.408,0.147,0.434,0.781
14,male,150,3.462,different,different,1,0,0,model,[0 1 0],0.0,2,0.408,0.23,1.634,1.09
14,male,150,3.803,different,different,1,0,0,model,[0 1 0],0.0,2,0.408,0.275,2.084,0.937
15,female,50,2.079,same,same,1,0,0,model,[0 1 0],0.0,0,0.501,0.151,0.629,0.798
15,female,50,2.015,same,same,1,0,0,model,[0 1 0],0.0,0,0.501,0.132,0.629,0.754
15,female,100,4.922,different,different,1,0,0,model,[0 1 0],0.0,3,0.501,0.204,3.029,1.038
15,female,100,2.285,same,same,1,0,0,model,[0 1 0],0.0,0,0.501,0.168,0.779,0.837
15,female,0,1.813,different,different,1,0,0,model,[0 1 0],0.0,3,0.501,0.1,0.179,0.883
15,female,150,4.121,different,different,1,0,0,model,[0 1 0],0.0,3,0.501,0.255,1.829,1.387
15,female,150,2.999,same,same,1,0,0,model,[0 1 0],0.0,0,0.501,0.25,1.229,1.019
15,female,0,1.813,different,different,1,0,0,model,[0 1 0],0.0,3,0.501,0.1,0.179,0.883
15,female,0,1.813,different,different,1,0,0,model,[0 1 0],0.0,3,0.501,0.1,0.179,0.883
15,female,100,3.329,different,different,1,0,0,model,[0 1 0],0.0,3,0.501,0.232,1.079,1.367
15,female,150,3.111,same,same,1,0,0,model,[0 1 0],0.0,0,0.501,0.238,1.379,0.993
15,female,100,2.384,same,same,1,0,0,model,[0 1 0],0.0,0,0.501,0.199,0.779,0.905
15,female,100,3.487,different,different,1,0,0,model,[0 1 0],0.0,3,0.501,0.234,1.229,1.374
15,female,150,2.584,same,same,1,0,0,model,[0 1 0],0.0,0,0.501,0.261,0.779,1.044
15,female,150,7.057,different,different,1,0,0,model,[0 1 0],0.0,3,0.501,0.204,4.979,1.223
15,female,0,1.813,different,different,1,0,0,model,[0 1 0],0.0,3,0.501,0.1,0.179,0.883
15,female,100,2.504,same,same,1,0,0,model,[0 1 0],0.0,0,0.501,0.236,0.779,0.989
15,female,100,3.369,different,different,1,0,0,model,[0 1 0],0.0,3,0.501,0.176,1.379,1.164
15,female,100,3.075,same,same,1,0,0,model,[0 1 0],0.0,0,0.501,0.181,1.529,0.864
15,female,0,1.463,same,same,1,0,0,model,[0 1 0],0.0,0,0.501,0.1,0.179,0.683
15,female,0,1.813,different,different,1,0,0,model,[0 1 0],0.0,3,0.501,0.1,0.179,0.883
15,female,100,2.433,same,same,1,0,0,model,[0 1 0],0.0,0,0.501,0.214,0.779,0.94
15,female,150,2.899,same,same,1,0,0,model,[0 1 0],0.0,0,0.501,0.219,1.229,0.95
15,female,0,1.813,different,different,1,0,0,model,[0 1 0],0.0,3,0.501,0.1,0.179,0.883
15,female,150,6.93,different,different,1,0,0,model,[0 1 0],0.0,3,0.501,0.287,4.829,1.163
15,female,100,3.053,same,same,1,0,0,model,[0 1 0],0.0,0,0.501,0.174,1.529,0.85
15,female,50,1.917,same,same,1,0,0,model,[0 1 0],0.0,0,0.501,0.147,0.479,0.79
15,female,50,2.175,same,same,1,0,0,model,[0 1 0],0.0,0,0.501,0.135,0.779,0.761
15,female,50,3.603,same,different,0,1,0,model,[0 1 0],0.0,3,0.501,0.152,1.679,1.121
15,female,150,4.981,different,different,1,0,0,model,[0 1 0],0.0,3,0.501,0.28,2.579,1.471
15,female,0,1.813,different,different,1,0,0,model,[0 1 0],0.0,3,0.501,0.1,0.179,0.883
15,female,50,2.247,same,same,1,0,0,model,[0 1 0],0.0,0,0.501,0.157,0.779,0.811
15,female,0,1.813,different,different,1,0,0,model,[0 1 0],0.0,3,0.501,0.1,0.179,0.883
15,female,100,2.677,same,same,1,0,0,model,[0 1 0],0.0,0,0.501,0.197,1.079,0.901
15,female,150,4.999,different,different,1,0,0,model,[0 1 0],0.0,3,0.501,0.32,2.429,1.6
15,female,50,3.722,different,different,1,0,0,model,[0 1 0],0.0,3,0.501,0.147,1.829,1.096
15,female,100,3.187,different,different,1,0,0,model,[0 1 0],0.0,3,0.501,0.169,1.229,1.138
15,female,150,3.962,same,same,1,0,0,model,[0 1 0],0.0,0,0.501,0.269,2.129,1.064
15,female,100,2.406,same,same,1,0,0,model,[0 1 0],0.0,0,0.501,0.206,0.779,0.921
15,female,100,3.086,same,same,1,0,0,model,[0 1 0],0.0,0,0.501,0.184,1.529,0.872
15,female,0,1.813,different,different,1,0,0,model,[0 1 0],0.0,3,0.501,0.1,0.179,0.883
15,female,0,1.463,same,same,1,0,0,model,[0 1 0],0.0,0,0.501,0.1,0.179,0.683
15,female,150,5.301,different,different,1,0,0,model,[0 1 0],0.0,3,0.501,0.235,3.329,1.086
15,female,150,3.235,same,same,1,0,0,model,[0 1 0],0.0,0,0.501,0.276,1.379,1.079
15,female,100,3.701,different,different,1,0,0,model,[0 1 0],0.0,3,0.501,0.247,1.379,1.424
15,female,0,1.813,different,different,1,0,0,model,[0 1 0],0.0,3,0.501,0.1,0.179,0.883
15,female,150,2.804,same,same,1,0,0,model,[0 1 0],0.0,0,0.501,0.236,1.079,0.989
15,female,100,4.171,different,different,1,0,0,model,[0 1 0],0.0,3,0.501,0.203,2.279,1.038
15,female,150,2.987,same,same,1,0,0,model,[0 1 0],0.0,0,0.501,0.2,1.379,0.907
15,female,50,3.067,different,different,1,0,0,model,[0 1 0],0.0,3,0.501,0.164,1.079,1.174
15,female,50,2.53,different,different,1,0,0,model,[0 1 0],0.0,3,0.501,0.147,0.779,0.954
15,female,150,2.834,same,same,1,0,0,model,[0 1 0],0.0,0,0.501,0.199,1.229,0.906
15,female,100,2.437,same,same,1,0,0,model,[0 1 0],0.0,0,0.501,0.169,0.929,0.839
15,female,50,2.198,same,same,1,0,0,model,[0 1 0],0.0,0,0.501,0.142,0.779,0.777
15,female,50,4.109,different,different,1,0,0,model,[0 1 0],0.0,3,0.501,0.162,2.129,1.167
15,female,0,1.463,same,same,1,0,0,model,[0 1 0],0.0,0,0.501,0.1,0.179,0.683
15,female,100,3.313,different,different,1,0,0,model,[0 1 0],0.0,3,0.501,0.196,1.229,1.237
15,female,50,1.886,same,same,1,0,0,model,[0 1 0],0.0,0,0.501,0.138,0.479,0.768
15,female,50,2.773,same,different,0,1,0,model,[0 1 0],0.0,3,0.501,0.165,0.779,1.179
15,female,150,3.985,different,different,1,0,0,model,[0 1 0],0.0,3,0.501,0.293,1.529,1.512
15,female,150,2.598,same,same,1,0,0,model,[0 1 0],0.0,0,0.501,0.219,0.929,0.95
15,female,0,1.463,same,same,1,0,0,model,[0 1 0],0.0,0,0.501,0.1,0.179,0.683
15,female,150,2.564,same,same,1,0,0,model,[0 1 0],0.0,0,0.501,0.208,0.929,0.927
15,female,150,4.857,different,different,1,0,0,model,[0 1 0],0.0,3,0.501,0.251,2.579,1.376
15,female,100,4.522,different,different,1,0,0,model,[0 1 0],0.0,3,0.501,0.224,2.579,1.069
15,female,100,3.676,different,different,1,0,0,model,[0 1 0],0.0,3,0.501,0.21,1.529,1.286
15,female,50,1.928,same,same,1,0,0,model,[0 1 0],0.0,0,0.501,0.151,0.479,0.798
15,female,150,6.753,different,different,1,0,0,model,[0 1 0],0.0,3,0.501,0.239,4.529,1.335
15,female,0,1.463,same,same,1,0,0,model,[0 1 0],0.0,0,0.501,0.1,0.179,0.683
15,female,150,4.304,same,different,0,1,0,model,[0 1 0],0.0,3,0.501,0.262,1.979,1.412
15,female,0,1.463,same,same,1,0,0,model,[0 1 0],0.0,0,0.501,0.1,0.179,0.683
15,female,150,4.118,same,same,1,0,0,model,[0 1 0],0.0,0,0.501,0.271,2.279,1.067
15,female,150,4.816,different,different,1,0,0,model,[0 1 0],0.0,3,0.501,0.221,2.879,1.065
15,female,100,2.538,same,same,1,0,0,model,[0 1 0],0.0,0,0.501,0.2,0.929,0.908
15,female,0,1.463,same,same,1,0,0,model,[0 1 0],0.0,0,0.501,0.1,0.179,0.683
15,female,150,5.573,different,different,1,0,0,model,[0 1 0],0.0,3,0.501,0.243,3.329,1.35
15,female,100,2.409,same,same,1,0,0,model,[0 1 0],0.0,0,0.501,0.207,0.779,0.923
15,female,0,1.813,different,different,1,0,0,model,[0 1 0],0.0,3,0.501,0.1,0.179,0.883
15,female,0,1.463,same,same,1,0,0,model,[0 1 0],0.0,0,0.501,0.1,0.179,0.683
15,female,50,2.642,different,different,1,0,0,model,[0 1 0],0.0,3,0.501,0.141,0.779,1.071
15,female,100,2.719,same,same,1,0,0,model,[0 1 0],0.0,0,0.501,0.21,1.079,0.93
15,female,150,3.216,same,same,1,0,0,model,[0 1 0],0.0,0,0.501,0.224,1.529,0.962
15,female,150,3.608,same,same,1,0,0,model,[0 1 0],0.0,0,0.501,0.252,1.829,1.026
15,female,100,2.403,same,same,1,0,0,model,[0 1 0],0.0,0,0.501,0.205,0.779,0.919
15,female,100,4.869,different,different,1,0,0,model,[0 1 0],0.0,3,0.501,0.208,2.729,1.281
15,female,100,5.353,different,different,1,0,0,model,[0 1 0],0.0,3,0.501,0.183,3.329,1.19
15,female,50,2.269,same,same,1,0,0,model,[0 1 0],0.0,0,0.501,0.164,0.779,0.826
15,female,0,1.813,different,different,1,0,0,model,[0 1 0],0.0,3,0.501,0.1,0.179,0.883
15,female,150,2.947,same,same,1,0,0,model,[0 1 0],0.0,0,0.501,0.234,1.229,0.984
15,female,150,4.101,different,different,1,0,0,model,[0 1 0],0.0,3,0.501,0.285,1.679,1.486
15,female,0,1.463,same,same,1,0,0,model,[0 1 0],0.0,0,0.501,0.1,0.179,0.683
15,female,100,2.122,same,same,1,0,0,model,[0 1 0],0.0,0,0.501,0.164,0.629,0.828
15,female,100,2.767,same,same,1,0,0,model,[0 1 0],0.0,0,0.501,0.224,1.079,0.963
15,female,150,2.533,same,same,1,0,0,model,[0 1 0],0.0,0,0.501,0.198,0.929,0.904
15,female,0,1.463,same,same,1,0,0,model,[0 1 0],0.0,0,0.501,0.1,0.179,0.683
15,female,100,2.687,same,same,1,0,0,model,[0 1 0],0.0,0,0.501,0.2,1.079,0.907
16,female,50,2.791,different,different,1,0,0,model,[0 1 0],0.0,2,0.512,0.145,1.199,0.835
16,female,50,2.01,same,same,1,0,0,model,[0 1 0],0.0,0,0.512,0.149,0.599,0.75
16,female,0,1.401,same,same,1,0,0,model,[0 1 0],0.0,0,0.512,0.1,0.149,0.64
16,female,150,5.006,same,different,0,1,0,model,[0 1 0],0.0,2,0.512,0.219,3.149,1.026
16,female,50,2.212,same,same,1,0,0,model,[0 1 0],0.0,0,0.512,0.165,0.749,0.786
16,female,150,7.986,different,different,1,0,0,model,[0 1 0],0.0,2,0.512,0.254,5.999,1.121
16,female,0,1.551,different,different,1,0,0,model,[0 1 0],0.0,2,0.512,0.1,0.149,0.69
16,female,50,2.391,different,different,1,0,0,model,[0 1 0],0.0,2,0.512,0.157,0.749,0.873
16,female,100,3.647,different,different,1,0,0,model,[0 1 0],0.0,2,0.512,0.212,1.799,1.025
16,female,0,1.551,different,different,1,0,0,model,[0 1 0],0.0,2,0.512,0.1,0.149,0.69
16,female,100,2.557,same,same,1,0,0,model,[0 1 0],0.0,0,0.512,0.179,1.049,0.817
16,female,50,2.757,different,different,1,0,0,model,[0 1 0],0.0,2,0.512,0.172,1.049,0.923
16,female,100,2.532,same,same,1,0,0,model,[0 1 0],0.0,0,0.512,0.171,1.049,0.8
16,female,100,3.994,different,different,1,0,0,model,[0 1 0],0.0,2,0.512,0.186,2.249,0.947
16,female,50,2.051,same,same,1,0,0,model,[0 1 0],0.0,0,0.512,0.162,0.599,0.779
16,female,150,3.615,same,same,1,0,0,model,[0 1 0],0.0,1,0.512,0.208,1.499,1.345
16,female,150,5.097,different,different,1,0,0,model,[0 1 0],0.0,2,0.512,0.258,3.299,0.927
16,female,100,4.23,different,different,1,0,0,model,[0 1 0],0.0,2,0.512,0.17,2.549,0.899
16,female,150,3.031,same,same,1,0,0,model,[0 1 0],0.0,0,0.512,0.278,1.199,1.041
16,female,0,1.401,same,same,1,0,0,model,[0 1 0],0.0,0,0.512,0.1,0.149,0.64
16,female,50,3.198,different,different,1,0,0,model,[0 1 0],0.0,2,0.512,0.17,1.499,0.917
16,female,150,3.426,different,different,1,0,0,model,[0 1 0],0.0,2,0.512,0.238,1.499,1.077
16,female,100,3.371,same,same,1,0,0,model,[0 1 0],0.0,0,0.512,0.198,1.799,0.862
16,female,150,2.721,same,same,1,0,0,model,[0 1 0],0.0,0,0.512,0.229,1.049,0.931
16,female,100,3.12,different,different,1,0,0,model,[0 1 0],0.0,2,0.512,0.188,1.499,0.821
16,female,50,2.258,same,same,1,0,0,model,[0 1 0],0.0,0,0.512,0.133,0.899,0.714
16,female,50,2.087,same,same,1,0,0,model,[0 1 0],0.0,0,0.512,0.126,0.749,0.699
16,female,150,3.846,same,same,1,0,0,model,[0 1 0],0.0,0,0.512,0.252,2.099,0.982
16,female,50,2.832,different,different,1,0,0,model,[0 1 0],0.0,2,0.512,0.155,1.199,0.866
16,female,50,2.783,same,same,1,0,0,model,[0 1 0],0.0,1,0.512,0.157,0.899,1.164
16,female,0,1.551,different,different,1,0,0,model,[0 1 0],0.0,2,0.512,0.1,0.149,0.69
16,female,50,1.835,same,same,1,0,0,model,[0 1 0],0.0,0,0.512,0.141,0.449,0.733
16,female,100,3.731,different,different,1,0,0,model,[0 1 0],0.0,2,0.512,0.157,2.099,0.862
16,female,50,3.073,different,different,1,0,0,model,[0 1 0],0.0,2,0.512,0.141,1.499,0.821
16,female,50,2.464,different,different,1,0,0,model,[0 1 0],0.0,2,0.512,0.139,0.899,0.814
16,female,150,3.634,different,different,1,0,0,model,[0 1 0],0.0,2,0.512,0.214,1.799,1.009
16,female,0,1.401,same,same,1,0,0,model,[0 1 0],0.0,0,0.512,0.1,0.149,0.64
16,female,0,1.401,same,same,1,0,0,model,[0 1 0],0.0,0,0.512,0.1,0.149,0.64
16,female,50,1.836,same,same,1,0,0,model,[0 1 0],0.0,0,0.512,0.141,0.449,0.733
16,female,150,3.602,different,different,1,0,0,model,[0 1 0],0.0,2,0.512,0.26,1.799,0.93
16,female,0,1.401,same,same,1,0,0,model,[0 1 0],0.0,0,0.512,0.1,0.149,0.64
16,female,50,2.6,different,different,1,0,0,model,[0 1 0],0.0,2,0.512,0.135,1.049,0.803
16,female,150,3.094,same,same,1,0,0,model,[0 1 0],0.0,0,0.512,0.252,1.349,0.981
16,female,100,3.65,different,different,1,0,0,model,[0 1 0],0.0,2,0.512,0.212,1.799,1.026
16,female,50,2.808,different,different,1,0,0,model,[0 1 0],0.0,2,0.512,0.149,1.199,0.847
16,female,100,4.054,different,different,1,0,0,model,[0 1 0],0.0,2,0.512,0.201,2.249,0.992
16,female,100,3.202,different,different,1,0,0,model,[0 1 0],0.0,2,0.512,0.175,1.499,0.916
16,female,150,2.816,same,same,1,0,0,model,[0 1 0],0.0,0,0.512,0.258,1.049,0.996
16,female,0,1.551,different,different,1,0,0,model,[0 1 0],0.0,2,0.512,0.1,0.149,0.69
16,female,50,3.069,different,different,1,0,0,model,[0 1 0],0.0,2,0.512,0.14,1.499,0.818
16,female,150,4.396,different,different,1,0,0,model,[0 1 0],0.0,2,0.512,0.278,2.549,0.957
16,female,150,2.533,same,same,1,0,0,model,[0 1 0],0.0,0,0.512,0.218,0.899,0.905
16,female,150,2.45,same,same,1,0,0,model,[0 1 0],0.0,0,0.512,0.238,0.749,0.951
16,female,0,1.401,same,same,1,0,0,model,[0 1 0],0.0,0,0.512,0.1,0.149,0.64
16,female,150,2.505,same,same,1,0,0,model,[0 1 0],0.0,0,0.512,0.209,0.899,0.885
16,female,150,4.161,same,same,1,0,0,model,[0 1 0],0.0,0,0.512,0.303,2.249,1.097
16,female,50,1.864,same,same,1,0,0,model,[0 1 0],0.0,0,0.512,0.15,0.449,0.752
16,female,0,1.551,different,different,1,0,0,model,[0 1 0],0.0,2,0.512,0.1,0.149,0.69
16,female,150,2.66,same,same,1,0,0,model,[0 1 0],0.0,0,0.512,0.21,1.049,0.888
16,female,150,6.561,different,different,1,0,0,model,[0 1 0],0.0,2,0.512,0.194,4.799,0.955
16,female,50,2.031,same,same,1,0,0,model,[0 1 0],0.0,0,0.512,0.155,0.599,0.764
16,female,100,2.941,different,different,1,0,0,model,[0 1 0],0.0,2,0.512,0.185,1.199,0.945
16,female,150,2.353,same,same,1,0,0,model,[0 1 0],0.0,0,0.512,0.208,0.749,0.883
16,female,100,2.561,same,same,1,0,0,model,[0 1 0],0.0,0,0.512,0.226,0.899,0.924
16,female,50,2.113,same,same,1,0,0,model,[0 1 0],0.0,0,0.512,0.134,0.749,0.717
16,female,100,2.289,same,same,1,0,0,model,[0 1 0],0.0,0,0.512,0.189,0.749,0.839
16,female,150,3.344,same,same,1,0,0,model,[0 1 0],0.0,0,0.512,0.236,1.649,0.946
16,female,50,2.691,different,different,1,0,0,model,[0 1 0],0.0,2,0.512,0.157,1.049,0.873
16,female,50,2.809,different,different,1,0,0,model,[0 1 0],0.0,2,0.512,0.149,1.199,0.848
16,female,150,4.355,different,different,1,0,0,model,[0 1 0],0.0,2,0.512,0.245,2.399,1.098
16,female,50,2.784,different,different,1,0,0,model,[0 1 0],0.0,2,0.512,0.143,1.199,0.829
16,female,0,1.401,same,same,1,0,0,model,[0 1 0],0.0,0,0.512,0.1,0.149,0.64
16,female,0,1.401,same,same,1,0,0,model,[0 1 0],0.0,0,0.512,0.1,0.149,0.64
16,female,50,2.076,same,same,1,0,0,model,[0 1 0],0.0,0,0.512,0.169,0.599,0.795
16,female,150,2.925,same,same,1,0,0,model,[0 1 0],0.0,0,0.512,0.246,1.199,0.968
16,female,100,2.835,same,same,1,0,0,model,[0 1 0],0.0,0,0.512,0.172,1.349,0.802
16,female,100,2.657,same,same,1,0,0,model,[0 1 0],0.0,0,0.512,0.21,1.049,0.887
16,female,100,3.295,same,same,1,0,0,model,[0 1 0],0.0,0,0.512,0.175,1.799,0.809
16,female,100,3.44,different,different,1,0,0,model,[0 1 0],0.0,2,0.512,0.235,1.499,1.094
16,female,150,2.284,same,same,1,0,0,model,[0 1 0],0.0,0,0.512,0.187,0.749,0.835
16,female,100,2.362,same,same,1,0,0,model,[0 1 0],0.0,0,0.512,0.211,0.749,0.89
16,female,150,3.025,same,same,1,0,0,model,[0 1 0],0.0,0,0.512,0.276,1.199,1.037
16,female,50,2.753,same,different,0,1,0,model,[0 1 0],0.0,2,0.512,0.171,1.049,0.92
16,female,150,2.807,same,same,1,0,0,model,[0 1 0],0.0,0,0.512,0.302,0.899,1.094
16,female,0,1.551,different,different,1,0,0,model,[0 1 0],0.0,2,0.512,0.1,0.149,0.69
16,female,50,2.315,different,different,1,0,0,model,[0 1 0],0.0,2,0.512,0.139,0.749,0.815
16,female,150,3.592,same,same,1,0,0,model,[0 1 0],0.0,0,0.512,0.22,1.949,0.91
16,female,50,2.562,different,different,1,0,0,model,[0 1 0],0.0,2,0.512,0.144,1.049,0.757
16,female,0,1.551,different,different,1,0,0,model,[0 1 0],0.0,2,0.512,0.1,0.149,0.69
16,female,100,3.421,different,different,1,0,0,model,[0 1 0],0.0,2,0.512,0.23,1.499,1.08
16,female,50,2.567,same,different,0,1,0,model,[0 1 0],0.0,2,0.512,0.146,1.049,0.759
16,female,100,3.202,different,different,1,0,0,model,[0 1 0],0.0,2,0.512,0.213,1.349,1.028
16,female,100,3.173,different,different,1,0,0,model,[0 1 0],0.0,2,0.512,0.205,1.349,1.006
16,female,150,5.325,different,different,1,0,0,model,[0 1 0],0.0,2,0.512,0.264,3.299,1.15
16,female,100,3.169,different,different,1,0,0,model,[0 1 0],0.0,2,0.512,0.204,1.349,1.003
16,female,100,2.901,same,same,1,0,0,model,[0 1 0],0.0,0,0.512,0.238,1.199,0.952
17,male,150,4.077,same,different,0,1,0,model,[0 1 0],0.0,2,0.508,0.264,2.11,1.096
17,male,100,2.284,same,same,1,0,0,model,[0 1 0],0.0,0,0.508,0.202,0.76,0.815
17,male,50,2.093,same,same,1,0,0,model,[0 1 0],0.0,0,0.508,0.143,0.76,0.683
17,male,50,2.076,same,same,1,0,0,model,[0 1 0],0.0,0,0.508,0.138,0.76,0.671
17,male,150,3.945,different,different,1,0,0,model,[0 1 0],0.0,2,0.508,0.237,2.26,0.841
17,male,150,2.837,same,same,1,0,0,model,[0 1 0],0.0,0,0.508,0.28,1.06,0.99
17,male,50,1.956,same,same,1,0,0,model,[0 1 0],0.0,0,0.508,0.147,0.61,0.692
17,male,50,2.452,different,different,1,0,0,model,[0 1 0],0.0,2,0.508,0.147,0.91,0.788
17,male,0,1.503,same,different,0,1,0,model,[0 1 0],0.0,2,0.508,0.1,0.16,0.636
17,male,150,3.216,same,same,1,0,0,model,[0 1 0],0.0,0,0.508,0.212,1.66,0.837
17,male,0,1.503,different,different,1,0,0,model,[0 1 0],0.0,2,0.508,0.1,0.16,0.636
17,male,0,1.503,different,different,1,0,0,model,[0 1 0],0.0,2,0.508,0.1,0.16,0.636
17,male,50,2.295,different,different,1,0,0,model,[0 1 0],0.0,2,0.508,0.146,0.76,0.782
17,male,50,2.771,different,different,1,0,0,model,[0 1 0],0.0,2,0.508,0.152,1.21,0.802
17,male,150,2.674,same,same,1,0,0,model,[0 1 0],0.0,0,0.508,0.23,1.06,0.878
17,male,150,2.511,same,same,1,0,0,model,[0 1 0],0.0,0,0.508,0.226,0.91,0.868
17,male,50,2.156,same,same,1,0,0,model,[0 1 0],0.0,0,0.508,0.163,0.76,0.727
17,male,150,2.881,same,same,1,0,0,model,[0 1 0],0.0,0,0.508,0.293,1.06,1.02
17,male,150,2.59,same,same,1,0,0,model,[0 1 0],0.0,0,0.508,0.204,1.06,0.819
17,male,100,2.092,same,same,1,0,0,model,[0 1 0],0.0,0,0.508,0.189,0.61,0.786
17,male,0,1.503,different,different,1,0,0,model,[0 1 0],0.0,2,0.508,0.1,0.16,0.636
17,male,100,2.375,same,same,1,0,0,model,[0 1 0],0.0,0,0.508,0.184,0.91,0.774
17,male,50,2.63,same,same,1,0,0,model,[0 1 0],0.0,1,0.508,0.164,0.91,0.998
17,male,50,2.387,same,different,0,1,0,model,[0 1 0],0.0,2,0.508,0.167,0.76,0.852
17,male,100,3.143,different,different,1,0,0,model,[0 1 0],0.0,2,0.508,0.216,1.51,0.81
17,male,100,3.156,different,different,1,0,0,model,[0 1 0],0.0,2,0.508,0.221,1.51,0.818
17,male,150,2.767,same,same,1,0,0,model,[0 1 0],0.0,0,0.508,0.258,1.06,0.941
17,male,100,4.829,different,different,1,0,0,model,[0 1 0],0.0,2,0.508,0.219,3.01,0.993
17,male,100,3.048,different,different,1,0,0,model,[0 1 0],0.0,2,0.508,0.186,1.36,0.894
17,male,0,1.503,different,different,1,0,0,model,[0 1 0],0.0,2,0.508,0.1,0.16,0.636
17,male,50,2.022,same,same,1,0,0,model,[0 1 0],0.0,0,0.508,0.168,0.61,0.737
17,male,150,2.787,same,same,1,0,0,model,[0 1 0],0.0,0,0.508,0.218,1.21,0.851
17,male,0,1.503,different,different,1,0,0,model,[0 1 0],0.0,2,0.508,0.1,0.16,0.636
17,male,100,4.588,same,different,0,1,0,model,[0 1 0],0.0,2,0.508,0.196,2.86,0.925
17,male,100,3.635,different,different,1,0,0,model,[0 1 0],0.0,2,0.508,0.221,1.81,0.997
17,male,100,2.404,same,same,1,0,0,model,[0 1 0],0.0,0,0.508,0.193,0.91,0.794
17,male,50,2.665,same,different,0,1,0,model,[0 1 0],0.0,2,0.508,0.162,1.06,0.836
17,male,150,3.782,different,different,1,0,0,model,[0 1 0],0.0,2,0.508,0.265,1.81,1.099
17,male,150,4.193,different,different,1,0,0,model,[0 1 0],0.0,2,0.508,0.216,2.41,0.96
17,male,100,3.086,different,different,1,0,0,model,[0 1 0],0.0,2,0.508,0.193,1.51,0.776
17,male,100,4.382,different,different,1,0,0,model,[0 1 0],0.0,2,0.508,0.22,2.56,0.995
17,male,50,3.358,same,different,0,1,0,model,[0 1 0],0.0,2,0.508,0.149,1.81,0.792
17,male,100,3.418,different,different,1,0,0,model,[0 1 0],0.0,2,0.508,0.206,1.81,0.795
17,male,50,1.819,same,same,1,0,0,model,[0 1 0],0.0,0,0.508,0.151,0.46,0.701
17,male,100,2.451,same,same,1,0,0,model,[0 1 0],0.0,0,0.508,0.207,0.91,0.827
17,male,0,1.503,same,different,0,1,0,model,[0 1 0],0.0,2,0.508,0.1,0.16,0.636
17,male,100,2.354,same,same,1,0,0,model,[0 1 0],0.0,0,0.508,0.223,0.76,0.863
17,male,50,2.377,different,different,1,0,0,model,[0 1 0],0.0,2,0.508,0.15,0.91,0.71
17,male,50,1.995,same,same,1,0,0,model,[0 1 0],0.0,0,0.508,0.159,0.61,0.718
17,male,50,2.251,same,different,0,1,0,model,[0 1 0],0.0,2,0.508,0.135,0.76,0.749
17,male,50,2.554,different,different,1,0,0,model,[0 1 0],0.0,2,0.508,0.161,1.06,0.726
17,male,0,1.503,different,different,1,0,0,model,[0 1 0],0.0,2,0.508,0.1,0.16,0.636
17,male,100,2.863,same,different,0,1,0,model,[0 1 0],0.0,2,0.508,0.224,1.21,0.822
17,male,100,3.146,different,different,1,0,0,model,[0 1 0],0.0,2,0.508,0.173,1.51,0.855
17,male,50,2.437,different,different,1,0,0,model,[0 1 0],0.0,2,0.508,0.144,0.91,0.776
17,male,100,4.796,different,different,1,0,0,model,[0 1 0],0.0,2,0.508,0.248,2.86,1.08
17,male,100,6.26,different,different,1,0,0,model,[0 1 0],0.0,2,0.508,0.202,4.51,0.941
17,male,50,2.978,different,different,1,0,0,model,[0 1 0],0.0,2,0.508,0.13,1.51,0.731
17,male,0,1.353,same,same,1,0,0,model,[0 1 0],0.0,0,0.508,0.1,0.16,0.586
17,male,150,2.693,same,same,1,0,0,model,[0 1 0],0.0,0,0.508,0.236,1.06,0.891
17,male,150,4.246,different,different,1,0,0,model,[0 1 0],0.0,2,0.508,0.269,2.26,1.11
17,male,50,2.275,same,same,1,0,0,model,[0 1 0],0.0,0,0.508,0.153,0.91,0.705
17,male,150,2.84,same,same,1,0,0,model,[0 1 0],0.0,0,0.508,0.235,1.21,0.888
17,male,150,3.506,different,different,1,0,0,model,[0 1 0],0.0,2,0.508,0.193,1.81,0.896
17,male,150,2.721,same,same,1,0,0,model,[0 1 0],0.0,0,0.508,0.244,1.06,0.909
17,male,100,2.267,same,same,1,0,0,model,[0 1 0],0.0,0,0.508,0.197,0.76,0.803
17,male,0,1.353,same,same,1,0,0,model,[0 1 0],0.0,0,0.508,0.1,0.16,0.586
17,male,100,7.205,different,different,1,0,0,model,[0 1 0],0.0,2,0.508,0.176,5.56,0.862
17,male,150,2.642,same,same,1,0,0,model,[0 1 0],0.0,0,0.508,0.22,1.06,0.855
17,male,50,2.613,different,different,1,0,0,model,[0 1 0],0.0,2,0.508,0.15,1.06,0.796
17,male,150,2.758,same,same,1,0,0,model,[0 1 0],0.0,0,0.508,0.209,1.21,0.831
17,male,100,2.214,same,same,1,0,0,model,[0 1 0],0.0,0,0.508,0.181,0.76,0.767
17,male,50,2.286,same,same,1,0,0,model,[0 1 0],0.0,0,0.508,0.156,0.91,0.712
17,male,0,1.503,different,different,1,0,0,model,[0 1 0],0.0,2,0.508,0.1,0.16,0.636
17,male,50,5.626,different,different,1,0,0,model,[0 1 0],0.0,2,0.508,0.153,4.06,0.806
17,male,150,2.988,same,same,1,0,0,model,[0 1 0],0.0,0,0.508,0.234,1.36,0.887
17,male,150,4.615,different,different,1,0,0,model,[0 1 0],0.0,2,0.508,0.287,2.56,1.161
17,male,100,2.599,same,same,1,0,0,model,[0 1 0],0.0,0,0.508,0.207,1.06,0.825
17,male,150,4.915,different,different,1,0,0,model,[0 1 0],0.0,2,0.508,0.248,3.01,1.051
17,male,100,3.082,different,different,1,0,0,model,[0 1 0],0.0,2,0.508,0.195,1.36,0.92
17,male,50,1.794,same,same,1,0,0,model,[0 1 0],0.0,0,0.508,0.143,0.46,0.683
17,male,0,1.353,same,same,1,0,0,model,[0 1 0],0.0,0,0.508,0.1,0.16,0.586
17,male,50,2.34,same,same,1,0,0,model,[0 1 0],0.0,0,0.508,0.173,0.91,0.75
17,male,150,3.509,same,different,0,1,0,model,[0 1 0],0.0,2,0.508,0.272,1.51,1.119
17,male,50,3.452,different,different,1,0,0,model,[0 1 0],0.0,2,0.508,0.135,1.96,0.749
17,male,100,2.231,same,same,1,0,0,model,[0 1 0],0.0,0,0.508,0.186,0.76,0.778
17,male,150,3.123,same,same,1,0,0,model,[0 1 0],0.0,0,0.508,0.229,1.51,0.876
17,male,100,3.492,different,different,1,0,0,model,[0 1 0],0.0,2,0.508,0.176,1.96,0.749
17,male,150,3.53,same,different,0,1,0,model,[0 1 0],0.0,2,0.508,0.239,1.66,1.025
17,male,50,2.755,different,different,1,0,0,model,[0 1 0],0.0,2,0.508,0.148,1.21,0.79
17,male,50,2.579,different,different,1,0,0,model,[0 1 0],0.0,2,0.508,0.17,1.06,0.741
17,male,100,4.437,different,different,1,0,0,model,[0 1 0],0.0,2,0.508,0.159,2.86,0.811
17,male,50,4.412,same,different,0,1,0,model,[0 1 0],0.0,2,0.508,0.15,2.86,0.795
17,male,0,1.353,same,same,1,0,0,model,[0 1 0],0.0,0,0.508,0.1,0.16,0.586
17,male,0,1.503,different,different,1,0,0,model,[0 1 0],0.0,2,0.508,0.1,0.16,0.636
17,male,50,2.646,same,different,0,1,0,model,[0 1 0],0.0,2,0.508,0.137,1.21,0.691
18,male,0,1.38,same,same,1,0,0,model,[0 1 0],0.0,0,0.384,0.1,0.159,0.737
18,male,0,1.38,same,same,1,0,0,model,[0 1 0],0.0,0,0.384,0.1,0.159,0.737
18,male,0,1.73,same,different,0,1,0,model,[0 1 0],0.0,3,0.384,0.1,0.159,0.937
18,male,150,3.114,same,same,1,0,0,model,[0 1 0],0.0,0,0.384,0.218,1.509,1.003
18,male,150,3.086,same,same,1,0,0,model,[0 1 0],0.0,0,0.384,0.21,1.509,0.983
18,male,0,1.38,same,same,1,0,0,model,[0 1 0],0.0,0,0.384,0.1,0.159,0.737
18,male,150,2.628,same,same,1,0,0,model,[0 1 0],0.0,0,0.384,0.253,0.909,1.082
18,male,150,3.327,same,same,1,0,0,model,[0 1 0],0.0,0,0.384,0.284,1.509,1.151
18,male,100,3.683,different,different,1,0,0,model,[0 1 0],0.0,3,0.384,0.165,1.809,1.175
18,male,0,1.73,different,different,1,0,0,model,[0 1 0],0.0,3,0.384,0.1,0.159,0.937
18,male,0,1.38,same,same,1,0,0,model,[0 1 0],0.0,0,0.384,0.1,0.159,0.737
18,male,0,1.73,different,different,1,0,0,model,[0 1 0],0.0,3,0.384,0.1,0.159,0.937
18,male,150,4.533,same,same,1,0,0,model,[0 1 0],0.0,0,0.384,0.286,2.709,1.155
18,male,50,2.476,same,same,1,0,0,model,[0 1 0],0.0,0,0.384,0.16,1.059,0.873
18,male,50,2.259,same,same,1,0,0,model,[0 1 0],0.0,0,0.384,0.14,0.909,0.826
18,male,0,1.73,different,different,1,0,0,model,[0 1 0],0.0,3,0.384,0.1,0.159,0.937
18,male,0,1.73,different,different,1,0,0,model,[0 1 0],0.0,3,0.384,0.1,0.159,0.937
18,male,50,2.057,same,same,1,0,0,model,[0 1 0],0.0,0,0.384,0.17,0.609,0.895
18,male,100,3.253,same,same,1,0,0,model,[0 1 0],0.0,1,0.384,0.2,1.359,1.26
18,male,50,3.507,different,different,1,0,0,model,[0 1 0],0.0,3,0.384,0.15,1.659,1.164
18,male,50,2.672,same,same,1,0,0,model,[0 1 0],0.0,0,0.384,0.174,1.209,0.905
18,male,50,3.158,different,different,1,0,0,model,[0 1 0],0.0,3,0.384,0.168,1.209,1.247
18,male,150,5.393,different,different,1,0,0,model,[0 1 0],0.0,3,0.384,0.22,3.309,1.33
18,male,150,4.629,different,different,1,0,0,model,[0 1 0],0.0,3,0.384,0.217,2.559,1.319
18,male,150,4.42,different,different,1,0,0,model,[0 1 0],0.0,3,0.384,0.216,2.559,1.111
18,male,50,2.107,same,same,1,0,0,model,[0 1 0],0.0,0,0.384,0.139,0.759,0.825
18,male,150,6.476,different,different,1,0,0,model,[0 1 0],0.0,3,0.384,0.264,4.209,1.47
18,male,50,3.756,different,different,1,0,0,model,[0 1 0],0.0,3,0.384,0.141,1.959,1.123
18,male,50,3.07,different,different,1,0,0,model,[0 1 0],0.0,3,0.384,0.152,1.209,1.175
18,male,50,2.78,different,different,1,0,0,model,[0 1 0],0.0,3,0.384,0.154,0.909,1.184
18,male,0,1.38,same,same,1,0,0,model,[0 1 0],0.0,0,0.384,0.1,0.159,0.737
18,male,0,1.73,different,different,1,0,0,model,[0 1 0],0.0,3,0.384,0.1,0.159,0.937
18,male,100,4.041,different,different,1,0,0,model,[0 1 0],0.0,3,0.384,0.177,2.109,1.221
18,male,0,1.73,different,different,1,0,0,model,[0 1 0],0.0,3,0.384,0.1,0.159,0.937
18,male,50,4.1,different,different,1,0,0,model,[0 1 0],0.0,3,0.384,0.149,2.259,1.159
18,male,50,3.347,different,different,1,0,0,model,[0 1 0],0.0,3,0.384,0.148,1.509,1.156
18,male,50,2.041,same,same,1,0,0,model,[0 1 0],0.0,0,0.384,0.165,0.609,0.884
18,male,150,3.679,same,same,1,0,0,model,[0 1 0],0.0,0,0.384,0.254,1.959,1.083
18,male,100,6.634,different,different,1,0,0,model,[0 1 0],0.0,3,0.384,0.219,4.509,1.373
18,male,150,4.03,same,same,1,0,0,model,[0 1 0],0.0,0,0.384,0.269,2.259,1.118
18,male,150,3.053,same,same,1,0,0,model,[0 1 0],0.0,0,0.384,0.246,1.359,1.064
18,male,50,3.143,different,different,1,0,0,model,[0 1 0],0.0,3,0.384,0.165,1.209,1.235
18,male,150,4.784,different,different,1,0,0,model,[0 1 0],0.0,3,0.384,0.242,2.859,1.149
18,male,50,3.308,different,different,1,0,0,model,[0 1 0],0.0,3,0.384,0.168,1.359,1.248
18,male,150,3.416,same,same,1,0,0,model,[0 1 0],0.0,0,0.384,0.265,1.659,1.108
18,male,50,3.034,different,different,1,0,0,model,[0 1 0],0.0,3,0.384,0.146,1.209,1.146
18,male,50,3.352,different,different,1,0,0,model,[0 1 0],0.0,3,0.384,0.149,1.509,1.161
18,male,100,2.43,same,same,1,0,0,model,[0 1 0],0.0,0,0.384,0.192,0.909,0.945
18,male,100,3.805,different,different,1,0,0,model,[0 1 0],0.0,3,0.384,0.191,1.809,1.271
18,male,100,2.855,same,same,1,0,0,model,[0 1 0],0.0,0,0.384,0.231,1.209,1.032
18,male,50,2.793,different,different,1,0,0,model,[0 1 0],0.0,3,0.384,0.145,1.209,0.905
18,male,100,4.092,different,different,1,0,0,model,[0 1 0],0.0,3,0.384,0.188,2.109,1.261
18,male,150,4.262,different,different,1,0,0,model,[0 1 0],0.0,3,0.384,0.273,2.259,1.196
18,male,50,2.277,same,same,1,0,0,model,[0 1 0],0.0,0,0.384,0.145,0.909,0.839
18,male,150,2.386,same,same,1,0,0,model,[0 1 0],0.0,0,0.384,0.225,0.759,1.018
18,male,100,3.374,different,different,1,0,0,model,[0 1 0],0.0,3,0.384,0.195,1.359,1.287
18,male,150,4.143,same,same,1,0,0,model,[0 1 0],0.0,0,0.384,0.258,2.409,1.093
18,male,100,3.548,same,same,1,0,0,model,[0 1 0],0.0,0,0.384,0.214,1.959,0.992
18,male,100,3.032,same,same,1,0,0,model,[0 1 0],0.0,0,0.384,0.193,1.509,0.946
18,male,50,3.582,different,different,1,0,0,model,[0 1 0],0.0,3,0.384,0.136,1.809,1.103
18,male,50,2.923,same,different,0,1,0,model,[0 1 0],0.0,3,0.384,0.126,1.209,1.055
18,male,50,2.107,same,same,1,0,0,model,[0 1 0],0.0,0,0.384,0.139,0.759,0.825
18,male,0,1.38,same,same,1,0,0,model,[0 1 0],0.0,0,0.384,0.1,0.159,0.737
18,male,100,4.017,different,different,1,0,0,model,[0 1 0],0.0,3,0.384,0.172,2.109,1.202
18,male,50,2.745,different,different,1,0,0,model,[0 1 0],0.0,3,0.384,0.146,1.059,1.006
18,male,50,3.472,different,different,1,0,0,model,[0 1 0],0.0,3,0.384,0.17,1.509,1.259
18,male,0,1.73,different,different,1,0,0,model,[0 1 0],0.0,3,0.384,0.1,0.159,0.937
18,male,100,3.864,different,different,1,0,0,model,[0 1 0],0.0,3,0.384,0.204,1.809,1.318
18,male,50,2.359,same,same,1,0,0,model,[0 1 0],0.0,0,0.384,0.17,0.909,0.895
18,male,50,2.134,same,same,1,0,0,model,[0 1 0],0.0,0,0.384,0.148,0.759,0.844
18,male,50,2.168,same,same,1,0,0,model,[0 1 0],0.0,0,0.384,0.158,0.759,0.868
18,male,0,1.38,same,same,1,0,0,model,[0 1 0],0.0,0,0.384,0.1,0.159,0.737
18,male,150,5.325,different,different,1,0,0,model,[0 1 0],0.0,3,0.384,0.278,3.309,1.204
18,male,0,1.73,different,different,1,0,0,model,[0 1 0],0.0,3,0.384,0.1,0.159,0.937
18,male,150,2.961,same,same,1,0,0,model,[0 1 0],0.0,0,0.384,0.31,1.059,1.208
18,male,150,3.835,different,different,1,0,0,model,[0 1 0],0.0,3,0.384,0.242,1.659,1.4
18,male,100,4.06,same,different,0,1,0,model,[0 1 0],0.0,3,0.384,0.181,2.109,1.236
18,male,50,6.809,different,different,1,0,0,model,[0 1 0],0.0,3,0.384,0.15,4.959,1.166
18,male,0,1.38,same,same,1,0,0,model,[0 1 0],0.0,0,0.384,0.1,0.159,0.737
18,male,50,1.904,same,same,1,0,0,model,[0 1 0],0.0,0,0.384,0.169,0.459,0.893
18,male,100,2.581,same,same,1,0,0,model,[0 1 0],0.0,0,0.384,0.193,1.059,0.945
18,male,50,2.687,same,same,1,0,0,model,[0 1 0],0.0,1,0.384,0.17,0.909,1.174
18,male,50,3.096,different,different,1,0,0,model,[0 1 0],0.0,3,0.384,0.157,1.209,1.197
18,male,100,3.674,different,different,1,0,0,model,[0 1 0],0.0,3,0.384,0.195,1.659,1.286
18,male,50,2.009,same,same,1,0,0,model,[0 1 0],0.0,0,0.384,0.155,0.609,0.861
18,male,50,3.029,different,different,1,0,0,model,[0 1 0],0.0,3,0.384,0.145,1.209,1.142
18,male,100,4.075,same,different,0,1,0,model,[0 1 0],0.0,3,0.384,0.185,2.109,1.248
18,male,50,3.187,different,different,1,0,0,model,[0 1 0],0.0,3,0.384,0.143,1.509,1.002
18,male,50,3.347,different,different,1,0,0,model,[0 1 0],0.0,3,0.384,0.148,1.509,1.156
18,male,150,3.064,same,same,1,0,0,model,[0 1 0],0.0,0,0.384,0.249,1.359,1.073
18,male,150,2.638,same,same,1,0,0,model,[0 1 0],0.0,0,0.384,0.256,0.909,1.089
18,male,0,1.38,same,same,1,0,0,model,[0 1 0],0.0,0,0.384,0.1,0.159,0.737
18,male,150,2.723,same,same,1,0,0,model,[0 1 0],0.0,0,0.384,0.236,1.059,1.044
18,male,0,1.73,different,different,1,0,0,model,[0 1 0],0.0,3,0.384,0.1,0.159,0.937
18,male,0,1.38,same,same,1,0,0,model,[0 1 0],0.0,0,0.384,0.1,0.159,0.737
18,male,50,2.032,same,same,1,0,0,model,[0 1 0],0.0,0,0.384,0.162,0.609,0.877
19,male,0,1.623,same,different,0,1,0,model,[0 1 0],0.0,3,0.473,0.1,0.159,0.741
19,male,0,1.623,same,different,0,1,0,model,[0 1 0],0.0,3,0.473,0.1,0.159,0.741
19,male,50,2.32,same,same,1,0,0,model,[0 1 0],0.0,0,0.473,0.145,1.059,0.643
19,male,150,3.803,different,different,1,0,0,model,[0 1 0],0.0,3,0.473,0.26,1.659,1.262
19,male,100,3.536,same,same,1,0,0,model,[0 1 0],0.0,0,0.473,0.196,2.109,0.758
19,male,100,2.224,same,same,1,0,0,model,[0 1 0],0.0,0,0.473,0.162,0.909,0.681
19,male,50,2.967,different,different,1,0,0,model,[0 1 0],0.0,3,0.473,0.153,1.209,0.982
19,male,50,2.447,different,different,1,0,0,model,[0 1 0],0.0,3,0.473,0.14,0.759,0.925
19,male,50,1.682,same,same,1,0,0,model,[0 1 0],0.0,0,0.473,0.133,0.459,0.616
19,male,100,3.511,different,different,1,0,0,model,[0 1 0],0.0,3,0.473,0.151,1.809,0.929
19,male,0,1.623,different,different,1,0,0,model,[0 1 0],0.0,3,0.473,0.1,0.159,0.741
19,male,150,5.675,different,different,1,0,0,model,[0 1 0],0.0,3,0.473,0.241,3.609,1.202
19,male,150,3.915,different,different,1,0,0,model,[0 1 0],0.0,3,0.473,0.251,1.809,1.232
19,male,50,2.094,same,same,1,0,0,model,[0 1 0],0.0,0,0.473,0.168,0.759,0.694
19,male,150,4.771,different,different,1,0,0,model,[0 1 0],0.0,3,0.473,0.276,2.559,1.314
19,male,100,2.593,same,same,1,0,0,model,[0 1 0],0.0,0,0.473,0.229,1.059,0.832
19,male,0,1.623,different,different,1,0,0,model,[0 1 0],0.0,3,0.473,0.1,0.159,0.741
19,male,0,1.273,same,same,1,0,0,model,[0 1 0],0.0,0,0.473,0.1,0.159,0.541
19,male,50,2.511,different,different,1,0,0,model,[0 1 0],0.0,3,0.473,0.152,0.759,0.978
19,male,50,2.513,different,different,1,0,0,model,[0 1 0],0.0,3,0.473,0.152,0.759,0.979
19,male,0,1.273,same,same,1,0,0,model,[0 1 0],0.0,0,0.473,0.1,0.159,0.541
19,male,0,1.623,same,different,0,1,0,model,[0 1 0],0.0,3,0.473,0.1,0.159,0.741
19,male,50,2.816,different,different,1,0,0,model,[0 1 0],0.0,3,0.473,0.153,1.059,0.982
19,male,100,2.283,same,same,1,0,0,model,[0 1 0],0.0,0,0.473,0.226,0.759,0.825
19,male,50,1.881,same,same,1,0,0,model,[0 1 0],0.0,0,0.473,0.149,0.609,0.651
19,male,50,2.61,different,different,1,0,0,model,[0 1 0],0.0,3,0.473,0.135,1.059,0.793
19,male,50,3.33,different,different,1,0,0,model,[0 1 0],0.0,3,0.473,0.164,1.509,1.034
19,male,0,1.623,different,different,1,0,0,model,[0 1 0],0.0,3,0.473,0.1,0.159,0.741
19,male,50,1.723,same,same,1,0,0,model,[0 1 0],0.0,0,0.473,0.146,0.459,0.645
19,male,0,1.273,same,same,1,0,0,model,[0 1 0],0.0,0,0.473,0.1,0.159,0.541
19,male,150,3.268,same,same,1,0,0,model,[0 1 0],0.0,0,0.473,0.252,1.659,0.884
19,male,50,2.7,different,different,1,0,0,model,[0 1 0],0.0,3,0.473,0.132,1.059,0.887
19,male,0,1.623,different,different,1,0,0,model,[0 1 0],0.0,3,0.473,0.1,0.159,0.741
19,male,100,2.946,same,same,1,0,0,model,[0 1 0],0.0,0,0.473,0.2,1.509,0.765
19,male,150,3.459,same,same,1,0,0,model,[0 1 0],0.0,0,0.473,0.265,1.809,0.912
19,male,0,1.623,different,different,1,0,0,model,[0 1 0],0.0,3,0.473,0.1,0.159,0.741
19,male,150,3.057,same,same,1,0,0,model,[0 1 0],0.0,0,0.473,0.28,1.359,0.946
19,male,100,2.771,same,same,1,0,0,model,[0 1 0],0.0,0,0.473,0.192,1.359,0.748
19,male,0,1.623,different,different,1,0,0,model,[0 1 0],0.0,3,0.473,0.1,0.159,0.741
19,male,100,2.825,same,same,1,0,0,model,[0 1 0],0.0,0,0.473,0.209,1.359,0.785
19,male,50,2.755,different,different,1,0,0,model,[0 1 0],0.0,3,0.473,0.169,0.909,1.054
19,male,100,2.534,same,same,1,0,0,model,[0 1 0],0.0,0,0.473,0.211,1.059,0.791
19,male,0,1.273,same,same,1,0,0,model,[0 1 0],0.0,0,0.473,0.1,0.159,0.541
19,male,50,1.871,same,same,1,0,0,model,[0 1 0],0.0,0,0.473,0.145,0.609,0.643
19,male,0,1.273,same,same,1,0,0,model,[0 1 0],0.0,0,0.473,0.1,0.159,0.541
19,male,0,1.273,same,same,1,0,0,model,[0 1 0],0.0,0,0.473,0.1,0.159,0.541
19,male,0,1.623,different,different,1,0,0,model,[0 1 0],0.0,3,0.473,0.1,0.159,0.741
19,male,100,5.033,different,different,1,0,0,model,[0 1 0],0.0,3,0.473,0.204,3.309,0.897
19,male,0,1.273,same,same,1,0,0,model,[0 1 0],0.0,0,0.473,0.1,0.159,0.541
19,male,150,3.812,different,different,1,0,0,model,[0 1 0],0.0,3,0.473,0.262,1.659,1.268
19,male,0,1.273,same,same,1,0,0,model,[0 1 0],0.0,0,0.473,0.1,0.159,0.541
19,male,50,2.05,same,same,1,0,0,model,[0 1 0],0.0,0,0.473,0.155,0.759,0.664
19,male,100,4.501,different,different,1,0,0,model,[0 1 0],0.0,3,0.473,0.231,2.709,0.938
19,male,0,1.273,same,same,1,0,0,model,[0 1 0],0.0,0,0.473,0.1,0.159,0.541
19,male,100,2.047,same,same,1,0,0,model,[0 1 0],0.0,0,0.473,0.154,0.759,0.662
19,male,100,3.062,different,different,1,0,0,model,[0 1 0],0.0,3,0.473,0.183,1.209,1.047
19,male,100,3.385,same,different,0,1,0,model,[0 1 0],0.0,3,0.473,0.22,1.359,1.183
19,male,0,1.273,same,same,1,0,0,model,[0 1 0],0.0,0,0.473,0.1,0.159,0.541
19,male,150,4.679,different,different,1,0,0,model,[0 1 0],0.0,3,0.473,0.254,2.559,1.243
19,male,50,2.939,different,different,1,0,0,model,[0 1 0],0.0,3,0.473,0.148,1.209,0.96
19,male,100,4.273,different,different,1,0,0,model,[0 1 0],0.0,3,0.473,0.218,2.259,1.174
19,male,0,1.273,same,same,1,0,0,model,[0 1 0],0.0,0,0.473,0.1,0.159,0.541
19,male,50,3.241,different,different,1,0,0,model,[0 1 0],0.0,3,0.473,0.148,1.509,0.961
19,male,0,1.623,different,different,1,0,0,model,[0 1 0],0.0,3,0.473,0.1,0.159,0.741
19,male,100,3.062,same,different,0,1,0,model,[0 1 0],0.0,3,0.473,0.196,1.359,0.885
19,male,150,4.213,different,different,1,0,0,model,[0 1 0],0.0,3,0.473,0.215,2.259,1.116
19,male,50,2.568,different,different,1,0,0,model,[0 1 0],0.0,3,0.473,0.162,0.759,1.024
19,male,0,1.273,same,same,1,0,0,model,[0 1 0],0.0,0,0.473,0.1,0.159,0.541
19,male,0,1.623,different,different,1,0,0,model,[0 1 0],0.0,3,0.473,0.1,0.159,0.741
19,male,0,1.623,different,different,1,0,0,model,[0 1 0],0.0,3,0.473,0.1,0.159,0.741
19,male,0,1.623,different,different,1,0,0,model,[0 1 0],0.0,3,0.473,0.1,0.159,0.741
19,male,50,3.27,different,different,1,0,0,model,[0 1 0],0.0,3,0.473,0.153,1.509,0.985
19,male,100,2.195,same,same,1,0,0,model,[0 1 0],0.0,0,0.473,0.199,0.759,0.764
19,male,0,1.273,same,same,1,0,0,model,[0 1 0],0.0,0,0.473,0.1,0.159,0.541
19,male,100,2.373,same,same,1,0,0,model,[0 1 0],0.0,0,0.473,0.208,0.909,0.783
19,male,50,2.973,different,different,1,0,0,model,[0 1 0],0.0,3,0.473,0.154,1.209,0.987
19,male,50,2.039,same,same,1,0,0,model,[0 1 0],0.0,0,0.473,0.151,0.759,0.656
19,male,0,1.623,different,different,1,0,0,model,[0 1 0],0.0,3,0.473,0.1,0.159,0.741
19,male,100,2.181,same,same,1,0,0,model,[0 1 0],0.0,0,0.473,0.195,0.759,0.754
19,male,150,4.987,different,different,1,0,0,model,[0 1 0],0.0,3,0.473,0.221,3.009,1.134
19,male,50,2.936,different,different,1,0,0,model,[0 1 0],0.0,3,0.473,0.147,1.209,0.957
19,male,50,2.036,same,same,1,0,0,model,[0 1 0],0.0,0,0.473,0.15,0.759,0.654
19,male,50,2.689,different,different,1,0,0,model,[0 1 0],0.0,3,0.473,0.13,1.059,0.878
19,male,50,2.851,different,different,1,0,0,model,[0 1 0],0.0,3,0.473,0.159,1.059,1.01
19,male,150,3.823,different,different,1,0,0,model,[0 1 0],0.0,3,0.473,0.229,1.809,1.162
19,male,100,4.216,different,different,1,0,0,model,[0 1 0],0.0,3,0.473,0.205,2.259,1.128
19,male,0,1.273,same,same,1,0,0,model,[0 1 0],0.0,0,0.473,0.1,0.159,0.541
19,male,150,3.119,same,same,1,0,0,model,[0 1 0],0.0,0,0.473,0.253,1.509,0.884
19,male,100,2.414,same,same,1,0,0,model,[0 1 0],0.0,0,0.473,0.22,0.909,0.812
19,male,0,1.623,different,different,1,0,0,model,[0 1 0],0.0,3,0.473,0.1,0.159,0.741
19,male,150,2.697,same,same,1,0,0,model,[0 1 0],0.0,0,0.473,0.261,1.059,0.904
19,male,150,4.329,different,different,1,0,0,model,[0 1 0],0.0,3,0.473,0.242,2.259,1.205
19,male,0,1.273,same,same,1,0,0,model,[0 1 0],0.0,0,0.473,0.1,0.159,0.541
19,male,150,4.538,different,different,1,0,0,model,[0 1 0],0.0,3,0.473,0.221,2.559,1.136
19,male,100,2.261,same,same,1,0,0,model,[0 1 0],0.0,0,0.473,0.173,0.909,0.706
19,male,100,2.161,same,same,1,0,0,model,[0 1 0],0.0,0,0.473,0.189,0.759,0.741
20,female,0,1.563,same,same,1,0,0,model,[0 1 0],0.0,0,0.644,0.1,0.188,0.632
20,female,0,1.563,same,same,1,0,0,model,[0 1 0],0.0,0,0.644,0.1,0.188,0.632
20,female,100,2.82,same,same,1,0,0,model,[0 1 0],0.0,0,0.644,0.21,1.088,0.879
20,female,150,3.971,same,same,1,0,0,model,[0 1 0],0.0,0,0.644,0.241,2.138,0.948
20,female,0,1.563,same,same,1,0,0,model,[0 1 0],0.0,0,0.644,0.1,0.188,0.632
20,female,100,4.43,different,different,1,0,0,model,[0 1 0],0.0,3,0.644,0.189,2.288,1.159
20,female,150,3.416,same,same,1,0,0,model,[0 1 0],0.0,0,0.644,0.301,1.388,1.084
20,female,100,7.416,same,different,0,1,0,model,[0 1 0],0.0,3,0.644,0.186,5.288,1.148
20,female,150,4.727,different,different,1,0,0,model,[0 1 0],0.0,3,0.644,0.197,2.588,1.148
20,female,0,1.563,same,same,1,0,0,model,[0 1 0],0.0,0,0.644,0.1,0.188,0.632
20,female,100,2.381,same,same,1,0,0,model,[0 1 0],0.0,0,0.644,0.213,0.638,0.886
20,female,100,3.768,different,different,1,0,0,model,[0 1 0],0.0,3,0.644,0.208,1.538,1.228
20,female,100,2.229,same,same,1,0,0,model,[0 1 0],0.0,0,0.644,0.166,0.638,0.781
20,female,0,1.563,same,same,1,0,0,model,[0 1 0],0.0,0,0.644,0.1,0.188,0.632
20,female,150,4.244,different,different,1,0,0,model,[0 1 0],0.0,3,0.644,0.26,1.838,1.352
20,female,50,2.006,same,same,1,0,0,model,[0 1 0],0.0,0,0.644,0.144,0.488,0.73
20,female,0,1.563,same,same,1,0,0,model,[0 1 0],0.0,0,0.644,0.1,0.188,0.632
20,female,150,4.068,different,different,1,0,0,model,[0 1 0],0.0,3,0.644,0.289,1.538,1.447
20,female,0,1.913,different,different,1,0,0,model,[0 1 0],0.0,3,0.644,0.1,0.188,0.832
20,female,150,3.622,same,same,1,0,0,model,[0 1 0],0.0,0,0.644,0.272,1.688,1.018
20,female,100,2.283,same,same,1,0,0,model,[0 1 0],0.0,0,0.644,0.183,0.638,0.818
20,female,150,3.931,different,different,1,0,0,model,[0 1 0],0.0,3,0.644,0.292,1.388,1.458
20,female,150,2.834,same,same,1,0,0,model,[0 1 0],0.0,0,0.644,0.26,0.938,0.992
20,female,50,2.033,same,same,1,0,0,model,[0 1 0],0.0,0,0.644,0.152,0.488,0.749
20,female,0,1.563,same,same,1,0,0,model,[0 1 0],0.0,0,0.644,0.1,0.188,0.632
20,female,150,3.911,different,different,1,0,0,model,[0 1 0],0.0,3,0.644,0.239,1.838,1.04
20,female,100,2.764,same,same,1,0,0,model,[0 1 0],0.0,0,0.644,0.192,1.088,0.84
20,female,50,2.626,same,same,1,0,0,model,[0 1 0],0.0,0,0.644,0.15,1.088,0.744
20,female,0,1.563,same,same,1,0,0,model,[0 1 0],0.0,0,0.644,0.1,0.188,0.632
20,female,100,4.144,different,different,1,0,0,model,[0 1 0],0.0,3,0.644,0.224,1.838,1.288
20,female,50,3.054,different,different,1,0,0,model,[0 1 0],0.0,3,0.644,0.143,1.088,1.029
20,female,0,1.913,different,different,1,0,0,model,[0 1 0],0.0,3,0.644,0.1,0.188,0.832
20,female,150,4.463,different,different,1,0,0,model,[0 1 0],0.0,3,0.644,0.241,2.138,1.291
20,female,0,1.563,same,same,1,0,0,model,[0 1 0],0.0,0,0.644,0.1,0.188,0.632
20,female,0,1.913,different,different,1,0,0,model,[0 1 0],0.0,3,0.644,0.1,0.188,0.832
20,female,0,1.913,different,different,1,0,0,model,[0 1 0],0.0,3,0.644,0.1,0.188,0.832
20,female,100,2.624,same,same,1,0,0,model,[0 1 0],0.0,0,0.644,0.196,0.938,0.847
20,female,0,1.563,same,same,1,0,0,model,[0 1 0],0.0,0,0.644,0.1,0.188,0.632
20,female,50,2.056,same,same,1,0,0,model,[0 1 0],0.0,0,0.644,0.159,0.488,0.765
20,female,0,1.913,different,different,1,0,0,model,[0 1 0],0.0,3,0.644,0.1,0.188,0.832
20,female,100,2.815,same,same,1,0,0,model,[0 1 0],0.0,0,0.644,0.208,1.088,0.875
20,female,50,2.331,same,same,1,0,0,model,[0 1 0],0.0,0,0.644,0.152,0.788,0.748
20,female,100,3.066,different,different,1,0,0,model,[0 1 0],0.0,3,0.644,0.201,1.088,0.983
20,female,150,3.1,same,same,1,0,0,model,[0 1 0],0.0,0,0.644,0.25,1.238,0.968
20,female,0,1.913,different,different,1,0,0,model,[0 1 0],0.0,3,0.644,0.1,0.188,0.832
20,female,0,1.913,different,different,1,0,0,model,[0 1 0],0.0,3,0.644,0.1,0.188,0.832
20,female,50,2.172,same,same,1,0,0,model,[0 1 0],0.0,0,0.644,0.149,0.638,0.741
20,female,50,2.887,same,different,0,1,0,model,[0 1 0],0.0,3,0.644,0.129,1.088,0.876
20,female,100,3.654,different,different,1,0,0,model,[0 1 0],0.0,3,0.644,0.184,1.538,1.138
20,female,50,3.172,different,different,1,0,0,model,[0 1 0],0.0,3,0.644,0.137,1.238,1.003
20,female,100,2.624,same,same,1,0,0,model,[0 1 0],0.0,0,0.644,0.196,0.938,0.847
20,female,0,1.563,same,same,1,0,0,model,[0 1 0],0.0,0,0.644,0.1,0.188,0.632
20,female,100,3.234,same,same,1,0,0,model,[0 1 0],0.0,0,0.644,0.199,1.538,0.853
20,female,100,4.544,different,different,1,0,0,model,[0 1 0],0.0,3,0.644,0.214,2.288,1.249
20,female,50,2.215,same,same,1,0,0,model,[0 1 0],0.0,0,0.644,0.162,0.638,0.771
20,female,0,1.913,different,different,1,0,0,model,[0 1 0],0.0,3,0.644,0.1,0.188,0.832
20,female,50,2.159,same,same,1,0,0,model,[0 1 0],0.0,0,0.644,0.145,0.638,0.732
20,female,50,3.155,different,different,1,0,0,model,[0 1 0],0.0,3,0.644,0.134,1.238,0.989
20,female,100,2.611,same,same,1,0,0,model,[0 1 0],0.0,0,0.644,0.192,0.938,0.838
20,female,150,4.571,different,different,1,0,0,model,[0 1 0],0.0,3,0.644,0.196,2.438,1.144
20,female,150,3.98,different,different,1,0,0,model,[0 1 0],0.0,3,0.644,0.268,1.538,1.38
20,female,50,2.131,same,same,1,0,0,model,[0 1 0],0.0,0,0.644,0.136,0.638,0.713
20,female,150,2.695,same,same,1,0,0,model,[0 1 0],0.0,0,0.644,0.264,0.788,1.0
20,female,0,1.913,same,different,0,1,0,model,[0 1 0],0.0,3,0.644,0.1,0.188,0.832
20,female,0,1.913,different,different,1,0,0,model,[0 1 0],0.0,3,0.644,0.1,0.188,0.832
20,female,150,3.662,same,same,1,0,0,model,[0 1 0],0.0,0,0.644,0.238,1.838,0.942
20,female,50,2.121,same,same,1,0,0,model,[0 1 0],0.0,0,0.644,0.133,0.638,0.706
20,female,0,1.913,different,different,1,0,0,model,[0 1 0],0.0,3,0.644,0.1,0.188,0.832
20,female,150,3.232,same,same,1,0,0,model,[0 1 0],0.0,0,0.644,0.29,1.238,1.06
20,female,0,1.913,same,different,0,1,0,model,[0 1 0],0.0,3,0.644,0.1,0.188,0.832
20,female,0,1.563,same,same,1,0,0,model,[0 1 0],0.0,0,0.644,0.1,0.188,0.632
20,female,50,2.588,same,same,1,0,0,model,[0 1 0],0.0,0,0.644,0.138,1.088,0.718
20,female,0,1.563,same,same,1,0,0,model,[0 1 0],0.0,0,0.644,0.1,0.188,0.632
20,female,0,1.913,different,different,1,0,0,model,[0 1 0],0.0,3,0.644,0.1,0.188,0.832
20,female,150,3.653,same,same,1,0,0,model,[0 1 0],0.0,0,0.644,0.235,1.838,0.936
20,female,50,2.979,different,different,1,0,0,model,[0 1 0],0.0,3,0.644,0.157,0.938,1.09
20,female,100,4.949,different,different,1,0,0,model,[0 1 0],0.0,3,0.644,0.204,2.738,1.213
20,female,0,1.563,same,same,1,0,0,model,[0 1 0],0.0,0,0.644,0.1,0.188,0.632
20,female,150,3.152,same,same,1,0,0,model,[0 1 0],0.0,0,0.644,0.266,1.238,1.004
20,female,0,1.563,same,same,1,0,0,model,[0 1 0],0.0,0,0.644,0.1,0.188,0.632
20,female,150,3.629,same,same,1,0,0,model,[0 1 0],0.0,0,0.644,0.228,1.838,0.919
20,female,50,2.193,same,same,1,0,0,model,[0 1 0],0.0,0,0.644,0.155,0.638,0.756
20,female,0,1.563,same,same,1,0,0,model,[0 1 0],0.0,0,0.644,0.1,0.188,0.632
20,female,100,2.545,same,same,1,0,0,model,[0 1 0],0.0,0,0.644,0.171,0.938,0.792
20,female,100,4.707,different,different,1,0,0,model,[0 1 0],0.0,3,0.644,0.184,2.588,1.141
20,female,150,4.957,different,different,1,0,0,model,[0 1 0],0.0,3,0.644,0.251,2.588,1.324
20,female,50,3.332,different,different,1,0,0,model,[0 1 0],0.0,3,0.644,0.166,1.238,1.134
20,female,150,4.572,different,different,1,0,0,model,[0 1 0],0.0,3,0.644,0.264,2.438,1.077
20,female,0,1.913,different,different,1,0,0,model,[0 1 0],0.0,3,0.644,0.1,0.188,0.832
20,female,150,3.179,same,same,1,0,0,model,[0 1 0],0.0,0,0.644,0.274,1.238,1.023
20,female,100,2.886,same,same,1,0,0,model,[0 1 0],0.0,0,0.644,0.184,1.238,0.82
20,female,100,2.681,same,same,1,0,0,model,[0 1 0],0.0,0,0.644,0.213,0.938,0.886
20,female,150,4.585,same,different,0,1,0,model,[0 1 0],0.0,3,0.644,0.269,2.138,1.384
20,female,150,7.854,different,different,1,0,0,model,[0 1 0],0.0,3,0.644,0.192,5.738,1.13
20,female,50,2.967,different,different,1,0,0,model,[0 1 0],0.0,3,0.644,0.155,0.938,1.081
20,female,100,3.483,different,different,1,0,0,model,[0 1 0],0.0,3,0.644,0.188,1.538,0.963
21,female,0,1.144,same,same,1,0,0,model,[0 1 0],0.0,0,0.27,0.1,0.14,0.634
21,female,50,1.78,same,same,1,0,0,model,[0 1 0],0.0,0,0.27,0.157,0.59,0.763
21,female,0,1.144,same,same,1,0,0,model,[0 1 0],0.0,0,0.27,0.1,0.14,0.634
21,female,0,1.294,same,different,0,1,0,model,[0 1 0],0.0,2,0.27,0.1,0.14,0.684
21,female,0,1.144,same,same,1,0,0,model,[0 1 0],0.0,0,0.27,0.1,0.14,0.634
21,female,100,3.346,different,different,1,0,0,model,[0 1 0],0.0,2,0.27,0.2,1.79,0.985
21,female,50,1.871,same,same,1,0,0,model,[0 1 0],0.0,0,0.27,0.139,0.74,0.722
21,female,0,1.144,same,same,1,0,0,model,[0 1 0],0.0,0,0.27,0.1,0.14,0.634
21,female,100,2.185,same,same,1,0,0,model,[0 1 0],0.0,0,0.27,0.19,0.89,0.836
21,female,0,1.144,same,same,1,0,0,model,[0 1 0],0.0,0,0.27,0.1,0.14,0.634
21,female,150,2.784,same,same,1,0,0,model,[0 1 0],0.0,0,0.27,0.235,1.34,0.939
21,female,50,3.721,different,different,1,0,0,model,[0 1 0],0.0,2,0.27,0.142,2.39,0.819
21,female,150,3.209,same,same,1,0,0,model,[0 1 0],0.0,0,0.27,0.227,1.79,0.921
21,female,100,2.998,different,different,1,0,0,model,[0 1 0],0.0,2,0.27,0.188,1.49,0.95
21,female,150,4.529,different,different,1,0,0,model,[0 1 0],0.0,2,0.27,0.319,2.54,1.3
21,female,100,3.448,same,same,1,0,0,model,[0 1 0],0.0,0,0.27,0.209,2.09,0.879
21,female,50,1.9,same,same,1,0,0,model,[0 1 0],0.0,0,0.27,0.148,0.74,0.742
21,female,50,3.202,different,different,1,0,0,model,[0 1 0],0.0,2,0.27,0.125,1.94,0.766
21,female,0,1.144,same,same,1,0,0,model,[0 1 0],0.0,0,0.27,0.1,0.14,0.634
21,female,150,3.72,different,different,1,0,0,model,[0 1 0],0.0,2,0.27,0.186,2.24,0.925
21,female,100,3.26,same,different,0,1,0,model,[0 1 0],0.0,2,0.27,0.179,1.79,0.921
21,female,0,1.294,different,different,1,0,0,model,[0 1 0],0.0,2,0.27,0.1,0.14,0.684
21,female,50,2.593,different,different,1,0,0,model,[0 1 0],0.0,2,0.27,0.159,1.19,0.874
21,female,0,1.144,same,same,1,0,0,model,[0 1 0],0.0,0,0.27,0.1,0.14,0.634
21,female,150,6.256,different,different,1,0,0,model,[0 1 0],0.0,2,0.27,0.285,4.64,0.961
21,female,150,3.022,same,same,1,0,0,model,[0 1 0],0.0,0,0.27,0.262,1.49,0.999
21,female,150,2.234,same,same,1,0,0,model,[0 1 0],0.0,0,0.27,0.205,0.89,0.87
21,female,150,3.822,same,same,1,0,0,model,[0 1 0],0.0,1,0.27,0.24,1.79,1.472
21,female,100,3.53,different,different,1,0,0,model,[0 1 0],0.0,2,0.27,0.209,1.94,1.011
21,female,150,4.203,different,different,1,0,0,model,[0 1 0],0.0,2,0.27,0.234,2.54,1.059
21,female,50,2.586,different,different,1,0,0,model,[0 1 0],0.0,2,0.27,0.157,1.19,0.869
21,female,50,2.246,same,same,1,0,0,model,[0 1 0],0.0,0,0.27,0.162,1.04,0.774
21,female,150,2.489,same,same,1,0,0,model,[0 1 0],0.0,0,0.27,0.283,0.89,1.046
21,female,150,4.45,different,different,1,0,0,model,[0 1 0],0.0,2,0.27,0.22,2.84,1.021
21,female,50,2.55,different,different,1,0,0,model,[0 1 0],0.0,2,0.27,0.149,1.19,0.841
21,female,150,2.507,same,same,1,0,0,model,[0 1 0],0.0,0,0.27,0.242,1.04,0.954
21,female,0,1.144,same,same,1,0,0,model,[0 1 0],0.0,0,0.27,0.1,0.14,0.634
21,female,0,1.294,different,different,1,0,0,model,[0 1 0],0.0,2,0.27,0.1,0.14,0.684
21,female,100,4.837,different,different,1,0,0,model,[0 1 0],0.0,2,0.27,0.161,3.44,0.866
21,female,0,1.294,different,different,1,0,0,model,[0 1 0],0.0,2,0.27,0.1,0.14,0.684
21,female,100,2.212,same,same,1,0,0,model,[0 1 0],0.0,0,0.27,0.152,1.04,0.751
21,female,50,1.704,same,same,1,0,0,model,[0 1 0],0.0,0,0.27,0.134,0.59,0.71
21,female,100,3.469,different,different,1,0,0,model,[0 1 0],0.0,2,0.27,0.19,2.09,0.819
21,female,150,3.444,different,different,1,0,0,model,[0 1 0],0.0,2,0.27,0.271,1.64,1.164
21,female,0,1.294,same,different,0,1,0,model,[0 1 0],0.0,2,0.27,0.1,0.14,0.684
21,female,150,3.407,same,same,1,0,0,model,[0 1 0],0.0,0,0.27,0.242,1.94,0.955
21,female,150,3.026,same,same,1,0,0,model,[0 1 0],0.0,0,0.27,0.264,1.49,1.002
21,female,0,1.144,same,same,1,0,0,model,[0 1 0],0.0,0,0.27,0.1,0.14,0.634
21,female,150,3.548,different,different,1,0,0,model,[0 1 0],0.0,2,0.27,0.18,2.09,0.908
21,female,50,1.775,same,same,1,0,0,model,[0 1 0],0.0,0,0.27,0.156,0.59,0.76
21,female,50,2.006,same,same,1,0,0,model,[0 1 0],0.0,0,0.27,0.134,0.89,0.711
21,female,0,1.144,same,same,1,0,0,model,[0 1 0],0.0,0,0.27,0.1,0.14,0.634
21,female,100,2.376,same,same,1,0,0,model,[0 1 0],0.0,0,0.27,0.156,1.19,0.76
21,female,150,3.766,different,different,1,0,0,model,[0 1 0],0.0,2,0.27,0.316,1.79,1.29
21,female,100,3.331,different,different,1,0,0,model,[0 1 0],0.0,2,0.27,0.197,1.79,0.974
21,female,100,3.068,different,different,1,0,0,model,[0 1 0],0.0,2,0.27,0.206,1.49,1.002
21,female,0,1.294,same,different,0,1,0,model,[0 1 0],0.0,2,0.27,0.1,0.14,0.684
21,female,0,1.144,same,same,1,0,0,model,[0 1 0],0.0,0,0.27,0.1,0.14,0.634
21,female,0,1.144,same,same,1,0,0,model,[0 1 0],0.0,0,0.27,0.1,0.14,0.634
21,female,100,2.587,same,same,1,0,0,model,[0 1 0],0.0,0,0.27,0.221,1.19,0.906
21,female,50,1.925,same,same,1,0,0,model,[0 1 0],0.0,0,0.27,0.156,0.74,0.76
21,female,150,4.254,different,different,1,0,0,model,[0 1 0],0.0,2,0.27,0.247,2.54,1.097
21,female,150,3.72,different,different,1,0,0,model,[0 1 0],0.0,2,0.27,0.264,1.94,1.145
21,female,100,2.059,same,same,1,0,0,model,[0 1 0],0.0,0,0.27,0.243,0.59,0.956
21,female,50,2.502,different,different,1,0,0,model,[0 1 0],0.0,2,0.27,0.163,1.19,0.779
21,female,50,2.743,different,different,1,0,0,model,[0 1 0],0.0,2,0.27,0.159,1.34,0.874
21,female,50,1.911,same,same,1,0,0,model,[0 1 0],0.0,0,0.27,0.151,0.74,0.749
21,female,50,1.591,same,same,1,0,0,model,[0 1 0],0.0,0,0.27,0.145,0.44,0.735
21,female,100,3.994,different,different,1,0,0,model,[0 1 0],0.0,2,0.27,0.175,2.54,0.909
21,female,0,1.294,same,different,0,1,0,model,[0 1 0],0.0,2,0.27,0.1,0.14,0.684
21,female,50,1.738,same,same,1,0,0,model,[0 1 0],0.0,0,0.27,0.144,0.59,0.733
21,female,150,2.49,same,same,1,0,0,model,[0 1 0],0.0,0,0.27,0.191,1.19,0.839
21,female,0,1.144,same,same,1,0,0,model,[0 1 0],0.0,0,0.27,0.1,0.14,0.634
21,female,0,1.144,same,same,1,0,0,model,[0 1 0],0.0,0,0.27,0.1,0.14,0.634
21,female,0,1.294,different,different,1,0,0,model,[0 1 0],0.0,2,0.27,0.1,0.14,0.684
21,female,0,1.144,same,same,1,0,0,model,[0 1 0],0.0,0,0.27,0.1,0.14,0.634
21,female,0,1.294,different,different,1,0,0,model,[0 1 0],0.0,2,0.27,0.1,0.14,0.684
21,female,150,4.664,different,different,1,0,0,model,[0 1 0],0.0,2,0.27,0.276,2.84,1.178
21,female,50,1.759,same,same,1,0,0,model,[0 1 0],0.0,0,0.27,0.151,0.59,0.748
21,female,100,3.197,same,different,0,1,0,model,[0 1 0],0.0,2,0.27,0.238,1.49,1.098
21,female,150,2.452,same,same,1,0,0,model,[0 1 0],0.0,0,0.27,0.225,1.04,0.916
21,female,0,1.294,different,different,1,0,0,model,[0 1 0],0.0,2,0.27,0.1,0.14,0.684
21,female,100,3.301,same,same,1,0,0,model,[0 1 0],0.0,1,0.27,0.228,1.49,1.263
21,female,100,3.427,different,different,1,0,0,model,[0 1 0],0.0,2,0.27,0.221,1.79,1.046
21,female,50,1.765,same,same,1,0,0,model,[0 1 0],0.0,0,0.27,0.152,0.59,0.752
21,female,150,2.132,same,same,1,0,0,model,[0 1 0],0.0,0,0.27,0.219,0.74,0.903
21,female,50,2.601,different,different,1,0,0,model,[0 1 0],0.0,2,0.27,0.161,1.19,0.88
21,female,150,4.104,same,different,0,1,0,model,[0 1 0],0.0,2,0.27,0.264,2.54,0.93
21,female,150,4.275,different,different,1,0,0,model,[0 1 0],0.0,2,0.27,0.292,2.39,1.223
21,female,0,1.294,different,different,1,0,0,model,[0 1 0],0.0,2,0.27,0.1,0.14,0.684
21,female,50,3.981,different,different,1,0,0,model,[0 1 0],0.0,2,0.27,0.155,2.69,0.766
21,female,100,2.206,same,same,1,0,0,model,[0 1 0],0.0,0,0.27,0.196,0.89,0.85
21,female,0,1.294,different,different,1,0,0,model,[0 1 0],0.0,2,0.27,0.1,0.14,0.684
21,female,100,2.577,same,same,1,0,0,model,[0 1 0],0.0,0,0.27,0.218,1.19,0.899
21,female,150,3.959,same,same,1,0,0,model,[0 1 0],0.0,0,0.27,0.227,2.54,0.921
21,female,50,2.535,same,same,1,0,0,model,[0 1 0],0.0,0,0.27,0.159,1.34,0.766
22,male,100,3.546,different,different,1,0,0,model,[0 1 0],0.0,3,0.365,0.169,1.766,1.096
22,male,100,3.4,different,different,1,0,0,model,[0 1 0],0.0,3,0.365,0.202,1.466,1.217
22,male,50,2.421,different,different,1,0,0,model,[0 1 0],0.0,3,0.365,0.139,0.866,0.901
22,male,0,1.223,same,same,1,0,0,model,[0 1 0],0.0,0,0.365,0.1,0.116,0.642
22,male,100,3.086,different,different,1,0,0,model,[0 1 0],0.0,3,0.365,0.225,1.316,1.03
22,male,50,3.707,same,different,0,1,0,model,[0 1 0],0.0,3,0.365,0.16,1.916,1.116
22,male,50,1.886,same,same,1,0,0,model,[0 1 0],0.0,0,0.365,0.165,0.566,0.789
22,male,150,3.961,different,different,1,0,0,model,[0 1 0],0.0,3,0.365,0.203,2.066,1.177
22,male,100,3.254,same,different,0,1,0,model,[0 1 0],0.0,3,0.365,0.203,1.316,1.22
22,male,150,4.147,different,different,1,0,0,model,[0 1 0],0.0,3,0.365,0.211,2.216,1.205
22,male,100,3.304,different,different,1,0,0,model,[0 1 0],0.0,3,0.365,0.182,1.466,1.142
22,male,100,2.567,same,same,1,0,0,model,[0 1 0],0.0,0,0.365,0.19,1.166,0.845
22,male,150,2.634,same,same,1,0,0,model,[0 1 0],0.0,0,0.365,0.257,1.016,0.996
22,male,50,2.289,same,same,1,0,0,model,[0 1 0],0.0,0,0.365,0.151,1.016,0.757
22,male,100,3.297,different,different,1,0,0,model,[0 1 0],0.0,3,0.365,0.244,1.166,1.372
22,male,0,1.573,different,different,1,0,0,model,[0 1 0],0.0,3,0.365,0.1,0.116,0.842
22,male,50,3.077,different,different,1,0,0,model,[0 1 0],0.0,3,0.365,0.162,1.466,0.935
22,male,50,2.685,different,different,1,0,0,model,[0 1 0],0.0,3,0.365,0.138,1.016,1.016
22,male,100,3.079,same,same,1,0,0,model,[0 1 0],0.0,1,0.365,0.228,1.166,1.27
22,male,150,4.075,different,different,1,0,0,model,[0 1 0],0.0,3,0.365,0.265,1.916,1.379
22,male,50,3.007,different,different,1,0,0,model,[0 1 0],0.0,3,0.365,0.142,1.316,1.034
22,male,50,1.643,same,same,1,0,0,model,[0 1 0],0.0,0,0.365,0.137,0.416,0.725
22,male,100,4.126,different,different,1,0,0,model,[0 1 0],0.0,3,0.365,0.229,2.066,1.316
22,male,50,1.794,same,same,1,0,0,model,[0 1 0],0.0,0,0.365,0.137,0.566,0.725
22,male,100,4.735,different,different,1,0,0,model,[0 1 0],0.0,3,0.365,0.225,2.966,1.029
22,male,0,1.223,same,same,1,0,0,model,[0 1 0],0.0,0,0.365,0.1,0.116,0.642
22,male,50,2.663,different,different,1,0,0,model,[0 1 0],0.0,3,0.365,0.134,1.016,0.998
22,male,0,1.223,same,same,1,0,0,model,[0 1 0],0.0,0,0.365,0.1,0.116,0.642
22,male,0,1.573,different,different,1,0,0,model,[0 1 0],0.0,3,0.365,0.1,0.116,0.842
22,male,100,2.333,same,same,1,0,0,model,[0 1 0],0.0,0,0.365,0.211,0.866,0.891
22,male,100,2.267,same,same,1,0,0,model,[0 1 0],0.0,0,0.365,0.19,0.866,0.845
22,male,50,2.592,same,same,1,0,0,model,[0 1 0],0.0,0,0.365,0.152,1.316,0.759
22,male,100,2.2,same,same,1,0,0,model,[0 1 0],0.0,0,0.365,0.216,0.716,0.903
22,male,0,1.573,different,different,1,0,0,model,[0 1 0],0.0,3,0.365,0.1,0.116,0.842
22,male,50,5.421,different,different,1,0,0,model,[0 1 0],0.0,3,0.365,0.171,3.566,1.168
22,male,0,1.223,same,same,1,0,0,model,[0 1 0],0.0,0,0.365,0.1,0.116,0.642
22,male,100,2.588,same,same,1,0,0,model,[0 1 0],0.0,0,0.365,0.243,1.016,0.964
22,male,100,2.07,same,same,1,0,0,model,[0 1 0],0.0,0,0.365,0.176,0.716,0.813
22,male,100,4.534,different,different,1,0,0,model,[0 1 0],0.0,3,0.365,0.22,2.516,1.283
22,male,0,1.573,different,different,1,0,0,model,[0 1 0],0.0,3,0.365,0.1,0.116,0.842
22,male,0,1.223,same,same,1,0,0,model,[0 1 0],0.0,0,0.365,0.1,0.116,0.642
22,male,50,1.662,same,same,1,0,0,model,[0 1 0],0.0,0,0.365,0.143,0.416,0.738
22,male,100,4.358,different,different,1,0,0,model,[0 1 0],0.0,3,0.365,0.194,2.666,0.983
22,male,0,1.223,same,same,1,0,0,model,[0 1 0],0.0,0,0.365,0.1,0.116,0.642
22,male,150,5.041,different,different,1,0,0,model,[0 1 0],0.0,3,0.365,0.21,3.116,1.2
22,male,150,3.083,same,same,1,0,0,model,[0 1 0],0.0,0,0.365,0.211,1.616,0.891
22,male,150,3.214,same,same,1,0,0,model,[0 1 0],0.0,0,0.365,0.205,1.766,0.878
22,male,50,3.058,different,different,1,0,0,model,[0 1 0],0.0,3,0.365,0.154,1.466,0.923
22,male,0,1.223,same,same,1,0,0,model,[0 1 0],0.0,0,0.365,0.1,0.116,0.642
22,male,50,1.867,same,same,1,0,0,model,[0 1 0],0.0,0,0.365,0.16,0.566,0.776
22,male,0,1.223,same,same,1,0,0,model,[0 1 0],0.0,0,0.365,0.1,0.116,0.642
22,male,0,1.573,different,different,1,0,0,model,[0 1 0],0.0,3,0.365,0.1,0.116,0.842
22,male,0,1.223,same,same,1,0,0,model,[0 1 0],0.0,0,0.365,0.1,0.116,0.642
22,male,150,2.364,same,same,1,0,0,model,[0 1 0],0.0,0,0.365,0.22,0.866,0.913
22,male,50,2.802,different,different,1,0,0,model,[0 1 0],0.0,3,0.365,0.159,1.016,1.112
22,male,100,3.061,same,same,1,0,0,model,[0 1 0],0.0,0,0.365,0.204,1.616,0.876
22,male,150,2.541,same,same,1,0,0,model,[0 1 0],0.0,0,0.365,0.229,1.016,0.931
22,male,0,1.223,same,same,1,0,0,model,[0 1 0],0.0,0,0.365,0.1,0.116,0.642
22,male,150,3.875,different,different,1,0,0,model,[0 1 0],0.0,3,0.365,0.253,1.766,1.341
22,male,100,3.095,different,different,1,0,0,model,[0 1 0],0.0,3,0.365,0.201,1.166,1.213
22,male,100,8.641,different,different,1,0,0,model,[0 1 0],0.0,3,0.365,0.2,6.716,1.21
22,male,150,2.423,same,same,1,0,0,model,[0 1 0],0.0,0,0.365,0.238,0.866,0.953
22,male,50,1.719,same,same,1,0,0,model,[0 1 0],0.0,0,0.365,0.16,0.416,0.777
22,male,150,2.681,same,same,1,0,0,model,[0 1 0],0.0,0,0.365,0.179,1.316,0.82
22,male,50,2.432,different,different,1,0,0,model,[0 1 0],0.0,3,0.365,0.144,0.866,0.907
22,male,150,4.308,different,different,1,0,0,model,[0 1 0],0.0,3,0.365,0.249,2.216,1.328
22,male,100,1.907,same,same,1,0,0,model,[0 1 0],0.0,0,0.365,0.172,0.566,0.804
22,male,0,1.573,different,different,1,0,0,model,[0 1 0],0.0,3,0.365,0.1,0.116,0.842
22,male,150,2.866,same,same,1,0,0,model,[0 1 0],0.0,0,0.365,0.282,1.166,1.052
22,male,50,3.715,different,different,1,0,0,model,[0 1 0],0.0,3,0.365,0.161,1.916,1.123
22,male,0,1.223,same,same,1,0,0,model,[0 1 0],0.0,0,0.365,0.1,0.116,0.642
22,male,50,3.008,different,different,1,0,0,model,[0 1 0],0.0,3,0.365,0.169,1.166,1.158
22,male,50,2.287,different,different,1,0,0,model,[0 1 0],0.0,3,0.365,0.145,0.716,0.91
22,male,100,3.172,different,different,1,0,0,model,[0 1 0],0.0,3,0.365,0.199,1.466,0.991
22,male,0,1.573,different,different,1,0,0,model,[0 1 0],0.0,3,0.365,0.1,0.116,0.842
22,male,150,3.84,different,different,1,0,0,model,[0 1 0],0.0,3,0.365,0.245,1.766,1.314
22,male,150,4.028,different,different,1,0,0,model,[0 1 0],0.0,3,0.365,0.254,1.916,1.343
22,male,0,1.223,same,same,1,0,0,model,[0 1 0],0.0,0,0.365,0.1,0.116,0.642
22,male,50,1.821,same,same,1,0,0,model,[0 1 0],0.0,0,0.365,0.146,0.566,0.744
22,male,50,1.856,same,same,1,0,0,model,[0 1 0],0.0,0,0.365,0.156,0.566,0.769
22,male,50,2.747,different,different,1,0,0,model,[0 1 0],0.0,3,0.365,0.149,1.016,1.067
22,male,100,1.862,same,same,1,0,0,model,[0 1 0],0.0,0,0.365,0.158,0.566,0.773
22,male,50,2.849,different,different,1,0,0,model,[0 1 0],0.0,3,0.365,0.168,1.016,1.151
22,male,100,2.357,same,same,1,0,0,model,[0 1 0],0.0,0,0.365,0.218,0.866,0.908
22,male,150,5.267,different,different,1,0,0,model,[0 1 0],0.0,3,0.365,0.263,3.116,1.373
22,male,100,2.19,same,same,1,0,0,model,[0 1 0],0.0,0,0.365,0.213,0.716,0.896
22,male,50,2.732,different,different,1,0,0,model,[0 1 0],0.0,3,0.365,0.146,1.016,1.054
22,male,0,1.573,different,different,1,0,0,model,[0 1 0],0.0,3,0.365,0.1,0.116,0.842
22,male,50,2.772,different,different,1,0,0,model,[0 1 0],0.0,3,0.365,0.154,1.016,1.087
22,male,50,1.646,same,same,1,0,0,model,[0 1 0],0.0,0,0.365,0.138,0.416,0.727
22,male,150,5.602,different,different,1,0,0,model,[0 1 0],0.0,3,0.365,0.272,3.716,1.099
22,male,150,4.776,different,different,1,0,0,model,[0 1 0],0.0,3,0.365,0.218,2.816,1.226
22,male,0,1.573,different,different,1,0,0,model,[0 1 0],0.0,3,0.365,0.1,0.116,0.842
22,male,50,4.052,different,different,1,0,0,model,[0 1 0],0.0,3,0.365,0.141,2.366,1.03
22,male,100,3.49,different,different,1,0,0,model,[0 1 0],0.0,3,0.365,0.221,1.466,1.288
22,male,0,1.223,same,same,1,0,0,model,[0 1 0],0.0,0,0.365,0.1,0.116,0.642
23,female,0,1.598,same,different,0,1,0,model,[0 1 0],0.0,2,0.487,0.1,0.163,0.747
23,female,150,2.622,same,same,1,0,0,model,[0 1 0],0.0,0,0.487,0.231,0.913,0.992
23,female,0,1.598,different,different,1,0,0,model,[0 1 0],0.0,2,0.487,0.1,0.163,0.747
23,female,0,1.598,same,different,0,1,0,model,[0 1 0],0.0,2,0.487,0.1,0.163,0.747
23,female,150,3.293,same,same,1,0,0,model,[0 1 0],0.0,0,0.487,0.299,1.363,1.144
23,female,0,1.448,same,same,1,0,0,model,[0 1 0],0.0,0,0.487,0.1,0.163,0.697
23,female,50,2.213,same,same,1,0,0,model,[0 1 0],0.0,0,0.487,0.151,0.763,0.812
23,female,100,2.222,same,same,1,0,0,model,[0 1 0],0.0,0,0.487,0.154,0.763,0.818
23,female,50,3.403,different,different,1,0,0,model,[0 1 0],0.0,2,0.487,0.137,1.813,0.866
23,female,0,1.598,different,different,1,0,0,model,[0 1 0],0.0,2,0.487,0.1,0.163,0.747
23,female,100,3.736,same,different,0,1,0,model,[0 1 0],0.0,2,0.487,0.185,1.963,1.001
23,female,100,2.548,same,same,1,0,0,model,[0 1 0],0.0,0,0.487,0.208,0.913,0.94
23,female,150,2.901,same,same,1,0,0,model,[0 1 0],0.0,0,0.487,0.224,1.213,0.977
23,female,0,1.598,different,different,1,0,0,model,[0 1 0],0.0,2,0.487,0.1,0.163,0.747
23,female,100,3.469,same,same,1,0,0,model,[0 1 0],0.0,1,0.487,0.167,1.513,1.251
23,female,100,2.59,same,same,1,0,0,model,[0 1 0],0.0,0,0.487,0.175,1.063,0.865
23,female,50,2.08,same,same,1,0,0,model,[0 1 0],0.0,0,0.487,0.156,0.613,0.824
23,female,0,1.448,same,same,1,0,0,model,[0 1 0],0.0,0,0.487,0.1,0.163,0.697
23,female,0,1.448,same,same,1,0,0,model,[0 1 0],0.0,0,0.487,0.1,0.163,0.697
23,female,0,1.598,different,different,1,0,0,model,[0 1 0],0.0,2,0.487,0.1,0.163,0.747
23,female,0,1.598,different,different,1,0,0,model,[0 1 0],0.0,2,0.487,0.1,0.163,0.747
23,female,150,3.94,same,different,0,1,0,model,[0 1 0],0.0,2,0.487,0.203,2.113,1.037
23,female,50,2.885,same,different,0,1,0,model,[0 1 0],0.0,2,0.487,0.156,1.213,0.929
23,female,50,2.462,same,same,1,0,0,model,[0 1 0],0.0,0,0.487,0.135,1.063,0.777
23,female,150,2.93,same,same,1,0,0,model,[0 1 0],0.0,0,0.487,0.233,1.213,0.997
23,female,150,6.388,different,different,1,0,0,model,[0 1 0],0.0,2,0.487,0.216,4.663,0.922
23,female,150,2.963,same,same,1,0,0,model,[0 1 0],0.0,0,0.487,0.243,1.213,1.019
23,female,50,2.308,same,same,1,0,0,model,[0 1 0],0.0,0,0.487,0.134,0.913,0.774
23,female,150,3.593,same,different,0,1,0,model,[0 1 0],0.0,2,0.487,0.191,1.813,1.002
23,female,0,1.598,different,different,1,0,0,model,[0 1 0],0.0,2,0.487,0.1,0.163,0.747
23,female,100,2.227,same,same,1,0,0,model,[0 1 0],0.0,0,0.487,0.155,0.763,0.821
23,female,100,2.249,same,same,1,0,0,model,[0 1 0],0.0,0,0.487,0.208,0.613,0.94
23,female,100,2.752,same,same,1,0,0,model,[0 1 0],0.0,0,0.487,0.225,1.063,0.978
23,female,0,1.598,same,different,0,1,0,model,[0 1 0],0.0,2,0.487,0.1,0.163,0.747
23,female,100,2.437,same,same,1,0,0,model,[0 1 0],0.0,0,0.487,0.174,0.913,0.863
23,female,150,3.005,same,same,1,0,0,model,[0 1 0],0.0,0,0.487,0.256,1.213,1.049
23,female,150,2.679,same,same,1,0,0,model,[0 1 0],0.0,0,0.487,0.248,0.913,1.03
23,female,50,2.355,same,same,1,0,0,model,[0 1 0],0.0,0,0.487,0.148,0.913,0.806
23,female,0,1.448,same,same,1,0,0,model,[0 1 0],0.0,0,0.487,0.1,0.163,0.697
23,female,100,2.536,same,same,1,0,0,model,[0 1 0],0.0,0,0.487,0.204,0.913,0.932
23,female,0,1.598,same,different,0,1,0,model,[0 1 0],0.0,2,0.487,0.1,0.163,0.747
23,female,0,1.598,different,different,1,0,0,model,[0 1 0],0.0,2,0.487,0.1,0.163,0.747
23,female,150,3.086,same,same,1,0,0,model,[0 1 0],0.0,0,0.487,0.189,1.513,0.897
23,female,0,1.598,different,different,1,0,0,model,[0 1 0],0.0,2,0.487,0.1,0.163,0.747
23,female,150,3.707,different,different,1,0,0,model,[0 1 0],0.0,2,0.487,0.221,1.813,1.086
23,female,50,2.084,same,same,1,0,0,model,[0 1 0],0.0,0,0.487,0.157,0.613,0.826
23,female,0,1.598,different,different,1,0,0,model,[0 1 0],0.0,2,0.487,0.1,0.163,0.747
23,female,150,3.086,same,same,1,0,0,model,[0 1 0],0.0,0,0.487,0.189,1.513,0.897
23,female,100,3.499,same,same,1,0,0,model,[0 1 0],0.0,1,0.487,0.173,1.513,1.276
23,female,150,5.25,different,different,1,0,0,model,[0 1 0],0.0,2,0.487,0.271,3.163,1.228
23,female,150,3.092,same,same,1,0,0,model,[0 1 0],0.0,0,0.487,0.237,1.363,1.005
23,female,50,2.939,different,different,1,0,0,model,[0 1 0],0.0,2,0.487,0.169,1.213,0.97
23,female,0,1.448,same,same,1,0,0,model,[0 1 0],0.0,0,0.487,0.1,0.163,0.697
23,female,100,2.427,same,same,1,0,0,model,[0 1 0],0.0,0,0.487,0.171,0.913,0.857
23,female,150,3.122,same,same,1,0,0,model,[0 1 0],0.0,0,0.487,0.246,1.363,1.026
23,female,50,2.181,same,same,1,0,0,model,[0 1 0],0.0,0,0.487,0.141,0.763,0.79
23,female,150,2.716,same,same,1,0,0,model,[0 1 0],0.0,0,0.487,0.26,0.913,1.057
23,female,0,1.598,different,different,1,0,0,model,[0 1 0],0.0,2,0.487,0.1,0.163,0.747
23,female,50,2.302,same,same,1,0,0,model,[0 1 0],0.0,0,0.487,0.132,0.913,0.769
23,female,0,1.598,different,different,1,0,0,model,[0 1 0],0.0,2,0.487,0.1,0.163,0.747
23,female,0,1.448,same,same,1,0,0,model,[0 1 0],0.0,0,0.487,0.1,0.163,0.697
23,female,150,3.108,same,same,1,0,0,model,[0 1 0],0.0,0,0.487,0.242,1.363,1.016
23,female,100,3.521,different,different,1,0,0,model,[0 1 0],0.0,2,0.487,0.168,1.813,0.952
23,female,0,1.598,different,different,1,0,0,model,[0 1 0],0.0,2,0.487,0.1,0.163,0.747
23,female,0,1.448,same,same,1,0,0,model,[0 1 0],0.0,0,0.487,0.1,0.163,0.697
23,female,50,3.43,different,different,1,0,0,model,[0 1 0],0.0,2,0.487,0.143,1.813,0.887
23,female,50,2.29,same,same,1,0,0,model,[0 1 0],0.0,0,0.487,0.128,0.913,0.761
23,female,100,3.528,same,same,1,0,0,model,[0 1 0],0.0,1,0.487,0.212,1.513,1.266
23,female,150,3.747,different,different,1,0,0,model,[0 1 0],0.0,2,0.487,0.231,1.813,1.116
23,female,50,3.152,different,different,1,0,0,model,[0 1 0],0.0,2,0.487,0.149,1.513,0.904
23,female,0,1.448,same,same,1,0,0,model,[0 1 0],0.0,0,0.487,0.1,0.163,0.697
23,female,50,3.196,different,different,1,0,0,model,[0 1 0],0.0,2,0.487,0.159,1.513,0.937
23,female,50,2.761,same,different,0,1,0,model,[0 1 0],0.0,2,0.487,0.145,1.213,0.816
23,female,0,1.598,different,different,1,0,0,model,[0 1 0],0.0,2,0.487,0.1,0.163,0.747
23,female,150,2.857,same,same,1,0,0,model,[0 1 0],0.0,0,0.487,0.211,1.213,0.946
23,female,50,2.859,different,different,1,0,0,model,[0 1 0],0.0,2,0.487,0.15,1.213,0.909
23,female,100,2.367,same,same,1,0,0,model,[0 1 0],0.0,0,0.487,0.198,0.763,0.918
23,female,0,1.598,different,different,1,0,0,model,[0 1 0],0.0,2,0.487,0.1,0.163,0.747
23,female,150,4.04,same,different,0,1,0,model,[0 1 0],0.0,2,0.487,0.269,1.963,1.221
23,female,100,3.324,same,same,1,0,0,model,[0 1 0],0.0,0,0.487,0.17,1.813,0.854
23,female,50,3.392,same,different,0,1,0,model,[0 1 0],0.0,2,0.487,0.134,1.813,0.858
23,female,50,3.148,different,different,1,0,0,model,[0 1 0],0.0,2,0.487,0.147,1.513,0.9
23,female,50,2.009,same,same,1,0,0,model,[0 1 0],0.0,0,0.487,0.134,0.613,0.775
23,female,100,2.764,same,same,1,0,0,model,[0 1 0],0.0,0,0.487,0.228,1.063,0.986
23,female,150,4.691,same,different,0,1,0,model,[0 1 0],0.0,2,0.487,0.203,2.863,1.038
23,female,100,2.401,same,same,1,0,0,model,[0 1 0],0.0,0,0.487,0.209,0.763,0.942
23,female,150,3.202,same,same,1,0,0,model,[0 1 0],0.0,0,0.487,0.317,1.213,1.185
23,female,50,2.067,same,same,1,0,0,model,[0 1 0],0.0,0,0.487,0.152,0.613,0.815
23,female,50,2.011,same,same,1,0,0,model,[0 1 0],0.0,0,0.487,0.135,0.613,0.776
23,female,150,3.973,different,different,1,0,0,model,[0 1 0],0.0,2,0.487,0.29,1.813,1.282
23,female,0,1.598,different,different,1,0,0,model,[0 1 0],0.0,2,0.487,0.1,0.163,0.747
23,female,100,3.672,same,same,1,0,0,model,[0 1 0],0.0,1,0.487,0.205,1.513,1.418
23,female,100,2.939,same,same,1,0,0,model,[0 1 0],0.0,0,0.487,0.236,1.213,1.003
23,female,100,3.351,different,different,1,0,0,model,[0 1 0],0.0,2,0.487,0.201,1.513,1.05
23,female,0,1.598,different,different,1,0,0,model,[0 1 0],0.0,2,0.487,0.1,0.163,0.747
23,female,0,1.598,different,different,1,0,0,model,[0 1 0],0.0,2,0.487,0.1,0.163,0.747
24,female,0,1.673,different,different,1,0,0,model,[0 1 0],0.0,3,0.468,0.1,0.135,0.82
24,female,100,4.281,different,same,0,0,1,model,[0 1 0],0.0,3,0.468,0.209,2.235,1.219
24,female,50,1.834,same,same,1,0,0,model,[0 1 0],0.0,0,0.468,0.165,0.435,0.766
24,female,0,1.673,different,different,1,0,0,model,[0 1 0],0.0,3,0.468,0.1,0.135,0.82
24,female,0,1.673,different,different,1,0,0,model,[0 1 0],0.0,3,0.468,0.1,0.135,0.82
24,female,150,5.159,different,different,1,0,0,model,[0 1 0],0.0,3,0.468,0.284,2.835,1.422
24,female,50,2.587,different,different,1,0,0,model,[0 1 0],0.0,3,0.468,0.156,0.735,1.077
24,female,100,2.112,same,same,1,0,0,model,[0 1 0],0.0,0,0.468,0.204,0.585,0.855
24,female,100,2.378,same,same,1,0,0,model,[0 1 0],0.0,0,0.468,0.194,0.885,0.831
24,female,100,2.142,same,same,1,0,0,model,[0 1 0],0.0,0,0.468,0.214,0.585,0.876
24,female,100,3.319,different,different,1,0,0,model,[0 1 0],0.0,3,0.468,0.195,1.335,1.171
24,female,0,1.323,same,same,1,0,0,model,[0 1 0],0.0,0,0.468,0.1,0.135,0.62
24,female,50,1.987,same,same,1,0,0,model,[0 1 0],0.0,0,0.468,0.166,0.585,0.768
24,female,100,5.071,different,different,1,0,0,model,[0 1 0],0.0,3,0.468,0.217,2.985,1.251
24,female,0,1.323,same,same,1,0,0,model,[0 1 0],0.0,0,0.468,0.1,0.135,0.62
24,female,150,2.783,same,same,1,0,0,model,[0 1 0],0.0,0,0.468,0.272,1.035,1.008
24,female,150,3.311,different,different,1,0,0,model,[0 1 0],0.0,3,0.468,0.276,1.335,1.083
24,female,150,3.962,different,different,1,0,0,model,[0 1 0],0.0,3,0.468,0.25,1.785,1.309
24,female,150,2.27,same,same,1,0,0,model,[0 1 0],0.0,0,0.468,0.207,0.735,0.86
24,female,50,2.883,different,different,1,0,0,model,[0 1 0],0.0,3,0.468,0.156,1.035,1.074
24,female,100,2.072,same,same,1,0,0,model,[0 1 0],0.0,0,0.468,0.192,0.585,0.827
24,female,150,4.16,same,different,0,1,0,model,[0 1 0],0.0,3,0.468,0.297,1.785,1.461
24,female,100,4.068,different,different,1,0,0,model,[0 1 0],0.0,3,0.468,0.163,2.235,1.052
24,female,100,3.702,different,different,1,0,0,model,[0 1 0],0.0,3,0.468,0.181,1.785,1.118
24,female,50,2.596,same,different,0,1,0,model,[0 1 0],0.0,3,0.468,0.169,0.885,0.924
24,female,150,4.345,different,different,1,0,0,model,[0 1 0],0.0,3,0.468,0.209,2.535,0.983
24,female,100,2.735,same,same,1,0,0,model,[0 1 0],0.0,0,0.468,0.212,1.185,0.871
24,female,150,3.626,different,different,1,0,0,model,[0 1 0],0.0,3,0.468,0.242,1.485,1.281
24,female,150,7.272,different,different,1,0,0,model,[0 1 0],0.0,3,0.468,0.217,5.235,1.202
24,female,0,1.673,different,different,1,0,0,model,[0 1 0],0.0,3,0.468,0.1,0.135,0.82
24,female,150,7.732,different,different,1,0,0,model,[0 1 0],0.0,3,0.468,0.219,5.685,1.21
24,female,0,1.673,different,different,1,0,0,model,[0 1 0],0.0,3,0.468,0.1,0.135,0.82
24,female,150,3.627,different,different,1,0,0,model,[0 1 0],0.0,3,0.468,0.242,1.485,1.282
24,female,50,2.74,different,different,1,0,0,model,[0 1 0],0.0,3,0.468,0.157,0.885,1.08
24,female,100,3.016,different,different,1,0,0,model,[0 1 0],0.0,3,0.468,0.195,1.035,1.168
24,female,50,2.618,different,different,1,0,0,model,[0 1 0],0.0,3,0.468,0.162,0.735,1.103
24,female,150,4.162,different,different,1,0,0,model,[0 1 0],0.0,3,0.468,0.191,2.235,1.117
24,female,50,1.837,same,same,1,0,0,model,[0 1 0],0.0,0,0.468,0.166,0.435,0.768
24,female,150,2.412,same,same,1,0,0,model,[0 1 0],0.0,0,0.468,0.25,0.735,0.958
24,female,50,2.669,different,same,0,0,1,model,[0 1 0],0.0,3,0.468,0.155,1.185,0.711
24,female,100,2.403,same,same,1,0,0,model,[0 1 0],0.0,0,0.468,0.202,0.885,0.848
24,female,150,4.767,different,different,1,0,0,model,[0 1 0],0.0,3,0.468,0.298,2.385,1.466
24,female,0,1.323,same,same,1,0,0,model,[0 1 0],0.0,0,0.468,0.1,0.135,0.62
24,female,50,2.595,different,different,1,0,0,model,[0 1 0],0.0,3,0.468,0.158,0.735,1.084
24,female,0,1.673,different,different,1,0,0,model,[0 1 0],0.0,3,0.468,0.1,0.135,0.82
24,female,50,3.067,different,different,1,0,0,model,[0 1 0],0.0,3,0.468,0.135,1.335,0.979
24,female,100,2.081,same,same,1,0,0,model,[0 1 0],0.0,0,0.468,0.195,0.585,0.834
24,female,0,1.673,different,different,1,0,0,model,[0 1 0],0.0,3,0.468,0.1,0.135,0.82
24,female,0,1.323,same,same,1,0,0,model,[0 1 0],0.0,0,0.468,0.1,0.135,0.62
24,female,100,2.243,same,same,1,0,0,model,[0 1 0],0.0,0,0.468,0.198,0.735,0.841
24,female,100,5.553,different,different,1,0,0,model,[0 1 0],0.0,3,0.468,0.192,3.885,0.858
24,female,150,3.32,same,same,1,0,0,model,[0 1 0],0.0,0,0.468,0.299,1.485,1.068
24,female,100,3.091,different,different,1,0,0,model,[0 1 0],0.0,3,0.468,0.187,1.335,0.951
24,female,0,1.323,same,same,1,0,0,model,[0 1 0],0.0,0,0.468,0.1,0.135,0.62
24,female,50,3.131,different,different,1,0,0,model,[0 1 0],0.0,3,0.468,0.173,1.185,1.155
24,female,150,2.426,same,same,1,0,0,model,[0 1 0],0.0,0,0.468,0.255,0.735,0.969
24,female,150,4.233,same,same,1,0,0,model,[0 1 0],0.0,1,0.468,0.237,2.235,1.244
24,female,0,1.323,same,same,1,0,0,model,[0 1 0],0.0,0,0.468,0.1,0.135,0.62
24,female,100,1.939,same,same,1,0,0,model,[0 1 0],0.0,0,0.468,0.151,0.585,0.735
24,female,150,2.563,same,same,1,0,0,model,[0 1 0],0.0,0,0.468,0.297,0.735,1.063
24,female,100,2.734,same,same,1,0,0,model,[0 1 0],0.0,0,0.468,0.211,1.185,0.87
24,female,50,1.848,same,same,1,0,0,model,[0 1 0],0.0,0,0.468,0.169,0.435,0.776
24,female,100,2.504,same,same,1,0,0,model,[0 1 0],0.0,0,0.468,0.187,1.035,0.815
24,female,0,1.673,different,different,1,0,0,model,[0 1 0],0.0,3,0.468,0.1,0.135,0.82
24,female,50,1.796,same,same,1,0,0,model,[0 1 0],0.0,0,0.468,0.153,0.435,0.74
24,female,150,5.114,different,different,1,0,0,model,[0 1 0],0.0,3,0.468,0.239,2.985,1.273
24,female,50,3.787,different,different,1,0,0,model,[0 1 0],0.0,3,0.468,0.156,1.935,1.078
24,female,0,1.323,same,same,1,0,0,model,[0 1 0],0.0,0,0.468,0.1,0.135,0.62
24,female,0,1.673,different,different,1,0,0,model,[0 1 0],0.0,3,0.468,0.1,0.135,0.82
24,female,0,1.673,different,different,1,0,0,model,[0 1 0],0.0,3,0.468,0.1,0.135,0.82
24,female,100,6.627,different,different,1,0,0,model,[0 1 0],0.0,3,0.468,0.197,4.635,1.177
24,female,50,2.941,different,different,1,0,0,model,[0 1 0],0.0,3,0.468,0.166,1.035,1.122
24,female,100,3.655,different,different,1,0,0,model,[0 1 0],0.0,3,0.468,0.233,1.935,0.869
24,female,0,1.673,different,different,1,0,0,model,[0 1 0],0.0,3,0.468,0.1,0.135,0.82
24,female,0,1.323,same,same,1,0,0,model,[0 1 0],0.0,0,0.468,0.1,0.135,0.62
24,female,100,3.127,same,same,1,0,0,model,[0 1 0],0.0,1,0.468,0.183,1.185,1.242
24,female,150,2.632,same,same,1,0,0,model,[0 1 0],0.0,0,0.468,0.272,0.885,1.007
24,female,0,1.323,same,same,1,0,0,model,[0 1 0],0.0,0,0.468,0.1,0.135,0.62
24,female,50,2.832,different,different,1,0,0,model,[0 1 0],0.0,3,0.468,0.146,1.035,1.032
24,female,100,2.37,same,same,1,0,0,model,[0 1 0],0.0,0,0.468,0.192,0.885,0.826
24,female,100,3.553,different,different,1,0,0,model,[0 1 0],0.0,3,0.468,0.214,1.485,1.237
24,female,0,1.323,same,same,1,0,0,model,[0 1 0],0.0,0,0.468,0.1,0.135,0.62
24,female,100,3.065,different,different,1,0,0,model,[0 1 0],0.0,3,0.468,0.173,1.185,1.089
24,female,50,1.789,same,same,1,0,0,model,[0 1 0],0.0,0,0.468,0.151,0.435,0.735
24,female,50,1.914,same,same,1,0,0,model,[0 1 0],0.0,0,0.468,0.143,0.585,0.718
24,female,150,5.114,same,same,1,0,0,model,[0 1 0],0.0,1,0.468,0.223,2.985,1.388
24,female,0,1.323,same,same,1,0,0,model,[0 1 0],0.0,0,0.468,0.1,0.135,0.62
24,female,0,1.323,same,same,1,0,0,model,[0 1 0],0.0,0,0.468,0.1,0.135,0.62
24,female,0,1.323,same,same,1,0,0,model,[0 1 0],0.0,0,0.468,0.1,0.135,0.62
24,female,150,3.694,different,different,1,0,0,model,[0 1 0],0.0,3,0.468,0.257,1.485,1.333
24,female,150,2.697,same,same,1,0,0,model,[0 1 0],0.0,0,0.468,0.2,1.185,0.845
24,female,150,4.099,different,different,1,0,0,model,[0 1 0],0.0,3,0.468,0.212,2.085,1.185
24,female,50,1.987,same,same,1,0,0,model,[0 1 0],0.0,0,0.468,0.166,0.585,0.769
24,female,100,3.136,same,same,1,0,0,model,[0 1 0],0.0,1,0.468,0.184,1.185,1.249
24,female,0,1.673,different,different,1,0,0,model,[0 1 0],0.0,3,0.468,0.1,0.135,0.82
24,female,0,1.673,different,different,1,0,0,model,[0 1 0],0.0,3,0.468,0.1,0.135,0.82
25,male,150,2.656,same,same,1,0,0,model,[0 1 0],0.0,0,0.437,0.3,0.741,1.178
25,male,50,1.923,same,same,1,0,0,model,[0 1 0],0.0,0,0.437,0.167,0.441,0.879
25,male,0,1.755,different,different,1,0,0,model,[0 1 0],0.0,3,0.437,0.1,0.141,0.928
25,male,150,5.255,different,different,1,0,0,model,[0 1 0],0.0,3,0.437,0.252,2.991,1.426
25,male,150,2.621,same,same,1,0,0,model,[0 1 0],0.0,0,0.437,0.243,0.891,1.05
25,male,100,2.634,same,same,1,0,0,model,[0 1 0],0.0,0,0.437,0.247,0.891,1.06
25,male,150,3.206,same,same,1,0,0,model,[0 1 0],0.0,0,0.437,0.239,1.491,1.04
25,male,0,1.755,different,different,1,0,0,model,[0 1 0],0.0,3,0.437,0.1,0.141,0.928
25,male,0,1.405,same,same,1,0,0,model,[0 1 0],0.0,0,0.437,0.1,0.141,0.728
25,male,0,1.755,different,different,1,0,0,model,[0 1 0],0.0,3,0.437,0.1,0.141,0.928
25,male,0,1.405,same,same,1,0,0,model,[0 1 0],0.0,0,0.437,0.1,0.141,0.728
25,male,150,2.964,same,same,1,0,0,model,[0 1 0],0.0,0,0.437,0.303,1.041,1.184
25,male,0,1.755,different,different,1,0,0,model,[0 1 0],0.0,3,0.437,0.1,0.141,0.928
25,male,150,2.604,same,same,1,0,0,model,[0 1 0],0.0,0,0.437,0.192,1.041,0.935
25,male,50,2.147,same,same,1,0,0,model,[0 1 0],0.0,0,0.437,0.144,0.741,0.826
25,male,0,1.405,same,same,1,0,0,model,[0 1 0],0.0,0,0.437,0.1,0.141,0.728
25,male,150,2.686,same,same,1,0,0,model,[0 1 0],0.0,0,0.437,0.217,1.041,0.991
25,male,0,1.755,different,different,1,0,0,model,[0 1 0],0.0,3,0.437,0.1,0.141,0.928
25,male,150,2.479,same,same,1,0,0,model,[0 1 0],0.0,0,0.437,0.246,0.741,1.056
25,male,100,2.318,same,same,1,0,0,model,[0 1 0],0.0,0,0.437,0.15,0.891,0.841
25,male,50,2.028,same,same,1,0,0,model,[0 1 0],0.0,0,0.437,0.153,0.591,0.848
25,male,50,3.401,different,different,1,0,0,model,[0 1 0],0.0,3,0.437,0.153,1.491,1.171
25,male,150,3.37,different,different,1,0,0,model,[0 1 0],0.0,3,0.437,0.197,1.341,1.246
25,male,50,1.861,same,same,1,0,0,model,[0 1 0],0.0,0,0.437,0.148,0.441,0.836
25,male,0,1.405,same,same,1,0,0,model,[0 1 0],0.0,0,0.437,0.1,0.141,0.728
25,male,0,1.405,same,same,1,0,0,model,[0 1 0],0.0,0,0.437,0.1,0.141,0.728
25,male,100,2.203,same,same,1,0,0,model,[0 1 0],0.0,0,0.437,0.207,0.591,0.969
25,male,50,1.833,same,same,1,0,0,model,[0 1 0],0.0,0,0.437,0.139,0.441,0.817
25,male,150,4.575,different,different,1,0,0,model,[0 1 0],0.0,3,0.437,0.269,2.241,1.479
25,male,50,2.767,same,different,0,1,0,model,[0 1 0],0.0,3,0.437,0.147,0.891,1.143
25,male,50,1.871,same,same,1,0,0,model,[0 1 0],0.0,0,0.437,0.151,0.441,0.843
25,male,100,3.649,different,different,1,0,0,model,[0 1 0],0.0,3,0.437,0.216,1.491,1.355
25,male,50,1.918,same,same,1,0,0,model,[0 1 0],0.0,0,0.437,0.165,0.441,0.875
25,male,150,4.544,different,different,1,0,0,model,[0 1 0],0.0,3,0.437,0.297,2.091,1.57
25,male,100,3.491,different,different,1,0,0,model,[0 1 0],0.0,3,0.437,0.182,1.491,1.231
25,male,0,1.405,same,same,1,0,0,model,[0 1 0],0.0,0,0.437,0.1,0.141,0.728
25,male,100,3.334,same,same,1,0,0,model,[0 1 0],0.0,0,0.437,0.232,1.641,1.025
25,male,0,1.755,different,different,1,0,0,model,[0 1 0],0.0,3,0.437,0.1,0.141,0.928
25,male,150,2.534,same,same,1,0,0,model,[0 1 0],0.0,0,0.437,0.263,0.741,1.094
25,male,50,1.907,same,same,1,0,0,model,[0 1 0],0.0,0,0.437,0.162,0.441,0.867
25,male,50,2.355,same,same,1,0,0,model,[0 1 0],0.0,0,0.437,0.162,0.891,0.866
25,male,50,2.757,different,different,1,0,0,model,[0 1 0],0.0,3,0.437,0.172,0.741,1.258
25,male,0,1.405,same,same,1,0,0,model,[0 1 0],0.0,0,0.437,0.1,0.141,0.728
25,male,150,4.178,different,different,1,0,0,model,[0 1 0],0.0,3,0.437,0.281,1.791,1.519
25,male,50,1.91,same,same,1,0,0,model,[0 1 0],0.0,0,0.437,0.163,0.441,0.87
25,male,0,1.405,same,same,1,0,0,model,[0 1 0],0.0,0,0.437,0.1,0.141,0.728
25,male,150,5.021,different,different,1,0,0,model,[0 1 0],0.0,3,0.437,0.233,2.841,1.361
25,male,150,4.75,different,different,1,0,0,model,[0 1 0],0.0,3,0.437,0.278,2.691,1.195
25,male,150,2.76,same,same,1,0,0,model,[0 1 0],0.0,0,0.437,0.24,1.041,1.043
25,male,150,2.844,same,same,1,0,0,model,[0 1 0],0.0,0,0.437,0.219,1.191,0.997
25,male,150,4.606,different,different,1,0,0,model,[0 1 0],0.0,3,0.437,0.28,2.541,1.199
25,male,0,1.755,different,different,1,0,0,model,[0 1 0],0.0,3,0.437,0.1,0.141,0.928
25,male,50,1.84,same,same,1,0,0,model,[0 1 0],0.0,0,0.437,0.141,0.441,0.821
25,male,50,1.875,same,same,1,0,0,model,[0 1 0],0.0,0,0.437,0.152,0.441,0.845
25,male,150,3.684,same,same,1,0,0,model,[0 1 0],0.0,0,0.437,0.293,1.791,1.163
25,male,100,3.319,different,different,1,0,0,model,[0 1 0],0.0,3,0.437,0.178,1.341,1.214
25,male,50,1.899,same,same,1,0,0,model,[0 1 0],0.0,0,0.437,0.159,0.441,0.862
25,male,50,2.889,different,different,1,0,0,model,[0 1 0],0.0,3,0.437,0.169,0.891,1.243
25,male,100,2.426,same,same,1,0,0,model,[0 1 0],0.0,0,0.437,0.229,0.741,1.019
25,male,0,1.755,different,different,1,0,0,model,[0 1 0],0.0,3,0.437,0.1,0.141,0.928
25,male,50,1.998,same,same,1,0,0,model,[0 1 0],0.0,0,0.437,0.144,0.591,0.827
25,male,150,2.957,same,same,1,0,0,model,[0 1 0],0.0,0,0.437,0.254,1.191,1.075
25,male,150,3.748,different,different,1,0,0,model,[0 1 0],0.0,3,0.437,0.286,1.341,1.535
25,male,100,2.683,same,same,1,0,0,model,[0 1 0],0.0,0,0.437,0.216,1.041,0.99
25,male,100,2.359,same,same,1,0,0,model,[0 1 0],0.0,0,0.437,0.209,0.741,0.973
25,male,0,1.755,different,different,1,0,0,model,[0 1 0],0.0,3,0.437,0.1,0.141,0.928
25,male,100,3.563,different,different,1,0,0,model,[0 1 0],0.0,3,0.437,0.198,1.491,1.288
25,male,50,1.844,same,same,1,0,0,model,[0 1 0],0.0,0,0.437,0.143,0.441,0.824
25,male,0,1.755,different,different,1,0,0,model,[0 1 0],0.0,3,0.437,0.1,0.141,0.928
25,male,0,1.405,same,same,1,0,0,model,[0 1 0],0.0,0,0.437,0.1,0.141,0.728
25,male,50,1.923,same,same,1,0,0,model,[0 1 0],0.0,0,0.437,0.167,0.441,0.879
25,male,150,2.404,same,same,1,0,0,model,[0 1 0],0.0,0,0.437,0.223,0.741,1.004
25,male,0,1.755,different,different,1,0,0,model,[0 1 0],0.0,3,0.437,0.1,0.141,0.928
25,male,100,2.364,same,same,1,0,0,model,[0 1 0],0.0,0,0.437,0.21,0.741,0.976
25,male,100,3.716,different,different,1,0,0,model,[0 1 0],0.0,3,0.437,0.231,1.491,1.408
25,male,100,2.398,same,same,1,0,0,model,[0 1 0],0.0,0,0.437,0.221,0.741,1.0
25,male,50,1.794,same,same,1,0,0,model,[0 1 0],0.0,0,0.437,0.127,0.441,0.789
25,male,100,3.338,different,different,1,0,0,model,[0 1 0],0.0,3,0.437,0.214,1.191,1.347
25,male,100,3.19,different,different,1,0,0,model,[0 1 0],0.0,3,0.437,0.214,1.041,1.348
25,male,50,2.681,different,different,1,0,0,model,[0 1 0],0.0,3,0.437,0.158,0.741,1.195
25,male,150,5.701,different,different,1,0,0,model,[0 1 0],0.0,3,0.437,0.252,3.441,1.422
25,male,100,4.462,different,different,1,0,0,model,[0 1 0],0.0,3,0.437,0.166,2.541,1.169
25,male,100,2.492,same,same,1,0,0,model,[0 1 0],0.0,0,0.437,0.204,0.891,0.961
25,male,0,1.755,different,different,1,0,0,model,[0 1 0],0.0,3,0.437,0.1,0.141,0.928
25,male,100,2.328,same,same,1,0,0,model,[0 1 0],0.0,0,0.437,0.245,0.591,1.055
25,male,100,2.213,same,same,1,0,0,model,[0 1 0],0.0,0,0.437,0.21,0.591,0.976
25,male,150,2.737,same,same,1,0,0,model,[0 1 0],0.0,0,0.437,0.233,1.041,1.027
25,male,150,4.32,different,different,1,0,0,model,[0 1 0],0.0,3,0.437,0.226,2.391,1.117
25,male,100,3.236,different,different,1,0,0,model,[0 1 0],0.0,3,0.437,0.192,1.191,1.266
25,male,150,5.83,different,different,1,0,0,model,[0 1 0],0.0,3,0.437,0.211,3.741,1.292
25,male,50,2.594,different,different,1,0,0,model,[0 1 0],0.0,3,0.437,0.136,0.891,0.981
25,male,0,1.755,different,different,1,0,0,model,[0 1 0],0.0,3,0.437,0.1,0.141,0.928
25,male,0,1.755,different,different,1,0,0,model,[0 1 0],0.0,3,0.437,0.1,0.141,0.928
25,male,150,4.249,different,different,1,0,0,model,[0 1 0],0.0,3,0.437,0.192,2.241,1.23
25,male,100,3.451,different,different,1,0,0,model,[0 1 0],0.0,3,0.437,0.238,1.191,1.436
25,male,50,2.506,different,different,1,0,0,model,[0 1 0],0.0,3,0.437,0.16,0.741,1.018
26,female,150,2.426,same,same,1,0,0,model,[0 1 0],0.0,0,0.459,0.245,0.787,0.935
26,female,0,1.355,same,same,1,0,0,model,[0 1 0],0.0,0,0.459,0.1,0.187,0.609
26,female,0,1.355,same,same,1,0,0,model,[0 1 0],0.0,0,0.459,0.1,0.187,0.609
26,female,150,3.527,same,same,1,0,0,model,[0 1 0],0.0,0,0.459,0.214,1.987,0.866
26,female,150,2.944,same,same,1,0,0,model,[0 1 0],0.0,0,0.459,0.266,1.237,0.982
26,female,100,3.803,different,different,1,0,0,model,[0 1 0],0.0,2,0.459,0.224,1.987,1.032
26,female,50,1.983,same,same,1,0,0,model,[0 1 0],0.0,0,0.459,0.155,0.637,0.732
26,female,50,1.815,same,same,1,0,0,model,[0 1 0],0.0,0,0.459,0.149,0.487,0.72
26,female,50,2.32,different,different,1,0,0,model,[0 1 0],0.0,2,0.459,0.151,0.787,0.823
26,female,100,2.38,same,same,1,0,0,model,[0 1 0],0.0,0,0.459,0.184,0.937,0.799
26,female,100,2.579,same,same,1,0,0,model,[0 1 0],0.0,0,0.459,0.2,1.087,0.833
26,female,0,1.355,same,same,1,0,0,model,[0 1 0],0.0,0,0.459,0.1,0.187,0.609
26,female,150,3.772,same,same,1,0,0,model,[0 1 0],0.0,0,0.459,0.29,1.987,1.036
26,female,150,3.039,same,same,1,0,0,model,[0 1 0],0.0,1,0.459,0.197,1.237,1.095
26,female,100,2.653,different,different,1,0,0,model,[0 1 0],0.0,2,0.459,0.162,1.087,0.844
26,female,100,3.26,same,different,0,1,0,model,[0 1 0],0.0,2,0.459,0.201,1.537,0.962
26,female,0,1.355,same,same,1,0,0,model,[0 1 0],0.0,0,0.459,0.1,0.187,0.609
26,female,0,1.355,same,same,1,0,0,model,[0 1 0],0.0,0,0.459,0.1,0.187,0.609
26,female,150,2.917,same,same,1,0,0,model,[0 1 0],0.0,0,0.459,0.257,1.237,0.963
26,female,0,1.505,different,different,1,0,0,model,[0 1 0],0.0,2,0.459,0.1,0.187,0.659
26,female,150,3.738,different,different,1,0,0,model,[0 1 0],0.0,2,0.459,0.253,1.837,1.088
26,female,50,1.843,same,same,1,0,0,model,[0 1 0],0.0,0,0.459,0.158,0.487,0.739
26,female,0,1.505,different,different,1,0,0,model,[0 1 0],0.0,2,0.459,0.1,0.187,0.659
26,female,150,3.008,same,same,1,0,0,model,[0 1 0],0.0,0,0.459,0.285,1.237,1.026
26,female,100,3.461,same,same,1,0,0,model,[0 1 0],0.0,1,0.459,0.189,1.987,0.776
26,female,150,4.317,same,different,0,1,0,model,[0 1 0],0.0,2,0.459,0.265,2.587,0.906
26,female,100,2.484,same,same,1,0,0,model,[0 1 0],0.0,0,0.459,0.217,0.937,0.871
26,female,100,2.517,same,same,1,0,0,model,[0 1 0],0.0,0,0.459,0.181,1.087,0.79
26,female,50,3.07,different,different,1,0,0,model,[0 1 0],0.0,2,0.459,0.151,1.537,0.823
26,female,150,2.515,same,same,1,0,0,model,[0 1 0],0.0,0,0.459,0.226,0.937,0.892
26,female,0,1.505,same,different,0,1,0,model,[0 1 0],0.0,2,0.459,0.1,0.187,0.659
26,female,50,3.093,same,same,1,0,0,model,[0 1 0],0.0,1,0.459,0.167,1.387,1.03
26,female,50,2.479,different,different,1,0,0,model,[0 1 0],0.0,2,0.459,0.153,0.937,0.83
26,female,50,2.963,same,same,1,0,0,model,[0 1 0],0.0,1,0.459,0.141,1.387,0.926
26,female,150,2.249,same,same,1,0,0,model,[0 1 0],0.0,0,0.459,0.19,0.787,0.812
26,female,150,3.388,different,different,1,0,0,model,[0 1 0],0.0,2,0.459,0.24,1.537,1.051
26,female,0,1.355,same,same,1,0,0,model,[0 1 0],0.0,0,0.459,0.1,0.187,0.609
26,female,100,3.517,different,different,1,0,0,model,[0 1 0],0.0,2,0.459,0.19,1.837,0.93
26,female,150,3.359,different,different,1,0,0,model,[0 1 0],0.0,2,0.459,0.232,1.537,1.03
26,female,0,1.355,same,same,1,0,0,model,[0 1 0],0.0,0,0.459,0.1,0.187,0.609
26,female,150,2.414,same,same,1,0,0,model,[0 1 0],0.0,0,0.459,0.195,0.937,0.823
26,female,150,2.71,same,same,1,0,0,model,[0 1 0],0.0,0,0.459,0.194,1.237,0.82
26,female,0,1.505,different,different,1,0,0,model,[0 1 0],0.0,2,0.459,0.1,0.187,0.659
26,female,100,3.044,different,different,1,0,0,model,[0 1 0],0.0,2,0.459,0.222,1.237,1.025
26,female,100,2.4,same,same,1,0,0,model,[0 1 0],0.0,0,0.459,0.237,0.787,0.917
26,female,50,2.52,different,different,1,0,0,model,[0 1 0],0.0,2,0.459,0.127,1.087,0.747
26,female,0,1.355,same,same,1,0,0,model,[0 1 0],0.0,0,0.459,0.1,0.187,0.609
26,female,50,2.541,same,same,1,0,0,model,[0 1 0],0.0,0,0.459,0.142,1.237,0.703
26,female,50,3.072,different,different,1,0,0,model,[0 1 0],0.0,2,0.459,0.151,1.537,0.824
26,female,0,1.505,different,different,1,0,0,model,[0 1 0],0.0,2,0.459,0.1,0.187,0.659
26,female,150,3.422,different,different,1,0,0,model,[0 1 0],0.0,2,0.459,0.207,1.837,0.819
26,female,150,5.136,different,different,1,0,0,model,[0 1 0],0.0,2,0.459,0.226,3.337,1.013
26,female,100,2.77,same,different,0,1,0,model,[0 1 0],0.0,2,0.459,0.186,1.237,0.788
26,female,150,6.936,same,same,1,0,0,model,[0 1 0],0.0,1,0.459,0.23,4.987,1.209
26,female,0,1.505,different,different,1,0,0,model,[0 1 0],0.0,2,0.459,0.1,0.187,0.659
26,female,100,3.327,same,same,1,0,0,model,[0 1 0],0.0,0,0.459,0.199,1.837,0.832
26,female,100,2.294,same,same,1,0,0,model,[0 1 0],0.0,0,0.459,0.204,0.787,0.843
26,female,0,1.505,different,different,1,0,0,model,[0 1 0],0.0,2,0.459,0.1,0.187,0.659
26,female,150,3.514,different,different,1,0,0,model,[0 1 0],0.0,2,0.459,0.312,1.387,1.255
26,female,0,1.355,same,same,1,0,0,model,[0 1 0],0.0,0,0.459,0.1,0.187,0.609
26,female,50,1.947,same,same,1,0,0,model,[0 1 0],0.0,0,0.459,0.144,0.637,0.707
26,female,0,1.505,different,different,1,0,0,model,[0 1 0],0.0,2,0.459,0.1,0.187,0.659
26,female,0,1.505,different,different,1,0,0,model,[0 1 0],0.0,2,0.459,0.1,0.187,0.659
26,female,0,1.505,different,different,1,0,0,model,[0 1 0],0.0,2,0.459,0.1,0.187,0.659
26,female,100,5.508,same,different,0,1,0,model,[0 1 0],0.0,2,0.459,0.201,3.937,0.811
26,female,50,2.16,same,same,1,0,0,model,[0 1 0],0.0,0,0.459,0.163,0.787,0.75
26,female,0,1.355,same,same,1,0,0,model,[0 1 0],0.0,0,0.459,0.1,0.187,0.609
26,female,50,2.571,same,different,0,1,0,model,[0 1 0],0.0,2,0.459,0.175,0.937,0.9
26,female,150,2.665,same,same,1,0,0,model,[0 1 0],0.0,0,0.459,0.272,0.937,0.996
26,female,100,2.637,same,same,1,0,0,model,[0 1 0],0.0,0,0.459,0.218,1.087,0.873
26,female,50,2.558,different,different,1,0,0,model,[0 1 0],0.0,2,0.459,0.172,0.937,0.89
26,female,150,2.721,same,same,1,0,0,model,[0 1 0],0.0,0,0.459,0.29,0.937,1.035
26,female,150,2.833,same,same,1,0,0,model,[0 1 0],0.0,0,0.459,0.232,1.237,0.905
26,female,50,3.016,different,different,1,0,0,model,[0 1 0],0.0,2,0.459,0.164,1.537,0.755
26,female,0,1.505,different,different,1,0,0,model,[0 1 0],0.0,2,0.459,0.1,0.187,0.659
26,female,0,1.355,same,same,1,0,0,model,[0 1 0],0.0,0,0.459,0.1,0.187,0.609
26,female,100,2.268,same,same,1,0,0,model,[0 1 0],0.0,0,0.459,0.196,0.787,0.825
26,female,0,1.505,different,different,1,0,0,model,[0 1 0],0.0,2,0.459,0.1,0.187,0.659
26,female,100,2.153,same,same,1,0,0,model,[0 1 0],0.0,0,0.459,0.207,0.637,0.85
26,female,150,2.596,same,same,1,0,0,model,[0 1 0],0.0,0,0.459,0.205,1.087,0.845
26,female,0,1.505,different,different,1,0,0,model,[0 1 0],0.0,2,0.459,0.1,0.187,0.659
26,female,100,2.345,same,same,1,0,0,model,[0 1 0],0.0,0,0.459,0.22,0.787,0.879
26,female,100,2.949,different,different,1,0,0,model,[0 1 0],0.0,2,0.459,0.199,1.237,0.954
26,female,150,2.801,same,same,1,0,0,model,[0 1 0],0.0,0,0.459,0.268,1.087,0.987
26,female,0,1.355,same,same,1,0,0,model,[0 1 0],0.0,0,0.459,0.1,0.187,0.609
26,female,50,2.332,different,different,1,0,0,model,[0 1 0],0.0,2,0.459,0.154,0.787,0.832
26,female,50,2.274,same,different,0,1,0,model,[0 1 0],0.0,2,0.459,0.14,0.787,0.788
26,female,150,2.817,same,same,1,0,0,model,[0 1 0],0.0,0,0.459,0.227,1.237,0.894
26,female,100,3.207,different,different,1,0,0,model,[0 1 0],0.0,2,0.459,0.225,1.387,1.035
26,female,150,5.271,same,different,0,1,0,model,[0 1 0],0.0,2,0.459,0.262,3.337,1.113
26,female,100,3.483,same,different,0,1,0,model,[0 1 0],0.0,2,0.459,0.231,1.837,0.855
26,female,150,3.261,same,different,0,1,0,model,[0 1 0],0.0,2,0.459,0.246,1.387,1.068
26,female,150,3.422,different,different,1,0,0,model,[0 1 0],0.0,2,0.459,0.249,1.537,1.077
26,female,100,4.254,different,different,1,0,0,model,[0 1 0],0.0,2,0.459,0.187,2.587,0.921
26,female,50,2.246,different,different,1,0,0,model,[0 1 0],0.0,2,0.459,0.133,0.787,0.766
26,female,100,2.369,same,same,1,0,0,model,[0 1 0],0.0,0,0.459,0.227,0.787,0.895
27,male,100,2.788,same,same,1,0,0,model,[0 1 0],0.0,0,0.454,0.173,1.329,0.832
27,male,0,1.351,same,same,1,0,0,model,[0 1 0],0.0,0,0.454,0.1,0.129,0.668
27,male,150,4.836,different,different,1,0,0,model,[0 1 0],0.0,3,0.454,0.214,2.979,1.039
27,male,0,1.701,different,different,1,0,0,model,[0 1 0],0.0,3,0.454,0.1,0.129,0.868
27,male,50,2.73,different,different,1,0,0,model,[0 1 0],0.0,3,0.454,0.152,1.029,0.946
27,male,150,2.606,same,same,1,0,0,model,[0 1 0],0.0,0,0.454,0.256,0.879,1.018
27,male,50,1.784,same,same,1,0,0,model,[0 1 0],0.0,0,0.454,0.141,0.429,0.761
27,male,50,2.14,same,same,1,0,0,model,[0 1 0],0.0,0,0.454,0.158,0.729,0.799
27,male,150,2.763,same,same,1,0,0,model,[0 1 0],0.0,0,0.454,0.258,1.029,1.023
27,male,0,1.351,same,same,1,0,0,model,[0 1 0],0.0,0,0.454,0.1,0.129,0.668
27,male,150,4.313,same,different,0,1,0,model,[0 1 0],0.0,3,0.454,0.291,1.929,1.49
27,male,0,1.701,different,different,1,0,0,model,[0 1 0],0.0,3,0.454,0.1,0.129,0.868
27,male,100,3.955,same,different,0,1,0,model,[0 1 0],0.0,3,0.454,0.165,2.079,1.107
27,male,50,2.642,different,different,1,0,0,model,[0 1 0],0.0,3,0.454,0.134,0.879,1.025
27,male,100,2.216,same,same,1,0,0,model,[0 1 0],0.0,0,0.454,0.228,0.579,0.956
27,male,150,3.805,different,different,1,0,0,model,[0 1 0],0.0,3,0.454,0.207,1.779,1.215
27,male,150,2.696,same,same,1,0,0,model,[0 1 0],0.0,0,0.454,0.283,0.879,1.08
27,male,100,4.792,different,different,1,0,0,model,[0 1 0],0.0,3,0.454,0.248,2.529,1.411
27,male,50,1.899,same,same,1,0,0,model,[0 1 0],0.0,0,0.454,0.13,0.579,0.736
27,male,150,2.618,same,same,1,0,0,model,[0 1 0],0.0,0,0.454,0.259,0.879,1.026
27,male,100,2.384,same,same,1,0,0,model,[0 1 0],0.0,0,0.454,0.187,0.879,0.864
27,male,50,1.838,same,same,1,0,0,model,[0 1 0],0.0,0,0.454,0.158,0.429,0.798
27,male,50,1.816,same,same,1,0,0,model,[0 1 0],0.0,0,0.454,0.151,0.429,0.782
27,male,50,2.562,different,different,1,0,0,model,[0 1 0],0.0,3,0.454,0.147,0.729,1.082
27,male,0,1.701,different,different,1,0,0,model,[0 1 0],0.0,3,0.454,0.1,0.129,0.868
27,male,0,1.701,different,different,1,0,0,model,[0 1 0],0.0,3,0.454,0.1,0.129,0.868
27,male,150,3.727,different,different,1,0,0,model,[0 1 0],0.0,3,0.454,0.259,1.479,1.386
27,male,0,1.701,different,different,1,0,0,model,[0 1 0],0.0,3,0.454,0.1,0.129,0.868
27,male,50,1.809,same,same,1,0,0,model,[0 1 0],0.0,0,0.454,0.149,0.429,0.778
27,male,0,1.701,different,different,1,0,0,model,[0 1 0],0.0,3,0.454,0.1,0.129,0.868
27,male,100,4.578,different,different,1,0,0,model,[0 1 0],0.0,3,0.454,0.234,2.379,1.361
27,male,50,1.811,same,same,1,0,0,model,[0 1 0],0.0,0,0.454,0.149,0.429,0.779
27,male,150,2.623,same,same,1,0,0,model,[0 1 0],0.0,0,0.454,0.261,0.879,1.029
27,male,0,1.351,same,same,1,0,0,model,[0 1 0],0.0,0,0.454,0.1,0.129,0.668
27,male,50,2.503,different,different,1,0,0,model,[0 1 0],0.0,3,0.454,0.136,0.729,1.034
27,male,0,1.701,different,different,1,0,0,model,[0 1 0],0.0,3,0.454,0.1,0.129,0.868
27,male,100,3.288,different,different,1,0,0,model,[0 1 0],0.0,3,0.454,0.183,1.329,1.172
27,male,0,1.351,same,same,1,0,0,model,[0 1 0],0.0,0,0.454,0.1,0.129,0.668
27,male,100,2.209,same,same,1,0,0,model,[0 1 0],0.0,0,0.454,0.18,0.729,0.847
27,male,0,1.701,different,different,1,0,0,model,[0 1 0],0.0,3,0.454,0.1,0.129,0.868
27,male,150,2.366,same,same,1,0,0,model,[0 1 0],0.0,0,0.454,0.228,0.729,0.955
27,male,150,4.123,same,different,0,1,0,model,[0 1 0],0.0,3,0.454,0.281,1.779,1.459
27,male,150,4.62,different,different,1,0,0,model,[0 1 0],0.0,3,0.454,0.188,2.829,1.0
27,male,50,1.857,same,same,1,0,0,model,[0 1 0],0.0,0,0.454,0.164,0.429,0.811
27,male,100,2.324,same,same,1,0,0,model,[0 1 0],0.0,0,0.454,0.215,0.729,0.926
27,male,0,1.351,same,same,1,0,0,model,[0 1 0],0.0,0,0.454,0.1,0.129,0.668
27,male,100,2.122,same,same,1,0,0,model,[0 1 0],0.0,0,0.454,0.199,0.579,0.89
27,male,0,1.701,different,different,1,0,0,model,[0 1 0],0.0,3,0.454,0.1,0.129,0.868
27,male,0,1.351,same,same,1,0,0,model,[0 1 0],0.0,0,0.454,0.1,0.129,0.668
27,male,150,2.342,same,same,1,0,0,model,[0 1 0],0.0,0,0.454,0.22,0.729,0.939
27,male,100,2.64,same,same,1,0,0,model,[0 1 0],0.0,0,0.454,0.174,1.179,0.834
27,male,150,2.84,same,same,1,0,0,model,[0 1 0],0.0,0,0.454,0.281,1.029,1.076
27,male,150,6.579,different,different,1,0,0,model,[0 1 0],0.0,3,0.454,0.251,4.629,1.095
27,male,150,3.905,same,different,0,1,0,model,[0 1 0],0.0,3,0.454,0.23,1.779,1.292
27,male,0,1.351,same,same,1,0,0,model,[0 1 0],0.0,0,0.454,0.1,0.129,0.668
27,male,0,1.351,same,same,1,0,0,model,[0 1 0],0.0,0,0.454,0.1,0.129,0.668
27,male,100,2.71,same,same,1,0,0,model,[0 1 0],0.0,0,0.454,0.241,1.029,0.986
27,male,0,1.351,same,same,1,0,0,model,[0 1 0],0.0,0,0.454,0.1,0.129,0.668
27,male,0,1.351,same,same,1,0,0,model,[0 1 0],0.0,0,0.454,0.1,0.129,0.668
27,male,50,1.982,same,same,1,0,0,model,[0 1 0],0.0,0,0.454,0.156,0.579,0.793
27,male,100,2.503,same,same,1,0,0,model,[0 1 0],0.0,0,0.454,0.178,1.029,0.843
27,male,0,1.351,same,same,1,0,0,model,[0 1 0],0.0,0,0.454,0.1,0.129,0.668
27,male,100,2.511,same,same,1,0,0,model,[0 1 0],0.0,0,0.454,0.226,0.879,0.952
27,male,50,1.825,same,same,1,0,0,model,[0 1 0],0.0,0,0.454,0.153,0.429,0.788
27,male,0,1.701,same,different,0,1,0,model,[0 1 0],0.0,3,0.454,0.1,0.129,0.868
27,male,0,1.351,same,same,1,0,0,model,[0 1 0],0.0,0,0.454,0.1,0.129,0.668
27,male,100,3.097,same,different,0,1,0,model,[0 1 0],0.0,3,0.454,0.174,1.179,1.14
27,male,50,2.582,different,different,1,0,0,model,[0 1 0],0.0,3,0.454,0.15,0.729,1.098
27,male,50,1.766,same,same,1,0,0,model,[0 1 0],0.0,0,0.454,0.135,0.429,0.748
27,male,50,1.784,same,same,1,0,0,model,[0 1 0],0.0,0,0.454,0.141,0.429,0.76
27,male,100,4.152,different,different,1,0,0,model,[0 1 0],0.0,3,0.454,0.175,2.229,1.144
27,male,150,2.391,same,same,1,0,0,model,[0 1 0],0.0,0,0.454,0.189,0.879,0.869
27,male,100,2.999,different,different,1,0,0,model,[0 1 0],0.0,3,0.454,0.199,1.179,1.017
27,male,0,1.351,same,same,1,0,0,model,[0 1 0],0.0,0,0.454,0.1,0.129,0.668
27,male,150,2.373,same,same,1,0,0,model,[0 1 0],0.0,0,0.454,0.23,0.729,0.96
27,male,150,2.735,same,same,1,0,0,model,[0 1 0],0.0,0,0.454,0.203,1.179,0.9
27,male,50,1.754,same,same,1,0,0,model,[0 1 0],0.0,0,0.454,0.132,0.429,0.739
27,male,0,1.701,different,different,1,0,0,model,[0 1 0],0.0,3,0.454,0.1,0.129,0.868
27,male,150,3.555,same,different,0,1,0,model,[0 1 0],0.0,3,0.454,0.218,1.479,1.254
27,male,100,4.637,different,different,1,0,0,model,[0 1 0],0.0,3,0.454,0.215,2.529,1.29
27,male,50,2.442,different,different,1,0,0,model,[0 1 0],0.0,3,0.454,0.125,0.729,0.984
27,male,100,2.278,same,same,1,0,0,model,[0 1 0],0.0,0,0.454,0.201,0.729,0.895
27,male,0,1.351,same,same,1,0,0,model,[0 1 0],0.0,0,0.454,0.1,0.129,0.668
27,male,50,1.802,same,same,1,0,0,model,[0 1 0],0.0,0,0.454,0.146,0.429,0.773
27,male,50,2.762,different,different,1,0,0,model,[0 1 0],0.0,3,0.454,0.156,0.879,1.124
27,male,0,1.701,different,different,1,0,0,model,[0 1 0],0.0,3,0.454,0.1,0.129,0.868
27,male,100,6.833,same,different,0,1,0,model,[0 1 0],0.0,3,0.454,0.235,4.629,1.365
27,male,100,3.417,different,different,1,0,0,model,[0 1 0],0.0,3,0.454,0.186,1.629,0.998
27,male,0,1.701,same,different,0,1,0,model,[0 1 0],0.0,3,0.454,0.1,0.129,0.868
27,male,0,1.701,different,different,1,0,0,model,[0 1 0],0.0,3,0.454,0.1,0.129,0.868
27,male,100,2.984,different,different,1,0,0,model,[0 1 0],0.0,3,0.454,0.193,1.179,1.008
27,male,0,1.351,same,same,1,0,0,model,[0 1 0],0.0,0,0.454,0.1,0.129,0.668
27,male,0,1.701,different,different,1,0,0,model,[0 1 0],0.0,3,0.454,0.1,0.129,0.868
27,male,100,3.625,different,different,1,0,0,model,[0 1 0],0.0,3,0.454,0.223,1.479,1.32
27,male,50,2.824,different,different,1,0,0,model,[0 1 0],0.0,3,0.454,0.14,1.029,1.051
27,male,150,6.386,different,different,1,0,0,model,[0 1 0],0.0,3,0.454,0.234,4.479,1.069
28,male,150,2.723,same,same,1,0,0,model,[0 1 0],0.0,0,0.418,0.309,0.896,1.101
28,male,150,2.857,same,same,1,0,0,model,[0 1 0],0.0,0,0.418,0.257,1.196,0.986
28,male,150,2.6,same,same,1,0,0,model,[0 1 0],0.0,0,0.418,0.271,0.896,1.016
28,male,150,8.717,different,different,1,0,0,model,[0 1 0],0.0,3,0.418,0.281,6.446,1.422
28,male,150,3.68,different,different,1,0,0,model,[0 1 0],0.0,3,0.418,0.254,1.796,1.062
28,male,150,3.757,different,different,1,0,0,model,[0 1 0],0.0,3,0.418,0.279,1.496,1.414
28,male,150,4.249,different,different,1,0,0,model,[0 1 0],0.0,3,0.418,0.254,2.096,1.332
28,male,0,1.645,different,different,1,0,0,model,[0 1 0],0.0,3,0.418,0.1,0.146,0.831
28,male,50,3.766,different,different,1,0,0,model,[0 1 0],0.0,3,0.418,0.158,1.946,1.095
28,male,100,2.932,different,different,1,0,0,model,[0 1 0],0.0,3,0.418,0.183,1.046,1.136
28,male,0,1.645,different,different,1,0,0,model,[0 1 0],0.0,3,0.418,0.1,0.146,0.831
28,male,0,1.645,different,different,1,0,0,model,[0 1 0],0.0,3,0.418,0.1,0.146,0.831
28,male,0,1.295,same,same,1,0,0,model,[0 1 0],0.0,0,0.418,0.1,0.146,0.631
28,male,50,1.702,same,same,1,0,0,model,[0 1 0],0.0,0,0.418,0.133,0.446,0.706
28,male,0,1.645,different,different,1,0,0,model,[0 1 0],0.0,3,0.418,0.1,0.146,0.831
28,male,50,1.882,same,same,1,0,0,model,[0 1 0],0.0,0,0.418,0.142,0.596,0.726
28,male,0,1.295,same,same,1,0,0,model,[0 1 0],0.0,0,0.418,0.1,0.146,0.631
28,male,150,2.986,same,same,1,0,0,model,[0 1 0],0.0,0,0.418,0.251,1.346,0.971
28,male,150,3.125,same,same,1,0,0,model,[0 1 0],0.0,0,0.418,0.201,1.646,0.859
28,male,100,2.238,same,same,1,0,0,model,[0 1 0],0.0,0,0.418,0.206,0.746,0.869
28,male,50,3.027,same,different,0,1,0,model,[0 1 0],0.0,3,0.418,0.16,1.196,1.103
28,male,150,3.768,different,different,1,0,0,model,[0 1 0],0.0,3,0.418,0.211,1.796,1.193
28,male,100,2.276,same,same,1,0,0,model,[0 1 0],0.0,0,0.418,0.217,0.746,0.895
28,male,150,2.939,same,same,1,0,0,model,[0 1 0],0.0,0,0.418,0.237,1.346,0.939
28,male,0,1.295,same,same,1,0,0,model,[0 1 0],0.0,0,0.418,0.1,0.146,0.631
28,male,50,2.579,different,different,1,0,0,model,[0 1 0],0.0,3,0.418,0.174,0.896,0.942
28,male,150,2.755,same,same,1,0,0,model,[0 1 0],0.0,0,0.418,0.272,1.046,1.019
28,male,50,2.971,different,different,1,0,0,model,[0 1 0],0.0,3,0.418,0.15,1.196,1.058
28,male,100,3.746,different,different,1,0,0,model,[0 1 0],0.0,3,0.418,0.196,1.796,1.185
28,male,100,3.664,different,different,1,0,0,model,[0 1 0],0.0,3,0.418,0.211,1.646,1.239
28,male,100,2.062,same,same,1,0,0,model,[0 1 0],0.0,0,0.418,0.197,0.596,0.85
28,male,150,2.769,same,same,1,0,0,model,[0 1 0],0.0,0,0.418,0.23,1.196,0.925
28,male,100,2.325,same,same,1,0,0,model,[0 1 0],0.0,0,0.418,0.232,0.746,0.929
28,male,150,4.249,different,different,1,0,0,model,[0 1 0],0.0,3,0.418,0.253,2.096,1.331
28,male,100,2.556,same,same,1,0,0,model,[0 1 0],0.0,0,0.418,0.211,1.046,0.881
28,male,0,1.295,same,same,1,0,0,model,[0 1 0],0.0,0,0.418,0.1,0.146,0.631
28,male,50,3.655,different,different,1,0,0,model,[0 1 0],0.0,3,0.418,0.138,1.946,1.004
28,male,50,2.685,same,different,0,1,0,model,[0 1 0],0.0,3,0.418,0.152,0.896,1.069
28,male,50,2.972,same,different,0,1,0,model,[0 1 0],0.0,3,0.418,0.15,1.196,1.058
28,male,50,4.619,different,different,1,0,0,model,[0 1 0],0.0,3,0.418,0.15,2.996,0.906
28,male,150,2.557,same,same,1,0,0,model,[0 1 0],0.0,0,0.418,0.258,0.896,0.986
28,male,0,1.645,different,different,1,0,0,model,[0 1 0],0.0,3,0.418,0.1,0.146,0.831
28,male,150,4.063,different,different,1,0,0,model,[0 1 0],0.0,3,0.418,0.287,2.096,1.112
28,male,50,1.865,same,same,1,0,0,model,[0 1 0],0.0,0,0.418,0.137,0.596,0.714
28,male,50,2.482,different,different,1,0,0,model,[0 1 0],0.0,3,0.418,0.143,0.746,1.026
28,male,100,2.381,same,same,1,0,0,model,[0 1 0],0.0,0,0.418,0.203,0.896,0.864
28,male,0,1.645,different,different,1,0,0,model,[0 1 0],0.0,3,0.418,0.1,0.146,0.831
28,male,150,2.726,same,same,1,0,0,model,[0 1 0],0.0,0,0.418,0.263,1.046,0.999
28,male,0,1.645,different,different,1,0,0,model,[0 1 0],0.0,3,0.418,0.1,0.146,0.831
28,male,150,6.744,different,different,1,0,0,model,[0 1 0],0.0,3,0.418,0.241,4.646,1.29
28,male,100,1.919,same,same,1,0,0,model,[0 1 0],0.0,0,0.418,0.154,0.596,0.752
28,male,100,3.463,different,different,1,0,0,model,[0 1 0],0.0,3,0.418,0.2,1.496,1.199
28,male,0,1.295,same,same,1,0,0,model,[0 1 0],0.0,0,0.418,0.1,0.146,0.631
28,male,50,1.745,same,same,1,0,0,model,[0 1 0],0.0,0,0.418,0.146,0.446,0.735
28,male,50,1.734,same,same,1,0,0,model,[0 1 0],0.0,0,0.418,0.143,0.446,0.727
28,male,150,2.586,same,same,1,0,0,model,[0 1 0],0.0,0,0.418,0.313,0.746,1.11
28,male,150,4.453,different,different,1,0,0,model,[0 1 0],0.0,3,0.418,0.301,2.096,1.488
28,male,150,4.44,different,different,1,0,0,model,[0 1 0],0.0,3,0.418,0.298,2.096,1.478
28,male,100,3.03,same,same,1,0,0,model,[0 1 0],0.0,0,0.418,0.219,1.496,0.898
28,male,150,2.835,same,same,1,0,0,model,[0 1 0],0.0,0,0.418,0.251,1.196,0.971
28,male,150,4.009,different,different,1,0,0,model,[0 1 0],0.0,3,0.418,0.268,1.796,1.378
28,male,0,1.645,different,different,1,0,0,model,[0 1 0],0.0,3,0.418,0.1,0.146,0.831
28,male,0,1.295,same,same,1,0,0,model,[0 1 0],0.0,0,0.418,0.1,0.146,0.631
28,male,150,4.674,different,different,1,0,0,model,[0 1 0],0.0,3,0.418,0.318,2.246,1.542
28,male,150,3.703,different,different,1,0,0,model,[0 1 0],0.0,3,0.418,0.263,1.796,1.076
28,male,100,2.367,same,same,1,0,0,model,[0 1 0],0.0,0,0.418,0.153,1.046,0.75
28,male,50,2.888,different,different,1,0,0,model,[0 1 0],0.0,3,0.418,0.135,1.196,0.99
28,male,150,4.195,different,different,1,0,0,model,[0 1 0],0.0,3,0.418,0.241,2.096,1.29
28,male,150,6.608,same,different,0,1,0,model,[0 1 0],0.0,3,0.418,0.279,4.346,1.415
28,male,150,2.522,same,same,1,0,0,model,[0 1 0],0.0,0,0.418,0.247,0.896,0.961
28,male,50,1.877,same,same,1,0,0,model,[0 1 0],0.0,0,0.418,0.141,0.596,0.723
28,male,0,1.295,same,same,1,0,0,model,[0 1 0],0.0,0,0.418,0.1,0.146,0.631
28,male,0,1.295,same,same,1,0,0,model,[0 1 0],0.0,0,0.418,0.1,0.146,0.631
28,male,150,3.306,different,different,1,0,0,model,[0 1 0],0.0,3,0.418,0.225,1.496,1.018
28,male,150,3.873,different,different,1,0,0,model,[0 1 0],0.0,3,0.418,0.236,1.796,1.274
28,male,150,4.177,different,different,1,0,0,model,[0 1 0],0.0,3,0.418,0.237,2.096,1.277
28,male,0,1.295,same,same,1,0,0,model,[0 1 0],0.0,0,0.418,0.1,0.146,0.631
28,male,100,3.231,different,different,1,0,0,model,[0 1 0],0.0,3,0.418,0.247,1.046,1.371
28,male,50,3.017,different,different,1,0,0,model,[0 1 0],0.0,3,0.418,0.131,1.346,0.973
28,male,0,1.645,same,different,0,1,0,model,[0 1 0],0.0,3,0.418,0.1,0.146,0.831
28,male,0,1.295,same,same,1,0,0,model,[0 1 0],0.0,0,0.418,0.1,0.146,0.631
28,male,100,2.242,same,same,1,0,0,model,[0 1 0],0.0,0,0.418,0.207,0.746,0.871
28,male,0,1.645,different,different,1,0,0,model,[0 1 0],0.0,3,0.418,0.1,0.146,0.831
28,male,150,5.49,different,different,1,0,0,model,[0 1 0],0.0,3,0.418,0.298,3.146,1.478
28,male,150,4.263,different,different,1,0,0,model,[0 1 0],0.0,3,0.418,0.222,2.246,1.228
28,male,100,2.825,same,same,1,0,0,model,[0 1 0],0.0,0,0.418,0.201,1.346,0.86
28,male,150,2.416,same,same,1,0,0,model,[0 1 0],0.0,0,0.418,0.26,0.746,0.992
28,male,100,2.489,same,same,1,0,0,model,[0 1 0],0.0,0,0.418,0.191,1.046,0.835
28,male,50,2.761,different,different,1,0,0,model,[0 1 0],0.0,3,0.418,0.166,0.896,1.132
28,male,50,2.051,same,same,1,0,0,model,[0 1 0],0.0,0,0.418,0.148,0.746,0.74
28,male,0,1.645,different,different,1,0,0,model,[0 1 0],0.0,3,0.418,0.1,0.146,0.831
28,male,150,2.2,same,same,1,0,0,model,[0 1 0],0.0,0,0.418,0.194,0.746,0.842
28,male,0,1.645,different,different,1,0,0,model,[0 1 0],0.0,3,0.418,0.1,0.146,0.831
28,male,150,3.769,same,same,1,0,0,model,[0 1 0],0.0,0,0.418,0.261,2.096,0.994
28,male,150,3.742,same,same,1,0,0,model,[0 1 0],0.0,0,0.418,0.299,1.946,1.079
28,male,0,1.295,same,same,1,0,0,model,[0 1 0],0.0,0,0.418,0.1,0.146,0.631
29,male,100,2.73,same,same,1,0,0,model,[0 1 0],0.0,0,0.589,0.21,1.038,0.893
29,male,50,2.826,same,same,1,0,0,model,[0 1 0],0.0,0,0.589,0.147,1.338,0.751
29,male,100,2.425,same,same,1,0,0,model,[0 1 0],0.0,0,0.589,0.209,0.738,0.89
29,male,0,1.472,same,same,1,0,0,model,[0 1 0],0.0,0,0.589,0.1,0.138,0.645
29,male,50,3.639,different,different,1,0,0,model,[0 1 0],0.0,3,0.589,0.167,1.788,0.945
29,male,0,1.822,different,different,1,0,0,model,[0 1 0],0.0,3,0.589,0.1,0.138,0.845
29,male,100,4.748,different,different,1,0,0,model,[0 1 0],0.0,3,0.589,0.213,2.538,1.259
29,male,100,2.367,same,same,1,0,0,model,[0 1 0],0.0,0,0.589,0.191,0.738,0.849
29,male,50,2.259,same,same,1,0,0,model,[0 1 0],0.0,0,0.589,0.157,0.738,0.774
29,male,0,1.472,same,same,1,0,0,model,[0 1 0],0.0,0,0.589,0.1,0.138,0.645
29,male,50,3.219,same,same,1,0,0,model,[0 1 0],0.0,1,0.589,0.168,1.338,1.073
29,male,100,2.774,same,same,1,0,0,model,[0 1 0],0.0,0,0.589,0.224,1.038,0.923
29,male,0,1.822,different,different,1,0,0,model,[0 1 0],0.0,3,0.589,0.1,0.138,0.845
29,male,0,1.822,different,different,1,0,0,model,[0 1 0],0.0,3,0.589,0.1,0.138,0.845
29,male,0,1.472,same,same,1,0,0,model,[0 1 0],0.0,0,0.589,0.1,0.138,0.645
29,male,0,1.472,same,same,1,0,0,model,[0 1 0],0.0,0,0.589,0.1,0.138,0.645
29,male,150,3.807,different,different,1,0,0,model,[0 1 0],0.0,3,0.589,0.274,1.788,1.006
29,male,50,1.886,same,same,1,0,0,model,[0 1 0],0.0,0,0.589,0.135,0.438,0.724
29,male,50,2.096,same,same,1,0,0,model,[0 1 0],0.0,0,0.589,0.153,0.588,0.765
29,male,0,1.472,same,same,1,0,0,model,[0 1 0],0.0,0,0.589,0.1,0.138,0.645
29,male,150,10.683,different,different,1,0,0,model,[0 1 0],0.0,3,0.589,0.279,8.238,1.427
29,male,100,4.153,same,same,1,0,0,model,[0 1 0],0.0,0,0.589,0.233,2.388,0.944
29,male,50,3.015,same,same,1,0,0,model,[0 1 0],0.0,0,0.589,0.159,1.488,0.778
29,male,0,1.822,same,different,0,1,0,model,[0 1 0],0.0,3,0.589,0.1,0.138,0.845
29,male,150,2.709,same,same,1,0,0,model,[0 1 0],0.0,0,0.589,0.296,0.738,1.086
29,male,50,3.559,different,different,1,0,0,model,[0 1 0],0.0,3,0.589,0.135,1.788,0.897
29,male,150,5.021,different,different,1,0,0,model,[0 1 0],0.0,3,0.589,0.252,2.688,1.341
29,male,0,1.472,same,same,1,0,0,model,[0 1 0],0.0,0,0.589,0.1,0.138,0.645
29,male,50,1.878,same,same,1,0,0,model,[0 1 0],0.0,0,0.589,0.133,0.438,0.718
29,male,150,3.546,same,same,1,0,0,model,[0 1 0],0.0,0,0.589,0.277,1.638,1.043
29,male,50,2.048,same,same,1,0,0,model,[0 1 0],0.0,0,0.589,0.139,0.588,0.732
29,male,0,1.822,different,different,1,0,0,model,[0 1 0],0.0,3,0.589,0.1,0.138,0.845
29,male,150,3.859,different,different,1,0,0,model,[0 1 0],0.0,3,0.589,0.261,1.488,1.37
29,male,100,2.461,same,same,1,0,0,model,[0 1 0],0.0,0,0.589,0.22,0.738,0.914
29,male,100,3.568,same,same,1,0,0,model,[0 1 0],0.0,1,0.589,0.183,1.638,1.107
29,male,0,1.472,same,same,1,0,0,model,[0 1 0],0.0,0,0.589,0.1,0.138,0.645
29,male,50,3.167,different,different,1,0,0,model,[0 1 0],0.0,3,0.589,0.153,1.188,1.087
29,male,50,2.059,same,same,1,0,0,model,[0 1 0],0.0,0,0.589,0.142,0.588,0.74
29,male,150,4.916,different,different,1,0,0,model,[0 1 0],0.0,3,0.589,0.298,2.388,1.491
29,male,0,1.472,same,same,1,0,0,model,[0 1 0],0.0,0,0.589,0.1,0.138,0.645
29,male,50,3.459,different,different,1,0,0,model,[0 1 0],0.0,3,0.589,0.152,1.488,1.081
29,male,100,4.153,different,different,1,0,0,model,[0 1 0],0.0,3,0.589,0.246,1.788,1.38
29,male,50,2.292,same,same,1,0,0,model,[0 1 0],0.0,0,0.589,0.168,0.738,0.797
29,male,0,1.472,same,same,1,0,0,model,[0 1 0],0.0,0,0.589,0.1,0.138,0.645
29,male,50,3.125,different,different,1,0,0,model,[0 1 0],0.0,3,0.589,0.145,1.188,1.052
29,male,100,3.718,different,different,1,0,0,model,[0 1 0],0.0,3,0.589,0.217,1.488,1.274
29,male,150,4.58,same,same,1,0,0,model,[0 1 0],0.0,0,0.589,0.318,2.538,1.135
29,male,150,5.264,different,different,1,0,0,model,[0 1 0],0.0,3,0.589,0.277,3.138,1.11
29,male,150,3.824,different,different,1,0,0,model,[0 1 0],0.0,3,0.589,0.253,1.488,1.344
29,male,150,3.28,same,same,1,0,0,model,[0 1 0],0.0,0,0.589,0.287,1.338,1.066
29,male,0,1.472,same,same,1,0,0,model,[0 1 0],0.0,0,0.589,0.1,0.138,0.645
29,male,100,3.214,same,same,1,0,0,model,[0 1 0],0.0,0,0.589,0.221,1.488,0.916
29,male,0,1.822,different,different,1,0,0,model,[0 1 0],0.0,3,0.589,0.1,0.138,0.845
29,male,100,2.472,same,same,1,0,0,model,[0 1 0],0.0,0,0.589,0.177,0.888,0.818
29,male,50,3.49,different,different,1,0,0,model,[0 1 0],0.0,3,0.589,0.157,1.488,1.106
29,male,0,1.822,different,different,1,0,0,model,[0 1 0],0.0,3,0.589,0.1,0.138,0.845
29,male,100,4.09,different,different,1,0,0,model,[0 1 0],0.0,3,0.589,0.2,1.938,1.212
29,male,50,2.912,same,same,1,0,0,model,[0 1 0],0.0,1,0.589,0.137,1.188,0.948
29,male,150,2.692,same,same,1,0,0,model,[0 1 0],0.0,0,0.589,0.245,0.888,0.971
29,male,100,4.548,different,different,1,0,0,model,[0 1 0],0.0,3,0.589,0.234,2.238,1.337
29,male,0,1.822,different,different,1,0,0,model,[0 1 0],0.0,3,0.589,0.1,0.138,0.845
29,male,0,1.822,different,different,1,0,0,model,[0 1 0],0.0,3,0.589,0.1,0.138,0.845
29,male,0,1.472,same,same,1,0,0,model,[0 1 0],0.0,0,0.589,0.1,0.138,0.645
29,male,50,3.083,different,different,1,0,0,model,[0 1 0],0.0,3,0.589,0.138,1.188,1.018
29,male,50,2.566,same,same,1,0,0,model,[0 1 0],0.0,0,0.589,0.16,1.038,0.779
29,male,100,3.407,different,different,1,0,0,model,[0 1 0],0.0,3,0.589,0.214,1.188,1.265
29,male,150,3.0,same,same,1,0,0,model,[0 1 0],0.0,0,0.589,0.247,1.188,0.976
29,male,50,3.129,different,different,1,0,0,model,[0 1 0],0.0,3,0.589,0.146,1.188,1.056
29,male,50,3.959,different,different,1,0,0,model,[0 1 0],0.0,3,0.589,0.16,1.938,1.121
29,male,150,4.209,same,same,1,0,0,model,[0 1 0],0.0,1,0.589,0.251,1.788,1.531
29,male,0,1.822,different,different,1,0,0,model,[0 1 0],0.0,3,0.589,0.1,0.138,0.845
29,male,150,3.373,same,same,1,0,0,model,[0 1 0],0.0,0,0.589,0.223,1.638,0.923
29,male,150,2.892,same,same,1,0,0,model,[0 1 0],0.0,0,0.589,0.26,1.038,1.005
29,male,150,3.344,same,same,1,0,0,model,[0 1 0],0.0,0,0.589,0.215,1.638,0.903
29,male,50,2.236,same,same,1,0,0,model,[0 1 0],0.0,0,0.589,0.15,0.738,0.758
29,male,0,1.472,same,same,1,0,0,model,[0 1 0],0.0,0,0.589,0.1,0.138,0.645
29,male,50,2.132,same,same,1,0,0,model,[0 1 0],0.0,0,0.589,0.165,0.588,0.79
29,male,100,2.673,same,same,1,0,0,model,[0 1 0],0.0,0,0.589,0.239,0.888,0.957
29,male,0,1.822,different,different,1,0,0,model,[0 1 0],0.0,3,0.589,0.1,0.138,0.845
29,male,100,2.733,same,same,1,0,0,model,[0 1 0],0.0,0,0.589,0.211,1.038,0.895
29,male,0,1.472,same,same,1,0,0,model,[0 1 0],0.0,0,0.589,0.1,0.138,0.645
29,male,100,2.707,same,same,1,0,0,model,[0 1 0],0.0,0,0.589,0.203,1.038,0.877
29,male,50,2.087,same,same,1,0,0,model,[0 1 0],0.0,0,0.589,0.151,0.588,0.759
29,male,0,1.822,different,different,1,0,0,model,[0 1 0],0.0,3,0.589,0.1,0.138,0.845
29,male,0,1.472,same,same,1,0,0,model,[0 1 0],0.0,0,0.589,0.1,0.138,0.645
29,male,150,4.578,same,different,0,1,0,model,[0 1 0],0.0,3,0.589,0.254,2.238,1.347
29,male,50,2.25,same,same,1,0,0,model,[0 1 0],0.0,0,0.589,0.155,0.738,0.768
29,male,0,1.472,same,same,1,0,0,model,[0 1 0],0.0,0,0.589,0.1,0.138,0.645
29,male,0,1.472,same,same,1,0,0,model,[0 1 0],0.0,0,0.589,0.1,0.138,0.645
29,male,150,4.401,same,different,0,1,0,model,[0 1 0],0.0,3,0.589,0.283,1.938,1.441
29,male,150,4.109,different,different,1,0,0,model,[0 1 0],0.0,3,0.589,0.195,2.238,0.937
29,male,150,3.796,same,same,1,0,0,model,[0 1 0],0.0,0,0.589,0.261,1.938,1.008
29,male,0,1.472,same,same,1,0,0,model,[0 1 0],0.0,0,0.589,0.1,0.138,0.645
29,male,0,1.822,different,different,1,0,0,model,[0 1 0],0.0,3,0.589,0.1,0.138,0.845
29,male,0,1.472,same,same,1,0,0,model,[0 1 0],0.0,0,0.589,0.1,0.138,0.645
29,male,100,3.111,same,same,1,0,0,model,[0 1 0],0.0,1,0.589,0.18,1.488,0.805
30,male,100,2.237,same,same,1,0,0,model,[0 1 0],0.0,0,0.431,0.242,0.605,0.959
30,male,150,4.001,same,different,0,1,0,model,[0 1 0],0.0,2,0.431,0.212,2.255,1.003
30,male,50,2.192,different,different,1,0,0,model,[0 1 0],0.0,2,0.431,0.167,0.755,0.739
30,male,100,3.412,same,different,0,1,0,model,[0 1 0],0.0,2,0.431,0.247,1.505,1.129
30,male,50,2.32,same,same,1,0,0,model,[0 1 0],0.0,1,0.431,0.155,0.905,0.779
30,male,50,2.495,same,different,0,1,0,model,[0 1 0],0.0,2,0.431,0.164,0.905,0.895
30,male,100,3.167,different,different,1,0,0,model,[0 1 0],0.0,2,0.431,0.223,1.355,1.058
30,male,100,4.953,different,same,0,0,1,model,[0 1 0],0.0,2,0.431,0.22,3.155,1.047
30,male,150,3.968,different,different,1,0,0,model,[0 1 0],0.0,2,0.431,0.243,2.105,1.089
30,male,0,1.474,different,different,1,0,0,model,[0 1 0],0.0,2,0.431,0.1,0.155,0.688
30,male,100,2.255,same,same,1,0,0,model,[0 1 0],0.0,0,0.431,0.202,0.755,0.867
30,male,50,2.451,same,same,1,0,0,model,[0 1 0],0.0,1,0.431,0.135,0.905,0.93
30,male,150,5.145,different,different,1,0,0,model,[0 1 0],0.0,2,0.431,0.237,3.305,1.073
30,male,0,1.474,different,different,1,0,0,model,[0 1 0],0.0,2,0.431,0.1,0.155,0.688
30,male,0,1.474,different,different,1,0,0,model,[0 1 0],0.0,2,0.431,0.1,0.155,0.688
30,male,100,3.151,different,different,1,0,0,model,[0 1 0],0.0,2,0.431,0.182,1.505,0.934
30,male,150,5.009,different,different,1,0,0,model,[0 1 0],0.0,2,0.431,0.263,3.455,0.761
30,male,50,2.763,same,same,1,0,0,model,[0 1 0],0.0,1,0.431,0.167,0.905,1.21
30,male,0,1.474,same,different,0,1,0,model,[0 1 0],0.0,2,0.431,0.1,0.155,0.688
30,male,0,1.324,same,same,1,0,0,model,[0 1 0],0.0,0,0.431,0.1,0.155,0.638
30,male,0,1.324,same,same,1,0,0,model,[0 1 0],0.0,0,0.431,0.1,0.155,0.638
30,male,50,2.084,same,same,1,0,0,model,[0 1 0],0.0,0,0.431,0.149,0.755,0.749
30,male,150,3.955,same,different,0,1,0,model,[0 1 0],0.0,2,0.431,0.318,1.805,1.301
30,male,100,2.358,same,same,1,0,0,model,[0 1 0],0.0,0,0.431,0.187,0.905,0.835
30,male,100,3.087,same,different,0,1,0,model,[0 1 0],0.0,2,0.431,0.205,1.505,0.846
30,male,100,4.021,different,different,1,0,0,model,[0 1 0],0.0,2,0.431,0.179,2.555,0.756
30,male,0,1.474,different,different,1,0,0,model,[0 1 0],0.0,2,0.431,0.1,0.155,0.688
30,male,150,3.815,different,same,0,0,1,model,[0 1 0],0.0,2,0.431,0.194,1.805,1.285
30,male,100,3.239,different,different,1,0,0,model,[0 1 0],0.0,2,0.431,0.204,1.505,1.0
30,male,100,6.328,same,same,1,0,0,model,[0 1 0],0.0,2,0.431,0.21,4.205,1.383
30,male,150,2.975,same,same,1,0,0,model,[0 1 0],0.0,0,0.431,0.239,1.355,0.95
30,male,0,1.474,different,different,1,0,0,model,[0 1 0],0.0,2,0.431,0.1,0.155,0.688
30,male,50,3.824,different,same,0,0,1,model,[0 1 0],0.0,2,0.431,0.159,2.255,0.879
30,male,150,2.572,same,same,1,0,0,model,[0 1 0],0.0,0,0.431,0.207,1.055,0.879
30,male,100,2.323,same,same,1,0,0,model,[0 1 0],0.0,0,0.431,0.223,0.755,0.914
30,male,0,1.324,same,same,1,0,0,model,[0 1 0],0.0,0,0.431,0.1,0.155,0.638
30,male,100,3.002,same,same,1,0,0,model,[0 1 0],0.0,1,0.431,0.19,1.205,1.126
30,male,50,2.684,same,same,1,0,0,model,[0 1 0],0.0,1,0.431,0.153,0.905,1.145
30,male,50,2.457,same,same,1,0,0,model,[0 1 0],0.0,1,0.431,0.136,0.905,0.935
30,male,0,1.474,different,different,1,0,0,model,[0 1 0],0.0,2,0.431,0.1,0.155,0.688
30,male,50,3.351,different,same,0,0,1,model,[0 1 0],0.0,2,0.431,0.13,1.655,1.034
30,male,150,3.343,different,different,1,0,0,model,[0 1 0],0.0,2,0.431,0.276,1.355,1.182
30,male,0,1.324,same,same,1,0,0,model,[0 1 0],0.0,0,0.431,0.1,0.155,0.638
30,male,150,3.505,different,different,1,0,0,model,[0 1 0],0.0,2,0.431,0.279,1.505,1.19
30,male,150,2.361,same,same,1,0,0,model,[0 1 0],0.0,0,0.431,0.234,0.755,0.941
30,male,100,6.159,same,different,0,1,0,model,[0 1 0],0.0,2,0.431,0.184,4.505,0.939
30,male,150,4.157,same,same,1,0,0,model,[0 1 0],0.0,1,0.431,0.219,2.255,1.202
30,male,50,2.27,different,different,1,0,0,model,[0 1 0],0.0,2,0.431,0.155,0.905,0.679
30,male,0,1.474,same,different,0,1,0,model,[0 1 0],0.0,2,0.431,0.1,0.155,0.688
30,male,50,2.458,same,different,0,1,0,model,[0 1 0],0.0,2,0.431,0.156,0.905,0.867
30,male,50,1.898,same,same,1,0,0,model,[0 1 0],0.0,0,0.431,0.138,0.605,0.724
30,male,0,1.474,different,different,1,0,0,model,[0 1 0],0.0,2,0.431,0.1,0.155,0.688
30,male,0,1.474,different,different,1,0,0,model,[0 1 0],0.0,2,0.431,0.1,0.155,0.688
30,male,0,1.324,same,same,1,0,0,model,[0 1 0],0.0,0,0.431,0.1,0.155,0.638
30,male,150,3.71,different,same,0,0,1,model,[0 1 0],0.0,2,0.431,0.254,1.805,1.12
30,male,100,3.146,same,different,0,1,0,model,[0 1 0],0.0,2,0.431,0.181,1.505,0.93
30,male,50,2.545,same,same,1,0,0,model,[0 1 0],0.0,1,0.431,0.153,0.905,1.006
30,male,150,3.295,same,different,0,1,0,model,[0 1 0],0.0,2,0.431,0.263,1.355,1.146
30,male,0,1.324,same,same,1,0,0,model,[0 1 0],0.0,0,0.431,0.1,0.155,0.638
30,male,150,7.256,different,different,1,0,0,model,[0 1 0],0.0,2,0.431,0.279,5.255,1.191
30,male,150,4.172,same,different,0,1,0,model,[0 1 0],0.0,2,0.431,0.296,2.105,1.239
30,male,100,3.045,different,different,1,0,0,model,[0 1 0],0.0,2,0.431,0.23,1.205,1.079
30,male,150,3.664,same,same,1,0,0,model,[0 1 0],0.0,1,0.431,0.232,1.505,1.446
30,male,100,2.236,same,same,1,0,0,model,[0 1 0],0.0,0,0.431,0.242,0.605,0.958
30,male,0,1.324,same,same,1,0,0,model,[0 1 0],0.0,0,0.431,0.1,0.155,0.638
30,male,150,3.992,same,same,1,0,0,model,[0 1 0],0.0,1,0.431,0.238,1.805,1.468
30,male,150,4.407,different,different,1,0,0,model,[0 1 0],0.0,2,0.431,0.24,2.555,1.081
30,male,100,3.182,same,same,1,0,0,model,[0 1 0],0.0,1,0.431,0.165,1.505,1.031
30,male,100,3.303,same,different,0,1,0,model,[0 1 0],0.0,2,0.431,0.22,1.505,1.047
30,male,100,3.113,different,different,1,0,0,model,[0 1 0],0.0,2,0.431,0.172,1.505,0.905
30,male,0,1.474,different,different,1,0,0,model,[0 1 0],0.0,2,0.431,0.1,0.155,0.688
30,male,150,3.503,same,different,0,1,0,model,[0 1 0],0.0,2,0.431,0.2,1.805,0.968
30,male,0,1.474,same,different,0,1,0,model,[0 1 0],0.0,2,0.431,0.1,0.155,0.688
30,male,0,1.324,same,same,1,0,0,model,[0 1 0],0.0,0,0.431,0.1,0.155,0.638
30,male,50,2.704,same,different,0,1,0,model,[0 1 0],0.0,2,0.431,0.143,1.205,0.826
30,male,100,3.295,same,same,1,0,0,model,[0 1 0],0.0,1,0.431,0.213,1.205,1.396
30,male,100,3.786,different,different,1,0,0,model,[0 1 0],0.0,2,0.431,0.191,2.105,0.96
30,male,150,3.916,different,different,1,0,0,model,[0 1 0],0.0,2,0.431,0.229,2.105,1.051
30,male,50,1.827,same,same,1,0,0,model,[0 1 0],0.0,0,0.431,0.162,0.455,0.779
30,male,100,2.789,different,different,1,0,0,model,[0 1 0],0.0,2,0.431,0.166,1.205,0.887
30,male,50,2.325,same,different,0,1,0,model,[0 1 0],0.0,2,0.431,0.159,0.755,0.879
30,male,0,1.324,same,same,1,0,0,model,[0 1 0],0.0,0,0.431,0.1,0.155,0.638
30,male,0,1.324,same,same,1,0,0,model,[0 1 0],0.0,0,0.431,0.1,0.155,0.638
30,male,100,2.049,same,same,1,0,0,model,[0 1 0],0.0,0,0.431,0.185,0.605,0.829
30,male,150,5.151,different,different,1,0,0,model,[0 1 0],0.0,2,0.431,0.238,3.305,1.077
30,male,0,1.324,same,same,1,0,0,model,[0 1 0],0.0,0,0.431,0.1,0.155,0.638
30,male,150,4.753,same,same,1,0,0,model,[0 1 0],0.0,1,0.431,0.286,2.555,1.432
30,male,100,3.172,same,different,0,1,0,model,[0 1 0],0.0,2,0.431,0.199,1.655,0.787
30,male,50,2.77,same,different,0,1,0,model,[0 1 0],0.0,2,0.431,0.158,1.205,0.876
30,male,100,4.342,same,same,1,0,0,model,[0 1 0],0.0,2,0.431,0.18,2.705,0.927
30,male,100,2.66,different,different,1,0,0,model,[0 1 0],0.0,2,0.431,0.206,1.205,0.718
30,male,0,1.474,same,different,0,1,0,model,[0 1 0],0.0,2,0.431,0.1,0.155,0.688
30,male,0,1.474,same,different,0,1,0,model,[0 1 0],0.0,2,0.431,0.1,0.155,0.688
30,male,50,3.372,different,same,0,0,1,model,[0 1 0],0.0,2,0.431,0.16,1.505,1.176
30,male,150,2.879,same,same,1,0,0,model,[0 1 0],0.0,0,0.431,0.255,1.205,0.988
30,male,150,4.519,different,different,1,0,0,model,[0 1 0],0.0,2,0.431,0.258,2.855,0.875
31,male,100,3.658,different,different,1,0,0,model,[0 1 0],0.0,4,0.529,0.166,1.469,1.295
31,male,50,2.043,same,same,1,0,0,model,[0 1 0],0.0,0,0.529,0.158,0.569,0.787
31,male,0,1.406,same,same,1,0,0,model,[0 1 0],0.0,0,0.529,0.1,0.119,0.658
31,male,150,3.861,different,different,1,0,0,model,[0 1 0],0.0,4,0.529,0.218,1.469,1.445
31,male,0,1.406,same,same,1,0,0,model,[0 1 0],0.0,0,0.529,0.1,0.119,0.658
31,male,50,1.854,same,same,1,0,0,model,[0 1 0],0.0,0,0.529,0.146,0.419,0.761
31,male,50,3.008,different,different,1,0,0,model,[0 1 0],0.0,4,0.529,0.144,0.869,1.267
31,male,100,4.383,different,different,1,0,0,model,[0 1 0],0.0,4,0.529,0.217,1.919,1.518
31,male,0,1.956,different,different,1,0,0,model,[0 1 0],0.0,4,0.529,0.1,0.119,1.008
31,male,100,2.919,same,same,1,0,0,model,[0 1 0],0.0,0,0.529,0.15,1.469,0.771
31,male,0,1.956,different,different,1,0,0,model,[0 1 0],0.0,4,0.529,0.1,0.119,1.008
31,male,0,1.406,same,same,1,0,0,model,[0 1 0],0.0,0,0.529,0.1,0.119,0.658
31,male,100,4.488,different,different,1,0,0,model,[0 1 0],0.0,4,0.529,0.18,2.219,1.36
31,male,50,2.013,same,same,1,0,0,model,[0 1 0],0.0,0,0.529,0.148,0.569,0.767
31,male,0,1.956,different,different,1,0,0,model,[0 1 0],0.0,4,0.529,0.1,0.119,1.008
31,male,150,5.373,different,different,1,0,0,model,[0 1 0],0.0,4,0.529,0.316,2.519,1.809
31,male,0,1.956,different,different,1,0,0,model,[0 1 0],0.0,4,0.529,0.1,0.119,1.008
31,male,100,2.391,same,same,1,0,0,model,[0 1 0],0.0,0,0.529,0.172,0.869,0.821
31,male,50,2.208,same,same,1,0,0,model,[0 1 0],0.0,0,0.529,0.162,0.719,0.798
31,male,150,3.94,different,different,1,0,0,model,[0 1 0],0.0,4,0.529,0.266,1.319,1.626
31,male,150,2.655,same,same,1,0,0,model,[0 1 0],0.0,0,0.529,0.207,1.019,0.9
31,male,50,2.884,different,different,1,0,0,model,[0 1 0],0.0,4,0.529,0.147,0.719,1.289
31,male,0,1.956,different,different,1,0,0,model,[0 1 0],0.0,4,0.529,0.1,0.119,1.008
31,male,0,1.406,same,same,1,0,0,model,[0 1 0],0.0,0,0.529,0.1,0.119,0.658
31,male,50,3.421,different,different,1,0,0,model,[0 1 0],0.0,4,0.529,0.146,1.469,1.078
31,male,50,2.175,same,same,1,0,0,model,[0 1 0],0.0,0,0.529,0.152,0.719,0.775
31,male,150,4.164,different,different,1,0,0,model,[0 1 0],0.0,4,0.529,0.218,1.769,1.448
31,male,100,2.528,same,same,1,0,0,model,[0 1 0],0.0,0,0.529,0.215,0.869,0.916
31,male,150,2.594,same,same,1,0,0,model,[0 1 0],0.0,0,0.529,0.235,0.869,0.962
31,male,100,2.078,same,same,1,0,0,model,[0 1 0],0.0,0,0.529,0.168,0.569,0.812
31,male,50,3.022,different,different,1,0,0,model,[0 1 0],0.0,4,0.529,0.167,0.719,1.407
31,male,0,1.406,same,same,1,0,0,model,[0 1 0],0.0,0,0.529,0.1,0.119,0.658
31,male,0,1.406,same,same,1,0,0,model,[0 1 0],0.0,0,0.529,0.1,0.119,0.658
31,male,100,4.324,different,different,1,0,0,model,[0 1 0],0.0,4,0.529,0.15,2.219,1.226
31,male,150,3.115,same,same,1,0,0,model,[0 1 0],0.0,0,0.529,0.257,1.319,1.01
31,male,100,2.108,same,same,1,0,0,model,[0 1 0],0.0,0,0.529,0.178,0.569,0.833
31,male,150,2.894,same,same,1,0,0,model,[0 1 0],0.0,0,0.529,0.281,1.019,1.066
31,male,0,1.956,different,different,1,0,0,model,[0 1 0],0.0,4,0.529,0.1,0.119,1.008
31,male,100,2.141,same,same,1,0,0,model,[0 1 0],0.0,0,0.529,0.188,0.569,0.855
31,male,150,2.88,same,same,1,0,0,model,[0 1 0],0.0,0,0.529,0.231,1.169,0.952
31,male,100,5.499,different,different,1,0,0,model,[0 1 0],0.0,4,0.529,0.229,2.969,1.572
31,male,100,4.34,different,different,1,0,0,model,[0 1 0],0.0,4,0.529,0.209,1.919,1.483
31,male,150,5.627,different,different,1,0,0,model,[0 1 0],0.0,4,0.529,0.248,3.419,1.231
31,male,50,2.971,different,different,1,0,0,model,[0 1 0],0.0,4,0.529,0.138,0.869,1.235
31,male,150,4.99,different,different,1,0,0,model,[0 1 0],0.0,4,0.529,0.234,2.519,1.508
31,male,50,1.901,same,same,1,0,0,model,[0 1 0],0.0,0,0.529,0.16,0.419,0.794
31,male,150,2.571,same,same,1,0,0,model,[0 1 0],0.0,0,0.529,0.274,0.719,1.049
31,male,50,3.006,different,different,1,0,0,model,[0 1 0],0.0,4,0.529,0.16,1.019,1.099
31,male,150,2.596,same,same,1,0,0,model,[0 1 0],0.0,0,0.529,0.235,0.869,0.963
31,male,100,3.709,different,different,1,0,0,model,[0 1 0],0.0,4,0.529,0.175,1.469,1.336
31,male,100,3.634,different,different,1,0,0,model,[0 1 0],0.0,4,0.529,0.231,1.469,1.205
31,male,50,2.346,same,same,1,0,0,model,[0 1 0],0.0,0,0.529,0.159,0.869,0.79
31,male,100,2.276,same,same,1,0,0,model,[0 1 0],0.0,0,0.529,0.183,0.719,0.846
31,male,100,2.221,same,same,1,0,0,model,[0 1 0],0.0,0,0.529,0.166,0.719,0.807
31,male,100,3.774,different,different,1,0,0,model,[0 1 0],0.0,4,0.529,0.215,1.319,1.511
31,male,50,2.938,different,different,1,0,0,model,[0 1 0],0.0,4,0.529,0.155,0.719,1.336
31,male,100,2.227,same,same,1,0,0,model,[0 1 0],0.0,0,0.529,0.168,0.719,0.811
31,male,0,1.956,different,different,1,0,0,model,[0 1 0],0.0,4,0.529,0.1,0.119,1.008
31,male,50,2.007,same,same,1,0,0,model,[0 1 0],0.0,0,0.529,0.147,0.569,0.763
31,male,100,2.398,same,same,1,0,0,model,[0 1 0],0.0,0,0.529,0.221,0.719,0.93
31,male,100,3.54,different,different,1,0,0,model,[0 1 0],0.0,4,0.529,0.2,1.169,1.442
31,male,0,1.956,different,different,1,0,0,model,[0 1 0],0.0,4,0.529,0.1,0.119,1.008
31,male,150,4.134,different,different,1,0,0,model,[0 1 0],0.0,4,0.529,0.244,1.619,1.542
31,male,50,1.987,same,same,1,0,0,model,[0 1 0],0.0,0,0.529,0.14,0.569,0.749
31,male,0,1.956,different,different,1,0,0,model,[0 1 0],0.0,4,0.529,0.1,0.119,1.008
31,male,100,3.755,different,different,1,0,0,model,[0 1 0],0.0,4,0.529,0.212,1.319,1.496
31,male,100,3.637,different,different,1,0,0,model,[0 1 0],0.0,4,0.529,0.218,1.169,1.522
31,male,0,1.406,same,same,1,0,0,model,[0 1 0],0.0,0,0.529,0.1,0.119,0.658
31,male,0,1.956,different,different,1,0,0,model,[0 1 0],0.0,4,0.529,0.1,0.119,1.008
31,male,100,3.638,different,different,1,0,0,model,[0 1 0],0.0,4,0.529,0.162,1.469,1.279
31,male,50,2.917,different,different,1,0,0,model,[0 1 0],0.0,4,0.529,0.152,0.719,1.317
31,male,50,3.34,different,different,1,0,0,model,[0 1 0],0.0,4,0.529,0.148,1.169,1.295
31,male,100,3.974,different,different,1,0,0,model,[0 1 0],0.0,4,0.529,0.188,1.919,1.139
31,male,150,2.391,same,same,1,0,0,model,[0 1 0],0.0,0,0.529,0.219,0.719,0.925
31,male,150,5.54,different,different,1,0,0,model,[0 1 0],0.0,4,0.529,0.192,3.269,1.35
31,male,50,2.035,same,same,1,0,0,model,[0 1 0],0.0,0,0.529,0.155,0.569,0.782
31,male,150,8.073,different,different,1,0,0,model,[0 1 0],0.0,4,0.529,0.284,5.369,1.691
31,male,0,1.406,same,same,1,0,0,model,[0 1 0],0.0,0,0.529,0.1,0.119,0.658
31,male,100,3.541,different,different,1,0,0,model,[0 1 0],0.0,4,0.529,0.2,1.169,1.444
31,male,0,1.406,same,same,1,0,0,model,[0 1 0],0.0,0,0.529,0.1,0.119,0.658
31,male,50,1.851,same,same,1,0,0,model,[0 1 0],0.0,0,0.529,0.145,0.419,0.759
31,male,150,3.451,same,same,1,0,0,model,[0 1 0],0.0,0,0.529,0.314,1.469,1.139
31,male,150,2.829,same,same,1,0,0,model,[0 1 0],0.0,0,0.529,0.307,0.869,1.125
31,male,150,2.909,same,same,1,0,0,model,[0 1 0],0.0,0,0.529,0.286,1.019,1.076
31,male,100,2.598,same,same,1,0,0,model,[0 1 0],0.0,0,0.529,0.236,0.869,0.964
31,male,0,1.956,different,different,1,0,0,model,[0 1 0],0.0,4,0.529,0.1,0.119,1.008
31,male,150,7.171,different,different,1,0,0,model,[0 1 0],0.0,4,0.529,0.252,4.619,1.572
31,male,150,3.256,same,same,1,0,0,model,[0 1 0],0.0,0,0.529,0.254,1.469,1.004
31,male,50,1.86,same,same,1,0,0,model,[0 1 0],0.0,0,0.529,0.148,0.419,0.765
31,male,150,2.554,same,same,1,0,0,model,[0 1 0],0.0,0,0.529,0.223,0.869,0.934
31,male,0,1.406,same,same,1,0,0,model,[0 1 0],0.0,0,0.529,0.1,0.119,0.658
31,male,150,4.002,different,different,1,0,0,model,[0 1 0],0.0,4,0.529,0.28,1.319,1.675
31,male,150,4.167,different,different,1,0,0,model,[0 1 0],0.0,4,0.529,0.219,1.769,1.45
31,male,0,1.406,same,same,1,0,0,model,[0 1 0],0.0,0,0.529,0.1,0.119,0.658
31,male,50,3.039,different,different,1,0,0,model,[0 1 0],0.0,4,0.529,0.148,0.869,1.294
31,male,100,3.206,different,different,1,0,0,model,[0 1 0],0.0,4,0.529,0.18,1.169,1.128
32,female,50,1.923,same,different,0,1,0,model,[0 1 0],0.0,1,0.517,0.145,0.566,0.645
32,female,100,2.496,same,same,1,0,0,model,[0 1 0],0.0,0,0.517,0.25,0.716,1.014
32,female,150,2.624,same,same,1,0,0,model,[0 1 0],0.0,0,0.517,0.243,0.866,0.998
32,female,150,2.59,same,same,1,0,0,model,[0 1 0],0.0,0,0.517,0.233,0.866,0.975
32,female,100,3.323,same,different,0,1,0,model,[0 1 0],0.0,1,0.517,0.226,1.766,0.765
32,female,0,1.409,same,same,1,0,0,model,[0 1 0],0.0,0,0.517,0.1,0.116,0.677
32,female,50,2.048,same,same,1,0,0,model,[0 1 0],0.0,0,0.517,0.158,0.566,0.807
32,female,100,2.3,different,different,1,0,0,model,[0 1 0],0.0,1,0.517,0.236,0.716,0.781
32,female,100,3.184,different,different,1,0,0,model,[0 1 0],0.0,1,0.517,0.23,1.616,0.771
32,female,100,2.147,same,different,0,1,0,model,[0 1 0],0.0,1,0.517,0.235,0.566,0.779
32,female,0,1.409,same,same,1,0,0,model,[0 1 0],0.0,0,0.517,0.1,0.116,0.677
32,female,150,2.689,same,same,1,0,0,model,[0 1 0],0.0,0,0.517,0.217,1.016,0.94
32,female,50,1.898,different,different,1,0,0,model,[0 1 0],0.0,1,0.517,0.135,0.566,0.63
32,female,50,1.992,same,same,1,0,0,model,[0 1 0],0.0,0,0.517,0.141,0.566,0.768
32,female,150,3.341,same,same,1,0,0,model,[0 1 0],0.0,0,0.517,0.279,1.466,1.079
32,female,100,2.702,same,same,1,0,0,model,[0 1 0],0.0,0,0.517,0.221,1.016,0.949
32,female,150,2.632,same,same,1,0,0,model,[0 1 0],0.0,0,0.517,0.246,0.866,1.004
32,female,50,2.059,same,same,1,0,0,model,[0 1 0],0.0,0,0.517,0.161,0.566,0.815
32,female,50,2.078,different,different,1,0,0,model,[0 1 0],0.0,1,0.517,0.148,0.716,0.648
32,female,0,1.409,same,same,1,0,0,model,[0 1 0],0.0,0,0.517,0.1,0.116,0.677
32,female,50,1.927,different,different,1,0,0,model,[0 1 0],0.0,1,0.517,0.147,0.566,0.647
32,female,0,1.359,different,different,1,0,0,model,[0 1 0],0.0,1,0.517,0.1,0.116,0.577
32,female,100,2.115,same,same,1,0,0,model,[0 1 0],0.0,0,0.517,0.179,0.566,0.854
32,female,50,1.825,same,same,1,0,0,model,[0 1 0],0.0,0,0.517,0.136,0.416,0.757
32,female,50,2.084,same,same,1,0,0,model,[0 1 0],0.0,0,0.517,0.169,0.566,0.832
32,female,150,2.149,different,different,1,0,0,model,[0 1 0],0.0,1,0.517,0.176,0.716,0.69
32,female,100,3.069,different,different,1,0,0,model,[0 1 0],0.0,1,0.517,0.244,1.466,0.793
32,female,50,2.14,same,same,1,0,0,model,[0 1 0],0.0,0,0.517,0.14,0.716,0.767
32,female,150,2.588,different,different,1,0,0,model,[0 1 0],0.0,1,0.517,0.231,1.016,0.774
32,female,50,2.16,same,same,1,0,0,model,[0 1 0],0.0,0,0.517,0.146,0.716,0.781
32,female,100,2.415,same,different,0,1,0,model,[0 1 0],0.0,1,0.517,0.222,0.866,0.76
32,female,150,2.872,same,same,1,0,0,model,[0 1 0],0.0,0,0.517,0.227,1.166,0.962
32,female,0,1.409,same,same,1,0,0,model,[0 1 0],0.0,0,0.517,0.1,0.116,0.677
32,female,50,1.972,same,same,1,0,0,model,[0 1 0],0.0,0,0.517,0.135,0.566,0.755
32,female,150,2.554,same,different,0,1,0,model,[0 1 0],0.0,1,0.517,0.218,1.016,0.753
32,female,50,2.573,different,different,1,0,0,model,[0 1 0],0.0,1,0.517,0.166,1.166,0.675
32,female,150,2.865,same,different,0,1,0,model,[0 1 0],0.0,1,0.517,0.282,1.166,0.85
32,female,50,2.255,different,different,1,0,0,model,[0 1 0],0.0,1,0.517,0.158,0.866,0.664
32,female,50,1.888,same,different,0,1,0,model,[0 1 0],0.0,1,0.517,0.131,0.566,0.624
32,female,50,2.064,same,same,1,0,0,model,[0 1 0],0.0,0,0.517,0.163,0.566,0.819
32,female,0,1.409,same,same,1,0,0,model,[0 1 0],0.0,0,0.517,0.1,0.116,0.677
32,female,50,1.978,same,same,1,0,0,model,[0 1 0],0.0,0,0.517,0.137,0.566,0.759
32,female,100,2.599,different,different,1,0,0,model,[0 1 0],0.0,1,0.517,0.236,1.016,0.781
32,female,50,1.762,different,different,1,0,0,model,[0 1 0],0.0,1,0.517,0.141,0.416,0.638
32,female,100,2.366,same,same,1,0,0,model,[0 1 0],0.0,0,0.517,0.164,0.866,0.82
32,female,0,1.409,same,same,1,0,0,model,[0 1 0],0.0,0,0.517,0.1,0.116,0.677
32,female,0,1.409,same,same,1,0,0,model,[0 1 0],0.0,0,0.517,0.1,0.116,0.677
32,female,50,1.924,different,different,1,0,0,model,[0 1 0],0.0,1,0.517,0.146,0.566,0.645
32,female,0,1.359,different,different,1,0,0,model,[0 1 0],0.0,1,0.517,0.1,0.116,0.577
32,female,0,1.359,same,different,0,1,0,model,[0 1 0],0.0,1,0.517,0.1,0.116,0.577
32,female,50,2.395,same,different,0,1,0,model,[0 1 0],0.0,1,0.517,0.154,1.016,0.658
32,female,0,1.409,same,same,1,0,0,model,[0 1 0],0.0,0,0.517,0.1,0.116,0.677
32,female,100,2.139,different,different,1,0,0,model,[0 1 0],0.0,1,0.517,0.172,0.716,0.684
32,female,50,1.937,same,different,0,1,0,model,[0 1 0],0.0,1,0.517,0.151,0.566,0.653
32,female,100,2.471,same,different,0,1,0,model,[0 1 0],0.0,1,0.517,0.185,1.016,0.704
32,female,150,2.95,same,same,1,0,0,model,[0 1 0],0.0,0,0.517,0.251,1.166,1.017
32,female,100,2.254,same,same,1,0,0,model,[0 1 0],0.0,0,0.517,0.175,0.716,0.846
32,female,50,1.828,same,same,1,0,0,model,[0 1 0],0.0,0,0.517,0.136,0.416,0.758
32,female,100,3.545,same,same,1,0,0,model,[0 1 0],0.0,0,0.517,0.203,1.916,0.909
32,female,150,2.789,same,same,1,0,0,model,[0 1 0],0.0,0,0.517,0.294,0.866,1.113
32,female,100,2.446,same,same,1,0,0,model,[0 1 0],0.0,0,0.517,0.234,0.716,0.979
32,female,0,1.409,same,same,1,0,0,model,[0 1 0],0.0,0,0.517,0.1,0.116,0.677
32,female,0,1.409,same,same,1,0,0,model,[0 1 0],0.0,0,0.517,0.1,0.116,0.677
32,female,100,2.934,same,different,0,1,0,model,[0 1 0],0.0,1,0.517,0.19,1.466,0.711
32,female,150,2.711,same,same,1,0,0,model,[0 1 0],0.0,0,0.517,0.27,0.866,1.059
32,female,50,1.757,different,different,1,0,0,model,[0 1 0],0.0,1,0.517,0.139,0.416,0.635
32,female,150,2.509,same,same,1,0,0,model,[0 1 0],0.0,0,0.517,0.254,0.716,1.023
32,female,150,3.74,same,different,0,1,0,model,[0 1 0],0.0,1,0.517,0.212,2.216,0.745
32,female,150,4.168,same,different,0,1,0,model,[0 1 0],0.0,1,0.517,0.263,2.516,0.821
32,female,150,3.44,same,same,1,0,0,model,[0 1 0],0.0,0,0.517,0.263,1.616,1.044
32,female,0,1.359,different,different,1,0,0,model,[0 1 0],0.0,1,0.517,0.1,0.116,0.577
32,female,100,2.706,same,same,1,0,0,model,[0 1 0],0.0,0,0.517,0.222,1.016,0.951
32,female,100,2.342,different,different,1,0,0,model,[0 1 0],0.0,1,0.517,0.193,0.866,0.716
32,female,0,1.359,same,different,0,1,0,model,[0 1 0],0.0,1,0.517,0.1,0.116,0.577
32,female,0,1.359,different,different,1,0,0,model,[0 1 0],0.0,1,0.517,0.1,0.116,0.577
32,female,100,2.501,same,same,1,0,0,model,[0 1 0],0.0,0,0.517,0.159,1.016,0.809
32,female,50,2.148,same,same,1,0,0,model,[0 1 0],0.0,0,0.517,0.143,0.716,0.772
32,female,100,2.759,same,same,1,0,0,model,[0 1 0],0.0,0,0.517,0.192,1.166,0.884
32,female,0,1.409,same,same,1,0,0,model,[0 1 0],0.0,0,0.517,0.1,0.116,0.677
32,female,50,2.119,different,different,1,0,0,model,[0 1 0],0.0,1,0.517,0.164,0.716,0.673
32,female,50,1.923,same,different,0,1,0,model,[0 1 0],0.0,1,0.517,0.145,0.566,0.645
32,female,0,1.409,same,same,1,0,0,model,[0 1 0],0.0,0,0.517,0.1,0.116,0.677
32,female,50,2.307,same,same,1,0,0,model,[0 1 0],0.0,0,0.517,0.145,0.866,0.779
32,female,100,2.223,same,different,0,1,0,model,[0 1 0],0.0,1,0.517,0.205,0.716,0.735
32,female,150,2.811,same,same,1,0,0,model,[0 1 0],0.0,0,0.517,0.208,1.166,0.92
32,female,50,1.893,different,different,1,0,0,model,[0 1 0],0.0,1,0.517,0.133,0.566,0.627
32,female,0,1.359,different,different,1,0,0,model,[0 1 0],0.0,1,0.517,0.1,0.116,0.577
32,female,100,2.359,different,different,1,0,0,model,[0 1 0],0.0,1,0.517,0.2,0.866,0.726
32,female,100,3.141,same,same,1,0,0,model,[0 1 0],0.0,0,0.517,0.218,1.466,0.941
32,female,150,2.511,same,different,0,1,0,model,[0 1 0],0.0,1,0.517,0.261,0.866,0.818
32,female,50,1.977,different,different,1,0,0,model,[0 1 0],0.0,1,0.517,0.167,0.566,0.677
32,female,50,2.823,same,same,1,0,0,model,[0 1 0],0.0,0,0.517,0.166,1.316,0.824
32,female,150,2.501,same,different,0,1,0,model,[0 1 0],0.0,1,0.517,0.257,0.866,0.812
32,female,100,2.22,same,different,0,1,0,model,[0 1 0],0.0,1,0.517,0.204,0.716,0.733
32,female,150,2.692,same,different,0,1,0,model,[0 1 0],0.0,1,0.517,0.273,1.016,0.836
32,female,0,1.359,different,different,1,0,0,model,[0 1 0],0.0,1,0.517,0.1,0.116,0.577
33,male,100,3.06,same,different,0,1,0,model,[0 1 0],0.0,2,0.437,0.202,1.334,0.987
33,male,100,2.738,same,same,1,0,0,model,[0 1 0],0.0,0,0.437,0.219,1.184,0.898
33,male,0,1.452,different,different,1,0,0,model,[0 1 0],0.0,2,0.437,0.1,0.134,0.681
33,male,150,6.909,different,different,1,0,0,model,[0 1 0],0.0,2,0.437,0.272,4.934,1.165
33,male,50,2.365,same,same,1,0,0,model,[0 1 0],0.0,0,0.437,0.15,1.034,0.744
33,male,150,5.064,different,different,1,0,0,model,[0 1 0],0.0,2,0.437,0.261,3.134,1.132
33,male,100,4.33,same,different,0,1,0,model,[0 1 0],0.0,2,0.437,0.22,2.534,1.039
33,male,0,1.452,same,different,0,1,0,model,[0 1 0],0.0,2,0.437,0.1,0.134,0.681
33,male,0,1.452,same,different,0,1,0,model,[0 1 0],0.0,2,0.437,0.1,0.134,0.681
33,male,50,1.768,same,same,1,0,0,model,[0 1 0],0.0,0,0.437,0.151,0.434,0.746
33,male,100,2.937,same,same,1,0,0,model,[0 1 0],0.0,0,0.437,0.234,1.334,0.932
33,male,50,2.238,same,same,1,0,0,model,[0 1 0],0.0,0,0.437,0.157,0.884,0.76
33,male,150,2.652,same,same,1,0,0,model,[0 1 0],0.0,0,0.437,0.192,1.184,0.839
33,male,150,2.522,same,same,1,0,0,model,[0 1 0],0.0,0,0.437,0.245,0.884,0.956
33,male,0,1.452,different,different,1,0,0,model,[0 1 0],0.0,2,0.437,0.1,0.134,0.681
33,male,150,4.839,different,different,1,0,0,model,[0 1 0],0.0,2,0.437,0.32,2.684,1.298
33,male,100,3.007,different,different,1,0,0,model,[0 1 0],0.0,2,0.437,0.182,1.484,0.804
33,male,150,3.085,same,same,1,0,0,model,[0 1 0],0.0,0,0.437,0.279,1.334,1.034
33,male,50,2.194,same,same,1,0,0,model,[0 1 0],0.0,0,0.437,0.144,0.884,0.729
33,male,150,3.552,different,different,1,0,0,model,[0 1 0],0.0,2,0.437,0.257,1.634,1.123
33,male,150,3.226,same,same,1,0,0,model,[0 1 0],0.0,0,0.437,0.277,1.484,1.028
33,male,100,2.311,same,same,1,0,0,model,[0 1 0],0.0,0,0.437,0.18,0.884,0.81
33,male,100,3.183,different,different,1,0,0,model,[0 1 0],0.0,2,0.437,0.195,1.484,0.967
33,male,150,4.36,different,different,1,0,0,model,[0 1 0],0.0,2,0.437,0.233,2.534,1.055
33,male,100,2.956,same,same,1,0,0,model,[0 1 0],0.0,0,0.437,0.24,1.334,0.945
33,male,50,2.635,same,different,0,1,0,model,[0 1 0],0.0,2,0.437,0.153,1.184,0.761
33,male,150,3.607,different,different,1,0,0,model,[0 1 0],0.0,2,0.437,0.272,1.634,1.164
33,male,0,1.452,different,different,1,0,0,model,[0 1 0],0.0,2,0.437,0.1,0.134,0.681
33,male,100,2.461,same,same,1,0,0,model,[0 1 0],0.0,0,0.437,0.18,1.034,0.81
33,male,150,3.081,same,same,1,0,0,model,[0 1 0],0.0,0,0.437,0.232,1.484,0.928
33,male,150,3.157,same,same,1,0,0,model,[0 1 0],0.0,0,0.437,0.302,1.334,1.085
33,male,150,3.231,same,same,1,0,0,model,[0 1 0],0.0,0,0.437,0.232,1.634,0.928
33,male,150,4.53,different,different,1,0,0,model,[0 1 0],0.0,2,0.437,0.239,2.684,1.071
33,male,50,2.834,different,different,1,0,0,model,[0 1 0],0.0,2,0.437,0.143,1.334,0.82
33,male,50,4.219,different,different,1,0,0,model,[0 1 0],0.0,2,0.437,0.152,2.684,0.847
33,male,150,2.917,same,same,1,0,0,model,[0 1 0],0.0,0,0.437,0.274,1.184,1.022
33,male,0,1.302,same,same,1,0,0,model,[0 1 0],0.0,0,0.437,0.1,0.134,0.631
33,male,0,1.302,same,same,1,0,0,model,[0 1 0],0.0,0,0.437,0.1,0.134,0.631
33,male,50,1.906,same,same,1,0,0,model,[0 1 0],0.0,0,0.437,0.147,0.584,0.738
33,male,0,1.302,same,same,1,0,0,model,[0 1 0],0.0,0,0.437,0.1,0.134,0.631
33,male,50,2.529,same,same,1,0,0,model,[0 1 0],0.0,0,0.437,0.155,1.184,0.754
33,male,100,3.398,different,different,1,0,0,model,[0 1 0],0.0,2,0.437,0.212,1.634,1.016
33,male,100,3.198,same,different,0,1,0,model,[0 1 0],0.0,2,0.437,0.198,1.634,0.829
33,male,0,1.302,same,same,1,0,0,model,[0 1 0],0.0,0,0.437,0.1,0.134,0.631
33,male,150,3.227,same,same,1,0,0,model,[0 1 0],0.0,0,0.437,0.231,1.634,0.925
33,male,0,1.302,same,same,1,0,0,model,[0 1 0],0.0,0,0.437,0.1,0.134,0.631
33,male,100,3.204,different,different,1,0,0,model,[0 1 0],0.0,2,0.437,0.238,1.334,1.095
33,male,100,2.519,same,same,1,0,0,model,[0 1 0],0.0,0,0.437,0.198,1.034,0.85
33,male,50,2.406,same,same,1,0,0,model,[0 1 0],0.0,0,0.437,0.163,1.034,0.772
33,male,150,3.994,different,different,1,0,0,model,[0 1 0],0.0,2,0.437,0.255,2.084,1.118
33,male,150,3.88,same,different,0,1,0,model,[0 1 0],0.0,2,0.437,0.231,2.234,0.878
33,male,0,1.452,different,different,1,0,0,model,[0 1 0],0.0,2,0.437,0.1,0.134,0.681
33,male,0,1.452,different,different,1,0,0,model,[0 1 0],0.0,2,0.437,0.1,0.134,0.681
33,male,100,5.121,different,different,1,0,0,model,[0 1 0],0.0,2,0.437,0.23,3.284,1.07
33,male,100,3.428,different,different,1,0,0,model,[0 1 0],0.0,2,0.437,0.219,1.634,1.038
33,male,100,1.972,same,same,1,0,0,model,[0 1 0],0.0,0,0.437,0.168,0.584,0.784
33,male,0,1.302,same,same,1,0,0,model,[0 1 0],0.0,0,0.437,0.1,0.134,0.631
33,male,100,3.999,different,different,1,0,0,model,[0 1 0],0.0,2,0.437,0.212,2.234,1.016
33,male,100,2.381,same,same,1,0,0,model,[0 1 0],0.0,0,0.437,0.155,1.034,0.755
33,male,150,4.374,different,different,1,0,0,model,[0 1 0],0.0,2,0.437,0.237,2.534,1.066
33,male,150,4.345,different,different,1,0,0,model,[0 1 0],0.0,2,0.437,0.229,2.534,1.044
33,male,150,2.633,same,same,1,0,0,model,[0 1 0],0.0,0,0.437,0.187,1.184,0.826
33,male,100,6.0,different,different,1,0,0,model,[0 1 0],0.0,2,0.437,0.225,4.184,1.054
33,male,100,3.337,different,different,1,0,0,model,[0 1 0],0.0,2,0.437,0.234,1.484,1.082
33,male,0,1.302,same,same,1,0,0,model,[0 1 0],0.0,0,0.437,0.1,0.134,0.631
33,male,0,1.452,different,different,1,0,0,model,[0 1 0],0.0,2,0.437,0.1,0.134,0.681
33,male,0,1.452,different,different,1,0,0,model,[0 1 0],0.0,2,0.437,0.1,0.134,0.681
33,male,0,1.302,same,same,1,0,0,model,[0 1 0],0.0,0,0.437,0.1,0.134,0.631
33,male,0,1.302,same,same,1,0,0,model,[0 1 0],0.0,0,0.437,0.1,0.134,0.631
33,male,50,2.704,same,same,1,0,0,model,[0 1 0],0.0,0,0.437,0.162,1.334,0.771
33,male,100,3.313,different,different,1,0,0,model,[0 1 0],0.0,2,0.437,0.19,1.634,0.952
33,male,50,2.767,different,different,1,0,0,model,[0 1 0],0.0,2,0.437,0.163,1.184,0.883
33,male,0,1.302,same,same,1,0,0,model,[0 1 0],0.0,0,0.437,0.1,0.134,0.631
33,male,0,1.302,same,same,1,0,0,model,[0 1 0],0.0,0,0.437,0.1,0.134,0.631
33,male,0,1.302,same,same,1,0,0,model,[0 1 0],0.0,0,0.437,0.1,0.134,0.631
33,male,150,4.515,different,different,1,0,0,model,[0 1 0],0.0,2,0.437,0.274,2.534,1.17
33,male,50,2.802,different,different,1,0,0,model,[0 1 0],0.0,2,0.437,0.136,1.334,0.796
33,male,0,1.302,same,same,1,0,0,model,[0 1 0],0.0,0,0.437,0.1,0.134,0.631
33,male,0,1.452,different,different,1,0,0,model,[0 1 0],0.0,2,0.437,0.1,0.134,0.681
33,male,100,4.332,different,different,1,0,0,model,[0 1 0],0.0,2,0.437,0.183,2.684,0.928
33,male,100,3.394,same,different,0,1,0,model,[0 1 0],0.0,2,0.437,0.173,1.784,0.9
33,male,50,2.225,same,same,1,0,0,model,[0 1 0],0.0,0,0.437,0.153,0.884,0.75
33,male,0,1.302,same,same,1,0,0,model,[0 1 0],0.0,0,0.437,0.1,0.134,0.631
33,male,100,3.764,same,different,0,1,0,model,[0 1 0],0.0,2,0.437,0.191,2.084,0.952
33,male,100,3.609,same,different,0,1,0,model,[0 1 0],0.0,2,0.437,0.189,1.934,0.948
33,male,50,3.119,different,different,1,0,0,model,[0 1 0],0.0,2,0.437,0.14,1.634,0.808
33,male,0,1.452,different,different,1,0,0,model,[0 1 0],0.0,2,0.437,0.1,0.134,0.681
33,male,0,1.452,different,different,1,0,0,model,[0 1 0],0.0,2,0.437,0.1,0.134,0.681
33,male,0,1.452,different,different,1,0,0,model,[0 1 0],0.0,2,0.437,0.1,0.134,0.681
33,male,150,3.526,different,different,1,0,0,model,[0 1 0],0.0,2,0.437,0.251,1.634,1.105
33,male,0,1.302,same,same,1,0,0,model,[0 1 0],0.0,0,0.437,0.1,0.134,0.631
33,male,50,2.803,different,different,1,0,0,model,[0 1 0],0.0,2,0.437,0.136,1.334,0.796
33,male,0,1.302,same,same,1,0,0,model,[0 1 0],0.0,0,0.437,0.1,0.134,0.631
33,male,100,2.513,same,same,1,0,0,model,[0 1 0],0.0,0,0.437,0.196,1.034,0.847
33,male,0,1.452,different,different,1,0,0,model,[0 1 0],0.0,2,0.437,0.1,0.134,0.681
33,male,50,3.341,different,different,1,0,0,model,[0 1 0],0.0,2,0.437,0.136,1.934,0.734
34,male,150,5.585,different,same,0,0,1,model,[0 1 0],0.0,3,0.578,0.234,2.865,1.758
34,male,150,2.703,same,same,1,0,0,model,[0 1 0],0.0,0,0.578,0.209,1.065,0.851
34,male,150,4.308,different,same,0,0,1,model,[0 1 0],0.0,3,0.578,0.248,2.565,0.766
34,male,0,1.798,different,different,1,0,0,model,[0 1 0],0.0,3,0.578,0.1,0.165,0.805
34,male,100,2.37,same,same,1,0,0,model,[0 1 0],0.0,0,0.578,0.199,0.765,0.827
34,male,150,2.712,same,same,1,0,0,model,[0 1 0],0.0,0,0.578,0.258,0.915,0.961
34,male,100,3.073,same,same,1,0,0,model,[0 1 0],0.0,0,0.578,0.231,1.365,0.899
34,male,150,4.17,different,different,1,0,0,model,[0 1 0],0.0,3,0.578,0.199,2.115,1.127
34,male,0,1.448,same,same,1,0,0,model,[0 1 0],0.0,0,0.578,0.1,0.165,0.605
34,male,100,2.336,same,same,1,0,0,model,[0 1 0],0.0,0,0.578,0.189,0.765,0.804
34,male,0,1.448,same,same,1,0,0,model,[0 1 0],0.0,0,0.578,0.1,0.165,0.605
34,male,0,1.798,different,different,1,0,0,model,[0 1 0],0.0,3,0.578,0.1,0.165,0.805
34,male,0,1.448,same,same,1,0,0,model,[0 1 0],0.0,0,0.578,0.1,0.165,0.605
34,male,50,2.095,same,same,1,0,0,model,[0 1 0],0.0,0,0.578,0.16,0.615,0.741
34,male,50,4.415,different,same,0,0,1,model,[0 1 0],0.0,3,0.578,0.166,1.965,1.555
34,male,150,4.604,different,same,0,0,1,model,[0 1 0],0.0,3,0.578,0.245,1.815,1.816
34,male,100,2.809,same,same,1,0,0,model,[0 1 0],0.0,1,0.578,0.192,1.215,0.774
34,male,150,4.044,different,different,1,0,0,model,[0 1 0],0.0,3,0.578,0.24,1.815,1.261
34,male,0,1.798,same,different,0,1,0,model,[0 1 0],0.0,3,0.578,0.1,0.165,0.805
34,male,100,3.139,same,same,1,0,0,model,[0 1 0],0.0,1,0.578,0.193,1.215,1.103
34,male,150,3.789,same,same,1,0,0,model,[0 1 0],0.0,1,0.578,0.233,1.515,1.413
34,male,50,2.869,different,different,1,0,0,model,[0 1 0],0.0,3,0.578,0.131,1.065,0.945
34,male,0,1.798,different,different,1,0,0,model,[0 1 0],0.0,3,0.578,0.1,0.165,0.805
34,male,100,2.342,same,same,1,0,0,model,[0 1 0],0.0,0,0.578,0.237,0.615,0.912
34,male,100,2.476,same,same,1,0,0,model,[0 1 0],0.0,0,0.578,0.186,0.915,0.797
34,male,150,3.046,same,same,1,0,0,model,[0 1 0],0.0,0,0.578,0.269,1.215,0.984
34,male,100,3.864,different,different,1,0,0,model,[0 1 0],0.0,3,0.578,0.189,1.815,1.132
34,male,50,3.201,different,different,1,0,0,model,[0 1 0],0.0,3,0.578,0.163,1.215,1.095
34,male,100,2.218,same,same,1,0,0,model,[0 1 0],0.0,0,0.578,0.199,0.615,0.826
34,male,100,4.378,same,same,1,0,0,model,[0 1 0],0.0,1,0.578,0.196,2.265,1.289
34,male,50,3.491,different,different,1,0,0,model,[0 1 0],0.0,3,0.578,0.162,1.515,1.086
34,male,150,2.66,same,same,1,0,0,model,[0 1 0],0.0,0,0.578,0.196,1.065,0.821
34,male,100,4.034,different,different,1,0,0,model,[0 1 0],0.0,3,0.578,0.225,1.815,1.265
34,male,100,3.445,same,same,1,0,0,model,[0 1 0],0.0,1,0.578,0.194,1.515,1.108
34,male,50,3.317,same,different,0,1,0,model,[0 1 0],0.0,3,0.578,0.13,1.515,0.943
34,male,50,2.667,different,different,1,0,0,model,[0 1 0],0.0,3,0.578,0.148,0.765,1.025
34,male,100,4.068,different,different,1,0,0,model,[0 1 0],0.0,3,0.578,0.233,1.815,1.292
34,male,0,1.448,same,same,1,0,0,model,[0 1 0],0.0,0,0.578,0.1,0.165,0.605
34,male,0,1.448,same,same,1,0,0,model,[0 1 0],0.0,0,0.578,0.1,0.165,0.605
34,male,0,1.448,same,same,1,0,0,model,[0 1 0],0.0,0,0.578,0.1,0.165,0.605
34,male,0,1.798,different,different,1,0,0,model,[0 1 0],0.0,3,0.578,0.1,0.165,0.805
34,male,150,4.657,different,different,1,0,0,model,[0 1 0],0.0,3,0.578,0.208,2.565,1.156
34,male,0,1.798,different,different,1,0,0,model,[0 1 0],0.0,3,0.578,0.1,0.165,0.805
34,male,50,2.706,different,different,1,0,0,model,[0 1 0],0.0,3,0.578,0.128,0.915,0.934
34,male,0,1.798,different,different,1,0,0,model,[0 1 0],0.0,3,0.578,0.1,0.165,0.805
34,male,100,3.583,different,different,1,0,0,model,[0 1 0],0.0,3,0.578,0.193,1.515,1.147
34,male,100,3.835,different,same,0,0,1,model,[0 1 0],0.0,3,0.578,0.183,1.815,1.109
34,male,100,3.116,different,different,1,0,0,model,[0 1 0],0.0,3,0.578,0.207,1.215,0.965
34,male,0,1.798,different,different,1,0,0,model,[0 1 0],0.0,3,0.578,0.1,0.165,0.805
34,male,0,1.798,different,different,1,0,0,model,[0 1 0],0.0,3,0.578,0.1,0.165,0.805
34,male,50,4.112,different,same,0,0,1,model,[0 1 0],0.0,3,0.578,0.136,2.565,0.682
34,male,150,3.623,different,different,1,0,0,model,[0 1 0],0.0,3,0.578,0.247,1.365,1.283
34,male,50,1.93,same,same,1,0,0,model,[0 1 0],0.0,0,0.578,0.156,0.465,0.731
34,male,100,3.129,same,same,1,0,0,model,[0 1 0],0.0,0,0.578,0.202,1.515,0.834
34,male,150,5.497,same,same,1,0,0,model,[0 1 0],0.0,1,0.578,0.324,3.015,1.53
34,male,0,1.798,same,different,0,1,0,model,[0 1 0],0.0,3,0.578,0.1,0.165,0.805
34,male,0,1.798,different,different,1,0,0,model,[0 1 0],0.0,3,0.578,0.1,0.165,0.805
34,male,150,4.163,different,different,1,0,0,model,[0 1 0],0.0,3,0.578,0.303,1.665,1.467
34,male,150,2.926,same,same,1,0,0,model,[0 1 0],0.0,0,0.578,0.232,1.215,0.901
34,male,100,3.355,different,different,1,0,0,model,[0 1 0],0.0,3,0.578,0.176,1.365,1.085
34,male,100,3.915,different,different,1,0,0,model,[0 1 0],0.0,3,0.578,0.2,1.815,1.172
34,male,100,3.535,different,different,1,0,0,model,[0 1 0],0.0,3,0.578,0.215,1.365,1.227
34,male,150,5.434,different,different,1,0,0,model,[0 1 0],0.0,3,0.578,0.249,3.165,1.292
34,male,0,1.448,same,same,1,0,0,model,[0 1 0],0.0,0,0.578,0.1,0.165,0.605
34,male,50,2.586,same,different,0,1,0,model,[0 1 0],0.0,3,0.578,0.15,0.915,0.792
34,male,100,2.268,same,same,1,0,0,model,[0 1 0],0.0,0,0.578,0.168,0.765,0.757
34,male,50,2.623,different,different,1,0,0,model,[0 1 0],0.0,3,0.578,0.14,0.765,0.989
34,male,100,3.101,same,same,1,0,0,model,[0 1 0],0.0,0,0.578,0.193,1.515,0.814
34,male,100,3.854,different,different,1,0,0,model,[0 1 0],0.0,3,0.578,0.155,1.965,1.006
34,male,150,2.955,same,same,1,0,0,model,[0 1 0],0.0,0,0.578,0.287,1.065,1.025
34,male,150,4.453,different,different,1,0,0,model,[0 1 0],0.0,3,0.578,0.265,2.115,1.344
34,male,100,4.683,different,different,1,0,0,model,[0 1 0],0.0,3,0.578,0.172,2.715,1.068
34,male,100,2.935,different,different,1,0,0,model,[0 1 0],0.0,3,0.578,0.195,1.065,0.947
34,male,100,3.683,different,different,1,0,0,model,[0 1 0],0.0,3,0.578,0.177,1.965,0.813
34,male,50,2.095,same,same,1,0,0,model,[0 1 0],0.0,0,0.578,0.161,0.615,0.741
34,male,0,1.798,different,different,1,0,0,model,[0 1 0],0.0,3,0.578,0.1,0.165,0.805
34,male,150,3.799,same,same,1,0,0,model,[0 1 0],0.0,1,0.578,0.279,1.515,1.376
34,male,50,2.902,same,same,1,0,0,model,[0 1 0],0.0,1,0.578,0.169,0.915,1.189
34,male,100,4.012,different,different,1,0,0,model,[0 1 0],0.0,3,0.578,0.221,1.815,1.248
34,male,150,2.349,same,same,1,0,0,model,[0 1 0],0.0,0,0.578,0.193,0.765,0.813
34,male,100,3.904,different,different,1,0,0,model,[0 1 0],0.0,3,0.578,0.198,1.815,1.163
34,male,50,1.998,same,same,1,0,0,model,[0 1 0],0.0,0,0.578,0.131,0.615,0.674
34,male,100,3.804,different,different,1,0,0,model,[0 1 0],0.0,3,0.578,0.176,1.815,1.085
34,male,150,4.13,different,different,1,0,0,model,[0 1 0],0.0,3,0.578,0.295,1.665,1.441
34,male,0,1.798,different,different,1,0,0,model,[0 1 0],0.0,3,0.578,0.1,0.165,0.805
34,male,100,2.512,same,same,1,0,0,model,[0 1 0],0.0,0,0.578,0.197,0.915,0.822
34,male,150,5.25,different,same,0,0,1,model,[0 1 0],0.0,3,0.578,0.276,2.865,1.38
34,male,0,1.798,different,different,1,0,0,model,[0 1 0],0.0,3,0.578,0.1,0.165,0.805
34,male,50,2.784,different,different,1,0,0,model,[0 1 0],0.0,3,0.578,0.142,0.915,0.998
34,male,0,1.448,same,same,1,0,0,model,[0 1 0],0.0,0,0.578,0.1,0.165,0.605
34,male,0,1.448,same,same,1,0,0,model,[0 1 0],0.0,0,0.578,0.1,0.165,0.605
34,male,100,2.405,same,same,1,0,0,model,[0 1 0],0.0,0,0.578,0.21,0.765,0.852
34,male,50,2.212,same,same,1,0,0,model,[0 1 0],0.0,0,0.578,0.151,0.765,0.718
34,male,150,8.118,different,different,1,0,0,model,[0 1 0],0.0,3,0.578,0.316,5.565,1.509
34,male,50,1.93,same,same,1,0,0,model,[0 1 0],0.0,0,0.578,0.156,0.465,0.73
34,male,100,2.9,different,different,1,0,0,model,[0 1 0],0.0,3,0.578,0.221,1.065,0.886
35,female,100,4.339,same,different,0,1,0,model,[0 1 0],0.0,3,0.383,0.23,2.249,1.327
35,female,100,3.662,different,different,1,0,0,model,[0 1 0],0.0,3,0.383,0.246,1.499,1.385
35,female,50,1.791,same,same,1,0,0,model,[0 1 0],0.0,0,0.383,0.165,0.449,0.795
35,female,0,1.279,same,same,1,0,0,model,[0 1 0],0.0,0,0.383,0.1,0.149,0.648
35,female,100,3.457,different,different,1,0,0,model,[0 1 0],0.0,3,0.383,0.171,1.799,0.954
35,female,0,1.629,different,different,1,0,0,model,[0 1 0],0.0,3,0.383,0.1,0.149,0.848
35,female,0,1.629,different,different,1,0,0,model,[0 1 0],0.0,3,0.383,0.1,0.149,0.848
35,female,0,1.279,same,same,1,0,0,model,[0 1 0],0.0,0,0.383,0.1,0.149,0.648
35,female,0,1.629,different,different,1,0,0,model,[0 1 0],0.0,3,0.383,0.1,0.149,0.848
35,female,50,2.506,different,different,1,0,0,model,[0 1 0],0.0,3,0.383,0.15,0.749,1.075
35,female,150,5.129,different,different,1,0,0,model,[0 1 0],0.0,3,0.383,0.288,2.849,1.46
35,female,0,1.279,same,same,1,0,0,model,[0 1 0],0.0,0,0.383,0.1,0.149,0.648
35,female,150,6.253,different,different,1,0,0,model,[0 1 0],0.0,3,0.383,0.199,4.349,1.172
35,female,50,2.191,same,same,1,0,0,model,[0 1 0],0.0,0,0.383,0.15,0.899,0.76
35,female,150,2.824,same,same,1,0,0,model,[0 1 0],0.0,0,0.383,0.252,1.199,0.99
35,female,0,1.279,same,same,1,0,0,model,[0 1 0],0.0,0,0.383,0.1,0.149,0.648
35,female,50,2.512,different,different,1,0,0,model,[0 1 0],0.0,3,0.383,0.153,0.899,0.928
35,female,150,3.421,same,same,1,0,0,model,[0 1 0],0.0,0,0.383,0.205,1.949,0.884
35,female,100,2.882,same,same,1,0,0,model,[0 1 0],0.0,0,0.383,0.178,1.499,0.823
35,female,100,3.296,same,same,1,0,0,model,[0 1 0],0.0,0,0.383,0.213,1.799,0.902
35,female,50,2.998,different,different,1,0,0,model,[0 1 0],0.0,3,0.383,0.157,1.199,1.109
35,female,150,2.864,same,same,1,0,0,model,[0 1 0],0.0,0,0.383,0.311,1.049,1.122
35,female,0,1.629,different,different,1,0,0,model,[0 1 0],0.0,3,0.383,0.1,0.149,0.848
35,female,150,2.623,same,same,1,0,0,model,[0 1 0],0.0,0,0.383,0.236,1.049,0.955
35,female,100,2.07,same,same,1,0,0,model,[0 1 0],0.0,0,0.383,0.205,0.599,0.884
35,female,0,1.629,different,different,1,0,0,model,[0 1 0],0.0,3,0.383,0.1,0.149,0.848
35,female,100,3.414,different,different,1,0,0,model,[0 1 0],0.0,3,0.383,0.193,1.499,1.19
35,female,100,2.607,same,same,1,0,0,model,[0 1 0],0.0,0,0.383,0.186,1.199,0.84
35,female,150,2.451,same,same,1,0,0,model,[0 1 0],0.0,0,0.383,0.276,0.749,1.044
35,female,100,3.23,different,different,1,0,0,model,[0 1 0],0.0,3,0.383,0.218,1.199,1.281
35,female,100,3.273,different,different,1,0,0,model,[0 1 0],0.0,3,0.383,0.227,1.199,1.315
35,female,150,4.098,different,different,1,0,0,model,[0 1 0],0.0,3,0.383,0.257,1.949,1.359
35,female,150,2.352,same,same,1,0,0,model,[0 1 0],0.0,0,0.383,0.199,0.899,0.872
35,female,0,1.629,same,different,0,1,0,model,[0 1 0],0.0,3,0.383,0.1,0.149,0.848
35,female,100,2.505,same,same,1,0,0,model,[0 1 0],0.0,0,0.383,0.154,1.199,0.77
35,female,0,1.629,different,different,1,0,0,model,[0 1 0],0.0,3,0.383,0.1,0.149,0.848
35,female,150,3.745,different,different,1,0,0,model,[0 1 0],0.0,3,0.383,0.209,1.799,1.204
35,female,0,1.279,same,same,1,0,0,model,[0 1 0],0.0,0,0.383,0.1,0.149,0.648
35,female,100,4.628,different,different,1,0,0,model,[0 1 0],0.0,3,0.383,0.196,2.699,1.2
35,female,0,1.279,same,same,1,0,0,model,[0 1 0],0.0,0,0.383,0.1,0.149,0.648
35,female,150,5.665,different,different,1,0,0,model,[0 1 0],0.0,3,0.383,0.273,3.449,1.411
35,female,50,2.901,different,different,1,0,0,model,[0 1 0],0.0,3,0.383,0.167,1.049,1.153
35,female,100,2.138,same,same,1,0,0,model,[0 1 0],0.0,0,0.383,0.18,0.749,0.827
35,female,0,1.279,same,same,1,0,0,model,[0 1 0],0.0,0,0.383,0.1,0.149,0.648
35,female,100,2.873,same,same,1,0,0,model,[0 1 0],0.0,0,0.383,0.221,1.349,0.92
35,female,150,4.219,different,different,1,0,0,model,[0 1 0],0.0,3,0.383,0.215,2.249,1.223
35,female,50,1.723,same,same,1,0,0,model,[0 1 0],0.0,0,0.383,0.144,0.449,0.748
35,female,150,2.699,same,same,1,0,0,model,[0 1 0],0.0,0,0.383,0.26,1.049,1.008
35,female,50,1.798,same,same,1,0,0,model,[0 1 0],0.0,0,0.383,0.167,0.449,0.799
35,female,50,2.661,different,different,1,0,0,model,[0 1 0],0.0,3,0.383,0.151,0.899,1.079
35,female,100,3.09,different,different,1,0,0,model,[0 1 0],0.0,3,0.383,0.204,1.349,1.005
35,female,100,3.884,different,different,1,0,0,model,[0 1 0],0.0,3,0.383,0.229,1.799,1.323
35,female,150,2.611,same,same,1,0,0,model,[0 1 0],0.0,0,0.383,0.279,0.899,1.051
35,female,0,1.629,different,different,1,0,0,model,[0 1 0],0.0,3,0.383,0.1,0.149,0.848
35,female,100,2.503,same,same,1,0,0,model,[0 1 0],0.0,0,0.383,0.2,1.049,0.872
35,female,150,2.929,same,same,1,0,0,model,[0 1 0],0.0,0,0.383,0.285,1.199,1.063
35,female,150,9.013,different,different,1,0,0,model,[0 1 0],0.0,3,0.383,0.249,6.899,1.333
35,female,150,3.5,different,different,1,0,0,model,[0 1 0],0.0,3,0.383,0.222,1.499,1.246
35,female,150,4.56,different,different,1,0,0,model,[0 1 0],0.0,3,0.383,0.225,2.549,1.254
35,female,50,1.763,same,same,1,0,0,model,[0 1 0],0.0,0,0.383,0.157,0.449,0.775
35,female,50,1.859,same,same,1,0,0,model,[0 1 0],0.0,0,0.383,0.14,0.599,0.738
35,female,100,4.074,different,different,1,0,0,model,[0 1 0],0.0,3,0.383,0.174,2.249,1.119
35,female,150,5.895,different,different,1,0,0,model,[0 1 0],0.0,3,0.383,0.256,3.749,1.357
35,female,50,3.247,different,different,1,0,0,model,[0 1 0],0.0,3,0.383,0.148,1.499,1.068
35,female,0,1.629,different,different,1,0,0,model,[0 1 0],0.0,3,0.383,0.1,0.149,0.848
35,female,50,1.897,same,same,1,0,0,model,[0 1 0],0.0,0,0.383,0.152,0.599,0.764
35,female,150,5.111,different,different,1,0,0,model,[0 1 0],0.0,3,0.383,0.284,2.849,1.446
35,female,100,2.359,same,same,1,0,0,model,[0 1 0],0.0,0,0.383,0.201,0.899,0.876
35,female,50,1.91,same,same,1,0,0,model,[0 1 0],0.0,0,0.383,0.156,0.599,0.773
35,female,50,1.911,same,same,1,0,0,model,[0 1 0],0.0,0,0.383,0.156,0.599,0.774
35,female,50,3.263,different,different,1,0,0,model,[0 1 0],0.0,3,0.383,0.151,1.499,1.081
35,female,100,2.265,same,same,1,0,0,model,[0 1 0],0.0,0,0.383,0.219,0.749,0.915
35,female,100,2.128,same,same,1,0,0,model,[0 1 0],0.0,0,0.383,0.177,0.749,0.82
35,female,150,3.59,different,different,1,0,0,model,[0 1 0],0.0,3,0.383,0.224,1.799,1.034
35,female,50,1.807,same,same,1,0,0,model,[0 1 0],0.0,0,0.383,0.17,0.449,0.806
35,female,150,4.553,different,different,1,0,0,model,[0 1 0],0.0,3,0.383,0.293,2.249,1.478
35,female,150,5.103,different,different,1,0,0,model,[0 1 0],0.0,3,0.383,0.282,2.849,1.44
35,female,100,2.86,same,same,1,0,0,model,[0 1 0],0.0,0,0.383,0.217,1.349,0.912
35,female,150,2.805,same,same,1,0,0,model,[0 1 0],0.0,0,0.383,0.247,1.199,0.978
35,female,150,3.835,different,different,1,0,0,model,[0 1 0],0.0,3,0.383,0.231,1.799,1.273
35,female,50,2.957,different,different,1,0,0,model,[0 1 0],0.0,3,0.383,0.15,1.199,1.076
35,female,50,1.856,same,same,1,0,0,model,[0 1 0],0.0,0,0.383,0.139,0.599,0.736
35,female,50,1.701,same,same,1,0,0,model,[0 1 0],0.0,0,0.383,0.138,0.449,0.732
35,female,50,3.259,different,different,1,0,0,model,[0 1 0],0.0,3,0.383,0.15,1.499,1.078
35,female,150,2.807,same,same,1,0,0,model,[0 1 0],0.0,0,0.383,0.293,1.049,1.082
35,female,0,1.629,same,different,0,1,0,model,[0 1 0],0.0,3,0.383,0.1,0.149,0.848
35,female,150,2.602,same,same,1,0,0,model,[0 1 0],0.0,0,0.383,0.276,0.899,1.044
35,female,100,2.866,different,different,1,0,0,model,[0 1 0],0.0,3,0.383,0.235,1.049,1.05
35,female,100,2.292,same,same,1,0,0,model,[0 1 0],0.0,0,0.383,0.227,0.749,0.934
35,female,0,1.629,different,different,1,0,0,model,[0 1 0],0.0,3,0.383,0.1,0.149,0.848
35,female,50,2.628,different,different,1,0,0,model,[0 1 0],0.0,3,0.383,0.14,1.049,0.907
35,female,50,2.054,same,same,1,0,0,model,[0 1 0],0.0,0,0.383,0.154,0.749,0.769
35,female,100,2.181,same,same,1,0,0,model,[0 1 0],0.0,0,0.383,0.239,0.599,0.961
35,female,100,2.297,same,same,1,0,0,model,[0 1 0],0.0,0,0.383,0.229,0.749,0.937
35,female,50,2.74,different,different,1,0,0,model,[0 1 0],0.0,3,0.383,0.138,1.049,1.021
35,female,150,2.695,same,same,1,0,0,model,[0 1 0],0.0,0,0.383,0.259,1.049,1.005
36,female,0,1.43,different,different,1,0,0,model,[0 1 0],0.0,2,0.338,0.1,0.151,0.742
36,female,0,1.28,same,same,1,0,0,model,[0 1 0],0.0,0,0.338,0.1,0.151,0.692
36,female,150,4.278,same,different,0,1,0,model,[0 1 0],0.0,2,0.338,0.279,2.551,1.011
36,female,50,2.571,same,different,0,1,0,model,[0 1 0],0.0,2,0.338,0.157,1.051,0.925
36,female,100,2.375,same,same,1,0,0,model,[0 1 0],0.0,0,0.338,0.206,0.901,0.93
36,female,100,2.92,same,same,1,0,0,model,[0 1 0],0.0,0,0.338,0.235,1.351,0.996
36,female,150,3.426,different,different,1,0,0,model,[0 1 0],0.0,2,0.338,0.23,1.651,1.108
36,female,150,3.325,different,different,1,0,0,model,[0 1 0],0.0,2,0.338,0.243,1.501,1.143
36,female,50,1.877,same,same,1,0,0,model,[0 1 0],0.0,0,0.338,0.145,0.601,0.793
36,female,0,1.28,same,same,1,0,0,model,[0 1 0],0.0,0,0.338,0.1,0.151,0.692
36,female,50,2.413,same,different,0,1,0,model,[0 1 0],0.0,2,0.338,0.155,0.901,0.919
36,female,150,2.579,same,same,1,0,0,model,[0 1 0],0.0,0,0.338,0.269,0.901,1.072
36,female,150,3.917,different,different,1,0,0,model,[0 1 0],0.0,2,0.338,0.241,2.101,1.138
36,female,0,1.43,different,different,1,0,0,model,[0 1 0],0.0,2,0.338,0.1,0.151,0.742
36,female,50,2.511,different,different,1,0,0,model,[0 1 0],0.0,2,0.338,0.143,1.051,0.879
36,female,150,2.413,same,same,1,0,0,model,[0 1 0],0.0,0,0.338,0.264,0.751,1.06
36,female,100,2.627,same,same,1,0,0,model,[0 1 0],0.0,0,0.338,0.237,1.051,1.001
36,female,0,1.43,same,different,0,1,0,model,[0 1 0],0.0,2,0.338,0.1,0.151,0.742
36,female,0,1.28,same,same,1,0,0,model,[0 1 0],0.0,0,0.338,0.1,0.151,0.692
36,female,50,2.729,same,different,0,1,0,model,[0 1 0],0.0,2,0.338,0.159,1.201,0.932
36,female,50,2.977,different,different,1,0,0,model,[0 1 0],0.0,2,0.338,0.147,1.501,0.892
36,female,100,2.276,same,same,1,0,0,model,[0 1 0],0.0,0,0.338,0.222,0.751,0.965
36,female,100,3.046,same,same,1,0,0,model,[0 1 0],0.0,0,0.338,0.182,1.651,0.876
36,female,150,2.592,same,same,1,0,0,model,[0 1 0],0.0,0,0.338,0.273,0.901,1.08
36,female,150,4.088,different,different,1,0,0,model,[0 1 0],0.0,2,0.338,0.203,2.551,0.896
36,female,50,2.412,different,different,1,0,0,model,[0 1 0],0.0,2,0.338,0.133,1.051,0.791
36,female,100,4.693,same,different,0,1,0,model,[0 1 0],0.0,2,0.338,0.203,3.001,1.051
36,female,100,3.585,different,different,1,0,0,model,[0 1 0],0.0,2,0.338,0.226,1.801,1.12
36,female,50,2.016,same,same,1,0,0,model,[0 1 0],0.0,0,0.338,0.142,0.751,0.786
36,female,50,1.753,same,same,1,0,0,model,[0 1 0],0.0,0,0.338,0.153,0.451,0.811
36,female,100,2.849,same,same,1,0,0,model,[0 1 0],0.0,0,0.338,0.213,1.351,0.947
36,female,50,1.957,same,same,1,0,0,model,[0 1 0],0.0,0,0.338,0.17,0.601,0.848
36,female,0,1.28,same,same,1,0,0,model,[0 1 0],0.0,0,0.338,0.1,0.151,0.692
36,female,50,1.765,same,same,1,0,0,model,[0 1 0],0.0,0,0.338,0.157,0.451,0.819
36,female,100,2.129,same,same,1,0,0,model,[0 1 0],0.0,0,0.338,0.177,0.751,0.864
36,female,50,2.233,same,same,1,0,0,model,[0 1 0],0.0,0,0.338,0.162,0.901,0.832
36,female,100,2.438,same,same,1,0,0,model,[0 1 0],0.0,0,0.338,0.179,1.051,0.87
36,female,50,3.19,different,different,1,0,0,model,[0 1 0],0.0,2,0.338,0.162,1.651,0.94
36,female,50,1.798,same,same,1,0,0,model,[0 1 0],0.0,0,0.338,0.167,0.451,0.842
36,female,150,9.819,different,different,1,0,0,model,[0 1 0],0.0,2,0.338,0.276,8.101,1.005
36,female,150,4.005,different,different,1,0,0,model,[0 1 0],0.0,2,0.338,0.225,2.251,1.092
36,female,100,2.47,same,same,1,0,0,model,[0 1 0],0.0,0,0.338,0.235,0.901,0.996
36,female,150,2.459,same,same,1,0,0,model,[0 1 0],0.0,0,0.338,0.186,1.051,0.885
36,female,150,3.4,different,different,1,0,0,model,[0 1 0],0.0,2,0.338,0.184,1.801,0.978
36,female,100,3.439,different,different,1,0,0,model,[0 1 0],0.0,2,0.338,0.19,1.801,1.011
36,female,0,1.28,same,same,1,0,0,model,[0 1 0],0.0,0,0.338,0.1,0.151,0.692
36,female,100,4.803,different,different,1,0,0,model,[0 1 0],0.0,2,0.338,0.193,3.151,1.021
36,female,50,1.75,same,same,1,0,0,model,[0 1 0],0.0,0,0.338,0.152,0.451,0.81
36,female,0,1.43,same,different,0,1,0,model,[0 1 0],0.0,2,0.338,0.1,0.151,0.742
36,female,150,3.716,same,same,1,0,0,model,[0 1 0],0.0,0,0.338,0.296,1.951,1.132
36,female,50,1.835,same,same,1,0,0,model,[0 1 0],0.0,0,0.338,0.132,0.601,0.765
36,female,100,2.762,same,same,1,0,0,model,[0 1 0],0.0,0,0.338,0.187,1.351,0.887
36,female,0,1.43,different,different,1,0,0,model,[0 1 0],0.0,2,0.338,0.1,0.151,0.742
36,female,0,1.43,different,different,1,0,0,model,[0 1 0],0.0,2,0.338,0.1,0.151,0.742
36,female,150,3.87,same,different,0,1,0,model,[0 1 0],0.0,2,0.338,0.229,2.101,1.103
36,female,100,2.043,same,same,1,0,0,model,[0 1 0],0.0,0,0.338,0.196,0.601,0.908
36,female,0,1.28,same,same,1,0,0,model,[0 1 0],0.0,0,0.338,0.1,0.151,0.692
36,female,0,1.28,same,same,1,0,0,model,[0 1 0],0.0,0,0.338,0.1,0.151,0.692
36,female,0,1.28,same,same,1,0,0,model,[0 1 0],0.0,0,0.338,0.1,0.151,0.692
36,female,100,2.37,same,same,1,0,0,model,[0 1 0],0.0,0,0.338,0.204,0.901,0.927
36,female,50,1.671,same,same,1,0,0,model,[0 1 0],0.0,0,0.338,0.128,0.451,0.755
36,female,50,2.435,different,different,1,0,0,model,[0 1 0],0.0,2,0.338,0.16,0.901,0.936
36,female,100,2.899,different,different,1,0,0,model,[0 1 0],0.0,2,0.338,0.205,1.201,1.056
36,female,50,1.742,same,same,1,0,0,model,[0 1 0],0.0,0,0.338,0.15,0.451,0.804
36,female,50,1.752,same,same,1,0,0,model,[0 1 0],0.0,0,0.338,0.153,0.451,0.811
36,female,50,2.187,same,same,1,0,0,model,[0 1 0],0.0,0,0.338,0.148,0.901,0.8
36,female,50,2.403,same,different,0,1,0,model,[0 1 0],0.0,2,0.338,0.153,0.901,0.912
36,female,50,2.665,same,different,0,1,0,model,[0 1 0],0.0,2,0.338,0.144,1.201,0.882
36,female,0,1.28,same,same,1,0,0,model,[0 1 0],0.0,0,0.338,0.1,0.151,0.692
36,female,0,1.43,different,different,1,0,0,model,[0 1 0],0.0,2,0.338,0.1,0.151,0.742
36,female,150,2.422,same,same,1,0,0,model,[0 1 0],0.0,0,0.338,0.267,0.751,1.067
36,female,50,1.896,same,same,1,0,0,model,[0 1 0],0.0,0,0.338,0.151,0.601,0.807
36,female,50,2.597,different,different,1,0,0,model,[0 1 0],0.0,2,0.338,0.147,1.201,0.812
36,female,50,2.31,same,same,1,0,0,model,[0 1 0],0.0,0,0.338,0.14,1.051,0.781
36,female,150,2.546,same,same,1,0,0,model,[0 1 0],0.0,0,0.338,0.212,1.051,0.945
36,female,100,4.115,same,different,0,1,0,model,[0 1 0],0.0,2,0.338,0.246,2.251,1.18
36,female,100,3.824,different,different,1,0,0,model,[0 1 0],0.0,2,0.338,0.174,2.251,0.962
36,female,100,2.653,same,same,1,0,0,model,[0 1 0],0.0,0,0.338,0.245,1.051,1.019
36,female,0,1.43,different,different,1,0,0,model,[0 1 0],0.0,2,0.338,0.1,0.151,0.742
36,female,50,4.549,different,different,1,0,0,model,[0 1 0],0.0,2,0.338,0.164,3.001,0.947
36,female,100,2.183,same,same,1,0,0,model,[0 1 0],0.0,0,0.338,0.193,0.751,0.901
36,female,100,2.274,same,same,1,0,0,model,[0 1 0],0.0,0,0.338,0.175,0.901,0.86
36,female,100,4.028,different,different,1,0,0,model,[0 1 0],0.0,2,0.338,0.225,2.251,1.115
36,female,0,1.28,same,same,1,0,0,model,[0 1 0],0.0,0,0.338,0.1,0.151,0.692
36,female,50,1.726,same,same,1,0,0,model,[0 1 0],0.0,0,0.338,0.145,0.451,0.793
36,female,100,2.492,same,same,1,0,0,model,[0 1 0],0.0,0,0.338,0.196,1.051,0.908
36,female,100,2.209,same,same,1,0,0,model,[0 1 0],0.0,0,0.338,0.201,0.751,0.919
36,female,50,1.914,same,same,1,0,0,model,[0 1 0],0.0,0,0.338,0.157,0.601,0.819
36,female,150,5.382,different,different,1,0,0,model,[0 1 0],0.0,2,0.338,0.232,3.601,1.112
36,female,150,2.722,same,same,1,0,0,model,[0 1 0],0.0,0,0.338,0.313,0.901,1.171
36,female,100,7.548,same,different,0,1,0,model,[0 1 0],0.0,2,0.338,0.207,6.001,0.903
36,female,150,2.791,same,same,1,0,0,model,[0 1 0],0.0,0,0.338,0.242,1.201,1.011
36,female,100,3.213,same,different,0,1,0,model,[0 1 0],0.0,2,0.338,0.208,1.501,1.066
36,female,50,1.879,same,same,1,0,0,model,[0 1 0],0.0,0,0.338,0.146,0.601,0.795
36,female,50,1.753,same,same,1,0,0,model,[0 1 0],0.0,0,0.338,0.153,0.451,0.812
36,female,50,3.813,different,different,1,0,0,model,[0 1 0],0.0,2,0.338,0.153,2.401,0.821
37,female,100,2.339,same,same,1,0,0,model,[0 1 0],0.0,0,0.536,0.164,0.731,0.909
37,female,0,1.682,same,different,0,1,0,model,[0 1 0],0.0,2,0.536,0.1,0.131,0.815
37,female,150,2.902,same,same,1,0,0,model,[0 1 0],0.0,0,0.536,0.291,0.881,1.194
37,female,150,2.769,same,same,1,0,0,model,[0 1 0],0.0,0,0.536,0.25,0.881,1.102
37,female,150,4.354,different,different,1,0,0,model,[0 1 0],0.0,2,0.536,0.269,2.381,1.068
37,female,150,2.57,same,same,1,0,0,model,[0 1 0],0.0,0,0.536,0.188,0.881,0.964
37,female,50,1.979,same,same,1,0,0,model,[0 1 0],0.0,0,0.536,0.145,0.431,0.867
37,female,50,3.029,different,different,1,0,0,model,[0 1 0],0.0,2,0.536,0.17,1.181,1.042
37,female,100,2.807,same,same,1,0,0,model,[0 1 0],0.0,0,0.536,0.215,1.031,1.025
37,female,50,2.322,same,same,1,0,0,model,[0 1 0],0.0,0,0.536,0.158,0.731,0.897
37,female,100,2.359,same,same,1,0,0,model,[0 1 0],0.0,0,0.536,0.17,0.731,0.922
37,female,50,5.28,same,different,0,1,0,model,[0 1 0],0.0,2,0.536,0.135,3.581,0.928
37,female,50,2.194,same,same,1,0,0,model,[0 1 0],0.0,0,0.536,0.165,0.581,0.912
37,female,50,4.124,same,different,0,1,0,model,[0 1 0],0.0,2,0.536,0.146,2.381,0.962
37,female,0,1.682,different,different,1,0,0,model,[0 1 0],0.0,2,0.536,0.1,0.131,0.815
37,female,50,2.12,same,same,1,0,0,model,[0 1 0],0.0,0,0.536,0.143,0.581,0.861
37,female,100,2.59,same,same,1,0,0,model,[0 1 0],0.0,0,0.536,0.195,0.881,0.979
37,female,50,2.01,same,same,1,0,0,model,[0 1 0],0.0,0,0.536,0.155,0.431,0.888
37,female,0,1.682,different,different,1,0,0,model,[0 1 0],0.0,2,0.536,0.1,0.131,0.815
37,female,150,3.938,different,different,1,0,0,model,[0 1 0],0.0,2,0.536,0.259,1.781,1.262
37,female,150,3.441,same,same,1,0,0,model,[0 1 0],0.0,0,0.536,0.226,1.631,1.048
37,female,100,2.515,same,same,1,0,0,model,[0 1 0],0.0,0,0.536,0.172,0.881,0.927
37,female,150,3.638,different,different,1,0,0,model,[0 1 0],0.0,2,0.536,0.259,1.481,1.262
37,female,50,2.005,same,same,1,0,0,model,[0 1 0],0.0,0,0.536,0.153,0.431,0.885
37,female,0,1.682,different,different,1,0,0,model,[0 1 0],0.0,2,0.536,0.1,0.131,0.815
37,female,100,2.197,same,same,1,0,0,model,[0 1 0],0.0,0,0.536,0.166,0.581,0.914
37,female,100,2.316,same,same,1,0,0,model,[0 1 0],0.0,0,0.536,0.203,0.581,0.997
37,female,50,2.858,different,different,1,0,0,model,[0 1 0],0.0,2,0.536,0.13,1.181,0.911
37,female,0,1.682,different,different,1,0,0,model,[0 1 0],0.0,2,0.536,0.1,0.131,0.815
37,female,100,2.211,same,same,1,0,0,model,[0 1 0],0.0,0,0.536,0.171,0.581,0.924
37,female,150,2.898,same,same,1,0,0,model,[0 1 0],0.0,0,0.536,0.197,1.181,0.984
37,female,50,2.944,different,different,1,0,0,model,[0 1 0],0.0,2,0.536,0.15,1.181,0.977
37,female,50,2.817,different,different,1,0,0,model,[0 1 0],0.0,2,0.536,0.156,1.031,0.995
37,female,50,2.279,same,same,1,0,0,model,[0 1 0],0.0,0,0.536,0.145,0.731,0.867
37,female,100,3.346,different,different,1,0,0,model,[0 1 0],0.0,2,0.536,0.179,1.481,1.051
37,female,0,1.532,same,same,1,0,0,model,[0 1 0],0.0,0,0.536,0.1,0.131,0.765
37,female,50,2.631,different,different,1,0,0,model,[0 1 0],0.0,2,0.536,0.147,0.881,0.967
37,female,50,2.19,same,same,1,0,0,model,[0 1 0],0.0,0,0.536,0.164,0.581,0.909
37,female,150,2.942,same,same,1,0,0,model,[0 1 0],0.0,0,0.536,0.257,1.031,1.118
37,female,100,3.64,different,different,1,0,0,model,[0 1 0],0.0,2,0.536,0.223,1.781,1.0
37,female,50,2.478,different,different,1,0,0,model,[0 1 0],0.0,2,0.536,0.146,0.731,0.964
37,female,150,4.985,different,different,1,0,0,model,[0 1 0],0.0,2,0.536,0.258,2.831,1.26
37,female,50,2.007,same,same,1,0,0,model,[0 1 0],0.0,0,0.536,0.154,0.431,0.886
37,female,50,2.063,same,same,1,0,0,model,[0 1 0],0.0,0,0.536,0.171,0.431,0.925
37,female,50,2.975,different,different,1,0,0,model,[0 1 0],0.0,2,0.536,0.158,1.181,1.0
37,female,50,2.54,same,different,0,1,0,model,[0 1 0],0.0,2,0.536,0.126,0.881,0.898
37,female,100,2.713,same,same,1,0,0,model,[0 1 0],0.0,0,0.536,0.186,1.031,0.96
37,female,150,3.336,different,different,1,0,0,model,[0 1 0],0.0,2,0.536,0.222,1.481,0.998
37,female,100,3.771,different,different,1,0,0,model,[0 1 0],0.0,2,0.536,0.21,1.781,1.144
37,female,0,1.532,same,same,1,0,0,model,[0 1 0],0.0,0,0.536,0.1,0.131,0.765
37,female,50,2.699,different,different,1,0,0,model,[0 1 0],0.0,2,0.536,0.147,1.031,0.886
37,female,150,3.133,same,same,1,0,0,model,[0 1 0],0.0,0,0.536,0.223,1.331,1.043
37,female,0,1.682,different,different,1,0,0,model,[0 1 0],0.0,2,0.536,0.1,0.131,0.815
37,female,50,2.028,same,same,1,0,0,model,[0 1 0],0.0,0,0.536,0.16,0.431,0.901
37,female,150,2.945,same,same,1,0,0,model,[0 1 0],0.0,0,0.536,0.212,1.181,1.017
37,female,50,5.403,different,different,1,0,0,model,[0 1 0],0.0,2,0.536,0.164,3.581,1.022
37,female,150,3.632,different,different,1,0,0,model,[0 1 0],0.0,2,0.536,0.258,1.481,1.258
37,female,100,2.457,same,same,1,0,0,model,[0 1 0],0.0,0,0.536,0.2,0.731,0.99
37,female,150,2.669,same,same,1,0,0,model,[0 1 0],0.0,0,0.536,0.219,0.881,1.033
37,female,0,1.532,same,same,1,0,0,model,[0 1 0],0.0,0,0.536,0.1,0.131,0.765
37,female,100,3.897,same,different,0,1,0,model,[0 1 0],0.0,2,0.536,0.241,1.781,1.239
37,female,0,1.532,same,same,1,0,0,model,[0 1 0],0.0,0,0.536,0.1,0.131,0.765
37,female,0,1.532,same,same,1,0,0,model,[0 1 0],0.0,0,0.536,0.1,0.131,0.765
37,female,150,3.63,different,different,1,0,0,model,[0 1 0],0.0,2,0.536,0.257,1.481,1.256
37,female,50,2.205,same,same,1,0,0,model,[0 1 0],0.0,0,0.536,0.169,0.581,0.92
37,female,100,3.446,different,different,1,0,0,model,[0 1 0],0.0,2,0.536,0.204,1.481,1.126
37,female,50,2.034,same,same,1,0,0,model,[0 1 0],0.0,0,0.536,0.162,0.431,0.905
37,female,100,3.244,same,same,1,0,0,model,[0 1 0],0.0,0,0.536,0.211,1.481,1.016
37,female,0,1.682,same,different,0,1,0,model,[0 1 0],0.0,2,0.536,0.1,0.131,0.815
37,female,150,2.591,same,same,1,0,0,model,[0 1 0],0.0,0,0.536,0.241,0.731,1.083
37,female,100,4.06,different,different,1,0,0,model,[0 1 0],0.0,2,0.536,0.207,2.081,1.136
37,female,0,1.682,different,different,1,0,0,model,[0 1 0],0.0,2,0.536,0.1,0.131,0.815
37,female,0,1.682,different,different,1,0,0,model,[0 1 0],0.0,2,0.536,0.1,0.131,0.815
37,female,50,2.274,same,same,1,0,0,model,[0 1 0],0.0,0,0.536,0.144,0.731,0.864
37,female,0,1.532,same,same,1,0,0,model,[0 1 0],0.0,0,0.536,0.1,0.131,0.765
37,female,0,1.682,different,different,1,0,0,model,[0 1 0],0.0,2,0.536,0.1,0.131,0.815
37,female,100,3.133,same,same,1,0,0,model,[0 1 0],0.0,0,0.536,0.223,1.331,1.043
37,female,100,2.606,same,same,1,0,0,model,[0 1 0],0.0,0,0.536,0.2,0.881,0.989
37,female,100,4.073,different,different,1,0,0,model,[0 1 0],0.0,2,0.536,0.21,2.081,1.146
37,female,0,1.682,different,different,1,0,0,model,[0 1 0],0.0,2,0.536,0.1,0.131,0.815
37,female,0,1.532,same,same,1,0,0,model,[0 1 0],0.0,0,0.536,0.1,0.131,0.765
37,female,50,2.275,same,same,1,0,0,model,[0 1 0],0.0,0,0.536,0.144,0.731,0.864
37,female,100,2.776,same,same,1,0,0,model,[0 1 0],0.0,0,0.536,0.206,1.031,1.003
37,female,150,3.671,different,different,1,0,0,model,[0 1 0],0.0,2,0.536,0.268,1.481,1.286
37,female,0,1.682,different,different,1,0,0,model,[0 1 0],0.0,2,0.536,0.1,0.131,0.815
37,female,100,3.487,different,different,1,0,0,model,[0 1 0],0.0,2,0.536,0.214,1.481,1.156
37,female,150,2.613,same,same,1,0,0,model,[0 1 0],0.0,0,0.536,0.248,0.731,1.098
37,female,100,2.523,same,same,1,0,0,model,[0 1 0],0.0,0,0.536,0.174,0.881,0.932
37,female,150,4.811,same,different,0,1,0,model,[0 1 0],0.0,2,0.536,0.213,2.831,1.132
37,female,100,2.844,same,same,1,0,0,model,[0 1 0],0.0,0,0.536,0.227,1.031,1.05
37,female,0,1.532,same,same,1,0,0,model,[0 1 0],0.0,0,0.536,0.1,0.131,0.765
37,female,50,2.315,same,same,1,0,0,model,[0 1 0],0.0,0,0.536,0.156,0.731,0.892
37,female,150,6.639,different,different,1,0,0,model,[0 1 0],0.0,2,0.536,0.299,4.331,1.373
37,female,100,3.347,different,different,1,0,0,model,[0 1 0],0.0,2,0.536,0.216,1.331,1.164
37,female,0,1.682,different,different,1,0,0,model,[0 1 0],0.0,2,0.536,0.1,0.131,0.815
37,female,150,3.438,same,same,1,0,0,model,[0 1 0],0.0,0,0.536,0.225,1.631,1.046
38,female,150,4.343,different,different,1,0,0,model,[0 1 0],0.0,2,0.516,0.31,2.101,1.317
38,female,100,3.28,different,different,1,0,0,model,[0 1 0],0.0,2,0.516,0.184,1.501,0.98
38,female,50,2.442,different,different,1,0,0,model,[0 1 0],0.0,2,0.516,0.139,0.901,0.787
38,female,50,1.966,same,same,1,0,0,model,[0 1 0],0.0,0,0.516,0.168,0.451,0.832
38,female,50,3.982,different,different,1,0,0,model,[0 1 0],0.0,2,0.516,0.155,2.401,0.811
38,female,100,4.655,different,different,1,0,0,model,[0 1 0],0.0,2,0.516,0.228,2.701,1.111
38,female,50,2.741,different,different,1,0,0,model,[0 1 0],0.0,2,0.516,0.158,1.051,0.916
38,female,100,2.451,same,same,1,0,0,model,[0 1 0],0.0,0,0.516,0.179,0.901,0.856
38,female,100,3.233,different,different,1,0,0,model,[0 1 0],0.0,2,0.516,0.172,1.501,0.945
38,female,150,2.885,same,same,1,0,0,model,[0 1 0],0.0,0,0.516,0.266,1.051,1.052
38,female,100,2.974,different,different,1,0,0,model,[0 1 0],0.0,2,0.516,0.182,1.201,0.975
38,female,100,4.059,different,different,1,0,0,model,[0 1 0],0.0,2,0.516,0.191,2.251,1.001
38,female,0,1.445,same,same,1,0,0,model,[0 1 0],0.0,0,0.516,0.1,0.151,0.678
38,female,150,3.977,same,same,1,0,0,model,[0 1 0],0.0,0,0.516,0.279,2.101,1.082
38,female,50,2.195,same,same,1,0,0,model,[0 1 0],0.0,0,0.516,0.146,0.751,0.783
38,female,0,1.445,same,same,1,0,0,model,[0 1 0],0.0,0,0.516,0.1,0.151,0.678
38,female,100,2.415,same,same,1,0,0,model,[0 1 0],0.0,0,0.516,0.214,0.751,0.935
38,female,0,1.445,same,same,1,0,0,model,[0 1 0],0.0,0,0.516,0.1,0.151,0.678
38,female,0,1.595,different,different,1,0,0,model,[0 1 0],0.0,2,0.516,0.1,0.151,0.728
38,female,150,2.722,same,same,1,0,0,model,[0 1 0],0.0,0,0.516,0.262,0.901,1.043
38,female,150,5.262,different,different,1,0,0,model,[0 1 0],0.0,2,0.516,0.236,3.301,1.11
38,female,100,2.235,same,same,1,0,0,model,[0 1 0],0.0,0,0.516,0.158,0.751,0.81
38,female,50,1.976,same,same,1,0,0,model,[0 1 0],0.0,0,0.516,0.125,0.601,0.735
38,female,50,2.645,same,different,0,1,0,model,[0 1 0],0.0,2,0.516,0.136,1.051,0.843
38,female,50,3.561,same,different,0,1,0,model,[0 1 0],0.0,2,0.516,0.166,1.951,0.828
38,female,50,2.015,same,same,1,0,0,model,[0 1 0],0.0,0,0.516,0.137,0.601,0.762
38,female,150,4.714,different,different,1,0,0,model,[0 1 0],0.0,2,0.516,0.21,2.851,1.038
38,female,150,2.632,same,same,1,0,0,model,[0 1 0],0.0,0,0.516,0.281,0.751,1.085
38,female,100,2.504,same,same,1,0,0,model,[0 1 0],0.0,0,0.516,0.195,0.901,0.893
38,female,100,2.927,different,different,1,0,0,model,[0 1 0],0.0,2,0.516,0.171,1.201,0.94
38,female,0,1.445,same,same,1,0,0,model,[0 1 0],0.0,0,0.516,0.1,0.151,0.678
38,female,150,2.774,same,same,1,0,0,model,[0 1 0],0.0,0,0.516,0.232,1.051,0.976
38,female,150,2.707,same,same,1,0,0,model,[0 1 0],0.0,0,0.516,0.258,0.901,1.033
38,female,150,2.863,same,same,1,0,0,model,[0 1 0],0.0,0,0.516,0.259,1.051,1.037
38,female,0,1.445,same,same,1,0,0,model,[0 1 0],0.0,0,0.516,0.1,0.151,0.678
38,female,150,2.444,same,same,1,0,0,model,[0 1 0],0.0,0,0.516,0.177,0.901,0.851
38,female,100,2.717,same,same,1,0,0,model,[0 1 0],0.0,0,0.516,0.215,1.051,0.936
38,female,50,1.917,same,same,1,0,0,model,[0 1 0],0.0,0,0.516,0.153,0.451,0.798
38,female,0,1.595,same,different,0,1,0,model,[0 1 0],0.0,2,0.516,0.1,0.151,0.728
38,female,100,2.526,same,same,1,0,0,model,[0 1 0],0.0,0,0.516,0.202,0.901,0.908
38,female,150,2.757,same,same,1,0,0,model,[0 1 0],0.0,0,0.516,0.273,0.901,1.068
38,female,100,3.01,different,different,1,0,0,model,[0 1 0],0.0,2,0.516,0.191,1.201,1.002
38,female,100,2.328,same,same,1,0,0,model,[0 1 0],0.0,0,0.516,0.187,0.751,0.874
38,female,0,1.445,same,same,1,0,0,model,[0 1 0],0.0,0,0.516,0.1,0.151,0.678
38,female,100,2.188,same,same,1,0,0,model,[0 1 0],0.0,0,0.516,0.19,0.601,0.881
38,female,150,3.835,different,different,1,0,0,model,[0 1 0],0.0,2,0.516,0.294,1.651,1.274
38,female,0,1.445,same,same,1,0,0,model,[0 1 0],0.0,0,0.516,0.1,0.151,0.678
38,female,100,3.062,different,different,1,0,0,model,[0 1 0],0.0,2,0.516,0.207,1.351,0.889
38,female,0,1.445,same,same,1,0,0,model,[0 1 0],0.0,0,0.516,0.1,0.151,0.678
38,female,50,2.681,different,different,1,0,0,model,[0 1 0],0.0,2,0.516,0.144,1.051,0.87
38,female,100,2.811,different,different,1,0,0,model,[0 1 0],0.0,2,0.516,0.227,1.051,0.918
38,female,50,2.091,same,same,1,0,0,model,[0 1 0],0.0,0,0.516,0.16,0.601,0.814
38,female,100,2.503,same,same,1,0,0,model,[0 1 0],0.0,0,0.516,0.195,0.901,0.892
38,female,50,2.673,different,different,1,0,0,model,[0 1 0],0.0,2,0.516,0.142,1.051,0.864
38,female,0,1.445,same,same,1,0,0,model,[0 1 0],0.0,0,0.516,0.1,0.151,0.678
38,female,50,2.862,different,different,1,0,0,model,[0 1 0],0.0,2,0.516,0.151,1.201,0.894
38,female,100,3.708,different,different,1,0,0,model,[0 1 0],0.0,2,0.516,0.216,1.801,1.075
38,female,100,2.523,same,same,1,0,0,model,[0 1 0],0.0,0,0.516,0.201,0.901,0.905
38,female,50,2.189,same,same,1,0,0,model,[0 1 0],0.0,0,0.516,0.144,0.751,0.778
38,female,150,8.061,different,different,1,0,0,model,[0 1 0],0.0,2,0.516,0.222,6.151,1.072
38,female,0,1.595,different,different,1,0,0,model,[0 1 0],0.0,2,0.516,0.1,0.151,0.728
38,female,100,2.359,same,same,1,0,0,model,[0 1 0],0.0,0,0.516,0.197,0.751,0.896
38,female,50,2.451,different,different,1,0,0,model,[0 1 0],0.0,2,0.516,0.161,0.751,0.924
38,female,150,4.056,different,different,1,0,0,model,[0 1 0],0.0,2,0.516,0.234,2.101,1.105
38,female,150,2.691,same,same,1,0,0,model,[0 1 0],0.0,0,0.516,0.299,0.751,1.126
38,female,100,2.399,same,same,1,0,0,model,[0 1 0],0.0,0,0.516,0.209,0.751,0.923
38,female,50,2.224,same,same,1,0,0,model,[0 1 0],0.0,0,0.516,0.155,0.751,0.802
38,female,150,3.055,same,same,1,0,0,model,[0 1 0],0.0,0,0.516,0.319,1.051,1.17
38,female,100,3.112,same,same,1,0,0,model,[0 1 0],0.0,0,0.516,0.244,1.351,1.002
38,female,100,2.252,same,same,1,0,0,model,[0 1 0],0.0,0,0.516,0.164,0.751,0.822
38,female,100,5.123,different,different,1,0,0,model,[0 1 0],0.0,2,0.516,0.232,3.151,1.124
38,female,0,1.445,same,same,1,0,0,model,[0 1 0],0.0,0,0.516,0.1,0.151,0.678
38,female,100,3.454,different,different,1,0,0,model,[0 1 0],0.0,2,0.516,0.244,1.651,0.944
38,female,100,2.554,same,same,1,0,0,model,[0 1 0],0.0,0,0.516,0.211,0.901,0.927
38,female,0,1.445,same,same,1,0,0,model,[0 1 0],0.0,0,0.516,0.1,0.151,0.678
38,female,150,2.741,same,same,1,0,0,model,[0 1 0],0.0,0,0.516,0.314,0.751,1.16
38,female,0,1.595,different,different,1,0,0,model,[0 1 0],0.0,2,0.516,0.1,0.151,0.728
38,female,100,3.511,same,same,1,0,0,model,[0 1 0],0.0,0,0.516,0.182,1.951,0.862
38,female,50,1.904,same,same,1,0,0,model,[0 1 0],0.0,0,0.516,0.149,0.451,0.789
38,female,50,3.402,different,different,1,0,0,model,[0 1 0],0.0,2,0.516,0.173,1.651,0.963
38,female,150,3.675,same,different,0,1,0,model,[0 1 0],0.0,2,0.516,0.292,1.501,1.266
38,female,100,3.159,same,different,0,1,0,model,[0 1 0],0.0,2,0.516,0.191,1.351,1.001
38,female,150,3.251,same,same,1,0,0,model,[0 1 0],0.0,0,0.516,0.24,1.501,0.994
38,female,100,3.333,same,same,1,0,0,model,[0 1 0],0.0,0,0.516,0.173,1.801,0.843
38,female,50,3.229,different,different,1,0,0,model,[0 1 0],0.0,2,0.516,0.167,1.501,0.945
38,female,0,1.445,same,same,1,0,0,model,[0 1 0],0.0,0,0.516,0.1,0.151,0.678
38,female,150,5.145,same,different,0,1,0,model,[0 1 0],0.0,2,0.516,0.323,2.851,1.355
38,female,150,3.475,different,different,1,0,0,model,[0 1 0],0.0,2,0.516,0.192,1.801,0.866
38,female,100,2.419,same,same,1,0,0,model,[0 1 0],0.0,0,0.516,0.215,0.751,0.937
38,female,0,1.595,different,different,1,0,0,model,[0 1 0],0.0,2,0.516,0.1,0.151,0.728
38,female,100,2.362,same,same,1,0,0,model,[0 1 0],0.0,0,0.516,0.198,0.751,0.898
38,female,100,2.496,same,same,1,0,0,model,[0 1 0],0.0,0,0.516,0.193,0.901,0.887
38,female,50,2.42,same,same,1,0,0,model,[0 1 0],0.0,0,0.516,0.169,0.901,0.834
38,female,0,1.595,different,different,1,0,0,model,[0 1 0],0.0,2,0.516,0.1,0.151,0.728
38,female,50,2.153,same,same,1,0,0,model,[0 1 0],0.0,0,0.516,0.133,0.751,0.753
38,female,0,1.445,same,same,1,0,0,model,[0 1 0],0.0,0,0.516,0.1,0.151,0.678
39,female,150,5.296,different,different,1,0,0,model,[0 1 0],0.0,3,0.382,0.249,3.152,1.364
39,female,100,3.413,different,different,1,0,0,model,[0 1 0],0.0,3,0.382,0.186,1.502,1.194
39,female,0,1.663,different,different,1,0,0,model,[0 1 0],0.0,3,0.382,0.1,0.152,0.88
39,female,0,1.663,same,different,0,1,0,model,[0 1 0],0.0,3,0.382,0.1,0.152,0.88
39,female,0,1.313,same,same,1,0,0,model,[0 1 0],0.0,0,0.382,0.1,0.152,0.68
39,female,100,3.471,different,different,1,0,0,model,[0 1 0],0.0,3,0.382,0.166,1.652,1.122
39,female,150,4.49,same,same,1,0,0,model,[0 1 0],0.0,0,0.382,0.247,2.852,1.01
39,female,150,2.246,same,same,1,0,0,model,[0 1 0],0.0,0,0.382,0.203,0.752,0.911
39,female,100,3.474,different,different,1,0,0,model,[0 1 0],0.0,3,0.382,0.199,1.502,1.242
39,female,100,3.416,same,different,0,1,0,model,[0 1 0],0.0,3,0.382,0.186,1.502,1.197
39,female,100,2.589,same,same,1,0,0,model,[0 1 0],0.0,0,0.382,0.216,1.052,0.94
39,female,100,3.322,different,different,1,0,0,model,[0 1 0],0.0,3,0.382,0.166,1.502,1.123
39,female,100,2.283,same,same,1,0,0,model,[0 1 0],0.0,0,0.382,0.214,0.752,0.936
39,female,50,2.663,different,different,1,0,0,model,[0 1 0],0.0,3,0.382,0.145,0.902,1.085
39,female,0,1.313,same,same,1,0,0,model,[0 1 0],0.0,0,0.382,0.1,0.152,0.68
39,female,100,3.495,different,different,1,0,0,model,[0 1 0],0.0,3,0.382,0.171,1.652,1.141
39,female,0,1.313,same,same,1,0,0,model,[0 1 0],0.0,0,0.382,0.1,0.152,0.68
39,female,0,1.663,different,different,1,0,0,model,[0 1 0],0.0,3,0.382,0.1,0.152,0.88
39,female,150,2.897,same,same,1,0,0,model,[0 1 0],0.0,0,0.382,0.311,1.052,1.154
39,female,50,1.794,same,same,1,0,0,model,[0 1 0],0.0,0,0.382,0.156,0.452,0.805
39,female,0,1.663,different,different,1,0,0,model,[0 1 0],0.0,3,0.382,0.1,0.152,0.88
39,female,0,1.313,same,same,1,0,0,model,[0 1 0],0.0,0,0.382,0.1,0.152,0.68
39,female,0,1.663,different,different,1,0,0,model,[0 1 0],0.0,3,0.382,0.1,0.152,0.88
39,female,0,1.663,different,different,1,0,0,model,[0 1 0],0.0,3,0.382,0.1,0.152,0.88
39,female,0,1.313,same,same,1,0,0,model,[0 1 0],0.0,0,0.382,0.1,0.152,0.68
39,female,50,2.097,same,same,1,0,0,model,[0 1 0],0.0,0,0.382,0.157,0.752,0.807
39,female,150,4.36,different,different,1,0,0,model,[0 1 0],0.0,3,0.382,0.24,2.252,1.337
39,female,0,1.663,different,different,1,0,0,model,[0 1 0],0.0,3,0.382,0.1,0.152,0.88
39,female,0,1.663,different,different,1,0,0,model,[0 1 0],0.0,3,0.382,0.1,0.152,0.88
39,female,0,1.313,same,same,1,0,0,model,[0 1 0],0.0,0,0.382,0.1,0.152,0.68
39,female,50,2.483,different,different,1,0,0,model,[0 1 0],0.0,3,0.382,0.139,0.752,1.06
39,female,50,2.562,same,same,1,0,0,model,[0 1 0],0.0,0,0.382,0.161,1.202,0.817
39,female,100,2.181,same,same,1,0,0,model,[0 1 0],0.0,0,0.382,0.183,0.752,0.866
39,female,50,3.307,different,different,1,0,0,model,[0 1 0],0.0,3,0.382,0.153,1.502,1.121
39,female,150,2.466,same,same,1,0,0,model,[0 1 0],0.0,0,0.382,0.27,0.752,1.062
39,female,100,2.353,same,same,1,0,0,model,[0 1 0],0.0,0,0.382,0.189,0.902,0.88
39,female,0,1.663,different,different,1,0,0,model,[0 1 0],0.0,3,0.382,0.1,0.152,0.88
39,female,0,1.663,different,different,1,0,0,model,[0 1 0],0.0,3,0.382,0.1,0.152,0.88
39,female,150,2.86,same,same,1,0,0,model,[0 1 0],0.0,0,0.382,0.299,1.052,1.127
39,female,150,3.392,different,different,1,0,0,model,[0 1 0],0.0,3,0.382,0.192,1.652,1.017
39,female,0,1.663,different,different,1,0,0,model,[0 1 0],0.0,3,0.382,0.1,0.152,0.88
39,female,0,1.663,different,different,1,0,0,model,[0 1 0],0.0,3,0.382,0.1,0.152,0.88
39,female,100,2.398,same,same,1,0,0,model,[0 1 0],0.0,0,0.382,0.203,0.902,0.912
39,female,0,1.663,same,different,0,1,0,model,[0 1 0],0.0,3,0.382,0.1,0.152,0.88
39,female,50,1.806,same,same,1,0,0,model,[0 1 0],0.0,0,0.382,0.16,0.452,0.814
39,female,100,3.512,same,same,1,0,0,model,[0 1 0],0.0,0,0.382,0.223,1.952,0.956
39,female,150,3.652,same,same,1,0,0,model,[0 1 0],0.0,0,0.382,0.22,2.102,0.949
39,female,150,2.682,same,same,1,0,0,model,[0 1 0],0.0,0,0.382,0.244,1.052,1.004
39,female,100,1.953,same,same,1,0,0,model,[0 1 0],0.0,0,0.382,0.158,0.602,0.811
39,female,50,4.217,different,different,1,0,0,model,[0 1 0],0.0,3,0.382,0.155,2.402,1.129
39,female,150,5.952,different,different,1,0,0,model,[0 1 0],0.0,3,0.382,0.256,4.052,1.113
39,female,0,1.313,same,same,1,0,0,model,[0 1 0],0.0,0,0.382,0.1,0.152,0.68
39,female,100,4.901,different,different,1,0,0,model,[0 1 0],0.0,3,0.382,0.195,3.152,1.023
39,female,100,3.379,different,different,1,0,0,model,[0 1 0],0.0,3,0.382,0.178,1.502,1.168
39,female,150,2.367,same,same,1,0,0,model,[0 1 0],0.0,0,0.382,0.24,0.752,0.994
39,female,50,3.646,different,different,1,0,0,model,[0 1 0],0.0,3,0.382,0.133,1.952,1.029
39,female,50,2.091,same,same,1,0,0,model,[0 1 0],0.0,0,0.382,0.155,0.752,0.803
39,female,100,4.101,different,different,1,0,0,model,[0 1 0],0.0,3,0.382,0.204,2.102,1.263
39,female,50,2.055,same,same,1,0,0,model,[0 1 0],0.0,0,0.382,0.144,0.752,0.778
39,female,0,1.313,same,same,1,0,0,model,[0 1 0],0.0,0,0.382,0.1,0.152,0.68
39,female,0,1.313,same,same,1,0,0,model,[0 1 0],0.0,0,0.382,0.1,0.152,0.68
39,female,50,3.376,different,different,1,0,0,model,[0 1 0],0.0,3,0.382,0.165,1.502,1.178
39,female,0,1.313,same,same,1,0,0,model,[0 1 0],0.0,0,0.382,0.1,0.152,0.68
39,female,0,1.663,different,different,1,0,0,model,[0 1 0],0.0,3,0.382,0.1,0.152,0.88
39,female,150,5.033,different,different,1,0,0,model,[0 1 0],0.0,3,0.382,0.248,3.152,1.102
39,female,100,3.475,different,different,1,0,0,model,[0 1 0],0.0,3,0.382,0.199,1.502,1.243
39,female,50,2.732,same,different,0,1,0,model,[0 1 0],0.0,3,0.382,0.157,0.902,1.142
39,female,150,4.931,different,different,1,0,0,model,[0 1 0],0.0,3,0.382,0.233,2.852,1.315
39,female,150,3.726,different,different,1,0,0,model,[0 1 0],0.0,3,0.382,0.267,1.502,1.425
39,female,0,1.313,same,same,1,0,0,model,[0 1 0],0.0,0,0.382,0.1,0.152,0.68
39,female,0,1.313,same,same,1,0,0,model,[0 1 0],0.0,0,0.382,0.1,0.152,0.68
39,female,0,1.313,same,same,1,0,0,model,[0 1 0],0.0,0,0.382,0.1,0.152,0.68
39,female,150,5.934,different,different,1,0,0,model,[0 1 0],0.0,3,0.382,0.248,4.052,1.102
39,female,50,1.882,same,same,1,0,0,model,[0 1 0],0.0,0,0.382,0.137,0.602,0.762
39,female,0,1.313,same,same,1,0,0,model,[0 1 0],0.0,0,0.382,0.1,0.152,0.68
39,female,100,2.534,same,same,1,0,0,model,[0 1 0],0.0,0,0.382,0.199,1.052,0.902
39,female,100,5.414,different,different,1,0,0,model,[0 1 0],0.0,3,0.382,0.229,3.302,1.352
39,female,150,5.103,different,different,1,0,0,model,[0 1 0],0.0,3,0.382,0.238,3.002,1.331
39,female,150,2.56,same,same,1,0,0,model,[0 1 0],0.0,0,0.382,0.253,0.902,1.024
39,female,150,4.093,different,different,1,0,0,model,[0 1 0],0.0,3,0.382,0.283,1.802,1.476
39,female,150,3.634,different,different,1,0,0,model,[0 1 0],0.0,3,0.382,0.246,1.502,1.355
39,female,50,2.055,same,same,1,0,0,model,[0 1 0],0.0,0,0.382,0.144,0.752,0.778
39,female,100,2.635,same,same,1,0,0,model,[0 1 0],0.0,0,0.382,0.184,1.202,0.868
39,female,50,3.032,different,different,1,0,0,model,[0 1 0],0.0,3,0.382,0.157,1.202,1.142
39,female,100,3.178,same,same,1,0,0,model,[0 1 0],0.0,0,0.382,0.212,1.652,0.932
39,female,100,5.499,different,different,1,0,0,model,[0 1 0],0.0,3,0.382,0.215,3.452,1.301
39,female,150,2.42,same,same,1,0,0,model,[0 1 0],0.0,0,0.382,0.21,0.902,0.927
39,female,150,2.943,same,same,1,0,0,model,[0 1 0],0.0,0,0.382,0.278,1.202,1.081
39,female,100,3.718,different,different,1,0,0,model,[0 1 0],0.0,3,0.382,0.187,1.802,1.198
39,female,100,4.229,different,different,1,0,0,model,[0 1 0],0.0,3,0.382,0.2,2.252,1.246
39,female,50,2.682,different,different,1,0,0,model,[0 1 0],0.0,3,0.382,0.147,1.052,0.951
39,female,0,1.313,same,same,1,0,0,model,[0 1 0],0.0,0,0.382,0.1,0.152,0.68
39,female,100,2.493,same,same,1,0,0,model,[0 1 0],0.0,0,0.382,0.186,1.052,0.873
39,female,100,2.339,same,same,1,0,0,model,[0 1 0],0.0,0,0.382,0.231,0.752,0.975
39,female,100,2.118,same,same,1,0,0,model,[0 1 0],0.0,0,0.382,0.209,0.602,0.926
39,female,150,3.266,different,different,1,0,0,model,[0 1 0],0.0,3,0.382,0.261,1.352,1.122
40,male,100,3.669,different,different,1,0,0,model,[0 1 0],0.0,3,0.288,0.196,1.827,1.208
40,male,0,1.222,same,same,1,0,0,model,[0 1 0],0.0,0,0.288,0.1,0.177,0.657
40,male,50,3.496,different,different,1,0,0,model,[0 1 0],0.0,3,0.288,0.15,1.977,0.931
40,male,50,2.477,different,different,1,0,0,model,[0 1 0],0.0,3,0.288,0.155,0.777,1.107
40,male,0,1.222,same,same,1,0,0,model,[0 1 0],0.0,0,0.288,0.1,0.177,0.657
40,male,0,1.572,different,different,1,0,0,model,[0 1 0],0.0,3,0.288,0.1,0.177,0.857
40,male,100,2.084,same,same,1,0,0,model,[0 1 0],0.0,0,0.288,0.181,0.777,0.838
40,male,150,4.175,different,different,1,0,0,model,[0 1 0],0.0,3,0.288,0.218,2.277,1.242
40,male,100,2.985,different,different,1,0,0,model,[0 1 0],0.0,3,0.288,0.178,1.227,1.142
40,male,50,1.643,same,same,1,0,0,model,[0 1 0],0.0,0,0.288,0.137,0.477,0.74
40,male,50,1.683,same,same,1,0,0,model,[0 1 0],0.0,0,0.288,0.15,0.477,0.768
40,male,100,5.043,different,different,1,0,0,model,[0 1 0],0.0,3,0.288,0.201,3.177,1.227
40,male,50,2.541,different,different,1,0,0,model,[0 1 0],0.0,3,0.288,0.139,0.927,1.036
40,male,150,2.627,same,same,1,0,0,model,[0 1 0],0.0,0,0.288,0.302,0.927,1.11
40,male,100,2.316,same,same,1,0,0,model,[0 1 0],0.0,0,0.288,0.206,0.927,0.895
40,male,0,1.222,same,same,1,0,0,model,[0 1 0],0.0,0,0.288,0.1,0.177,0.657
40,male,150,2.89,same,same,1,0,0,model,[0 1 0],0.0,0,0.288,0.29,1.227,1.084
40,male,150,2.226,same,same,1,0,0,model,[0 1 0],0.0,0,0.288,0.224,0.777,0.936
40,male,150,6.359,same,different,0,1,0,model,[0 1 0],0.0,3,0.288,0.273,4.227,1.421
40,male,0,1.222,same,same,1,0,0,model,[0 1 0],0.0,0,0.288,0.1,0.177,0.657
40,male,50,2.969,different,different,1,0,0,model,[0 1 0],0.0,3,0.288,0.162,1.227,1.142
40,male,100,4.959,different,different,1,0,0,model,[0 1 0],0.0,3,0.288,0.183,3.177,1.161
40,male,100,2.162,same,same,1,0,0,model,[0 1 0],0.0,0,0.288,0.205,0.777,0.892
40,male,50,1.717,same,same,1,0,0,model,[0 1 0],0.0,0,0.288,0.16,0.477,0.792
40,male,150,3.91,different,different,1,0,0,model,[0 1 0],0.0,3,0.288,0.255,2.127,1.09
40,male,150,3.859,different,different,1,0,0,model,[0 1 0],0.0,3,0.288,0.235,2.127,1.059
40,male,150,6.746,same,different,0,1,0,model,[0 1 0],0.0,3,0.288,0.258,4.677,1.373
40,male,50,1.7,same,same,1,0,0,model,[0 1 0],0.0,0,0.288,0.155,0.477,0.78
40,male,150,4.088,different,different,1,0,0,model,[0 1 0],0.0,3,0.288,0.303,1.827,1.519
40,male,100,3.609,different,different,1,0,0,model,[0 1 0],0.0,3,0.288,0.183,1.827,1.161
40,male,50,1.678,same,same,1,0,0,model,[0 1 0],0.0,0,0.288,0.148,0.477,0.765
40,male,50,1.83,same,same,1,0,0,model,[0 1 0],0.0,0,0.288,0.149,0.627,0.766
40,male,150,2.683,same,same,1,0,0,model,[0 1 0],0.0,0,0.288,0.18,1.377,0.838
40,male,150,2.642,same,same,1,0,0,model,[0 1 0],0.0,0,0.288,0.306,0.927,1.121
40,male,100,3.346,different,different,1,0,0,model,[0 1 0],0.0,3,0.288,0.191,1.527,1.19
40,male,50,2.446,different,different,1,0,0,model,[0 1 0],0.0,3,0.288,0.149,0.777,1.082
40,male,150,2.377,same,same,1,0,0,model,[0 1 0],0.0,0,0.288,0.225,0.927,0.937
40,male,50,1.68,same,same,1,0,0,model,[0 1 0],0.0,0,0.288,0.149,0.477,0.766
40,male,150,4.096,different,different,1,0,0,model,[0 1 0],0.0,3,0.288,0.2,2.277,1.182
40,male,0,1.572,same,different,0,1,0,model,[0 1 0],0.0,3,0.288,0.1,0.177,0.857
40,male,0,1.572,same,different,0,1,0,model,[0 1 0],0.0,3,0.288,0.1,0.177,0.857
40,male,0,1.222,same,same,1,0,0,model,[0 1 0],0.0,0,0.288,0.1,0.177,0.657
40,male,50,1.85,same,same,1,0,0,model,[0 1 0],0.0,0,0.288,0.155,0.627,0.78
40,male,0,1.222,same,same,1,0,0,model,[0 1 0],0.0,0,0.288,0.1,0.177,0.657
40,male,0,1.572,different,different,1,0,0,model,[0 1 0],0.0,3,0.288,0.1,0.177,0.857
40,male,0,1.572,same,different,0,1,0,model,[0 1 0],0.0,3,0.288,0.1,0.177,0.857
40,male,100,2.124,same,same,1,0,0,model,[0 1 0],0.0,0,0.288,0.193,0.777,0.866
40,male,150,2.627,same,same,1,0,0,model,[0 1 0],0.0,0,0.288,0.302,0.927,1.11
40,male,100,2.393,same,same,1,0,0,model,[0 1 0],0.0,0,0.288,0.184,1.077,0.845
40,male,50,2.405,different,different,1,0,0,model,[0 1 0],0.0,3,0.288,0.142,0.777,1.048
40,male,50,2.153,same,same,1,0,0,model,[0 1 0],0.0,0,0.288,0.156,0.927,0.782
40,male,0,1.572,different,different,1,0,0,model,[0 1 0],0.0,3,0.288,0.1,0.177,0.857
40,male,100,2.792,same,different,0,1,0,model,[0 1 0],0.0,3,0.288,0.228,1.077,1.049
40,male,0,1.222,same,same,1,0,0,model,[0 1 0],0.0,0,0.288,0.1,0.177,0.657
40,male,100,2.087,same,same,1,0,0,model,[0 1 0],0.0,0,0.288,0.228,0.627,0.944
40,male,100,2.146,same,same,1,0,0,model,[0 1 0],0.0,0,0.288,0.2,0.777,0.881
40,male,0,1.572,different,different,1,0,0,model,[0 1 0],0.0,3,0.288,0.1,0.177,0.857
40,male,0,1.572,same,different,0,1,0,model,[0 1 0],0.0,3,0.288,0.1,0.177,0.857
40,male,150,5.093,different,different,1,0,0,model,[0 1 0],0.0,3,0.288,0.292,2.877,1.485
40,male,0,1.222,same,same,1,0,0,model,[0 1 0],0.0,0,0.288,0.1,0.177,0.657
40,male,50,2.669,different,different,1,0,0,model,[0 1 0],0.0,3,0.288,0.162,0.927,1.142
40,male,50,1.692,same,same,1,0,0,model,[0 1 0],0.0,0,0.288,0.152,0.477,0.775
40,male,100,5.398,different,different,1,0,0,model,[0 1 0],0.0,3,0.288,0.18,3.627,1.153
40,male,50,3.209,different,different,1,0,0,model,[0 1 0],0.0,3,0.288,0.151,1.527,1.092
40,male,100,2.409,same,same,1,0,0,model,[0 1 0],0.0,0,0.288,0.234,0.927,0.959
40,male,0,1.572,same,different,0,1,0,model,[0 1 0],0.0,3,0.288,0.1,0.177,0.857
40,male,150,2.578,same,same,1,0,0,model,[0 1 0],0.0,0,0.288,0.194,1.227,0.868
40,male,0,1.572,same,different,0,1,0,model,[0 1 0],0.0,3,0.288,0.1,0.177,0.857
40,male,50,2.544,different,different,1,0,0,model,[0 1 0],0.0,3,0.288,0.14,0.927,1.039
40,male,150,2.861,same,same,1,0,0,model,[0 1 0],0.0,0,0.288,0.235,1.377,0.961
40,male,0,1.572,different,different,1,0,0,model,[0 1 0],0.0,3,0.288,0.1,0.177,0.857
40,male,50,2.392,different,different,1,0,0,model,[0 1 0],0.0,3,0.288,0.14,0.777,1.037
40,male,50,2.475,different,different,1,0,0,model,[0 1 0],0.0,3,0.288,0.161,0.927,0.948
40,male,50,2.588,different,different,1,0,0,model,[0 1 0],0.0,3,0.288,0.146,1.077,0.926
40,male,0,1.222,same,same,1,0,0,model,[0 1 0],0.0,0,0.288,0.1,0.177,0.657
40,male,150,2.508,same,same,1,0,0,model,[0 1 0],0.0,0,0.288,0.265,0.927,1.028
40,male,100,3.305,different,different,1,0,0,model,[0 1 0],0.0,3,0.288,0.182,1.527,1.158
40,male,150,2.729,same,same,1,0,0,model,[0 1 0],0.0,0,0.288,0.194,1.377,0.869
40,male,0,1.572,different,different,1,0,0,model,[0 1 0],0.0,3,0.288,0.1,0.177,0.857
40,male,100,4.829,different,different,1,0,0,model,[0 1 0],0.0,3,0.288,0.187,3.027,1.177
40,male,0,1.222,same,same,1,0,0,model,[0 1 0],0.0,0,0.288,0.1,0.177,0.657
40,male,150,4.004,different,different,1,0,0,model,[0 1 0],0.0,3,0.288,0.283,1.827,1.455
40,male,150,7.063,different,different,1,0,0,model,[0 1 0],0.0,3,0.288,0.297,4.827,1.501
40,male,150,2.928,same,same,1,0,0,model,[0 1 0],0.0,0,0.288,0.21,1.527,0.903
40,male,100,3.236,same,same,1,0,0,model,[0 1 0],0.0,0,0.288,0.212,1.827,0.909
40,male,100,3.921,different,different,1,0,0,model,[0 1 0],0.0,3,0.288,0.185,2.127,1.171
40,male,0,1.572,different,different,1,0,0,model,[0 1 0],0.0,3,0.288,0.1,0.177,0.857
40,male,50,2.781,different,different,1,0,0,model,[0 1 0],0.0,3,0.288,0.164,1.227,0.952
40,male,0,1.222,same,same,1,0,0,model,[0 1 0],0.0,0,0.288,0.1,0.177,0.657
40,male,0,1.572,different,different,1,0,0,model,[0 1 0],0.0,3,0.288,0.1,0.177,0.857
40,male,150,1.952,same,same,1,0,0,model,[0 1 0],0.0,0,0.288,0.186,0.627,0.85
40,male,100,3.099,different,different,1,0,0,model,[0 1 0],0.0,3,0.288,0.202,1.227,1.232
40,male,100,2.052,same,same,1,0,0,model,[0 1 0],0.0,0,0.288,0.171,0.777,0.816
40,male,0,1.572,different,different,1,0,0,model,[0 1 0],0.0,3,0.288,0.1,0.177,0.857
40,male,100,3.151,different,different,1,0,0,model,[0 1 0],0.0,3,0.288,0.181,1.377,1.155
40,male,0,1.222,same,same,1,0,0,model,[0 1 0],0.0,0,0.288,0.1,0.177,0.657
41,male,0,1.402,same,same,1,0,0,model,[0 1 0],0.0,0,0.566,0.1,0.121,0.615
41,male,100,4.078,different,different,1,0,0,model,[0 1 0],0.0,3,0.566,0.18,2.071,1.11
41,male,50,2.363,different,different,1,0,0,model,[0 1 0],0.0,3,0.566,0.145,0.721,0.781
41,male,50,3.452,same,same,1,0,0,model,[0 1 0],0.0,1,0.566,0.169,1.621,1.046
41,male,150,5.012,different,different,1,0,0,model,[0 1 0],0.0,3,0.566,0.249,3.271,0.776
41,male,50,2.681,different,different,1,0,0,model,[0 1 0],0.0,3,0.566,0.159,0.721,1.085
41,male,150,6.028,different,same,0,0,1,model,[0 1 0],0.0,3,0.566,0.224,3.871,1.217
41,male,50,2.626,different,different,1,0,0,model,[0 1 0],0.0,3,0.566,0.149,0.721,1.04
41,male,150,2.764,same,same,1,0,0,model,[0 1 0],0.0,0,0.566,0.288,0.871,1.038
41,male,50,2.041,same,same,1,0,0,model,[0 1 0],0.0,0,0.566,0.158,0.571,0.746
41,male,150,2.789,same,same,1,0,0,model,[0 1 0],0.0,0,0.566,0.25,1.021,0.952
41,male,100,2.097,same,same,1,0,0,model,[0 1 0],0.0,0,0.566,0.176,0.571,0.784
41,male,150,4.382,different,different,1,0,0,model,[0 1 0],0.0,3,0.566,0.26,2.071,1.335
41,male,50,2.016,same,same,1,0,0,model,[0 1 0],0.0,0,0.566,0.151,0.571,0.728
41,male,50,2.669,different,different,1,0,0,model,[0 1 0],0.0,3,0.566,0.13,0.871,0.952
41,male,50,2.091,same,same,1,0,0,model,[0 1 0],0.0,0,0.566,0.174,0.571,0.78
41,male,0,1.402,same,same,1,0,0,model,[0 1 0],0.0,0,0.566,0.1,0.121,0.615
41,male,0,1.402,same,same,1,0,0,model,[0 1 0],0.0,0,0.566,0.1,0.121,0.615
41,male,150,3.879,different,different,1,0,0,model,[0 1 0],0.0,3,0.566,0.212,1.771,1.18
41,male,150,5.254,different,different,1,0,0,model,[0 1 0],0.0,3,0.566,0.218,3.121,1.199
41,male,50,2.661,different,different,1,0,0,model,[0 1 0],0.0,3,0.566,0.156,0.721,1.068
41,male,50,1.992,same,same,1,0,0,model,[0 1 0],0.0,0,0.566,0.143,0.571,0.711
41,male,0,1.752,different,different,1,0,0,model,[0 1 0],0.0,3,0.566,0.1,0.121,0.815
41,male,0,1.752,same,different,0,1,0,model,[0 1 0],0.0,3,0.566,0.1,0.121,0.815
41,male,150,3.181,same,different,0,1,0,model,[0 1 0],0.0,3,0.566,0.232,1.321,0.912
41,male,50,4.58,different,same,0,0,1,model,[0 1 0],0.0,3,0.566,0.174,2.971,0.72
41,male,150,4.439,different,different,1,0,0,model,[0 1 0],0.0,3,0.566,0.238,2.221,1.264
41,male,50,1.842,same,same,1,0,0,model,[0 1 0],0.0,0,0.566,0.143,0.421,0.712
41,male,0,1.402,same,same,1,0,0,model,[0 1 0],0.0,0,0.566,0.1,0.121,0.615
41,male,100,3.994,different,different,1,0,0,model,[0 1 0],0.0,3,0.566,0.195,1.921,1.162
41,male,50,2.721,different,different,1,0,0,model,[0 1 0],0.0,3,0.566,0.166,0.721,1.117
41,male,150,4.099,different,different,1,0,0,model,[0 1 0],0.0,3,0.566,0.193,2.071,1.118
41,male,100,2.484,same,same,1,0,0,model,[0 1 0],0.0,0,0.566,0.248,0.721,0.948
41,male,50,1.852,same,same,1,0,0,model,[0 1 0],0.0,0,0.566,0.146,0.421,0.718
41,male,100,3.917,different,different,1,0,0,model,[0 1 0],0.0,3,0.566,0.178,1.921,1.102
41,male,50,2.649,same,same,1,0,0,model,[0 1 0],0.0,1,0.566,0.159,0.871,1.003
41,male,150,2.641,same,same,1,0,0,model,[0 1 0],0.0,0,0.566,0.25,0.871,0.953
41,male,0,1.402,same,same,1,0,0,model,[0 1 0],0.0,0,0.566,0.1,0.121,0.615
41,male,0,1.402,same,same,1,0,0,model,[0 1 0],0.0,0,0.566,0.1,0.121,0.615
41,male,50,2.473,different,different,1,0,0,model,[0 1 0],0.0,3,0.566,0.148,0.721,0.887
41,male,100,2.55,same,same,1,0,0,model,[0 1 0],0.0,0,0.566,0.177,1.021,0.787
41,male,100,2.431,same,same,1,0,0,model,[0 1 0],0.0,0,0.566,0.186,0.871,0.808
41,male,100,2.359,same,same,1,0,0,model,[0 1 0],0.0,0,0.566,0.21,0.721,0.862
41,male,50,2.727,different,different,1,0,0,model,[0 1 0],0.0,3,0.566,0.14,0.871,1.0
41,male,150,4.193,different,different,1,0,0,model,[0 1 0],0.0,3,0.566,0.286,1.771,1.42
41,male,0,1.402,same,same,1,0,0,model,[0 1 0],0.0,0,0.566,0.1,0.121,0.615
41,male,100,2.722,same,same,1,0,0,model,[0 1 0],0.0,0,0.566,0.229,1.021,0.906
41,male,50,2.536,different,different,1,0,0,model,[0 1 0],0.0,3,0.566,0.174,0.721,0.925
41,male,0,1.402,same,same,1,0,0,model,[0 1 0],0.0,0,0.566,0.1,0.121,0.615
41,male,0,1.752,different,different,1,0,0,model,[0 1 0],0.0,3,0.566,0.1,0.121,0.815
41,male,100,3.632,different,different,1,0,0,model,[0 1 0],0.0,3,0.566,0.232,1.771,0.913
41,male,50,1.914,same,same,1,0,0,model,[0 1 0],0.0,0,0.566,0.165,0.421,0.762
41,male,50,1.969,same,same,1,0,0,model,[0 1 0],0.0,0,0.566,0.136,0.571,0.696
41,male,0,1.402,same,same,1,0,0,model,[0 1 0],0.0,0,0.566,0.1,0.121,0.615
41,male,100,2.508,same,same,1,0,0,model,[0 1 0],0.0,0,0.566,0.21,0.871,0.861
41,male,100,2.695,same,same,1,0,0,model,[0 1 0],0.0,0,0.566,0.221,1.021,0.887
41,male,100,2.323,same,same,1,0,0,model,[0 1 0],0.0,0,0.566,0.199,0.721,0.837
41,male,50,3.535,different,different,1,0,0,model,[0 1 0],0.0,3,0.566,0.151,1.621,1.047
41,male,0,1.402,same,same,1,0,0,model,[0 1 0],0.0,0,0.566,0.1,0.121,0.615
41,male,100,3.248,different,different,1,0,0,model,[0 1 0],0.0,3,0.566,0.163,1.321,1.047
41,male,100,3.749,different,different,1,0,0,model,[0 1 0],0.0,3,0.566,0.238,1.471,1.323
41,male,0,1.402,same,same,1,0,0,model,[0 1 0],0.0,0,0.566,0.1,0.121,0.615
41,male,150,4.202,different,different,1,0,0,model,[0 1 0],0.0,3,0.566,0.288,1.771,1.427
41,male,0,1.402,same,same,1,0,0,model,[0 1 0],0.0,0,0.566,0.1,0.121,0.615
41,male,50,2.032,same,same,1,0,0,model,[0 1 0],0.0,0,0.566,0.156,0.571,0.74
41,male,150,6.068,different,different,1,0,0,model,[0 1 0],0.0,3,0.566,0.233,3.871,1.248
41,male,100,8.49,different,same,0,0,1,model,[0 1 0],0.0,3,0.566,0.226,6.271,1.278
41,male,100,2.48,same,same,1,0,0,model,[0 1 0],0.0,0,0.566,0.247,0.721,0.946
41,male,100,3.903,same,different,0,1,0,model,[0 1 0],0.0,3,0.566,0.207,1.771,1.209
41,male,100,4.708,different,same,0,0,1,model,[0 1 0],0.0,3,0.566,0.185,2.221,1.585
41,male,50,2.577,same,same,1,0,0,model,[0 1 0],0.0,1,0.566,0.144,0.871,0.945
41,male,100,2.738,same,same,1,0,0,model,[0 1 0],0.0,0,0.566,0.234,1.021,0.917
41,male,150,7.362,different,different,1,0,0,model,[0 1 0],0.0,3,0.566,0.22,5.671,0.755
41,male,150,4.645,different,different,1,0,0,model,[0 1 0],0.0,3,0.566,0.217,2.821,0.89
41,male,0,1.402,same,same,1,0,0,model,[0 1 0],0.0,0,0.566,0.1,0.121,0.615
41,male,100,4.09,different,different,1,0,0,model,[0 1 0],0.0,3,0.566,0.247,1.771,1.356
41,male,150,3.624,same,same,1,0,0,model,[0 1 0],0.0,1,0.566,0.251,1.471,1.286
41,male,50,2.276,same,same,1,0,0,model,[0 1 0],0.0,0,0.566,0.138,0.871,0.701
41,male,0,1.752,different,different,1,0,0,model,[0 1 0],0.0,3,0.566,0.1,0.121,0.815
41,male,150,2.798,same,same,1,0,0,model,[0 1 0],0.0,0,0.566,0.253,1.021,0.958
41,male,150,3.755,different,different,1,0,0,model,[0 1 0],0.0,3,0.566,0.183,1.771,1.085
41,male,50,2.674,different,different,1,0,0,model,[0 1 0],0.0,3,0.566,0.158,0.721,1.079
41,male,150,2.745,same,same,1,0,0,model,[0 1 0],0.0,0,0.566,0.283,0.871,1.025
41,male,100,3.126,different,different,1,0,0,model,[0 1 0],0.0,3,0.566,0.202,1.021,1.188
41,male,150,3.914,different,different,1,0,0,model,[0 1 0],0.0,3,0.566,0.22,1.771,1.207
41,male,150,5.141,different,different,1,0,0,model,[0 1 0],0.0,3,0.566,0.262,2.821,1.342
41,male,100,2.363,same,same,1,0,0,model,[0 1 0],0.0,0,0.566,0.211,0.721,0.865
41,male,0,1.402,same,same,1,0,0,model,[0 1 0],0.0,0,0.566,0.1,0.121,0.615
41,male,100,2.307,same,same,1,0,0,model,[0 1 0],0.0,0,0.566,0.194,0.721,0.826
41,male,100,5.598,different,different,1,0,0,model,[0 1 0],0.0,3,0.566,0.185,3.571,1.126
41,male,50,4.077,same,different,0,1,0,model,[0 1 0],0.0,3,0.566,0.143,2.521,0.697
41,male,150,4.358,different,different,1,0,0,model,[0 1 0],0.0,3,0.566,0.254,2.071,1.317
41,male,50,2.887,same,different,0,1,0,model,[0 1 0],0.0,3,0.566,0.142,1.021,1.007
41,male,0,1.402,same,same,1,0,0,model,[0 1 0],0.0,0,0.566,0.1,0.121,0.615
41,male,50,2.565,different,different,1,0,0,model,[0 1 0],0.0,3,0.566,0.138,0.721,0.99
41,male,50,3.154,different,same,0,0,1,model,[0 1 0],0.0,3,0.566,0.13,1.621,0.687
42,female,50,2.718,different,different,1,0,0,model,[0 1 0],0.0,3,0.439,0.128,1.028,0.972
42,female,150,2.524,same,same,1,0,0,model,[0 1 0],0.0,0,0.439,0.243,0.878,0.964
42,female,50,2.829,different,different,1,0,0,model,[0 1 0],0.0,3,0.439,0.147,1.178,0.914
42,female,0,1.311,same,same,1,0,0,model,[0 1 0],0.0,0,0.439,0.1,0.128,0.643
42,female,0,1.311,same,same,1,0,0,model,[0 1 0],0.0,0,0.439,0.1,0.128,0.643
42,female,100,3.23,same,different,0,1,0,model,[0 1 0],0.0,3,0.439,0.211,1.178,1.251
42,female,150,2.516,same,same,1,0,0,model,[0 1 0],0.0,0,0.439,0.24,0.878,0.959
42,female,50,2.045,same,same,1,0,0,model,[0 1 0],0.0,0,0.439,0.141,0.728,0.736
42,female,150,3.432,same,same,1,0,0,model,[0 1 0],0.0,0,0.439,0.245,1.778,0.97
42,female,0,1.311,same,same,1,0,0,model,[0 1 0],0.0,0,0.439,0.1,0.128,0.643
42,female,150,4.031,different,different,1,0,0,model,[0 1 0],0.0,3,0.439,0.269,1.778,1.395
42,female,0,1.311,same,same,1,0,0,model,[0 1 0],0.0,0,0.439,0.1,0.128,0.643
42,female,100,2.083,same,same,1,0,0,model,[0 1 0],0.0,0,0.439,0.199,0.578,0.866
42,female,150,6.063,different,different,1,0,0,model,[0 1 0],0.0,3,0.439,0.183,4.178,1.113
42,female,100,2.413,same,same,1,0,0,model,[0 1 0],0.0,0,0.439,0.208,0.878,0.887
42,female,100,3.052,different,different,1,0,0,model,[0 1 0],0.0,3,0.439,0.205,1.028,1.229
42,female,50,1.774,same,same,1,0,0,model,[0 1 0],0.0,0,0.439,0.15,0.428,0.756
42,female,0,1.311,same,same,1,0,0,model,[0 1 0],0.0,0,0.439,0.1,0.128,0.643
42,female,50,2.001,same,same,1,0,0,model,[0 1 0],0.0,0,0.439,0.174,0.578,0.81
42,female,0,1.661,different,different,1,0,0,model,[0 1 0],0.0,3,0.439,0.1,0.128,0.843
42,female,100,2.182,same,same,1,0,0,model,[0 1 0],0.0,0,0.439,0.183,0.728,0.831
42,female,50,2.629,different,different,1,0,0,model,[0 1 0],0.0,3,0.439,0.166,0.728,1.146
42,female,100,2.336,same,same,1,0,0,model,[0 1 0],0.0,0,0.439,0.231,0.728,0.938
42,female,50,1.897,same,same,1,0,0,model,[0 1 0],0.0,0,0.439,0.142,0.578,0.738
42,female,0,1.311,same,same,1,0,0,model,[0 1 0],0.0,0,0.439,0.1,0.128,0.643
42,female,150,2.789,same,same,1,0,0,model,[0 1 0],0.0,0,0.439,0.232,1.178,0.94
42,female,50,1.94,same,same,1,0,0,model,[0 1 0],0.0,0,0.439,0.155,0.578,0.767
42,female,50,2.785,different,different,1,0,0,model,[0 1 0],0.0,3,0.439,0.167,0.878,1.15
42,female,150,3.857,different,different,1,0,0,model,[0 1 0],0.0,3,0.439,0.299,1.478,1.491
42,female,0,1.661,different,different,1,0,0,model,[0 1 0],0.0,3,0.439,0.1,0.128,0.843
42,female,100,2.916,different,different,1,0,0,model,[0 1 0],0.0,3,0.439,0.176,1.028,1.123
42,female,50,2.504,same,same,1,0,0,model,[0 1 0],0.0,1,0.439,0.148,0.878,0.989
42,female,100,3.07,same,same,1,0,0,model,[0 1 0],0.0,1,0.439,0.176,1.328,1.077
42,female,100,3.417,different,different,1,0,0,model,[0 1 0],0.0,3,0.439,0.187,1.478,1.163
42,female,150,6.252,different,different,1,0,0,model,[0 1 0],0.0,3,0.439,0.227,4.178,1.257
42,female,150,4.185,different,different,1,0,0,model,[0 1 0],0.0,3,0.439,0.235,2.078,1.283
42,female,100,4.755,different,different,1,0,0,model,[0 1 0],0.0,3,0.439,0.216,2.678,1.271
42,female,50,2.852,different,different,1,0,0,model,[0 1 0],0.0,3,0.439,0.152,1.028,1.083
42,female,0,1.661,different,different,1,0,0,model,[0 1 0],0.0,3,0.439,0.1,0.128,0.843
42,female,50,1.989,same,same,1,0,0,model,[0 1 0],0.0,0,0.439,0.17,0.578,0.802
42,female,50,2.46,same,same,1,0,0,model,[0 1 0],0.0,1,0.439,0.143,0.728,1.1
42,female,50,2.376,same,same,1,0,0,model,[0 1 0],0.0,0,0.439,0.151,1.028,0.758
42,female,0,1.661,different,different,1,0,0,model,[0 1 0],0.0,3,0.439,0.1,0.128,0.843
42,female,0,1.661,different,different,1,0,0,model,[0 1 0],0.0,3,0.439,0.1,0.128,0.843
42,female,0,1.311,same,same,1,0,0,model,[0 1 0],0.0,0,0.439,0.1,0.128,0.643
42,female,100,3.216,different,different,1,0,0,model,[0 1 0],0.0,3,0.439,0.208,1.178,1.24
42,female,50,1.764,same,same,1,0,0,model,[0 1 0],0.0,0,0.439,0.147,0.428,0.75
42,female,50,2.001,same,same,1,0,0,model,[0 1 0],0.0,0,0.439,0.128,0.728,0.706
42,female,100,1.986,same,same,1,0,0,model,[0 1 0],0.0,0,0.439,0.169,0.578,0.799
42,female,100,2.258,same,same,1,0,0,model,[0 1 0],0.0,0,0.439,0.207,0.728,0.883
42,female,150,2.948,same,same,1,0,0,model,[0 1 0],0.0,1,0.439,0.178,1.478,0.802
42,female,150,2.304,same,same,1,0,0,model,[0 1 0],0.0,0,0.439,0.221,0.728,0.915
42,female,150,3.982,different,different,1,0,0,model,[0 1 0],0.0,3,0.439,0.249,2.078,1.066
42,female,150,5.308,different,different,1,0,0,model,[0 1 0],0.0,3,0.439,0.287,2.978,1.453
42,female,50,2.599,different,different,1,0,0,model,[0 1 0],0.0,3,0.439,0.161,0.728,1.121
42,female,50,2.964,different,different,1,0,0,model,[0 1 0],0.0,3,0.439,0.172,1.028,1.174
42,female,100,5.945,different,different,1,0,0,model,[0 1 0],0.0,3,0.439,0.214,3.878,1.263
42,female,100,4.57,different,different,1,0,0,model,[0 1 0],0.0,3,0.439,0.177,2.678,1.126
42,female,50,1.912,same,same,1,0,0,model,[0 1 0],0.0,0,0.439,0.147,0.578,0.748
42,female,100,2.365,same,same,1,0,0,model,[0 1 0],0.0,0,0.439,0.24,0.728,0.958
42,female,0,1.661,different,different,1,0,0,model,[0 1 0],0.0,3,0.439,0.1,0.128,0.843
42,female,150,2.462,same,same,1,0,0,model,[0 1 0],0.0,0,0.439,0.223,0.878,0.921
42,female,0,1.661,different,different,1,0,0,model,[0 1 0],0.0,3,0.439,0.1,0.128,0.843
42,female,100,3.397,different,different,1,0,0,model,[0 1 0],0.0,3,0.439,0.215,1.328,1.265
42,female,100,2.027,same,same,1,0,0,model,[0 1 0],0.0,0,0.439,0.182,0.578,0.828
42,female,0,1.311,same,same,1,0,0,model,[0 1 0],0.0,0,0.439,0.1,0.128,0.643
42,female,0,1.661,different,different,1,0,0,model,[0 1 0],0.0,3,0.439,0.1,0.128,0.843
42,female,100,2.209,same,same,1,0,0,model,[0 1 0],0.0,0,0.439,0.192,0.728,0.85
42,female,50,3.409,different,different,1,0,0,model,[0 1 0],0.0,3,0.439,0.144,1.628,1.047
42,female,150,4.588,different,different,1,0,0,model,[0 1 0],0.0,3,0.439,0.224,2.528,1.247
42,female,100,3.169,different,different,1,0,0,model,[0 1 0],0.0,3,0.439,0.198,1.178,1.204
42,female,50,1.825,same,same,1,0,0,model,[0 1 0],0.0,0,0.439,0.166,0.428,0.792
42,female,100,2.202,same,same,1,0,0,model,[0 1 0],0.0,0,0.439,0.236,0.578,0.949
42,female,0,1.661,same,different,0,1,0,model,[0 1 0],0.0,3,0.439,0.1,0.128,0.843
42,female,150,2.477,same,same,1,0,0,model,[0 1 0],0.0,0,0.439,0.228,0.878,0.931
42,female,0,1.661,different,different,1,0,0,model,[0 1 0],0.0,3,0.439,0.1,0.128,0.843
42,female,0,1.661,different,different,1,0,0,model,[0 1 0],0.0,3,0.439,0.1,0.128,0.843
42,female,150,4.719,same,same,1,0,0,model,[0 1 0],0.0,1,0.439,0.293,2.228,1.708
42,female,100,2.469,same,same,1,0,0,model,[0 1 0],0.0,0,0.439,0.179,1.028,0.822
42,female,100,4.027,different,different,1,0,0,model,[0 1 0],0.0,3,0.439,0.221,1.928,1.288
42,female,0,1.311,same,same,1,0,0,model,[0 1 0],0.0,0,0.439,0.1,0.128,0.643
42,female,150,4.033,different,different,1,0,0,model,[0 1 0],0.0,3,0.439,0.27,1.778,1.396
42,female,100,2.496,same,same,1,0,0,model,[0 1 0],0.0,0,0.439,0.234,0.878,0.944
42,female,150,2.88,same,same,1,0,0,model,[0 1 0],0.0,0,0.439,0.26,1.178,1.003
42,female,0,1.661,different,different,1,0,0,model,[0 1 0],0.0,3,0.439,0.1,0.128,0.843
42,female,100,2.214,same,same,1,0,0,model,[0 1 0],0.0,0,0.439,0.193,0.728,0.853
42,female,150,5.351,different,different,1,0,0,model,[0 1 0],0.0,3,0.439,0.227,3.278,1.256
42,female,150,3.458,same,same,1,0,0,model,[0 1 0],0.0,0,0.439,0.207,1.928,0.884
42,female,50,1.778,same,same,1,0,0,model,[0 1 0],0.0,0,0.439,0.151,0.428,0.759
42,female,150,3.642,different,different,1,0,0,model,[0 1 0],0.0,3,0.439,0.248,1.478,1.326
42,female,150,5.699,different,different,1,0,0,model,[0 1 0],0.0,3,0.439,0.275,3.728,1.106
42,female,100,4.471,same,same,1,0,0,model,[0 1 0],0.0,1,0.439,0.211,2.378,1.392
42,female,0,1.311,same,same,1,0,0,model,[0 1 0],0.0,0,0.439,0.1,0.128,0.643
42,female,100,2.013,same,same,1,0,0,model,[0 1 0],0.0,0,0.439,0.177,0.578,0.818
42,female,50,2.815,different,different,1,0,0,model,[0 1 0],0.0,3,0.439,0.173,0.878,1.175
42,female,50,2.369,different,different,1,0,0,model,[0 1 0],0.0,3,0.439,0.143,0.728,0.908
43,female,0,1.316,different,different,1,0,0,model,[0 1 0],0.0,2,0.295,0.1,0.162,0.659
43,female,100,4.295,different,different,1,0,0,model,[0 1 0],0.0,2,0.295,0.207,2.712,0.98
43,female,150,3.813,different,different,1,0,0,model,[0 1 0],0.0,2,0.295,0.259,2.262,0.897
43,female,0,1.316,different,different,1,0,0,model,[0 1 0],0.0,2,0.295,0.1,0.162,0.659
43,female,0,1.166,same,same,1,0,0,model,[0 1 0],0.0,0,0.295,0.1,0.162,0.609
43,female,50,2.32,same,different,0,1,0,model,[0 1 0],0.0,2,0.295,0.16,0.912,0.852
43,female,100,3.222,different,different,1,0,0,model,[0 1 0],0.0,2,0.295,0.164,1.812,0.851
43,female,150,4.235,different,different,1,0,0,model,[0 1 0],0.0,2,0.295,0.276,2.412,1.152
43,female,100,2.152,same,same,1,0,0,model,[0 1 0],0.0,0,0.295,0.219,0.762,0.876
43,female,150,3.569,same,same,1,0,0,model,[0 1 0],0.0,0,0.295,0.285,1.962,1.026
43,female,50,1.913,same,same,1,0,0,model,[0 1 0],0.0,0,0.295,0.145,0.762,0.71
43,female,50,1.682,same,same,1,0,0,model,[0 1 0],0.0,0,0.295,0.166,0.462,0.758
43,female,100,2.061,same,same,1,0,0,model,[0 1 0],0.0,0,0.295,0.191,0.762,0.813
43,female,100,4.388,different,different,1,0,0,model,[0 1 0],0.0,2,0.295,0.155,3.012,0.825
43,female,50,1.746,same,same,1,0,0,model,[0 1 0],0.0,0,0.295,0.14,0.612,0.699
43,female,50,2.135,different,different,1,0,0,model,[0 1 0],0.0,2,0.295,0.152,0.762,0.826
43,female,0,1.316,different,different,1,0,0,model,[0 1 0],0.0,2,0.295,0.1,0.162,0.659
43,female,100,2.482,same,same,1,0,0,model,[0 1 0],0.0,0,0.295,0.182,1.212,0.793
43,female,0,1.316,different,different,1,0,0,model,[0 1 0],0.0,2,0.295,0.1,0.162,0.659
43,female,100,2.237,same,same,1,0,0,model,[0 1 0],0.0,0,0.295,0.199,0.912,0.831
43,female,0,1.316,different,different,1,0,0,model,[0 1 0],0.0,2,0.295,0.1,0.162,0.659
43,female,100,7.142,same,different,0,1,0,model,[0 1 0],0.0,2,0.295,0.169,5.712,0.866
43,female,0,1.166,same,same,1,0,0,model,[0 1 0],0.0,0,0.295,0.1,0.162,0.609
43,female,150,4.206,same,different,0,1,0,model,[0 1 0],0.0,2,0.295,0.268,2.412,1.131
43,female,150,4.814,different,different,1,0,0,model,[0 1 0],0.0,2,0.295,0.239,3.312,0.867
43,female,0,1.166,same,same,1,0,0,model,[0 1 0],0.0,0,0.295,0.1,0.162,0.609
43,female,0,1.166,same,same,1,0,0,model,[0 1 0],0.0,0,0.295,0.1,0.162,0.609
43,female,0,1.316,same,different,0,1,0,model,[0 1 0],0.0,2,0.295,0.1,0.162,0.659
43,female,150,3.706,different,different,1,0,0,model,[0 1 0],0.0,2,0.295,0.294,1.812,1.204
43,female,100,2.31,same,same,1,0,0,model,[0 1 0],0.0,0,0.295,0.221,0.912,0.881
43,female,100,2.065,same,same,1,0,0,model,[0 1 0],0.0,0,0.295,0.192,0.762,0.816
43,female,0,1.166,same,same,1,0,0,model,[0 1 0],0.0,0,0.295,0.1,0.162,0.609
43,female,0,1.316,different,different,1,0,0,model,[0 1 0],0.0,2,0.295,0.1,0.162,0.659
43,female,150,2.536,same,same,1,0,0,model,[0 1 0],0.0,0,0.295,0.245,1.062,0.934
43,female,100,2.591,same,same,1,0,0,model,[0 1 0],0.0,0,0.295,0.215,1.212,0.868
43,female,150,5.786,different,different,1,0,0,model,[0 1 0],0.0,2,0.295,0.289,3.912,1.189
43,female,100,3.549,different,different,1,0,0,model,[0 1 0],0.0,2,0.295,0.171,2.112,0.871
43,female,50,1.755,same,same,1,0,0,model,[0 1 0],0.0,0,0.295,0.143,0.612,0.705
43,female,150,2.59,same,same,1,0,0,model,[0 1 0],0.0,0,0.295,0.215,1.212,0.867
43,female,50,1.567,same,same,1,0,0,model,[0 1 0],0.0,0,0.295,0.131,0.462,0.679
43,female,0,1.316,different,different,1,0,0,model,[0 1 0],0.0,2,0.295,0.1,0.162,0.659
43,female,50,1.801,same,same,1,0,0,model,[0 1 0],0.0,0,0.295,0.157,0.612,0.737
43,female,100,2.134,same,same,1,0,0,model,[0 1 0],0.0,0,0.295,0.213,0.762,0.863
43,female,150,2.399,same,same,1,0,0,model,[0 1 0],0.0,0,0.295,0.202,1.062,0.839
43,female,100,2.098,same,same,1,0,0,model,[0 1 0],0.0,0,0.295,0.202,0.762,0.839
43,female,50,1.595,same,same,1,0,0,model,[0 1 0],0.0,0,0.295,0.14,0.462,0.698
43,female,100,3.388,different,different,1,0,0,model,[0 1 0],0.0,2,0.295,0.205,1.812,0.975
43,female,0,1.166,same,same,1,0,0,model,[0 1 0],0.0,0,0.295,0.1,0.162,0.609
43,female,50,1.578,same,same,1,0,0,model,[0 1 0],0.0,0,0.295,0.134,0.462,0.686
43,female,150,2.308,same,same,1,0,0,model,[0 1 0],0.0,0,0.295,0.267,0.762,0.984
43,female,150,2.482,same,same,1,0,0,model,[0 1 0],0.0,0,0.295,0.182,1.212,0.793
43,female,50,2.087,different,different,1,0,0,model,[0 1 0],0.0,2,0.295,0.14,0.762,0.789
43,female,50,2.323,different,different,1,0,0,model,[0 1 0],0.0,2,0.295,0.143,1.062,0.723
43,female,50,1.899,same,same,1,0,0,model,[0 1 0],0.0,0,0.295,0.141,0.762,0.701
43,female,50,2.698,same,different,0,1,0,model,[0 1 0],0.0,2,0.295,0.143,1.362,0.797
43,female,100,3.799,different,different,1,0,0,model,[0 1 0],0.0,2,0.295,0.196,2.262,0.946
43,female,50,2.62,different,different,1,0,0,model,[0 1 0],0.0,2,0.295,0.16,1.212,0.852
43,female,0,1.316,different,different,1,0,0,model,[0 1 0],0.0,2,0.295,0.1,0.162,0.659
43,female,100,2.225,same,same,1,0,0,model,[0 1 0],0.0,0,0.295,0.195,0.912,0.822
43,female,50,2.559,different,different,1,0,0,model,[0 1 0],0.0,2,0.295,0.146,1.212,0.806
43,female,100,5.994,different,different,1,0,0,model,[0 1 0],0.0,2,0.295,0.22,4.362,1.017
43,female,100,2.905,different,different,1,0,0,model,[0 1 0],0.0,2,0.295,0.197,1.362,0.95
43,female,150,3.534,different,different,1,0,0,model,[0 1 0],0.0,2,0.295,0.249,1.812,1.077
43,female,50,1.834,same,same,1,0,0,model,[0 1 0],0.0,0,0.295,0.167,0.612,0.759
43,female,50,1.873,same,same,1,0,0,model,[0 1 0],0.0,0,0.295,0.133,0.762,0.683
43,female,150,3.99,different,different,1,0,0,model,[0 1 0],0.0,2,0.295,0.29,2.112,1.193
43,female,50,2.156,different,different,1,0,0,model,[0 1 0],0.0,2,0.295,0.157,0.762,0.842
43,female,100,2.227,same,same,1,0,0,model,[0 1 0],0.0,0,0.295,0.196,0.912,0.824
43,female,0,1.166,same,same,1,0,0,model,[0 1 0],0.0,0,0.295,0.1,0.162,0.609
43,female,50,1.643,same,same,1,0,0,model,[0 1 0],0.0,0,0.295,0.154,0.462,0.731
43,female,150,2.252,same,same,1,0,0,model,[0 1 0],0.0,0,0.295,0.203,0.912,0.841
43,female,150,6.218,different,different,1,0,0,model,[0 1 0],0.0,2,0.295,0.245,4.512,1.066
43,female,50,2.804,different,different,1,0,0,model,[0 1 0],0.0,2,0.295,0.155,1.512,0.742
43,female,150,2.343,same,same,1,0,0,model,[0 1 0],0.0,0,0.295,0.231,0.912,0.904
43,female,0,1.166,same,same,1,0,0,model,[0 1 0],0.0,0,0.295,0.1,0.162,0.609
43,female,0,1.316,same,different,0,1,0,model,[0 1 0],0.0,2,0.295,0.1,0.162,0.659
43,female,100,4.453,different,different,1,0,0,model,[0 1 0],0.0,2,0.295,0.172,3.012,0.874
43,female,100,2.1,same,same,1,0,0,model,[0 1 0],0.0,0,0.295,0.203,0.762,0.839
43,female,50,2.029,same,same,1,0,0,model,[0 1 0],0.0,0,0.295,0.135,0.912,0.687
43,female,100,1.918,same,same,1,0,0,model,[0 1 0],0.0,0,0.295,0.193,0.612,0.817
43,female,100,3.654,different,different,1,0,0,model,[0 1 0],0.0,2,0.295,0.235,1.962,1.062
43,female,150,2.405,same,same,1,0,0,model,[0 1 0],0.0,0,0.295,0.296,0.762,1.051
43,female,150,2.493,same,same,1,0,0,model,[0 1 0],0.0,0,0.295,0.277,0.912,1.008
43,female,50,4.902,different,different,1,0,0,model,[0 1 0],0.0,2,0.295,0.168,3.462,0.877
43,female,150,2.064,same,same,1,0,0,model,[0 1 0],0.0,0,0.295,0.192,0.762,0.815
43,female,100,2.155,same,same,1,0,0,model,[0 1 0],0.0,0,0.295,0.22,0.762,0.878
43,female,50,2.011,same,same,1,0,0,model,[0 1 0],0.0,0,0.295,0.129,0.912,0.674
43,female,0,1.316,same,different,0,1,0,model,[0 1 0],0.0,2,0.295,0.1,0.162,0.659
43,female,150,2.132,same,same,1,0,0,model,[0 1 0],0.0,0,0.295,0.212,0.762,0.862
43,female,0,1.316,different,different,1,0,0,model,[0 1 0],0.0,2,0.295,0.1,0.162,0.659
43,female,150,2.827,same,same,1,0,0,model,[0 1 0],0.0,0,0.295,0.288,1.212,1.032
43,female,150,8.357,different,different,1,0,0,model,[0 1 0],0.0,2,0.295,0.255,6.612,1.094
43,female,0,1.316,different,different,1,0,0,model,[0 1 0],0.0,2,0.295,0.1,0.162,0.659
43,female,0,1.316,same,different,0,1,0,model,[0 1 0],0.0,2,0.295,0.1,0.162,0.659
43,female,50,3.313,same,different,0,1,0,model,[0 1 0],0.0,2,0.295,0.147,1.962,0.809
43,female,150,3.577,same,same,1,0,0,model,[0 1 0],0.0,0,0.295,0.288,1.962,1.032
44,female,0,1.655,same,same,1,0,0,model,[0 1 0],0.0,0,0.644,0.1,0.189,0.722
44,female,150,5.089,different,different,1,0,0,model,[0 1 0],0.0,3,0.644,0.261,2.589,1.446
44,female,150,2.94,same,same,1,0,0,model,[0 1 0],0.0,0,0.644,0.218,1.089,0.989
44,female,100,4.146,different,different,1,0,0,model,[0 1 0],0.0,3,0.644,0.205,1.839,1.308
44,female,100,3.562,different,different,1,0,0,model,[0 1 0],0.0,3,0.644,0.183,1.539,1.046
44,female,150,3.448,same,same,1,0,0,model,[0 1 0],0.0,0,0.644,0.282,1.389,1.132
44,female,50,3.654,different,different,1,0,0,model,[0 1 0],0.0,3,0.644,0.153,1.539,1.167
44,female,50,2.851,different,different,1,0,0,model,[0 1 0],0.0,3,0.644,0.144,0.789,1.124
44,female,150,2.985,same,same,1,0,0,model,[0 1 0],0.0,0,0.644,0.186,1.239,0.916
44,female,150,5.067,different,different,1,0,0,model,[0 1 0],0.0,3,0.644,0.255,2.589,1.429
44,female,150,5.179,different,different,1,0,0,model,[0 1 0],0.0,3,0.644,0.246,2.739,1.399
44,female,0,1.655,same,same,1,0,0,model,[0 1 0],0.0,0,0.644,0.1,0.189,0.722
44,female,150,4.876,different,different,1,0,0,model,[0 1 0],0.0,3,0.644,0.281,2.289,1.512
44,female,150,3.371,same,same,1,0,0,model,[0 1 0],0.0,0,0.644,0.213,1.539,0.976
44,female,100,3.593,different,different,1,0,0,model,[0 1 0],0.0,3,0.644,0.215,1.239,1.345
44,female,0,2.005,different,different,1,0,0,model,[0 1 0],0.0,3,0.644,0.1,0.189,0.922
44,female,0,2.005,different,different,1,0,0,model,[0 1 0],0.0,3,0.644,0.1,0.189,0.922
44,female,150,3.022,same,same,1,0,0,model,[0 1 0],0.0,0,0.644,0.243,1.089,1.045
44,female,150,4.068,different,different,1,0,0,model,[0 1 0],0.0,3,0.644,0.197,1.839,1.238
44,female,0,2.005,different,different,1,0,0,model,[0 1 0],0.0,3,0.644,0.1,0.189,0.922
44,female,0,2.005,different,different,1,0,0,model,[0 1 0],0.0,3,0.644,0.1,0.189,0.922
44,female,100,2.522,same,same,1,0,0,model,[0 1 0],0.0,0,0.644,0.228,0.639,1.011
44,female,0,1.655,same,same,1,0,0,model,[0 1 0],0.0,0,0.644,0.1,0.189,0.722
44,female,150,4.603,different,different,1,0,0,model,[0 1 0],0.0,3,0.644,0.287,1.989,1.533
44,female,0,2.005,different,different,1,0,0,model,[0 1 0],0.0,3,0.644,0.1,0.189,0.922
44,female,150,3.972,different,different,1,0,0,model,[0 1 0],0.0,3,0.644,0.227,1.839,1.112
44,female,50,3.709,different,different,1,0,0,model,[0 1 0],0.0,3,0.644,0.137,1.689,1.09
44,female,0,2.005,different,different,1,0,0,model,[0 1 0],0.0,3,0.644,0.1,0.189,0.922
44,female,100,3.9,different,different,1,0,0,model,[0 1 0],0.0,3,0.644,0.217,1.539,1.351
44,female,50,2.253,same,same,1,0,0,model,[0 1 0],0.0,0,0.644,0.146,0.639,0.825
44,female,0,1.655,same,same,1,0,0,model,[0 1 0],0.0,0,0.644,0.1,0.189,0.722
44,female,150,4.771,different,different,1,0,0,model,[0 1 0],0.0,3,0.644,0.256,2.289,1.432
44,female,50,3.224,different,different,1,0,0,model,[0 1 0],0.0,3,0.644,0.157,1.089,1.184
44,female,150,3.681,different,different,1,0,0,model,[0 1 0],0.0,3,0.644,0.212,1.389,1.287
44,female,150,3.085,same,same,1,0,0,model,[0 1 0],0.0,0,0.644,0.263,1.089,1.089
44,female,150,4.899,different,different,1,0,0,model,[0 1 0],0.0,3,0.644,0.251,2.439,1.415
44,female,100,4.359,different,different,1,0,0,model,[0 1 0],0.0,3,0.644,0.218,1.989,1.358
44,female,100,4.749,different,different,1,0,0,model,[0 1 0],0.0,3,0.644,0.238,2.289,1.428
44,female,150,6.929,different,different,1,0,0,model,[0 1 0],0.0,3,0.644,0.235,4.539,1.362
44,female,150,2.548,same,same,1,0,0,model,[0 1 0],0.0,0,0.644,0.19,0.789,0.925
44,female,0,2.005,same,different,0,1,0,model,[0 1 0],0.0,3,0.644,0.1,0.189,0.922
44,female,150,3.038,same,same,1,0,0,model,[0 1 0],0.0,0,0.644,0.248,1.089,1.056
44,female,50,2.979,different,different,1,0,0,model,[0 1 0],0.0,3,0.644,0.13,1.089,0.967
44,female,50,3.158,different,different,1,0,0,model,[0 1 0],0.0,3,0.644,0.145,1.089,1.13
44,female,100,3.352,different,different,1,0,0,model,[0 1 0],0.0,3,0.644,0.195,1.089,1.273
44,female,100,2.776,same,same,1,0,0,model,[0 1 0],0.0,0,0.644,0.214,0.939,0.979
44,female,150,3.834,same,same,1,0,0,model,[0 1 0],0.0,0,0.644,0.263,1.839,1.089
44,female,50,2.127,same,same,1,0,0,model,[0 1 0],0.0,0,0.644,0.153,0.489,0.841
44,female,0,1.655,same,same,1,0,0,model,[0 1 0],0.0,0,0.644,0.1,0.189,0.722
44,female,100,2.448,same,same,1,0,0,model,[0 1 0],0.0,0,0.644,0.159,0.789,0.856
44,female,50,2.285,same,same,1,0,0,model,[0 1 0],0.0,0,0.644,0.155,0.639,0.847
44,female,50,2.793,different,different,1,0,0,model,[0 1 0],0.0,3,0.644,0.134,0.789,1.077
44,female,150,4.982,different,different,1,0,0,model,[0 1 0],0.0,3,0.644,0.211,2.889,1.089
44,female,100,2.765,same,same,1,0,0,model,[0 1 0],0.0,0,0.644,0.211,0.939,0.971
44,female,50,2.866,different,different,1,0,0,model,[0 1 0],0.0,3,0.644,0.147,0.789,1.136
44,female,50,3.283,different,different,1,0,0,model,[0 1 0],0.0,3,0.644,0.141,1.239,1.109
44,female,50,2.184,same,same,1,0,0,model,[0 1 0],0.0,0,0.644,0.17,0.489,0.881
44,female,0,2.005,different,different,1,0,0,model,[0 1 0],0.0,3,0.644,0.1,0.189,0.922
44,female,100,3.91,different,different,1,0,0,model,[0 1 0],0.0,3,0.644,0.219,1.539,1.358
44,female,50,3.308,different,different,1,0,0,model,[0 1 0],0.0,3,0.644,0.172,1.089,1.252
44,female,150,3.248,same,same,1,0,0,model,[0 1 0],0.0,0,0.644,0.313,1.089,1.202
44,female,50,2.899,different,different,1,0,0,model,[0 1 0],0.0,3,0.644,0.153,0.789,1.164
44,female,150,3.135,same,same,1,0,0,model,[0 1 0],0.0,0,0.644,0.278,1.089,1.124
44,female,150,3.366,same,same,1,0,0,model,[0 1 0],0.0,0,0.644,0.257,1.389,1.076
44,female,0,1.655,same,same,1,0,0,model,[0 1 0],0.0,0,0.644,0.1,0.189,0.722
44,female,150,4.826,different,different,1,0,0,model,[0 1 0],0.0,3,0.644,0.234,2.439,1.359
44,female,100,4.156,different,different,1,0,0,model,[0 1 0],0.0,3,0.644,0.207,1.839,1.316
44,female,150,2.725,same,same,1,0,0,model,[0 1 0],0.0,0,0.644,0.244,0.789,1.047
44,female,0,2.005,different,different,1,0,0,model,[0 1 0],0.0,3,0.644,0.1,0.189,0.922
44,female,150,4.602,different,different,1,0,0,model,[0 1 0],0.0,3,0.644,0.252,2.139,1.417
44,female,100,4.155,different,different,1,0,0,model,[0 1 0],0.0,3,0.644,0.207,1.839,1.315
44,female,100,3.735,different,different,1,0,0,model,[0 1 0],0.0,3,0.644,0.181,1.539,1.221
44,female,100,3.633,different,different,1,0,0,model,[0 1 0],0.0,3,0.644,0.211,1.539,1.089
44,female,150,3.154,same,same,1,0,0,model,[0 1 0],0.0,0,0.644,0.238,1.239,1.033
44,female,0,1.655,same,same,1,0,0,model,[0 1 0],0.0,0,0.644,0.1,0.189,0.722
44,female,50,2.063,same,same,1,0,0,model,[0 1 0],0.0,0,0.644,0.133,0.489,0.797
44,female,100,2.815,same,same,1,0,0,model,[0 1 0],0.0,0,0.644,0.226,0.939,1.006
44,female,150,4.358,different,different,1,0,0,model,[0 1 0],0.0,3,0.644,0.265,1.839,1.46
44,female,100,2.668,same,same,1,0,0,model,[0 1 0],0.0,0,0.644,0.181,0.939,0.904
44,female,150,2.673,same,same,1,0,0,model,[0 1 0],0.0,0,0.644,0.229,0.789,1.012
44,female,0,1.655,same,same,1,0,0,model,[0 1 0],0.0,0,0.644,0.1,0.189,0.722
44,female,100,3.787,different,different,1,0,0,model,[0 1 0],0.0,3,0.644,0.224,1.389,1.38
44,female,0,2.005,different,different,1,0,0,model,[0 1 0],0.0,3,0.644,0.1,0.189,0.922
44,female,50,2.384,same,same,1,0,0,model,[0 1 0],0.0,0,0.644,0.14,0.789,0.811
44,female,100,3.724,different,different,1,0,0,model,[0 1 0],0.0,3,0.644,0.179,1.539,1.212
44,female,50,2.152,same,same,1,0,0,model,[0 1 0],0.0,0,0.644,0.161,0.489,0.859
44,female,50,2.112,same,same,1,0,0,model,[0 1 0],0.0,0,0.644,0.148,0.489,0.831
44,female,0,1.655,same,same,1,0,0,model,[0 1 0],0.0,0,0.644,0.1,0.189,0.722
44,female,100,3.53,different,different,1,0,0,model,[0 1 0],0.0,3,0.644,0.169,1.389,1.178
44,female,50,2.482,same,same,1,0,0,model,[0 1 0],0.0,0,0.644,0.17,0.789,0.88
44,female,150,2.831,same,same,1,0,0,model,[0 1 0],0.0,0,0.644,0.231,0.939,1.017
44,female,150,4.976,same,different,0,1,0,model,[0 1 0],0.0,3,0.644,0.234,2.589,1.359
44,female,150,3.262,same,same,1,0,0,model,[0 1 0],0.0,0,0.644,0.271,1.239,1.108
44,female,150,4.507,different,different,1,0,0,model,[0 1 0],0.0,3,0.644,0.3,1.839,1.574
44,female,150,3.23,same,same,1,0,0,model,[0 1 0],0.0,0,0.644,0.261,1.239,1.086
44,female,0,2.005,different,different,1,0,0,model,[0 1 0],0.0,3,0.644,0.1,0.189,0.922
45,female,150,2.494,same,same,1,0,0,model,[0 1 0],0.0,0,0.535,0.19,0.889,0.881
45,female,100,2.782,same,same,1,0,0,model,[0 1 0],0.0,0,0.535,0.232,1.039,0.976
45,female,150,3.08,same,same,1,0,0,model,[0 1 0],0.0,0,0.535,0.231,1.339,0.975
45,female,50,3.045,different,different,1,0,0,model,[0 1 0],0.0,3,0.535,0.134,1.189,1.037
45,female,0,1.802,different,different,1,0,0,model,[0 1 0],0.0,3,0.535,0.1,0.139,0.879
45,female,50,2.015,same,same,1,0,0,model,[0 1 0],0.0,0,0.535,0.135,0.589,0.757
45,female,100,3.777,different,different,1,0,0,model,[0 1 0],0.0,3,0.535,0.234,1.489,1.37
45,female,100,2.252,same,same,1,0,0,model,[0 1 0],0.0,0,0.535,0.208,0.589,0.921
45,female,150,3.899,different,different,1,0,0,model,[0 1 0],0.0,3,0.535,0.275,1.489,1.45
45,female,100,3.886,different,different,1,0,0,model,[0 1 0],0.0,3,0.535,0.193,1.789,1.219
45,female,50,2.087,same,same,1,0,0,model,[0 1 0],0.0,0,0.535,0.157,0.589,0.807
45,female,50,2.047,same,same,1,0,0,model,[0 1 0],0.0,0,0.535,0.144,0.589,0.779
45,female,100,2.242,same,same,1,0,0,model,[0 1 0],0.0,0,0.535,0.204,0.589,0.914
45,female,100,2.344,same,same,1,0,0,model,[0 1 0],0.0,0,0.535,0.19,0.739,0.881
45,female,100,3.158,different,different,1,0,0,model,[0 1 0],0.0,3,0.535,0.165,1.189,1.119
45,female,100,2.312,same,same,1,0,0,model,[0 1 0],0.0,0,0.535,0.18,0.739,0.859
45,female,150,2.805,same,same,1,0,0,model,[0 1 0],0.0,0,0.535,0.286,0.889,1.096
45,female,50,3.025,different,different,1,0,0,model,[0 1 0],0.0,3,0.535,0.158,1.039,1.143
45,female,150,2.565,same,same,1,0,0,model,[0 1 0],0.0,0,0.535,0.258,0.739,1.033
45,female,100,2.409,same,same,1,0,0,model,[0 1 0],0.0,0,0.535,0.21,0.739,0.926
45,female,100,2.342,same,same,1,0,0,model,[0 1 0],0.0,0,0.535,0.189,0.739,0.879
45,female,150,2.778,same,same,1,0,0,model,[0 1 0],0.0,0,0.535,0.277,0.889,1.078
45,female,100,2.258,same,same,1,0,0,model,[0 1 0],0.0,0,0.535,0.163,0.739,0.821
45,female,100,3.991,different,different,1,0,0,model,[0 1 0],0.0,3,0.535,0.215,1.789,1.302
45,female,150,5.542,different,different,1,0,0,model,[0 1 0],0.0,3,0.535,0.216,3.589,1.053
45,female,0,1.802,different,different,1,0,0,model,[0 1 0],0.0,3,0.535,0.1,0.139,0.879
45,female,100,3.449,different,different,1,0,0,model,[0 1 0],0.0,3,0.535,0.196,1.339,1.23
45,female,100,3.353,different,different,1,0,0,model,[0 1 0],0.0,3,0.535,0.207,1.189,1.273
45,female,0,1.802,different,different,1,0,0,model,[0 1 0],0.0,3,0.535,0.1,0.139,0.879
45,female,100,3.272,different,different,1,0,0,model,[0 1 0],0.0,3,0.535,0.19,1.189,1.209
45,female,0,1.802,different,different,1,0,0,model,[0 1 0],0.0,3,0.535,0.1,0.139,0.879
45,female,150,3.585,different,different,1,0,0,model,[0 1 0],0.0,3,0.535,0.202,1.489,1.21
45,female,150,3.497,different,different,1,0,0,model,[0 1 0],0.0,3,0.535,0.216,1.339,1.257
45,female,0,1.452,same,same,1,0,0,model,[0 1 0],0.0,0,0.535,0.1,0.139,0.679
45,female,50,3.415,different,different,1,0,0,model,[0 1 0],0.0,3,0.535,0.147,1.489,1.094
45,female,0,1.452,same,same,1,0,0,model,[0 1 0],0.0,0,0.535,0.1,0.139,0.679
45,female,0,1.802,different,different,1,0,0,model,[0 1 0],0.0,3,0.535,0.1,0.139,0.879
45,female,50,2.036,same,same,1,0,0,model,[0 1 0],0.0,0,0.535,0.141,0.589,0.771
45,female,100,2.177,same,same,1,0,0,model,[0 1 0],0.0,0,0.535,0.184,0.589,0.869
45,female,100,2.478,same,same,1,0,0,model,[0 1 0],0.0,0,0.535,0.231,0.739,0.973
45,female,100,2.508,same,same,1,0,0,model,[0 1 0],0.0,0,0.535,0.194,0.889,0.891
45,female,100,4.227,different,different,1,0,0,model,[0 1 0],0.0,3,0.535,0.169,2.239,1.134
45,female,0,1.802,different,different,1,0,0,model,[0 1 0],0.0,3,0.535,0.1,0.139,0.879
45,female,100,2.456,same,same,1,0,0,model,[0 1 0],0.0,0,0.535,0.224,0.739,0.958
45,female,100,2.677,same,same,1,0,0,model,[0 1 0],0.0,0,0.535,0.2,1.039,0.903
45,female,50,1.901,same,same,1,0,0,model,[0 1 0],0.0,0,0.535,0.146,0.439,0.782
45,female,0,1.802,different,different,1,0,0,model,[0 1 0],0.0,3,0.535,0.1,0.139,0.879
45,female,0,1.452,same,same,1,0,0,model,[0 1 0],0.0,0,0.535,0.1,0.139,0.679
45,female,0,1.802,different,different,1,0,0,model,[0 1 0],0.0,3,0.535,0.1,0.139,0.879
45,female,100,3.269,different,different,1,0,0,model,[0 1 0],0.0,3,0.535,0.221,1.039,1.324
45,female,50,2.874,different,different,1,0,0,model,[0 1 0],0.0,3,0.535,0.169,1.039,0.982
45,female,100,2.428,same,same,1,0,0,model,[0 1 0],0.0,0,0.535,0.169,0.889,0.835
45,female,50,2.02,same,same,1,0,0,model,[0 1 0],0.0,0,0.535,0.136,0.589,0.76
45,female,50,2.557,different,different,1,0,0,model,[0 1 0],0.0,3,0.535,0.128,0.739,1.005
45,female,50,1.907,same,same,1,0,0,model,[0 1 0],0.0,0,0.535,0.148,0.439,0.786
45,female,150,5.344,different,different,1,0,0,model,[0 1 0],0.0,3,0.535,0.298,2.839,1.523
45,female,50,1.942,same,same,1,0,0,model,[0 1 0],0.0,0,0.535,0.158,0.439,0.81
45,female,150,4.685,same,same,1,0,0,model,[0 1 0],0.0,0,0.535,0.31,2.689,1.152
45,female,100,3.215,different,different,1,0,0,model,[0 1 0],0.0,3,0.535,0.21,1.039,1.282
45,female,100,2.248,same,same,1,0,0,model,[0 1 0],0.0,0,0.535,0.206,0.589,0.918
45,female,150,2.783,same,same,1,0,0,model,[0 1 0],0.0,0,0.535,0.233,1.039,0.977
45,female,150,4.382,different,different,1,0,0,model,[0 1 0],0.0,3,0.535,0.318,1.789,1.591
45,female,0,1.452,same,same,1,0,0,model,[0 1 0],0.0,0,0.535,0.1,0.139,0.679
45,female,50,1.859,same,same,1,0,0,model,[0 1 0],0.0,0,0.535,0.133,0.439,0.752
45,female,150,4.165,different,different,1,0,0,model,[0 1 0],0.0,3,0.535,0.265,2.089,1.126
45,female,150,3.288,same,same,1,0,0,model,[0 1 0],0.0,0,0.535,0.203,1.639,0.911
45,female,50,1.851,same,same,1,0,0,model,[0 1 0],0.0,0,0.535,0.13,0.439,0.747
45,female,100,2.817,same,same,1,0,0,model,[0 1 0],0.0,0,0.535,0.197,1.189,0.897
45,female,100,3.269,different,different,1,0,0,model,[0 1 0],0.0,3,0.535,0.189,1.189,1.206
45,female,0,1.452,same,same,1,0,0,model,[0 1 0],0.0,0,0.535,0.1,0.139,0.679
45,female,100,2.609,same,same,1,0,0,model,[0 1 0],0.0,0,0.535,0.179,1.039,0.857
45,female,0,1.452,same,same,1,0,0,model,[0 1 0],0.0,0,0.535,0.1,0.139,0.679
45,female,0,1.802,different,different,1,0,0,model,[0 1 0],0.0,3,0.535,0.1,0.139,0.879
45,female,150,2.648,same,same,1,0,0,model,[0 1 0],0.0,0,0.535,0.237,0.889,0.987
45,female,100,3.526,different,different,1,0,0,model,[0 1 0],0.0,3,0.535,0.18,1.489,1.173
45,female,100,2.655,same,same,1,0,0,model,[0 1 0],0.0,0,0.535,0.193,1.039,0.888
45,female,50,2.938,different,different,1,0,0,model,[0 1 0],0.0,3,0.535,0.169,0.889,1.195
45,female,100,3.681,same,different,0,1,0,model,[0 1 0],0.0,3,0.535,0.245,1.339,1.413
45,female,0,1.452,same,same,1,0,0,model,[0 1 0],0.0,0,0.535,0.1,0.139,0.679
45,female,100,2.504,same,same,1,0,0,model,[0 1 0],0.0,0,0.535,0.193,0.889,0.888
45,female,150,4.338,different,different,1,0,0,model,[0 1 0],0.0,3,0.535,0.238,2.089,1.327
45,female,0,1.802,different,different,1,0,0,model,[0 1 0],0.0,3,0.535,0.1,0.139,0.879
45,female,150,3.76,same,same,1,0,0,model,[0 1 0],0.0,0,0.535,0.256,1.939,1.03
45,female,150,4.401,same,same,1,0,0,model,[0 1 0],0.0,0,0.535,0.223,2.689,0.955
45,female,50,2.763,different,different,1,0,0,model,[0 1 0],0.0,3,0.535,0.138,0.889,1.052
45,female,100,2.182,same,same,1,0,0,model,[0 1 0],0.0,0,0.535,0.186,0.589,0.872
45,female,150,2.787,same,same,1,0,0,model,[0 1 0],0.0,0,0.535,0.28,0.889,1.083
45,female,100,2.342,same,same,1,0,0,model,[0 1 0],0.0,0,0.535,0.189,0.739,0.879
45,female,0,1.452,same,same,1,0,0,model,[0 1 0],0.0,0,0.535,0.1,0.139,0.679
45,female,100,2.533,same,same,1,0,0,model,[0 1 0],0.0,0,0.535,0.202,0.889,0.908
45,female,100,3.347,same,different,0,1,0,model,[0 1 0],0.0,3,0.535,0.178,1.489,0.996
45,female,0,1.452,same,same,1,0,0,model,[0 1 0],0.0,0,0.535,0.1,0.139,0.679
45,female,50,2.255,same,same,1,0,0,model,[0 1 0],0.0,0,0.535,0.162,0.739,0.819
45,female,150,3.858,different,different,1,0,0,model,[0 1 0],0.0,3,0.535,0.23,1.639,1.304
45,female,150,5.762,different,different,1,0,0,model,[0 1 0],0.0,3,0.535,0.255,3.439,1.384
45,female,150,3.624,different,different,1,0,0,model,[0 1 0],0.0,3,0.535,0.229,1.639,1.072
46,male,100,3.078,different,different,1,0,0,model,[0 1 0],0.0,2,0.561,0.158,1.339,0.921
46,male,0,1.648,different,different,1,0,0,model,[0 1 0],0.0,2,0.561,0.1,0.139,0.748
46,male,50,4.165,different,different,1,0,0,model,[0 1 0],0.0,2,0.561,0.147,2.539,0.818
46,male,100,3.316,different,different,1,0,0,model,[0 1 0],0.0,2,0.561,0.18,1.489,0.987
46,male,150,3.451,different,different,1,0,0,model,[0 1 0],0.0,2,0.561,0.281,1.489,1.02
46,male,0,1.648,different,different,1,0,0,model,[0 1 0],0.0,2,0.561,0.1,0.139,0.748
46,male,50,2.797,same,different,0,1,0,model,[0 1 0],0.0,2,0.561,0.159,1.039,0.938
46,male,150,4.281,different,different,1,0,0,model,[0 1 0],0.0,2,0.561,0.28,2.089,1.252
46,male,150,3.079,same,same,1,0,0,model,[0 1 0],0.0,0,0.561,0.31,1.039,1.169
46,male,0,1.498,same,same,1,0,0,model,[0 1 0],0.0,0,0.561,0.1,0.139,0.698
46,male,150,3.464,different,different,1,0,0,model,[0 1 0],0.0,2,0.561,0.262,1.339,1.203
46,male,100,3.414,different,different,1,0,0,model,[0 1 0],0.0,2,0.561,0.167,1.639,0.947
46,male,150,3.576,same,different,0,1,0,model,[0 1 0],0.0,2,0.561,0.252,1.489,1.174
46,male,150,2.479,same,same,1,0,0,model,[0 1 0],0.0,0,0.561,0.217,0.739,0.962
46,male,0,1.498,same,same,1,0,0,model,[0 1 0],0.0,0,0.561,0.1,0.139,0.698
46,male,50,2.634,different,different,1,0,0,model,[0 1 0],0.0,2,0.561,0.156,0.889,0.928
46,male,50,3.28,same,different,0,1,0,model,[0 1 0],0.0,2,0.561,0.153,1.639,0.827
46,male,50,2.263,same,same,1,0,0,model,[0 1 0],0.0,0,0.561,0.151,0.739,0.813
46,male,150,3.6,different,different,1,0,0,model,[0 1 0],0.0,2,0.561,0.258,1.489,1.192
46,male,100,3.326,different,different,1,0,0,model,[0 1 0],0.0,2,0.561,0.22,1.339,1.107
46,male,150,4.613,same,different,0,1,0,model,[0 1 0],0.0,2,0.561,0.249,2.539,1.165
46,male,100,3.356,same,different,0,1,0,model,[0 1 0],0.0,2,0.561,0.19,1.489,1.016
46,male,50,3.307,same,different,0,1,0,model,[0 1 0],0.0,2,0.561,0.138,1.639,0.87
46,male,100,3.163,different,different,1,0,0,model,[0 1 0],0.0,2,0.561,0.216,1.189,1.097
46,male,150,4.305,different,different,1,0,0,model,[0 1 0],0.0,2,0.561,0.263,2.389,0.992
46,male,50,1.952,same,same,1,0,0,model,[0 1 0],0.0,0,0.561,0.148,0.439,0.805
46,male,150,2.902,same,same,1,0,0,model,[0 1 0],0.0,0,0.561,0.255,1.039,1.047
46,male,150,2.869,same,same,1,0,0,model,[0 1 0],0.0,0,0.561,0.291,0.889,1.128
46,male,50,1.976,same,same,1,0,0,model,[0 1 0],0.0,0,0.561,0.155,0.439,0.821
46,male,100,4.046,different,different,1,0,0,model,[0 1 0],0.0,2,0.561,0.175,2.239,0.972
46,male,150,4.894,different,different,1,0,0,model,[0 1 0],0.0,2,0.561,0.243,2.839,1.151
46,male,100,2.473,same,same,1,0,0,model,[0 1 0],0.0,0,0.561,0.169,0.889,0.854
46,male,0,1.648,different,different,1,0,0,model,[0 1 0],0.0,2,0.561,0.1,0.139,0.748
46,male,100,4.667,different,different,1,0,0,model,[0 1 0],0.0,2,0.561,0.217,2.689,1.1
46,male,0,1.498,same,same,1,0,0,model,[0 1 0],0.0,0,0.561,0.1,0.139,0.698
46,male,100,3.237,different,different,1,0,0,model,[0 1 0],0.0,2,0.561,0.197,1.339,1.04
46,male,0,1.648,different,different,1,0,0,model,[0 1 0],0.0,2,0.561,0.1,0.139,0.748
46,male,0,1.648,same,different,0,1,0,model,[0 1 0],0.0,2,0.561,0.1,0.139,0.748
46,male,100,3.694,different,different,1,0,0,model,[0 1 0],0.0,2,0.561,0.199,1.789,1.045
46,male,100,2.412,same,same,1,0,0,model,[0 1 0],0.0,0,0.561,0.197,0.739,0.916
46,male,100,3.016,different,different,1,0,0,model,[0 1 0],0.0,2,0.561,0.18,1.189,0.987
46,male,150,3.326,different,different,1,0,0,model,[0 1 0],0.0,2,0.561,0.226,1.339,1.101
46,male,150,2.629,same,same,1,0,0,model,[0 1 0],0.0,0,0.561,0.263,0.739,1.066
46,male,50,2.918,different,different,1,0,0,model,[0 1 0],0.0,2,0.561,0.152,1.189,0.916
46,male,0,1.648,different,different,1,0,0,model,[0 1 0],0.0,2,0.561,0.1,0.139,0.748
46,male,100,5.322,different,different,1,0,0,model,[0 1 0],0.0,2,0.561,0.194,3.439,1.029
46,male,0,1.498,same,same,1,0,0,model,[0 1 0],0.0,0,0.561,0.1,0.139,0.698
46,male,150,2.559,same,same,1,0,0,model,[0 1 0],0.0,0,0.561,0.196,0.889,0.914
46,male,100,4.301,different,different,1,0,0,model,[0 1 0],0.0,2,0.561,0.201,2.389,1.05
46,male,150,3.663,different,different,1,0,0,model,[0 1 0],0.0,2,0.561,0.235,1.639,1.128
46,male,50,2.121,same,same,1,0,0,model,[0 1 0],0.0,0,0.561,0.153,0.589,0.818
46,male,50,2.084,same,same,1,0,0,model,[0 1 0],0.0,0,0.561,0.142,0.589,0.793
46,male,0,1.498,same,same,1,0,0,model,[0 1 0],0.0,0,0.561,0.1,0.139,0.698
46,male,150,3.55,different,different,1,0,0,model,[0 1 0],0.0,2,0.561,0.206,1.639,1.044
46,male,100,2.363,same,same,1,0,0,model,[0 1 0],0.0,0,0.561,0.182,0.739,0.882
46,male,150,2.873,same,same,1,0,0,model,[0 1 0],0.0,0,0.561,0.246,1.039,1.027
46,male,100,3.719,same,different,0,1,0,model,[0 1 0],0.0,2,0.561,0.168,1.939,0.951
46,male,0,1.648,different,different,1,0,0,model,[0 1 0],0.0,2,0.561,0.1,0.139,0.748
46,male,0,1.498,same,same,1,0,0,model,[0 1 0],0.0,0,0.561,0.1,0.139,0.698
46,male,150,3.36,different,different,1,0,0,model,[0 1 0],0.0,2,0.561,0.235,1.339,1.126
46,male,100,2.474,same,same,1,0,0,model,[0 1 0],0.0,0,0.561,0.216,0.739,0.958
46,male,100,2.426,same,same,1,0,0,model,[0 1 0],0.0,0,0.561,0.201,0.739,0.925
46,male,0,1.498,same,same,1,0,0,model,[0 1 0],0.0,0,0.561,0.1,0.139,0.698
46,male,150,3.283,same,same,1,0,0,model,[0 1 0],0.0,0,0.561,0.28,1.339,1.103
46,male,150,3.448,different,different,1,0,0,model,[0 1 0],0.0,2,0.561,0.28,1.489,1.018
46,male,150,2.771,same,same,1,0,0,model,[0 1 0],0.0,0,0.561,0.215,1.039,0.957
46,male,50,2.133,same,same,1,0,0,model,[0 1 0],0.0,0,0.561,0.157,0.589,0.826
46,male,150,3.201,same,same,1,0,0,model,[0 1 0],0.0,0,0.561,0.301,1.189,1.15
46,male,50,2.049,same,same,1,0,0,model,[0 1 0],0.0,0,0.561,0.131,0.589,0.768
46,male,0,1.648,different,different,1,0,0,model,[0 1 0],0.0,2,0.561,0.1,0.139,0.748
46,male,100,2.464,same,same,1,0,0,model,[0 1 0],0.0,0,0.561,0.167,0.889,0.848
46,male,0,1.648,different,different,1,0,0,model,[0 1 0],0.0,2,0.561,0.1,0.139,0.748
46,male,0,1.648,different,different,1,0,0,model,[0 1 0],0.0,2,0.561,0.1,0.139,0.748
46,male,50,2.224,same,same,1,0,0,model,[0 1 0],0.0,0,0.561,0.139,0.739,0.785
46,male,150,3.501,different,different,1,0,0,model,[0 1 0],0.0,2,0.561,0.272,1.339,1.23
46,male,150,2.635,same,same,1,0,0,model,[0 1 0],0.0,0,0.561,0.265,0.739,1.07
46,male,0,1.498,same,same,1,0,0,model,[0 1 0],0.0,0,0.561,0.1,0.139,0.698
46,male,150,4.058,same,different,0,1,0,model,[0 1 0],0.0,2,0.561,0.3,1.789,1.309
46,male,0,1.648,different,different,1,0,0,model,[0 1 0],0.0,2,0.561,0.1,0.139,0.748
46,male,0,1.648,different,different,1,0,0,model,[0 1 0],0.0,2,0.561,0.1,0.139,0.748
46,male,50,2.482,different,different,1,0,0,model,[0 1 0],0.0,2,0.561,0.156,0.739,0.927
46,male,150,3.621,same,different,0,1,0,model,[0 1 0],0.0,2,0.561,0.185,1.789,0.986
46,male,50,2.006,same,same,1,0,0,model,[0 1 0],0.0,0,0.561,0.164,0.439,0.842
46,male,50,2.076,same,same,1,0,0,model,[0 1 0],0.0,0,0.561,0.139,0.589,0.786
46,male,150,4.205,same,different,0,1,0,model,[0 1 0],0.0,2,0.561,0.259,2.089,1.196
46,male,0,1.648,different,different,1,0,0,model,[0 1 0],0.0,2,0.561,0.1,0.139,0.748
46,male,100,2.341,same,same,1,0,0,model,[0 1 0],0.0,0,0.561,0.221,0.589,0.97
46,male,150,2.81,same,same,1,0,0,model,[0 1 0],0.0,0,0.561,0.273,0.889,1.087
46,male,150,3.4,same,different,0,1,0,model,[0 1 0],0.0,2,0.561,0.245,1.339,1.155
46,male,50,4.162,same,different,0,1,0,model,[0 1 0],0.0,2,0.561,0.163,2.389,0.949
46,male,150,2.881,same,same,1,0,0,model,[0 1 0],0.0,0,0.561,0.249,1.039,1.032
46,male,150,3.666,different,different,1,0,0,model,[0 1 0],0.0,2,0.561,0.236,1.639,1.13
46,male,0,1.648,different,different,1,0,0,model,[0 1 0],0.0,2,0.561,0.1,0.139,0.748
46,male,50,2.476,different,different,1,0,0,model,[0 1 0],0.0,2,0.561,0.154,0.739,0.922
46,male,150,2.359,same,same,1,0,0,model,[0 1 0],0.0,0,0.561,0.18,0.739,0.879
46,male,50,2.384,different,different,1,0,0,model,[0 1 0],0.0,2,0.561,0.155,0.739,0.83
47,male,100,3.404,different,different,1,0,0,model,[0 1 0],0.0,3,0.582,0.224,1.173,1.275
47,male,50,1.957,same,same,1,0,0,model,[0 1 0],0.0,0,0.582,0.171,0.423,0.781
47,male,150,2.703,same,same,1,0,0,model,[0 1 0],0.0,0,0.582,0.262,0.873,0.986
47,male,50,2.05,same,same,1,0,0,model,[0 1 0],0.0,0,0.582,0.154,0.573,0.741
47,male,50,3.42,different,different,1,0,0,model,[0 1 0],0.0,3,0.582,0.158,1.623,0.907
47,male,50,2.708,different,different,1,0,0,model,[0 1 0],0.0,3,0.582,0.16,0.723,1.094
47,male,0,1.426,same,same,1,0,0,model,[0 1 0],0.0,0,0.582,0.1,0.123,0.621
47,male,150,3.842,different,different,1,0,0,model,[0 1 0],0.0,3,0.582,0.268,1.473,1.369
47,male,100,3.675,different,different,1,0,0,model,[0 1 0],0.0,3,0.582,0.25,1.323,1.371
47,male,100,2.059,same,same,1,0,0,model,[0 1 0],0.0,0,0.582,0.156,0.573,0.748
47,male,0,1.776,different,different,1,0,0,model,[0 1 0],0.0,3,0.582,0.1,0.123,0.821
47,male,0,1.426,same,same,1,0,0,model,[0 1 0],0.0,0,0.582,0.1,0.123,0.621
47,male,50,3.284,different,different,1,0,0,model,[0 1 0],0.0,3,0.582,0.155,1.323,1.074
47,male,0,1.426,same,same,1,0,0,model,[0 1 0],0.0,0,0.582,0.1,0.123,0.621
47,male,100,3.965,different,different,1,0,0,model,[0 1 0],0.0,3,0.582,0.215,1.773,1.245
47,male,50,3.566,different,different,1,0,0,model,[0 1 0],0.0,3,0.582,0.152,1.623,1.058
47,male,50,2.784,different,different,1,0,0,model,[0 1 0],0.0,3,0.582,0.143,1.023,0.886
47,male,150,5.628,different,different,1,0,0,model,[0 1 0],0.0,3,0.582,0.265,3.273,1.358
47,male,150,2.947,same,same,1,0,0,model,[0 1 0],0.0,0,0.582,0.291,1.023,1.051
47,male,50,1.904,same,same,1,0,0,model,[0 1 0],0.0,0,0.582,0.155,0.423,0.744
47,male,150,4.783,different,different,1,0,0,model,[0 1 0],0.0,3,0.582,0.242,2.523,1.285
47,male,50,2.689,different,different,1,0,0,model,[0 1 0],0.0,3,0.582,0.156,0.723,1.077
47,male,50,3.158,different,different,1,0,0,model,[0 1 0],0.0,3,0.582,0.16,1.173,1.093
47,male,100,3.129,same,same,1,0,0,model,[0 1 0],0.0,0,0.582,0.162,1.623,0.761
47,male,150,3.381,different,different,1,0,0,model,[0 1 0],0.0,3,0.582,0.202,1.473,0.974
47,male,50,2.825,different,different,1,0,0,model,[0 1 0],0.0,3,0.582,0.16,1.023,0.911
47,male,50,2.012,same,same,1,0,0,model,[0 1 0],0.0,0,0.582,0.142,0.573,0.715
47,male,100,2.523,same,same,1,0,0,model,[0 1 0],0.0,0,0.582,0.207,0.873,0.861
47,male,150,4.361,different,different,1,0,0,model,[0 1 0],0.0,3,0.582,0.249,2.073,1.307
47,male,0,1.776,different,different,1,0,0,model,[0 1 0],0.0,3,0.582,0.1,0.123,0.821
47,male,0,1.426,same,same,1,0,0,model,[0 1 0],0.0,0,0.582,0.1,0.123,0.621
47,male,150,3.497,different,different,1,0,0,model,[0 1 0],0.0,3,0.582,0.222,1.323,1.219
47,male,0,1.426,same,same,1,0,0,model,[0 1 0],0.0,0,0.582,0.1,0.123,0.621
47,male,150,4.631,different,different,1,0,0,model,[0 1 0],0.0,3,0.582,0.277,2.223,1.399
47,male,100,5.933,different,different,1,0,0,model,[0 1 0],0.0,3,0.582,0.187,3.873,1.141
47,male,0,1.776,different,different,1,0,0,model,[0 1 0],0.0,3,0.582,0.1,0.123,0.821
47,male,50,2.641,different,different,1,0,0,model,[0 1 0],0.0,3,0.582,0.148,0.723,1.039
47,male,0,1.426,same,same,1,0,0,model,[0 1 0],0.0,0,0.582,0.1,0.123,0.621
47,male,50,1.868,same,same,1,0,0,model,[0 1 0],0.0,0,0.582,0.143,0.423,0.719
47,male,50,2.486,same,different,0,1,0,model,[0 1 0],0.0,3,0.582,0.144,0.723,0.887
47,male,50,2.018,same,same,1,0,0,model,[0 1 0],0.0,0,0.582,0.144,0.573,0.719
47,male,0,1.426,same,same,1,0,0,model,[0 1 0],0.0,0,0.582,0.1,0.123,0.621
47,male,0,1.776,different,different,1,0,0,model,[0 1 0],0.0,3,0.582,0.1,0.123,0.821
47,male,50,1.956,same,same,1,0,0,model,[0 1 0],0.0,0,0.582,0.171,0.423,0.78
47,male,100,3.094,different,different,1,0,0,model,[0 1 0],0.0,3,0.582,0.189,1.023,1.149
47,male,150,2.523,same,same,1,0,0,model,[0 1 0],0.0,0,0.582,0.253,0.723,0.965
47,male,50,1.84,same,same,1,0,0,model,[0 1 0],0.0,0,0.582,0.135,0.423,0.7
47,male,0,1.776,different,different,1,0,0,model,[0 1 0],0.0,3,0.582,0.1,0.123,0.821
47,male,100,3.458,different,different,1,0,0,model,[0 1 0],0.0,3,0.582,0.171,1.473,1.081
47,male,0,1.776,different,different,1,0,0,model,[0 1 0],0.0,3,0.582,0.1,0.123,0.821
47,male,0,1.426,same,same,1,0,0,model,[0 1 0],0.0,0,0.582,0.1,0.123,0.621
47,male,0,1.776,different,different,1,0,0,model,[0 1 0],0.0,3,0.582,0.1,0.123,0.821
47,male,150,2.993,same,same,1,0,0,model,[0 1 0],0.0,0,0.582,0.305,1.023,1.082
47,male,0,1.426,same,same,1,0,0,model,[0 1 0],0.0,0,0.582,0.1,0.123,0.621
47,male,50,2.015,same,same,1,0,0,model,[0 1 0],0.0,0,0.582,0.143,0.573,0.717
47,male,0,1.776,different,different,1,0,0,model,[0 1 0],0.0,3,0.582,0.1,0.123,0.821
47,male,50,1.88,same,same,1,0,0,model,[0 1 0],0.0,0,0.582,0.147,0.423,0.727
47,male,50,1.907,same,same,1,0,0,model,[0 1 0],0.0,0,0.582,0.155,0.423,0.746
47,male,100,5.314,different,different,1,0,0,model,[0 1 0],0.0,3,0.582,0.247,2.973,1.362
47,male,50,3.627,different,different,1,0,0,model,[0 1 0],0.0,3,0.582,0.163,1.623,1.109
47,male,50,1.92,same,same,1,0,0,model,[0 1 0],0.0,0,0.582,0.16,0.423,0.755
47,male,50,1.89,same,same,1,0,0,model,[0 1 0],0.0,0,0.582,0.15,0.423,0.734
47,male,50,2.128,same,same,1,0,0,model,[0 1 0],0.0,0,0.582,0.131,0.723,0.692
47,male,150,4.023,different,different,1,0,0,model,[0 1 0],0.0,3,0.582,0.311,1.473,1.507
47,male,150,4.397,same,same,1,0,0,model,[0 1 0],0.0,0,0.582,0.276,2.523,1.016
47,male,100,2.392,same,same,1,0,0,model,[0 1 0],0.0,0,0.582,0.213,0.723,0.874
47,male,50,1.929,same,same,1,0,0,model,[0 1 0],0.0,0,0.582,0.162,0.423,0.762
47,male,100,2.133,same,same,1,0,0,model,[0 1 0],0.0,0,0.582,0.179,0.573,0.799
47,male,100,2.159,same,same,1,0,0,model,[0 1 0],0.0,0,0.582,0.187,0.573,0.817
47,male,150,8.493,different,different,1,0,0,model,[0 1 0],0.0,3,0.582,0.233,6.273,1.255
47,male,0,1.776,different,different,1,0,0,model,[0 1 0],0.0,3,0.582,0.1,0.123,0.821
47,male,150,2.957,same,same,1,0,0,model,[0 1 0],0.0,0,0.582,0.248,1.173,0.954
47,male,150,6.405,different,different,1,0,0,model,[0 1 0],0.0,3,0.582,0.211,4.473,0.988
47,male,100,2.421,same,same,1,0,0,model,[0 1 0],0.0,0,0.582,0.222,0.723,0.895
47,male,100,4.006,different,different,1,0,0,model,[0 1 0],0.0,3,0.582,0.224,1.773,1.277
47,male,0,1.776,different,different,1,0,0,model,[0 1 0],0.0,3,0.582,0.1,0.123,0.821
47,male,0,1.426,same,same,1,0,0,model,[0 1 0],0.0,0,0.582,0.1,0.123,0.621
47,male,150,4.365,different,different,1,0,0,model,[0 1 0],0.0,3,0.582,0.25,2.073,1.31
47,male,50,2.708,different,different,1,0,0,model,[0 1 0],0.0,3,0.582,0.133,0.873,0.97
47,male,100,6.837,different,different,1,0,0,model,[0 1 0],0.0,3,0.582,0.22,4.623,1.262
47,male,50,2.695,different,different,1,0,0,model,[0 1 0],0.0,3,0.582,0.157,0.723,1.082
47,male,0,1.776,different,different,1,0,0,model,[0 1 0],0.0,3,0.582,0.1,0.123,0.821
47,male,150,2.857,same,same,1,0,0,model,[0 1 0],0.0,0,0.582,0.263,1.023,0.988
47,male,100,3.256,different,different,1,0,0,model,[0 1 0],0.0,3,0.582,0.224,1.023,1.277
47,male,0,1.776,different,different,1,0,0,model,[0 1 0],0.0,3,0.582,0.1,0.123,0.821
47,male,150,4.114,different,different,1,0,0,model,[0 1 0],0.0,3,0.582,0.262,1.773,1.348
47,male,50,2.597,different,different,1,0,0,model,[0 1 0],0.0,3,0.582,0.14,0.723,1.002
47,male,100,4.536,different,different,1,0,0,model,[0 1 0],0.0,3,0.582,0.244,2.523,1.037
47,male,50,3.082,same,different,0,1,0,model,[0 1 0],0.0,3,0.582,0.146,1.173,1.031
47,male,0,1.776,different,different,1,0,0,model,[0 1 0],0.0,3,0.582,0.1,0.123,0.821
47,male,50,2.782,different,different,1,0,0,model,[0 1 0],0.0,3,0.582,0.142,1.023,0.884
47,male,0,1.426,same,same,1,0,0,model,[0 1 0],0.0,0,0.582,0.1,0.123,0.621
47,male,100,3.106,different,different,1,0,0,model,[0 1 0],0.0,3,0.582,0.192,1.023,1.159
47,male,100,2.959,same,same,1,0,0,model,[0 1 0],0.0,0,0.582,0.202,1.323,0.851
47,male,50,2.033,same,same,1,0,0,model,[0 1 0],0.0,0,0.582,0.148,0.573,0.73
47,male,100,2.942,same,same,1,0,0,model,[0 1 0],0.0,0,0.582,0.197,1.323,0.839
48,male,150,2.792,same,same,1,0,0,model,[0 1 0],0.0,0,0.433,0.26,1.232,0.867
48,male,100,2.994,different,different,1,0,0,model,[0 1 0],0.0,2,0.433,0.205,1.382,0.873
48,male,50,1.675,same,same,1,0,0,model,[0 1 0],0.0,0,0.433,0.147,0.482,0.613
48,male,0,1.373,same,different,0,1,0,model,[0 1 0],0.0,2,0.433,0.1,0.182,0.557
48,male,0,1.223,same,same,1,0,0,model,[0 1 0],0.0,0,0.433,0.1,0.182,0.507
48,male,100,2.836,different,different,1,0,0,model,[0 1 0],0.0,2,0.433,0.203,1.232,0.867
48,male,100,2.642,same,same,1,0,0,model,[0 1 0],0.0,0,0.433,0.214,1.232,0.763
48,male,100,3.0,same,same,1,0,0,model,[0 1 0],0.0,0,0.433,0.185,1.682,0.699
48,male,50,1.626,same,same,1,0,0,model,[0 1 0],0.0,0,0.433,0.132,0.482,0.578
48,male,50,1.742,same,same,1,0,0,model,[0 1 0],0.0,0,0.433,0.168,0.482,0.659
48,male,150,4.115,different,different,1,0,0,model,[0 1 0],0.0,2,0.433,0.269,2.282,1.031
48,male,50,2.376,different,different,1,0,0,model,[0 1 0],0.0,2,0.433,0.16,0.932,0.75
48,male,150,3.662,different,different,1,0,0,model,[0 1 0],0.0,2,0.433,0.268,1.832,1.028
48,male,100,2.664,different,different,1,0,0,model,[0 1 0],0.0,2,0.433,0.198,1.082,0.851
48,male,0,1.373,same,different,0,1,0,model,[0 1 0],0.0,2,0.433,0.1,0.182,0.557
48,male,150,3.343,different,different,1,0,0,model,[0 1 0],0.0,2,0.433,0.184,1.832,0.794
48,male,50,2.365,different,different,1,0,0,model,[0 1 0],0.0,2,0.433,0.137,1.082,0.613
48,male,50,1.649,same,same,1,0,0,model,[0 1 0],0.0,0,0.433,0.139,0.482,0.595
48,male,50,2.27,same,different,0,1,0,model,[0 1 0],0.0,2,0.433,0.135,0.932,0.669
48,male,150,2.513,same,same,1,0,0,model,[0 1 0],0.0,0,0.433,0.22,1.082,0.777
48,male,0,1.373,different,different,1,0,0,model,[0 1 0],0.0,2,0.433,0.1,0.182,0.557
48,male,50,1.671,same,same,1,0,0,model,[0 1 0],0.0,0,0.433,0.146,0.482,0.61
48,male,0,1.373,different,different,1,0,0,model,[0 1 0],0.0,2,0.433,0.1,0.182,0.557
48,male,50,2.161,different,different,1,0,0,model,[0 1 0],0.0,2,0.433,0.145,0.782,0.7
48,male,100,2.264,same,same,1,0,0,model,[0 1 0],0.0,0,0.433,0.19,0.932,0.709
48,male,100,2.54,different,different,1,0,0,model,[0 1 0],0.0,2,0.433,0.207,1.082,0.718
48,male,100,2.076,same,same,1,0,0,model,[0 1 0],0.0,0,0.433,0.224,0.632,0.787
48,male,100,2.271,same,same,1,0,0,model,[0 1 0],0.0,0,0.433,0.192,0.932,0.713
48,male,0,1.223,same,same,1,0,0,model,[0 1 0],0.0,0,0.433,0.1,0.182,0.507
48,male,100,1.921,same,same,1,0,0,model,[0 1 0],0.0,0,0.433,0.176,0.632,0.679
48,male,100,2.0,same,same,1,0,0,model,[0 1 0],0.0,0,0.433,0.201,0.632,0.734
48,male,0,1.373,same,different,0,1,0,model,[0 1 0],0.0,2,0.433,0.1,0.182,0.557
48,male,50,3.394,different,different,1,0,0,model,[0 1 0],0.0,2,0.433,0.153,1.982,0.726
48,male,50,2.201,different,different,1,0,0,model,[0 1 0],0.0,2,0.433,0.154,0.782,0.731
48,male,100,3.108,different,different,1,0,0,model,[0 1 0],0.0,2,0.433,0.196,1.532,0.846
48,male,100,2.501,different,different,1,0,0,model,[0 1 0],0.0,2,0.433,0.157,1.082,0.729
48,male,0,1.223,same,same,1,0,0,model,[0 1 0],0.0,0,0.433,0.1,0.182,0.507
48,male,0,1.223,same,same,1,0,0,model,[0 1 0],0.0,0,0.433,0.1,0.182,0.507
48,male,50,2.012,same,same,1,0,0,model,[0 1 0],0.0,0,0.433,0.158,0.782,0.638
48,male,150,2.93,different,different,1,0,0,model,[0 1 0],0.0,2,0.433,0.243,1.382,0.771
48,male,50,1.621,same,same,1,0,0,model,[0 1 0],0.0,0,0.433,0.13,0.482,0.575
48,male,50,1.715,same,same,1,0,0,model,[0 1 0],0.0,0,0.433,0.159,0.482,0.64
48,male,100,2.987,different,different,1,0,0,model,[0 1 0],0.0,2,0.433,0.206,1.532,0.716
48,male,150,3.253,same,different,0,1,0,model,[0 1 0],0.0,2,0.433,0.239,1.532,0.948
48,male,50,1.671,same,same,1,0,0,model,[0 1 0],0.0,0,0.433,0.146,0.482,0.61
48,male,50,2.128,different,different,1,0,0,model,[0 1 0],0.0,2,0.433,0.137,0.782,0.675
48,male,150,2.594,same,same,1,0,0,model,[0 1 0],0.0,0,0.433,0.291,0.932,0.937
48,male,100,2.488,different,different,1,0,0,model,[0 1 0],0.0,2,0.433,0.186,1.082,0.686
48,male,50,2.622,different,different,1,0,0,model,[0 1 0],0.0,2,0.433,0.147,1.232,0.709
48,male,100,1.975,same,same,1,0,0,model,[0 1 0],0.0,0,0.433,0.193,0.632,0.716
48,male,100,1.943,same,same,1,0,0,model,[0 1 0],0.0,0,0.433,0.183,0.632,0.694
48,male,100,1.889,same,same,1,0,0,model,[0 1 0],0.0,0,0.433,0.167,0.632,0.657
48,male,50,2.233,different,different,1,0,0,model,[0 1 0],0.0,2,0.433,0.144,0.932,0.624
48,male,50,2.179,same,different,0,1,0,model,[0 1 0],0.0,2,0.433,0.149,0.782,0.714
48,male,150,2.243,same,same,1,0,0,model,[0 1 0],0.0,0,0.433,0.229,0.782,0.798
48,male,150,2.187,same,same,1,0,0,model,[0 1 0],0.0,0,0.433,0.212,0.782,0.759
48,male,100,3.438,different,different,1,0,0,model,[0 1 0],0.0,2,0.433,0.204,1.832,0.869
48,male,50,1.687,same,same,1,0,0,model,[0 1 0],0.0,0,0.433,0.151,0.482,0.621
48,male,150,2.374,same,same,1,0,0,model,[0 1 0],0.0,0,0.433,0.269,0.782,0.889
48,male,150,3.245,same,same,1,0,0,model,[0 1 0],0.0,0,0.433,0.307,1.532,0.973
48,male,150,3.027,same,same,1,0,0,model,[0 1 0],0.0,0,0.433,0.24,1.532,0.822
48,male,50,1.698,same,same,1,0,0,model,[0 1 0],0.0,0,0.433,0.154,0.482,0.628
48,male,0,1.373,different,different,1,0,0,model,[0 1 0],0.0,2,0.433,0.1,0.182,0.557
48,male,0,1.373,different,different,1,0,0,model,[0 1 0],0.0,2,0.433,0.1,0.182,0.557
48,male,50,2.229,different,different,1,0,0,model,[0 1 0],0.0,2,0.433,0.143,0.932,0.621
48,male,0,1.373,different,different,1,0,0,model,[0 1 0],0.0,2,0.433,0.1,0.182,0.557
48,male,150,2.661,same,same,1,0,0,model,[0 1 0],0.0,0,0.433,0.266,1.082,0.88
48,male,150,3.874,different,different,1,0,0,model,[0 1 0],0.0,2,0.433,0.205,2.282,0.853
48,male,0,1.223,same,same,1,0,0,model,[0 1 0],0.0,0,0.433,0.1,0.182,0.507
48,male,150,4.14,different,different,1,0,0,model,[0 1 0],0.0,2,0.433,0.275,2.282,1.049
48,male,100,4.903,different,different,1,0,0,model,[0 1 0],0.0,2,0.433,0.195,3.332,0.842
48,male,100,2.209,same,same,1,0,0,model,[0 1 0],0.0,0,0.433,0.173,0.932,0.67
48,male,100,1.941,same,same,1,0,0,model,[0 1 0],0.0,0,0.433,0.182,0.632,0.693
48,male,150,4.141,different,different,1,0,0,model,[0 1 0],0.0,2,0.433,0.247,2.582,0.778
48,male,150,3.225,different,different,1,0,0,model,[0 1 0],0.0,2,0.433,0.232,1.532,0.927
48,male,50,1.649,same,same,1,0,0,model,[0 1 0],0.0,0,0.433,0.139,0.482,0.594
48,male,0,1.223,same,same,1,0,0,model,[0 1 0],0.0,0,0.433,0.1,0.182,0.507
48,male,150,2.582,same,same,1,0,0,model,[0 1 0],0.0,0,0.433,0.241,1.082,0.825
48,male,150,2.303,same,same,1,0,0,model,[0 1 0],0.0,0,0.433,0.248,0.782,0.839
48,male,150,3.305,same,different,0,1,0,model,[0 1 0],0.0,2,0.433,0.214,1.682,0.876
48,male,0,1.373,different,different,1,0,0,model,[0 1 0],0.0,2,0.433,0.1,0.182,0.557
48,male,150,2.389,same,same,1,0,0,model,[0 1 0],0.0,0,0.433,0.274,0.782,0.899
48,male,100,2.535,same,same,1,0,0,model,[0 1 0],0.0,0,0.433,0.227,1.082,0.792
48,male,50,1.643,same,same,1,0,0,model,[0 1 0],0.0,0,0.433,0.137,0.482,0.59
48,male,150,3.161,same,different,0,1,0,model,[0 1 0],0.0,2,0.433,0.215,1.532,0.88
48,male,150,2.149,same,same,1,0,0,model,[0 1 0],0.0,0,0.433,0.2,0.782,0.733
48,male,100,3.294,different,different,1,0,0,model,[0 1 0],0.0,2,0.433,0.205,1.682,0.873
48,male,100,2.123,same,same,1,0,0,model,[0 1 0],0.0,0,0.433,0.192,0.782,0.715
48,male,150,3.909,same,different,0,1,0,model,[0 1 0],0.0,2,0.433,0.254,2.132,0.989
48,male,100,2.411,same,same,1,0,0,model,[0 1 0],0.0,0,0.433,0.235,0.932,0.811
48,male,100,2.885,different,different,1,0,0,model,[0 1 0],0.0,2,0.433,0.165,1.532,0.655
48,male,0,1.373,same,different,0,1,0,model,[0 1 0],0.0,2,0.433,0.1,0.182,0.557
48,male,150,3.437,same,different,0,1,0,model,[0 1 0],0.0,2,0.433,0.248,1.682,0.973
48,male,50,2.578,different,different,1,0,0,model,[0 1 0],0.0,2,0.433,0.137,1.232,0.676
48,male,100,2.066,same,same,1,0,0,model,[0 1 0],0.0,0,0.433,0.175,0.782,0.675
48,male,150,4.254,different,different,1,0,0,model,[0 1 0],0.0,2,0.433,0.232,2.732,0.756
49,male,100,3.325,same,same,1,0,0,model,[0 1 0],0.0,0,0.46,0.196,1.804,0.865
49,male,100,5.819,different,different,1,0,0,model,[0 1 0],0.0,2,0.46,0.201,4.054,1.003
49,male,100,2.407,same,same,1,0,0,model,[0 1 0],0.0,0,0.46,0.19,0.904,0.852
49,male,150,2.848,same,same,1,0,0,model,[0 1 0],0.0,0,0.46,0.233,1.204,0.95
49,male,100,2.493,same,same,1,0,0,model,[0 1 0],0.0,0,0.46,0.217,0.904,0.912
49,male,50,2.483,different,different,1,0,0,model,[0 1 0],0.0,2,0.46,0.152,0.904,0.867
49,male,0,1.364,same,same,1,0,0,model,[0 1 0],0.0,0,0.46,0.1,0.154,0.649
49,male,0,1.364,same,same,1,0,0,model,[0 1 0],0.0,0,0.46,0.1,0.154,0.649
49,male,50,2.773,different,different,1,0,0,model,[0 1 0],0.0,2,0.46,0.15,1.204,0.859
49,male,0,1.514,different,different,1,0,0,model,[0 1 0],0.0,2,0.46,0.1,0.154,0.699
49,male,0,1.364,same,same,1,0,0,model,[0 1 0],0.0,0,0.46,0.1,0.154,0.649
49,male,50,1.954,same,same,1,0,0,model,[0 1 0],0.0,0,0.46,0.143,0.604,0.746
49,male,100,3.882,different,different,1,0,0,model,[0 1 0],0.0,2,0.46,0.205,2.104,1.013
49,male,100,3.289,different,different,1,0,0,model,[0 1 0],0.0,2,0.46,0.206,1.504,1.018
49,male,100,2.21,same,same,1,0,0,model,[0 1 0],0.0,0,0.46,0.222,0.604,0.924
49,male,150,2.519,same,same,1,0,0,model,[0 1 0],0.0,0,0.46,0.271,0.754,1.034
49,male,100,3.457,different,different,1,0,0,model,[0 1 0],0.0,2,0.46,0.217,1.804,0.875
49,male,50,2.036,same,same,1,0,0,model,[0 1 0],0.0,0,0.46,0.168,0.604,0.803
49,male,50,2.573,same,different,0,1,0,model,[0 1 0],0.0,2,0.46,0.138,1.054,0.821
49,male,100,2.922,different,different,1,0,0,model,[0 1 0],0.0,2,0.46,0.19,1.204,0.968
49,male,0,1.364,same,same,1,0,0,model,[0 1 0],0.0,0,0.46,0.1,0.154,0.649
49,male,100,4.807,same,different,0,1,0,model,[0 1 0],0.0,2,0.46,0.211,3.004,1.032
49,male,150,4.202,different,different,1,0,0,model,[0 1 0],0.0,2,0.46,0.294,2.104,1.244
49,male,100,2.772,same,same,1,0,0,model,[0 1 0],0.0,0,0.46,0.21,1.204,0.897
49,male,50,1.984,same,same,1,0,0,model,[0 1 0],0.0,0,0.46,0.152,0.604,0.767
49,male,0,1.364,same,same,1,0,0,model,[0 1 0],0.0,0,0.46,0.1,0.154,0.649
49,male,0,1.364,same,same,1,0,0,model,[0 1 0],0.0,0,0.46,0.1,0.154,0.649
49,male,150,3.846,different,different,1,0,0,model,[0 1 0],0.0,2,0.46,0.279,1.804,1.203
49,male,150,5.185,different,different,1,0,0,model,[0 1 0],0.0,2,0.46,0.237,3.304,1.083
49,male,50,2.879,same,different,0,1,0,model,[0 1 0],0.0,2,0.46,0.175,1.204,0.94
49,male,150,3.874,different,different,1,0,0,model,[0 1 0],0.0,2,0.46,0.208,2.104,1.002
49,male,150,3.738,same,different,0,1,0,model,[0 1 0],0.0,2,0.46,0.251,1.804,1.122
49,male,100,3.233,different,different,1,0,0,model,[0 1 0],0.0,2,0.46,0.192,1.504,0.976
49,male,150,2.614,same,same,1,0,0,model,[0 1 0],0.0,0,0.46,0.254,0.904,0.995
49,male,50,2.824,different,different,1,0,0,model,[0 1 0],0.0,2,0.46,0.162,1.204,0.897
49,male,100,2.268,same,same,1,0,0,model,[0 1 0],0.0,0,0.46,0.193,0.754,0.86
49,male,150,4.582,same,different,0,1,0,model,[0 1 0],0.0,2,0.46,0.275,2.554,1.192
49,male,0,1.514,different,different,1,0,0,model,[0 1 0],0.0,2,0.46,0.1,0.154,0.699
49,male,0,1.364,same,same,1,0,0,model,[0 1 0],0.0,0,0.46,0.1,0.154,0.649
49,male,100,2.425,same,same,1,0,0,model,[0 1 0],0.0,0,0.46,0.196,0.904,0.864
49,male,100,2.383,same,same,1,0,0,model,[0 1 0],0.0,0,0.46,0.229,0.754,0.94
49,male,0,1.364,same,same,1,0,0,model,[0 1 0],0.0,0,0.46,0.1,0.154,0.649
49,male,150,2.524,same,same,1,0,0,model,[0 1 0],0.0,0,0.46,0.272,0.754,1.037
49,male,0,1.514,same,different,0,1,0,model,[0 1 0],0.0,2,0.46,0.1,0.154,0.699
49,male,100,3.897,same,different,0,1,0,model,[0 1 0],0.0,2,0.46,0.171,2.254,0.912
49,male,0,1.514,different,different,1,0,0,model,[0 1 0],0.0,2,0.46,0.1,0.154,0.699
49,male,100,2.351,same,same,1,0,0,model,[0 1 0],0.0,0,0.46,0.173,0.904,0.813
49,male,0,1.364,same,same,1,0,0,model,[0 1 0],0.0,0,0.46,0.1,0.154,0.649
49,male,50,2.084,same,same,1,0,0,model,[0 1 0],0.0,0,0.46,0.137,0.754,0.732
49,male,50,2.896,different,different,1,0,0,model,[0 1 0],0.0,2,0.46,0.143,1.354,0.839
49,male,50,1.829,same,same,1,0,0,model,[0 1 0],0.0,0,0.46,0.151,0.454,0.764
49,male,150,4.581,different,different,1,0,0,model,[0 1 0],0.0,2,0.46,0.275,2.554,1.191
49,male,150,3.371,different,different,1,0,0,model,[0 1 0],0.0,2,0.46,0.183,1.804,0.824
49,male,100,3.551,different,different,1,0,0,model,[0 1 0],0.0,2,0.46,0.197,1.804,0.989
49,male,0,1.364,same,same,1,0,0,model,[0 1 0],0.0,0,0.46,0.1,0.154,0.649
49,male,100,2.794,same,same,1,0,0,model,[0 1 0],0.0,0,0.46,0.217,1.204,0.913
49,male,100,2.436,same,same,1,0,0,model,[0 1 0],0.0,0,0.46,0.245,0.754,0.976
49,male,50,2.642,different,different,1,0,0,model,[0 1 0],0.0,2,0.46,0.154,1.054,0.873
49,male,50,2.631,different,different,1,0,0,model,[0 1 0],0.0,2,0.46,0.151,1.054,0.865
49,male,150,2.842,same,same,1,0,0,model,[0 1 0],0.0,0,0.46,0.278,1.054,1.049
49,male,100,3.135,different,different,1,0,0,model,[0 1 0],0.0,2,0.46,0.205,1.354,1.015
49,male,0,1.514,same,different,0,1,0,model,[0 1 0],0.0,2,0.46,0.1,0.154,0.699
49,male,50,3.12,different,different,1,0,0,model,[0 1 0],0.0,2,0.46,0.161,1.504,0.895
49,male,0,1.364,same,same,1,0,0,model,[0 1 0],0.0,0,0.46,0.1,0.154,0.649
49,male,50,2.408,same,same,1,0,0,model,[0 1 0],0.0,0,0.46,0.144,1.054,0.749
49,male,100,2.399,same,same,1,0,0,model,[0 1 0],0.0,0,0.46,0.234,0.754,0.95
49,male,150,2.553,same,same,1,0,0,model,[0 1 0],0.0,0,0.46,0.281,0.754,1.057
49,male,100,3.429,same,different,0,1,0,model,[0 1 0],0.0,2,0.46,0.204,1.654,1.011
49,male,150,2.384,same,same,1,0,0,model,[0 1 0],0.0,0,0.46,0.229,0.754,0.94
49,male,50,1.84,same,same,1,0,0,model,[0 1 0],0.0,0,0.46,0.154,0.454,0.771
49,male,0,1.514,different,different,1,0,0,model,[0 1 0],0.0,2,0.46,0.1,0.154,0.699
49,male,50,1.872,same,same,1,0,0,model,[0 1 0],0.0,0,0.46,0.164,0.454,0.793
49,male,150,4.164,different,different,1,0,0,model,[0 1 0],0.0,2,0.46,0.26,2.404,0.94
49,male,100,2.684,same,same,1,0,0,model,[0 1 0],0.0,0,0.46,0.229,1.054,0.94
49,male,150,4.296,different,different,1,0,0,model,[0 1 0],0.0,2,0.46,0.318,2.104,1.313
49,male,100,2.547,same,same,1,0,0,model,[0 1 0],0.0,0,0.46,0.233,0.904,0.949
49,male,150,3.05,same,same,1,0,0,model,[0 1 0],0.0,0,0.46,0.296,1.204,1.09
49,male,100,3.514,different,different,1,0,0,model,[0 1 0],0.0,2,0.46,0.188,1.804,0.962
49,male,100,2.441,same,same,1,0,0,model,[0 1 0],0.0,0,0.46,0.201,0.904,0.876
49,male,0,1.364,same,same,1,0,0,model,[0 1 0],0.0,0,0.46,0.1,0.154,0.649
49,male,50,2.787,different,different,1,0,0,model,[0 1 0],0.0,2,0.46,0.153,1.204,0.87
49,male,150,2.972,same,same,1,0,0,model,[0 1 0],0.0,0,0.46,0.226,1.354,0.932
49,male,50,1.99,same,same,1,0,0,model,[0 1 0],0.0,0,0.46,0.154,0.604,0.771
49,male,100,2.495,same,same,1,0,0,model,[0 1 0],0.0,0,0.46,0.217,0.904,0.913
49,male,100,4.673,different,different,1,0,0,model,[0 1 0],0.0,2,0.46,0.177,3.004,0.931
49,male,0,1.514,different,different,1,0,0,model,[0 1 0],0.0,2,0.46,0.1,0.154,0.699
49,male,150,4.205,different,different,1,0,0,model,[0 1 0],0.0,2,0.46,0.216,2.404,1.025
49,male,0,1.514,different,different,1,0,0,model,[0 1 0],0.0,2,0.46,0.1,0.154,0.699
49,male,50,2.825,different,different,1,0,0,model,[0 1 0],0.0,2,0.46,0.162,1.204,0.898
49,male,100,3.176,different,different,1,0,0,model,[0 1 0],0.0,2,0.46,0.178,1.504,0.933
49,male,150,3.605,different,different,1,0,0,model,[0 1 0],0.0,2,0.46,0.276,1.804,0.964
49,male,100,2.5,same,same,1,0,0,model,[0 1 0],0.0,0,0.46,0.219,0.904,0.917
49,male,100,3.694,different,different,1,0,0,model,[0 1 0],0.0,2,0.46,0.233,1.804,1.097
49,male,50,1.939,same,same,1,0,0,model,[0 1 0],0.0,0,0.46,0.138,0.604,0.736
49,male,0,1.364,same,same,1,0,0,model,[0 1 0],0.0,0,0.46,0.1,0.154,0.649
49,male,50,3.887,different,different,1,0,0,model,[0 1 0],0.0,2,0.46,0.149,2.404,0.773
50,female,0,1.418,same,same,1,0,0,model,[0 1 0],0.0,0,0.454,0.1,0.147,0.718
50,female,50,2.009,same,same,1,0,0,model,[0 1 0],0.0,0,0.454,0.143,0.597,0.815
50,female,150,5.365,different,different,1,0,0,model,[0 1 0],0.0,3,0.454,0.279,3.297,1.186
50,female,150,4.337,different,different,1,0,0,model,[0 1 0],0.0,3,0.454,0.316,1.797,1.621
50,female,50,1.998,same,same,1,0,0,model,[0 1 0],0.0,0,0.454,0.14,0.597,0.808
50,female,100,3.276,different,different,1,0,0,model,[0 1 0],0.0,3,0.454,0.198,1.197,1.278
50,female,150,2.906,same,same,1,0,0,model,[0 1 0],0.0,0,0.454,0.281,1.047,1.125
50,female,50,2.15,same,same,1,0,0,model,[0 1 0],0.0,0,0.454,0.14,0.747,0.809
50,female,0,1.768,different,different,1,0,0,model,[0 1 0],0.0,3,0.454,0.1,0.147,0.918
50,female,50,2.296,same,same,1,0,0,model,[0 1 0],0.0,0,0.454,0.139,0.897,0.806
50,female,50,2.847,different,different,1,0,0,model,[0 1 0],0.0,3,0.454,0.159,0.897,1.187
50,female,0,1.418,same,same,1,0,0,model,[0 1 0],0.0,0,0.454,0.1,0.147,0.718
50,female,0,1.418,same,same,1,0,0,model,[0 1 0],0.0,0,0.454,0.1,0.147,0.718
50,female,100,3.509,same,different,0,1,0,model,[0 1 0],0.0,3,0.454,0.184,1.497,1.225
50,female,50,2.91,different,different,1,0,0,model,[0 1 0],0.0,3,0.454,0.143,1.047,1.116
50,female,150,4.14,different,different,1,0,0,model,[0 1 0],0.0,3,0.454,0.199,2.097,1.24
50,female,0,1.418,same,same,1,0,0,model,[0 1 0],0.0,0,0.454,0.1,0.147,0.718
50,female,0,1.418,same,same,1,0,0,model,[0 1 0],0.0,0,0.454,0.1,0.147,0.718
50,female,100,3.393,different,different,1,0,0,model,[0 1 0],0.0,3,0.454,0.223,1.197,1.37
50,female,50,2.881,same,different,0,1,0,model,[0 1 0],0.0,3,0.454,0.138,1.047,1.092
50,female,0,1.768,different,different,1,0,0,model,[0 1 0],0.0,3,0.454,0.1,0.147,0.918
50,female,150,4.915,different,different,1,0,0,model,[0 1 0],0.0,3,0.454,0.275,2.547,1.489
50,female,150,3.994,different,different,1,0,0,model,[0 1 0],0.0,3,0.454,0.27,1.647,1.473
50,female,0,1.418,same,same,1,0,0,model,[0 1 0],0.0,0,0.454,0.1,0.147,0.718
50,female,150,2.891,same,same,1,0,0,model,[0 1 0],0.0,0,0.454,0.276,1.047,1.114
50,female,100,2.535,same,same,1,0,0,model,[0 1 0],0.0,0,0.454,0.213,0.897,0.972
50,female,50,2.363,same,same,1,0,0,model,[0 1 0],0.0,0,0.454,0.16,0.897,0.853
50,female,0,1.418,same,same,1,0,0,model,[0 1 0],0.0,0,0.454,0.1,0.147,0.718
50,female,100,4.154,different,different,1,0,0,model,[0 1 0],0.0,3,0.454,0.193,2.097,1.26
50,female,100,2.674,same,same,1,0,0,model,[0 1 0],0.0,0,0.454,0.163,1.197,0.86
50,female,100,3.5,different,different,1,0,0,model,[0 1 0],0.0,3,0.454,0.246,1.197,1.454
50,female,50,1.815,same,same,1,0,0,model,[0 1 0],0.0,0,0.454,0.13,0.447,0.785
50,female,0,1.768,different,different,1,0,0,model,[0 1 0],0.0,3,0.454,0.1,0.147,0.918
50,female,0,1.768,different,different,1,0,0,model,[0 1 0],0.0,3,0.454,0.1,0.147,0.918
50,female,50,2.029,same,same,1,0,0,model,[0 1 0],0.0,0,0.454,0.149,0.597,0.829
50,female,0,1.418,same,same,1,0,0,model,[0 1 0],0.0,0,0.454,0.1,0.147,0.718
50,female,150,2.73,same,same,1,0,0,model,[0 1 0],0.0,0,0.454,0.319,0.747,1.21
50,female,150,3.157,same,same,1,0,0,model,[0 1 0],0.0,0,0.454,0.266,1.347,1.091
50,female,100,2.46,same,same,1,0,0,model,[0 1 0],0.0,0,0.454,0.19,0.897,0.92
50,female,150,2.844,same,same,1,0,0,model,[0 1 0],0.0,0,0.454,0.262,1.047,1.082
50,female,50,2.07,same,same,1,0,0,model,[0 1 0],0.0,0,0.454,0.162,0.597,0.858
50,female,100,2.3,same,same,1,0,0,model,[0 1 0],0.0,0,0.454,0.187,0.747,0.913
50,female,100,3.035,same,different,0,1,0,model,[0 1 0],0.0,3,0.454,0.187,1.197,1.048
50,female,50,2.739,different,different,1,0,0,model,[0 1 0],0.0,3,0.454,0.14,0.897,1.099
50,female,150,2.623,same,same,1,0,0,model,[0 1 0],0.0,0,0.454,0.24,0.897,1.033
50,female,50,2.628,same,different,0,1,0,model,[0 1 0],0.0,3,0.454,0.147,0.747,1.131
50,female,50,2.614,different,different,1,0,0,model,[0 1 0],0.0,3,0.454,0.144,0.747,1.12
50,female,150,2.591,same,same,1,0,0,model,[0 1 0],0.0,0,0.454,0.23,0.897,1.01
50,female,150,4.72,different,different,1,0,0,model,[0 1 0],0.0,3,0.454,0.265,2.397,1.455
50,female,150,3.64,same,same,1,0,0,model,[0 1 0],0.0,0,0.454,0.276,1.797,1.114
50,female,100,3.657,different,different,1,0,0,model,[0 1 0],0.0,3,0.454,0.195,1.797,1.061
50,female,50,2.156,same,same,1,0,0,model,[0 1 0],0.0,0,0.454,0.142,0.747,0.813
50,female,150,3.775,different,different,1,0,0,model,[0 1 0],0.0,3,0.454,0.243,1.797,1.132
50,female,0,1.418,same,same,1,0,0,model,[0 1 0],0.0,0,0.454,0.1,0.147,0.718
50,female,0,1.418,same,same,1,0,0,model,[0 1 0],0.0,0,0.454,0.1,0.147,0.718
50,female,150,4.795,different,different,1,0,0,model,[0 1 0],0.0,3,0.454,0.247,2.547,1.397
50,female,0,1.418,same,same,1,0,0,model,[0 1 0],0.0,0,0.454,0.1,0.147,0.718
50,female,150,5.491,different,different,1,0,0,model,[0 1 0],0.0,3,0.454,0.234,3.297,1.356
50,female,50,2.77,different,different,1,0,0,model,[0 1 0],0.0,3,0.454,0.172,0.747,1.248
50,female,150,2.601,same,same,1,0,0,model,[0 1 0],0.0,0,0.454,0.233,0.897,1.018
50,female,150,2.723,same,same,1,0,0,model,[0 1 0],0.0,0,0.454,0.271,0.897,1.102
50,female,0,1.768,different,different,1,0,0,model,[0 1 0],0.0,3,0.454,0.1,0.147,0.918
50,female,50,3.321,different,different,1,0,0,model,[0 1 0],0.0,3,0.454,0.163,1.347,1.207
50,female,50,2.787,different,different,1,0,0,model,[0 1 0],0.0,3,0.454,0.148,0.897,1.138
50,female,0,1.768,different,different,1,0,0,model,[0 1 0],0.0,3,0.454,0.1,0.147,0.918
50,female,100,3.358,different,different,1,0,0,model,[0 1 0],0.0,3,0.454,0.183,1.347,1.224
50,female,50,2.652,different,different,1,0,0,model,[0 1 0],0.0,3,0.454,0.151,0.747,1.151
50,female,50,2.574,different,different,1,0,0,model,[0 1 0],0.0,3,0.454,0.137,0.747,1.087
50,female,150,3.873,different,different,1,0,0,model,[0 1 0],0.0,3,0.454,0.207,1.797,1.266
50,female,50,2.813,different,different,1,0,0,model,[0 1 0],0.0,3,0.454,0.153,0.897,1.159
50,female,100,2.399,same,same,1,0,0,model,[0 1 0],0.0,0,0.454,0.217,0.747,0.981
50,female,100,2.307,same,same,1,0,0,model,[0 1 0],0.0,0,0.454,0.189,0.747,0.918
50,female,100,4.923,different,different,1,0,0,model,[0 1 0],0.0,3,0.454,0.162,3.147,1.01
50,female,0,1.418,same,same,1,0,0,model,[0 1 0],0.0,0,0.454,0.1,0.147,0.718
50,female,0,1.768,different,different,1,0,0,model,[0 1 0],0.0,3,0.454,0.1,0.147,0.918
50,female,100,3.536,different,different,1,0,0,model,[0 1 0],0.0,3,0.454,0.189,1.497,1.246
50,female,50,2.069,same,same,1,0,0,model,[0 1 0],0.0,0,0.454,0.162,0.597,0.857
50,female,150,2.99,same,same,1,0,0,model,[0 1 0],0.0,0,0.454,0.307,1.047,1.183
50,female,50,2.579,different,different,1,0,0,model,[0 1 0],0.0,3,0.454,0.138,0.747,1.091
50,female,100,2.255,same,same,1,0,0,model,[0 1 0],0.0,0,0.454,0.219,0.597,0.986
50,female,50,2.026,same,same,1,0,0,model,[0 1 0],0.0,0,0.454,0.149,0.597,0.827
50,female,150,5.939,different,different,1,0,0,model,[0 1 0],0.0,3,0.454,0.234,3.747,1.355
50,female,150,3.717,different,different,1,0,0,model,[0 1 0],0.0,3,0.454,0.241,1.497,1.376
50,female,150,4.638,different,different,1,0,0,model,[0 1 0],0.0,3,0.454,0.281,2.247,1.507
50,female,50,3.378,different,different,1,0,0,model,[0 1 0],0.0,3,0.454,0.147,1.497,1.131
50,female,50,1.922,same,same,1,0,0,model,[0 1 0],0.0,0,0.454,0.163,0.447,0.859
50,female,150,2.83,same,same,1,0,0,model,[0 1 0],0.0,0,0.454,0.211,1.197,0.968
50,female,50,2.023,same,same,1,0,0,model,[0 1 0],0.0,0,0.454,0.148,0.597,0.825
50,female,50,1.924,same,same,1,0,0,model,[0 1 0],0.0,0,0.454,0.163,0.447,0.86
50,female,100,3.259,different,different,1,0,0,model,[0 1 0],0.0,3,0.454,0.226,1.047,1.382
50,female,0,1.768,different,different,1,0,0,model,[0 1 0],0.0,3,0.454,0.1,0.147,0.918
50,female,0,1.418,same,same,1,0,0,model,[0 1 0],0.0,0,0.454,0.1,0.147,0.718
50,female,0,1.418,same,same,1,0,0,model,[0 1 0],0.0,0,0.454,0.1,0.147,0.718
50,female,150,4.843,different,different,1,0,0,model,[0 1 0],0.0,3,0.454,0.258,2.547,1.434
50,female,50,2.704,different,different,1,0,0,model,[0 1 0],0.0,3,0.454,0.16,0.747,1.193
50,female,100,2.384,same,same,1,0,0,model,[0 1 0],0.0,0,0.454,0.213,0.747,0.971
